backend,model_asset,solver,schedule,nfe,seed,guidance_scale,prompt_index,prompt,image_path,schedule_dir,output_dir,clip_score,image_reward
diffusers,hf_stable_diffusion_15,euler,GPDE,10,0,10.0,0,"a cinematic portrait of an astronaut botanist in a glass greenhouse on Mars, detailed fabric, soft rim light",outputs/gpde_diffusers_sd15_nfe10_cfg_seed_sweep/samples/diffusers/stable_diffusion_15/euler/cfg_10/GPDE/seed_000/nfe_010/000000.jpg,outputs/gpde_diffusers_sd15_nfe10_cfg_seed_sweep/schedules/GPDE/diffusers/stable_diffusion_15/euler/cfg_10/seed_0/nfe_010,outputs/gpde_diffusers_sd15_nfe10_cfg_seed_sweep/samples/diffusers/stable_diffusion_15/euler/cfg_10/GPDE/seed_000/nfe_010,25.099164962768555,-1.7715076208114624
diffusers,hf_stable_diffusion_15,euler,GPDE,10,0,10.0,1,"a small brass robot repairing an antique clock in a sunlit workshop, shallow depth of field",outputs/gpde_diffusers_sd15_nfe10_cfg_seed_sweep/samples/diffusers/stable_diffusion_15/euler/cfg_10/GPDE/seed_000/nfe_010/000001.jpg,outputs/gpde_diffusers_sd15_nfe10_cfg_seed_sweep/schedules/GPDE/diffusers/stable_diffusion_15/euler/cfg_10/seed_0/nfe_010,outputs/gpde_diffusers_sd15_nfe10_cfg_seed_sweep/samples/diffusers/stable_diffusion_15/euler/cfg_10/GPDE/seed_000/nfe_010,29.276025772094727,-0.26923856139183044
diffusers,hf_stable_diffusion_15,euler,GPDE,10,0,10.0,2,"a watercolor city street after rain with neon signs reflected in puddles, evening atmosphere",outputs/gpde_diffusers_sd15_nfe10_cfg_seed_sweep/samples/diffusers/stable_diffusion_15/euler/cfg_10/GPDE/seed_000/nfe_010/000002.jpg,outputs/gpde_diffusers_sd15_nfe10_cfg_seed_sweep/schedules/GPDE/diffusers/stable_diffusion_15/euler/cfg_10/seed_0/nfe_010,outputs/gpde_diffusers_sd15_nfe10_cfg_seed_sweep/samples/diffusers/stable_diffusion_15/euler/cfg_10/GPDE/seed_000/nfe_010,26.569435119628906,0.5499986410140991
diffusers,hf_stable_diffusion_15,euler,GPDE,10,0,10.0,3,a high resolution studio photo of a ceramic teapot shaped like a seashell on a slate table,outputs/gpde_diffusers_sd15_nfe10_cfg_seed_sweep/samples/diffusers/stable_diffusion_15/euler/cfg_10/GPDE/seed_000/nfe_010/000003.jpg,outputs/gpde_diffusers_sd15_nfe10_cfg_seed_sweep/schedules/GPDE/diffusers/stable_diffusion_15/euler/cfg_10/seed_0/nfe_010,outputs/gpde_diffusers_sd15_nfe10_cfg_seed_sweep/samples/diffusers/stable_diffusion_15/euler/cfg_10/GPDE/seed_000/nfe_010,31.714296340942383,-0.3931918740272522
diffusers,hf_stable_diffusion_15,euler,GPDE,10,0,10.0,4,"a fantasy library carved inside a giant tree, spiral stairs, warm lanterns, intricate shelves",outputs/gpde_diffusers_sd15_nfe10_cfg_seed_sweep/samples/diffusers/stable_diffusion_15/euler/cfg_10/GPDE/seed_000/nfe_010/000004.jpg,outputs/gpde_diffusers_sd15_nfe10_cfg_seed_sweep/schedules/GPDE/diffusers/stable_diffusion_15/euler/cfg_10/seed_0/nfe_010,outputs/gpde_diffusers_sd15_nfe10_cfg_seed_sweep/samples/diffusers/stable_diffusion_15/euler/cfg_10/GPDE/seed_000/nfe_010,28.436342239379883,-0.12267889827489853
diffusers,hf_stable_diffusion_15,euler,GPDE,10,0,10.0,5,"a macro photograph of a snowflake resting on dark wool, crisp crystalline detail",outputs/gpde_diffusers_sd15_nfe10_cfg_seed_sweep/samples/diffusers/stable_diffusion_15/euler/cfg_10/GPDE/seed_000/nfe_010/000005.jpg,outputs/gpde_diffusers_sd15_nfe10_cfg_seed_sweep/schedules/GPDE/diffusers/stable_diffusion_15/euler/cfg_10/seed_0/nfe_010,outputs/gpde_diffusers_sd15_nfe10_cfg_seed_sweep/samples/diffusers/stable_diffusion_15/euler/cfg_10/GPDE/seed_000/nfe_010,26.197057723999023,0.1839800477027893
diffusers,hf_stable_diffusion_15,euler,GPDE,10,0,10.0,6,"a retro futuristic train crossing a desert at sunset, chrome surfaces, long shadows",outputs/gpde_diffusers_sd15_nfe10_cfg_seed_sweep/samples/diffusers/stable_diffusion_15/euler/cfg_10/GPDE/seed_000/nfe_010/000006.jpg,outputs/gpde_diffusers_sd15_nfe10_cfg_seed_sweep/schedules/GPDE/diffusers/stable_diffusion_15/euler/cfg_10/seed_0/nfe_010,outputs/gpde_diffusers_sd15_nfe10_cfg_seed_sweep/samples/diffusers/stable_diffusion_15/euler/cfg_10/GPDE/seed_000/nfe_010,31.277006149291992,1.7225894927978516
diffusers,hf_stable_diffusion_15,euler,GPDE,10,0,10.0,7,"a chef plating a colorful molecular gastronomy dessert, clean restaurant lighting",outputs/gpde_diffusers_sd15_nfe10_cfg_seed_sweep/samples/diffusers/stable_diffusion_15/euler/cfg_10/GPDE/seed_000/nfe_010/000007.jpg,outputs/gpde_diffusers_sd15_nfe10_cfg_seed_sweep/schedules/GPDE/diffusers/stable_diffusion_15/euler/cfg_10/seed_0/nfe_010,outputs/gpde_diffusers_sd15_nfe10_cfg_seed_sweep/samples/diffusers/stable_diffusion_15/euler/cfg_10/GPDE/seed_000/nfe_010,34.89137268066406,0.17848040163516998
diffusers,hf_stable_diffusion_15,euler,GPDE,10,0,10.0,8,"an isometric cozy bedroom with plants, books, a desk lamp, and a rainy window",outputs/gpde_diffusers_sd15_nfe10_cfg_seed_sweep/samples/diffusers/stable_diffusion_15/euler/cfg_10/GPDE/seed_000/nfe_010/000008.jpg,outputs/gpde_diffusers_sd15_nfe10_cfg_seed_sweep/schedules/GPDE/diffusers/stable_diffusion_15/euler/cfg_10/seed_0/nfe_010,outputs/gpde_diffusers_sd15_nfe10_cfg_seed_sweep/samples/diffusers/stable_diffusion_15/euler/cfg_10/GPDE/seed_000/nfe_010,27.194612503051758,0.16108490526676178
diffusers,hf_stable_diffusion_15,euler,GPDE,10,0,10.0,9,"a dramatic mountain monastery above clouds, sunrise, detailed stone architecture",outputs/gpde_diffusers_sd15_nfe10_cfg_seed_sweep/samples/diffusers/stable_diffusion_15/euler/cfg_10/GPDE/seed_000/nfe_010/000009.jpg,outputs/gpde_diffusers_sd15_nfe10_cfg_seed_sweep/schedules/GPDE/diffusers/stable_diffusion_15/euler/cfg_10/seed_0/nfe_010,outputs/gpde_diffusers_sd15_nfe10_cfg_seed_sweep/samples/diffusers/stable_diffusion_15/euler/cfg_10/GPDE/seed_000/nfe_010,30.57529640197754,1.4225897789001465
diffusers,hf_stable_diffusion_15,euler,GPDE,10,0,10.0,10,a fashion editorial photo of a model wearing a translucent raincoat in Tokyo at night,outputs/gpde_diffusers_sd15_nfe10_cfg_seed_sweep/samples/diffusers/stable_diffusion_15/euler/cfg_10/GPDE/seed_000/nfe_010/000010.jpg,outputs/gpde_diffusers_sd15_nfe10_cfg_seed_sweep/schedules/GPDE/diffusers/stable_diffusion_15/euler/cfg_10/seed_0/nfe_010,outputs/gpde_diffusers_sd15_nfe10_cfg_seed_sweep/samples/diffusers/stable_diffusion_15/euler/cfg_10/GPDE/seed_000/nfe_010,33.31869125366211,1.7168285846710205
diffusers,hf_stable_diffusion_15,euler,GPDE,10,0,10.0,11,a realistic red fox statue made of folded paper on a white museum pedestal,outputs/gpde_diffusers_sd15_nfe10_cfg_seed_sweep/samples/diffusers/stable_diffusion_15/euler/cfg_10/GPDE/seed_000/nfe_010/000011.jpg,outputs/gpde_diffusers_sd15_nfe10_cfg_seed_sweep/schedules/GPDE/diffusers/stable_diffusion_15/euler/cfg_10/seed_0/nfe_010,outputs/gpde_diffusers_sd15_nfe10_cfg_seed_sweep/samples/diffusers/stable_diffusion_15/euler/cfg_10/GPDE/seed_000/nfe_010,32.91958999633789,1.7693541049957275
diffusers,hf_stable_diffusion_15,euler,GPDE,10,0,10.0,12,a detailed cutaway illustration of a tiny submarine exploring a coral reef,outputs/gpde_diffusers_sd15_nfe10_cfg_seed_sweep/samples/diffusers/stable_diffusion_15/euler/cfg_10/GPDE/seed_000/nfe_010/000012.jpg,outputs/gpde_diffusers_sd15_nfe10_cfg_seed_sweep/schedules/GPDE/diffusers/stable_diffusion_15/euler/cfg_10/seed_0/nfe_010,outputs/gpde_diffusers_sd15_nfe10_cfg_seed_sweep/samples/diffusers/stable_diffusion_15/euler/cfg_10/GPDE/seed_000/nfe_010,29.588777542114258,-1.3903958797454834
diffusers,hf_stable_diffusion_15,euler,GPDE,10,0,10.0,13,a product photo of wireless headphones on brushed aluminum with blue accent lighting,outputs/gpde_diffusers_sd15_nfe10_cfg_seed_sweep/samples/diffusers/stable_diffusion_15/euler/cfg_10/GPDE/seed_000/nfe_010/000013.jpg,outputs/gpde_diffusers_sd15_nfe10_cfg_seed_sweep/schedules/GPDE/diffusers/stable_diffusion_15/euler/cfg_10/seed_0/nfe_010,outputs/gpde_diffusers_sd15_nfe10_cfg_seed_sweep/samples/diffusers/stable_diffusion_15/euler/cfg_10/GPDE/seed_000/nfe_010,27.0294189453125,0.865252673625946
diffusers,hf_stable_diffusion_15,euler,GPDE,10,0,10.0,14,"a medieval market square during a festival, banners, musicians, detailed crowd",outputs/gpde_diffusers_sd15_nfe10_cfg_seed_sweep/samples/diffusers/stable_diffusion_15/euler/cfg_10/GPDE/seed_000/nfe_010/000014.jpg,outputs/gpde_diffusers_sd15_nfe10_cfg_seed_sweep/schedules/GPDE/diffusers/stable_diffusion_15/euler/cfg_10/seed_0/nfe_010,outputs/gpde_diffusers_sd15_nfe10_cfg_seed_sweep/samples/diffusers/stable_diffusion_15/euler/cfg_10/GPDE/seed_000/nfe_010,28.115028381347656,0.2851983606815338
diffusers,hf_stable_diffusion_15,euler,GPDE,10,0,10.0,15,an oil painting of a violinist performing in an empty subway station,outputs/gpde_diffusers_sd15_nfe10_cfg_seed_sweep/samples/diffusers/stable_diffusion_15/euler/cfg_10/GPDE/seed_000/nfe_010/000015.jpg,outputs/gpde_diffusers_sd15_nfe10_cfg_seed_sweep/schedules/GPDE/diffusers/stable_diffusion_15/euler/cfg_10/seed_0/nfe_010,outputs/gpde_diffusers_sd15_nfe10_cfg_seed_sweep/samples/diffusers/stable_diffusion_15/euler/cfg_10/GPDE/seed_000/nfe_010,34.798118591308594,1.441028118133545
diffusers,hf_stable_diffusion_15,euler,GPDE,10,0,10.0,16,"a close-up portrait of an elderly sailor, weathered skin, navy coat, overcast harbor",outputs/gpde_diffusers_sd15_nfe10_cfg_seed_sweep/samples/diffusers/stable_diffusion_15/euler/cfg_10/GPDE/seed_000/nfe_010/000016.jpg,outputs/gpde_diffusers_sd15_nfe10_cfg_seed_sweep/schedules/GPDE/diffusers/stable_diffusion_15/euler/cfg_10/seed_0/nfe_010,outputs/gpde_diffusers_sd15_nfe10_cfg_seed_sweep/samples/diffusers/stable_diffusion_15/euler/cfg_10/GPDE/seed_000/nfe_010,30.376392364501953,-0.034518152475357056
diffusers,hf_stable_diffusion_15,euler,GPDE,10,0,10.0,17,a clean architectural rendering of a modern cabin beside a frozen lake,outputs/gpde_diffusers_sd15_nfe10_cfg_seed_sweep/samples/diffusers/stable_diffusion_15/euler/cfg_10/GPDE/seed_000/nfe_010/000017.jpg,outputs/gpde_diffusers_sd15_nfe10_cfg_seed_sweep/schedules/GPDE/diffusers/stable_diffusion_15/euler/cfg_10/seed_0/nfe_010,outputs/gpde_diffusers_sd15_nfe10_cfg_seed_sweep/samples/diffusers/stable_diffusion_15/euler/cfg_10/GPDE/seed_000/nfe_010,30.49694061279297,-0.4283369481563568
diffusers,hf_stable_diffusion_15,euler,GPDE,10,0,10.0,18,a surreal desert filled with floating glass spheres and distant black mountains,outputs/gpde_diffusers_sd15_nfe10_cfg_seed_sweep/samples/diffusers/stable_diffusion_15/euler/cfg_10/GPDE/seed_000/nfe_010/000018.jpg,outputs/gpde_diffusers_sd15_nfe10_cfg_seed_sweep/schedules/GPDE/diffusers/stable_diffusion_15/euler/cfg_10/seed_0/nfe_010,outputs/gpde_diffusers_sd15_nfe10_cfg_seed_sweep/samples/diffusers/stable_diffusion_15/euler/cfg_10/GPDE/seed_000/nfe_010,27.07716178894043,-0.8070079684257507
diffusers,hf_stable_diffusion_15,euler,GPDE,10,0,10.0,19,a documentary photo of a scientist collecting ice cores in Antarctica,outputs/gpde_diffusers_sd15_nfe10_cfg_seed_sweep/samples/diffusers/stable_diffusion_15/euler/cfg_10/GPDE/seed_000/nfe_010/000019.jpg,outputs/gpde_diffusers_sd15_nfe10_cfg_seed_sweep/schedules/GPDE/diffusers/stable_diffusion_15/euler/cfg_10/seed_0/nfe_010,outputs/gpde_diffusers_sd15_nfe10_cfg_seed_sweep/samples/diffusers/stable_diffusion_15/euler/cfg_10/GPDE/seed_000/nfe_010,30.289878845214844,-0.08111688494682312
diffusers,hf_stable_diffusion_15,euler,GPDE,10,0,10.0,20,a detailed 3D render of a mechanical hummingbird with copper wings,outputs/gpde_diffusers_sd15_nfe10_cfg_seed_sweep/samples/diffusers/stable_diffusion_15/euler/cfg_10/GPDE/seed_000/nfe_010/000020.jpg,outputs/gpde_diffusers_sd15_nfe10_cfg_seed_sweep/schedules/GPDE/diffusers/stable_diffusion_15/euler/cfg_10/seed_0/nfe_010,outputs/gpde_diffusers_sd15_nfe10_cfg_seed_sweep/samples/diffusers/stable_diffusion_15/euler/cfg_10/GPDE/seed_000/nfe_010,35.65491485595703,1.4693450927734375
diffusers,hf_stable_diffusion_15,euler,GPDE,10,0,10.0,21,"a cozy cafe interior in autumn, pastries, espresso machine, soft morning light",outputs/gpde_diffusers_sd15_nfe10_cfg_seed_sweep/samples/diffusers/stable_diffusion_15/euler/cfg_10/GPDE/seed_000/nfe_010/000021.jpg,outputs/gpde_diffusers_sd15_nfe10_cfg_seed_sweep/schedules/GPDE/diffusers/stable_diffusion_15/euler/cfg_10/seed_0/nfe_010,outputs/gpde_diffusers_sd15_nfe10_cfg_seed_sweep/samples/diffusers/stable_diffusion_15/euler/cfg_10/GPDE/seed_000/nfe_010,26.34972381591797,-0.5467718243598938
diffusers,hf_stable_diffusion_15,euler,GPDE,10,0,10.0,22,"a panoramic view of terraced rice fields under mist, workers in colorful clothing",outputs/gpde_diffusers_sd15_nfe10_cfg_seed_sweep/samples/diffusers/stable_diffusion_15/euler/cfg_10/GPDE/seed_000/nfe_010/000022.jpg,outputs/gpde_diffusers_sd15_nfe10_cfg_seed_sweep/schedules/GPDE/diffusers/stable_diffusion_15/euler/cfg_10/seed_0/nfe_010,outputs/gpde_diffusers_sd15_nfe10_cfg_seed_sweep/samples/diffusers/stable_diffusion_15/euler/cfg_10/GPDE/seed_000/nfe_010,28.953243255615234,-0.7585408091545105
diffusers,hf_stable_diffusion_15,euler,GPDE,10,0,10.0,23,a children's book illustration of a moonlit boat parade on a quiet canal,outputs/gpde_diffusers_sd15_nfe10_cfg_seed_sweep/samples/diffusers/stable_diffusion_15/euler/cfg_10/GPDE/seed_000/nfe_010/000023.jpg,outputs/gpde_diffusers_sd15_nfe10_cfg_seed_sweep/schedules/GPDE/diffusers/stable_diffusion_15/euler/cfg_10/seed_0/nfe_010,outputs/gpde_diffusers_sd15_nfe10_cfg_seed_sweep/samples/diffusers/stable_diffusion_15/euler/cfg_10/GPDE/seed_000/nfe_010,32.209442138671875,0.22805407643318176
diffusers,hf_stable_diffusion_15,euler,GPDE,10,0,10.0,24,"a realistic sports car parked in a concrete tunnel, reflections, low angle",outputs/gpde_diffusers_sd15_nfe10_cfg_seed_sweep/samples/diffusers/stable_diffusion_15/euler/cfg_10/GPDE/seed_000/nfe_010/000024.jpg,outputs/gpde_diffusers_sd15_nfe10_cfg_seed_sweep/schedules/GPDE/diffusers/stable_diffusion_15/euler/cfg_10/seed_0/nfe_010,outputs/gpde_diffusers_sd15_nfe10_cfg_seed_sweep/samples/diffusers/stable_diffusion_15/euler/cfg_10/GPDE/seed_000/nfe_010,28.28669548034668,0.7200250029563904
diffusers,hf_stable_diffusion_15,euler,GPDE,10,0,10.0,25,"a botanical diagram of rare orchids with labeled roots and petals, archival paper",outputs/gpde_diffusers_sd15_nfe10_cfg_seed_sweep/samples/diffusers/stable_diffusion_15/euler/cfg_10/GPDE/seed_000/nfe_010/000025.jpg,outputs/gpde_diffusers_sd15_nfe10_cfg_seed_sweep/schedules/GPDE/diffusers/stable_diffusion_15/euler/cfg_10/seed_0/nfe_010,outputs/gpde_diffusers_sd15_nfe10_cfg_seed_sweep/samples/diffusers/stable_diffusion_15/euler/cfg_10/GPDE/seed_000/nfe_010,29.076824188232422,1.037718415260315
diffusers,hf_stable_diffusion_15,euler,GPDE,10,0,10.0,26,"a cyberpunk street food stall with steam, lanterns, and dense urban signage",outputs/gpde_diffusers_sd15_nfe10_cfg_seed_sweep/samples/diffusers/stable_diffusion_15/euler/cfg_10/GPDE/seed_000/nfe_010/000026.jpg,outputs/gpde_diffusers_sd15_nfe10_cfg_seed_sweep/schedules/GPDE/diffusers/stable_diffusion_15/euler/cfg_10/seed_0/nfe_010,outputs/gpde_diffusers_sd15_nfe10_cfg_seed_sweep/samples/diffusers/stable_diffusion_15/euler/cfg_10/GPDE/seed_000/nfe_010,24.94149398803711,-0.9648997187614441
diffusers,hf_stable_diffusion_15,euler,GPDE,10,0,10.0,27,"a still life of glass fruit bowls, linen cloth, and silver cutlery, natural light",outputs/gpde_diffusers_sd15_nfe10_cfg_seed_sweep/samples/diffusers/stable_diffusion_15/euler/cfg_10/GPDE/seed_000/nfe_010/000027.jpg,outputs/gpde_diffusers_sd15_nfe10_cfg_seed_sweep/schedules/GPDE/diffusers/stable_diffusion_15/euler/cfg_10/seed_0/nfe_010,outputs/gpde_diffusers_sd15_nfe10_cfg_seed_sweep/samples/diffusers/stable_diffusion_15/euler/cfg_10/GPDE/seed_000/nfe_010,30.182086944580078,0.3780325651168823
diffusers,hf_stable_diffusion_15,euler,GPDE,10,0,10.0,28,a heroic statue covered in vines in an abandoned futuristic plaza,outputs/gpde_diffusers_sd15_nfe10_cfg_seed_sweep/samples/diffusers/stable_diffusion_15/euler/cfg_10/GPDE/seed_000/nfe_010/000028.jpg,outputs/gpde_diffusers_sd15_nfe10_cfg_seed_sweep/schedules/GPDE/diffusers/stable_diffusion_15/euler/cfg_10/seed_0/nfe_010,outputs/gpde_diffusers_sd15_nfe10_cfg_seed_sweep/samples/diffusers/stable_diffusion_15/euler/cfg_10/GPDE/seed_000/nfe_010,31.961158752441406,-0.1409284919500351
diffusers,hf_stable_diffusion_15,euler,GPDE,10,0,10.0,29,a black and white film photograph of dancers rehearsing in a mirror-lined studio,outputs/gpde_diffusers_sd15_nfe10_cfg_seed_sweep/samples/diffusers/stable_diffusion_15/euler/cfg_10/GPDE/seed_000/nfe_010/000029.jpg,outputs/gpde_diffusers_sd15_nfe10_cfg_seed_sweep/schedules/GPDE/diffusers/stable_diffusion_15/euler/cfg_10/seed_0/nfe_010,outputs/gpde_diffusers_sd15_nfe10_cfg_seed_sweep/samples/diffusers/stable_diffusion_15/euler/cfg_10/GPDE/seed_000/nfe_010,32.420169830322266,0.6699371337890625
diffusers,hf_stable_diffusion_15,euler,GPDE,10,0,10.0,30,"a detailed scene of a spacecraft cockpit during reentry, glowing controls, tense mood",outputs/gpde_diffusers_sd15_nfe10_cfg_seed_sweep/samples/diffusers/stable_diffusion_15/euler/cfg_10/GPDE/seed_000/nfe_010/000030.jpg,outputs/gpde_diffusers_sd15_nfe10_cfg_seed_sweep/schedules/GPDE/diffusers/stable_diffusion_15/euler/cfg_10/seed_0/nfe_010,outputs/gpde_diffusers_sd15_nfe10_cfg_seed_sweep/samples/diffusers/stable_diffusion_15/euler/cfg_10/GPDE/seed_000/nfe_010,28.5071964263916,-1.6945312023162842
diffusers,hf_stable_diffusion_15,euler,GPDE,10,0,10.0,31,a claymation style village bakery with tiny loaves and painted signs,outputs/gpde_diffusers_sd15_nfe10_cfg_seed_sweep/samples/diffusers/stable_diffusion_15/euler/cfg_10/GPDE/seed_000/nfe_010/000031.jpg,outputs/gpde_diffusers_sd15_nfe10_cfg_seed_sweep/schedules/GPDE/diffusers/stable_diffusion_15/euler/cfg_10/seed_0/nfe_010,outputs/gpde_diffusers_sd15_nfe10_cfg_seed_sweep/samples/diffusers/stable_diffusion_15/euler/cfg_10/GPDE/seed_000/nfe_010,33.345943450927734,0.1335180401802063
diffusers,hf_stable_diffusion_15,euler,GPDE,10,0,10.0,32,a realistic underwater photograph of a diver inspecting an ancient marble column,outputs/gpde_diffusers_sd15_nfe10_cfg_seed_sweep/samples/diffusers/stable_diffusion_15/euler/cfg_10/GPDE/seed_000/nfe_010/000032.jpg,outputs/gpde_diffusers_sd15_nfe10_cfg_seed_sweep/schedules/GPDE/diffusers/stable_diffusion_15/euler/cfg_10/seed_0/nfe_010,outputs/gpde_diffusers_sd15_nfe10_cfg_seed_sweep/samples/diffusers/stable_diffusion_15/euler/cfg_10/GPDE/seed_000/nfe_010,30.154497146606445,1.4992061853408813
diffusers,hf_stable_diffusion_15,euler,GPDE,10,0,10.0,33,"a minimalist poster of a jazz quartet in deep red, cream, and black",outputs/gpde_diffusers_sd15_nfe10_cfg_seed_sweep/samples/diffusers/stable_diffusion_15/euler/cfg_10/GPDE/seed_000/nfe_010/000033.jpg,outputs/gpde_diffusers_sd15_nfe10_cfg_seed_sweep/schedules/GPDE/diffusers/stable_diffusion_15/euler/cfg_10/seed_0/nfe_010,outputs/gpde_diffusers_sd15_nfe10_cfg_seed_sweep/samples/diffusers/stable_diffusion_15/euler/cfg_10/GPDE/seed_000/nfe_010,27.388065338134766,-1.377946138381958
diffusers,hf_stable_diffusion_15,euler,GPDE,10,0,10.0,34,a high detail portrait of a queen wearing armor made of mother of pearl,outputs/gpde_diffusers_sd15_nfe10_cfg_seed_sweep/samples/diffusers/stable_diffusion_15/euler/cfg_10/GPDE/seed_000/nfe_010/000034.jpg,outputs/gpde_diffusers_sd15_nfe10_cfg_seed_sweep/schedules/GPDE/diffusers/stable_diffusion_15/euler/cfg_10/seed_0/nfe_010,outputs/gpde_diffusers_sd15_nfe10_cfg_seed_sweep/samples/diffusers/stable_diffusion_15/euler/cfg_10/GPDE/seed_000/nfe_010,21.77158546447754,0.6325130462646484
diffusers,hf_stable_diffusion_15,euler,GPDE,10,0,10.0,35,"a top-down board game map of an island with forests, cliffs, and hidden ruins",outputs/gpde_diffusers_sd15_nfe10_cfg_seed_sweep/samples/diffusers/stable_diffusion_15/euler/cfg_10/GPDE/seed_000/nfe_010/000035.jpg,outputs/gpde_diffusers_sd15_nfe10_cfg_seed_sweep/schedules/GPDE/diffusers/stable_diffusion_15/euler/cfg_10/seed_0/nfe_010,outputs/gpde_diffusers_sd15_nfe10_cfg_seed_sweep/samples/diffusers/stable_diffusion_15/euler/cfg_10/GPDE/seed_000/nfe_010,29.04207420349121,-0.7555484175682068
diffusers,hf_stable_diffusion_15,euler,GPDE,10,0,10.0,36,"a luxury watch exploded view on a dark background, precise gears and screws",outputs/gpde_diffusers_sd15_nfe10_cfg_seed_sweep/samples/diffusers/stable_diffusion_15/euler/cfg_10/GPDE/seed_000/nfe_010/000036.jpg,outputs/gpde_diffusers_sd15_nfe10_cfg_seed_sweep/schedules/GPDE/diffusers/stable_diffusion_15/euler/cfg_10/seed_0/nfe_010,outputs/gpde_diffusers_sd15_nfe10_cfg_seed_sweep/samples/diffusers/stable_diffusion_15/euler/cfg_10/GPDE/seed_000/nfe_010,30.991870880126953,0.8770367503166199
diffusers,hf_stable_diffusion_15,euler,GPDE,10,0,10.0,37,"a sunlit greenhouse filled with tomatoes, watering cans, and terracotta pots",outputs/gpde_diffusers_sd15_nfe10_cfg_seed_sweep/samples/diffusers/stable_diffusion_15/euler/cfg_10/GPDE/seed_000/nfe_010/000037.jpg,outputs/gpde_diffusers_sd15_nfe10_cfg_seed_sweep/schedules/GPDE/diffusers/stable_diffusion_15/euler/cfg_10/seed_0/nfe_010,outputs/gpde_diffusers_sd15_nfe10_cfg_seed_sweep/samples/diffusers/stable_diffusion_15/euler/cfg_10/GPDE/seed_000/nfe_010,27.57393455505371,-0.4969486594200134
diffusers,hf_stable_diffusion_15,euler,GPDE,10,0,10.0,38,a night landscape of fireflies over a meadow beside a quiet river,outputs/gpde_diffusers_sd15_nfe10_cfg_seed_sweep/samples/diffusers/stable_diffusion_15/euler/cfg_10/GPDE/seed_000/nfe_010/000038.jpg,outputs/gpde_diffusers_sd15_nfe10_cfg_seed_sweep/schedules/GPDE/diffusers/stable_diffusion_15/euler/cfg_10/seed_0/nfe_010,outputs/gpde_diffusers_sd15_nfe10_cfg_seed_sweep/samples/diffusers/stable_diffusion_15/euler/cfg_10/GPDE/seed_000/nfe_010,26.00625228881836,-0.750271201133728
diffusers,hf_stable_diffusion_15,euler,GPDE,10,0,10.0,39,a realistic photo of a rescue helicopter landing on a snowy mountain ridge,outputs/gpde_diffusers_sd15_nfe10_cfg_seed_sweep/samples/diffusers/stable_diffusion_15/euler/cfg_10/GPDE/seed_000/nfe_010/000039.jpg,outputs/gpde_diffusers_sd15_nfe10_cfg_seed_sweep/schedules/GPDE/diffusers/stable_diffusion_15/euler/cfg_10/seed_0/nfe_010,outputs/gpde_diffusers_sd15_nfe10_cfg_seed_sweep/samples/diffusers/stable_diffusion_15/euler/cfg_10/GPDE/seed_000/nfe_010,34.70041275024414,0.9707962870597839
diffusers,hf_stable_diffusion_15,euler,GPDE,10,0,10.0,40,a concept art scene of a floating research station above Jupiter's clouds,outputs/gpde_diffusers_sd15_nfe10_cfg_seed_sweep/samples/diffusers/stable_diffusion_15/euler/cfg_10/GPDE/seed_000/nfe_010/000040.jpg,outputs/gpde_diffusers_sd15_nfe10_cfg_seed_sweep/schedules/GPDE/diffusers/stable_diffusion_15/euler/cfg_10/seed_0/nfe_010,outputs/gpde_diffusers_sd15_nfe10_cfg_seed_sweep/samples/diffusers/stable_diffusion_15/euler/cfg_10/GPDE/seed_000/nfe_010,25.814897537231445,0.07276643812656403
diffusers,hf_stable_diffusion_15,euler,GPDE,10,0,10.0,41,a detailed pencil drawing of an old bicycle leaning against a brick wall,outputs/gpde_diffusers_sd15_nfe10_cfg_seed_sweep/samples/diffusers/stable_diffusion_15/euler/cfg_10/GPDE/seed_000/nfe_010/000041.jpg,outputs/gpde_diffusers_sd15_nfe10_cfg_seed_sweep/schedules/GPDE/diffusers/stable_diffusion_15/euler/cfg_10/seed_0/nfe_010,outputs/gpde_diffusers_sd15_nfe10_cfg_seed_sweep/samples/diffusers/stable_diffusion_15/euler/cfg_10/GPDE/seed_000/nfe_010,33.969810485839844,1.0759984254837036
diffusers,hf_stable_diffusion_15,euler,GPDE,10,0,10.0,42,"a museum diorama of prehistoric sea creatures, dramatic educational lighting",outputs/gpde_diffusers_sd15_nfe10_cfg_seed_sweep/samples/diffusers/stable_diffusion_15/euler/cfg_10/GPDE/seed_000/nfe_010/000042.jpg,outputs/gpde_diffusers_sd15_nfe10_cfg_seed_sweep/schedules/GPDE/diffusers/stable_diffusion_15/euler/cfg_10/seed_0/nfe_010,outputs/gpde_diffusers_sd15_nfe10_cfg_seed_sweep/samples/diffusers/stable_diffusion_15/euler/cfg_10/GPDE/seed_000/nfe_010,32.61083221435547,0.3759046792984009
diffusers,hf_stable_diffusion_15,euler,GPDE,10,0,10.0,43,"a peaceful Japanese garden with koi pond, stone bridge, and maple leaves",outputs/gpde_diffusers_sd15_nfe10_cfg_seed_sweep/samples/diffusers/stable_diffusion_15/euler/cfg_10/GPDE/seed_000/nfe_010/000043.jpg,outputs/gpde_diffusers_sd15_nfe10_cfg_seed_sweep/schedules/GPDE/diffusers/stable_diffusion_15/euler/cfg_10/seed_0/nfe_010,outputs/gpde_diffusers_sd15_nfe10_cfg_seed_sweep/samples/diffusers/stable_diffusion_15/euler/cfg_10/GPDE/seed_000/nfe_010,25.38594627380371,-0.7462323307991028
diffusers,hf_stable_diffusion_15,euler,GPDE,10,0,10.0,44,"a close-up food photograph of ramen with soft egg, steam, and ceramic bowl",outputs/gpde_diffusers_sd15_nfe10_cfg_seed_sweep/samples/diffusers/stable_diffusion_15/euler/cfg_10/GPDE/seed_000/nfe_010/000044.jpg,outputs/gpde_diffusers_sd15_nfe10_cfg_seed_sweep/schedules/GPDE/diffusers/stable_diffusion_15/euler/cfg_10/seed_0/nfe_010,outputs/gpde_diffusers_sd15_nfe10_cfg_seed_sweep/samples/diffusers/stable_diffusion_15/euler/cfg_10/GPDE/seed_000/nfe_010,29.661338806152344,0.6076096892356873
diffusers,hf_stable_diffusion_15,euler,GPDE,10,0,10.0,45,a vibrant parade costume covered with mirrors and embroidered flowers,outputs/gpde_diffusers_sd15_nfe10_cfg_seed_sweep/samples/diffusers/stable_diffusion_15/euler/cfg_10/GPDE/seed_000/nfe_010/000045.jpg,outputs/gpde_diffusers_sd15_nfe10_cfg_seed_sweep/schedules/GPDE/diffusers/stable_diffusion_15/euler/cfg_10/seed_0/nfe_010,outputs/gpde_diffusers_sd15_nfe10_cfg_seed_sweep/samples/diffusers/stable_diffusion_15/euler/cfg_10/GPDE/seed_000/nfe_010,28.09685516357422,-1.71178138256073
diffusers,hf_stable_diffusion_15,euler,GPDE,10,0,10.0,46,a realistic image of a hand-crafted wooden chess set mid game by candlelight,outputs/gpde_diffusers_sd15_nfe10_cfg_seed_sweep/samples/diffusers/stable_diffusion_15/euler/cfg_10/GPDE/seed_000/nfe_010/000046.jpg,outputs/gpde_diffusers_sd15_nfe10_cfg_seed_sweep/schedules/GPDE/diffusers/stable_diffusion_15/euler/cfg_10/seed_0/nfe_010,outputs/gpde_diffusers_sd15_nfe10_cfg_seed_sweep/samples/diffusers/stable_diffusion_15/euler/cfg_10/GPDE/seed_000/nfe_010,24.785133361816406,-1.2659815549850464
diffusers,hf_stable_diffusion_15,euler,GPDE,10,0,10.0,47,a wide angle view of a data center corridor with blue status lights,outputs/gpde_diffusers_sd15_nfe10_cfg_seed_sweep/samples/diffusers/stable_diffusion_15/euler/cfg_10/GPDE/seed_000/nfe_010/000047.jpg,outputs/gpde_diffusers_sd15_nfe10_cfg_seed_sweep/schedules/GPDE/diffusers/stable_diffusion_15/euler/cfg_10/seed_0/nfe_010,outputs/gpde_diffusers_sd15_nfe10_cfg_seed_sweep/samples/diffusers/stable_diffusion_15/euler/cfg_10/GPDE/seed_000/nfe_010,21.945297241210938,1.135964274406433
diffusers,hf_stable_diffusion_15,euler,GPDE,10,0,10.0,48,a magical realism scene of books flying through an old train carriage,outputs/gpde_diffusers_sd15_nfe10_cfg_seed_sweep/samples/diffusers/stable_diffusion_15/euler/cfg_10/GPDE/seed_000/nfe_010/000048.jpg,outputs/gpde_diffusers_sd15_nfe10_cfg_seed_sweep/schedules/GPDE/diffusers/stable_diffusion_15/euler/cfg_10/seed_0/nfe_010,outputs/gpde_diffusers_sd15_nfe10_cfg_seed_sweep/samples/diffusers/stable_diffusion_15/euler/cfg_10/GPDE/seed_000/nfe_010,30.21531105041504,-0.5086089968681335
diffusers,hf_stable_diffusion_15,euler,GPDE,10,0,10.0,49,a studio portrait of a golden retriever wearing aviator goggles and a red scarf,outputs/gpde_diffusers_sd15_nfe10_cfg_seed_sweep/samples/diffusers/stable_diffusion_15/euler/cfg_10/GPDE/seed_000/nfe_010/000049.jpg,outputs/gpde_diffusers_sd15_nfe10_cfg_seed_sweep/schedules/GPDE/diffusers/stable_diffusion_15/euler/cfg_10/seed_0/nfe_010,outputs/gpde_diffusers_sd15_nfe10_cfg_seed_sweep/samples/diffusers/stable_diffusion_15/euler/cfg_10/GPDE/seed_000/nfe_010,34.79510498046875,1.8871128559112549
diffusers,hf_stable_diffusion_15,euler,GPDE,10,1,10.0,0,"a cinematic portrait of an astronaut botanist in a glass greenhouse on Mars, detailed fabric, soft rim light",outputs/gpde_diffusers_sd15_nfe10_cfg_seed_sweep/samples/diffusers/stable_diffusion_15/euler/cfg_10/GPDE/seed_001/nfe_010/000000.jpg,outputs/gpde_diffusers_sd15_nfe10_cfg_seed_sweep/schedules/GPDE/diffusers/stable_diffusion_15/euler/cfg_10/seed_1/nfe_010,outputs/gpde_diffusers_sd15_nfe10_cfg_seed_sweep/samples/diffusers/stable_diffusion_15/euler/cfg_10/GPDE/seed_001/nfe_010,30.98146629333496,-1.0441510677337646
diffusers,hf_stable_diffusion_15,euler,GPDE,10,1,10.0,1,"a small brass robot repairing an antique clock in a sunlit workshop, shallow depth of field",outputs/gpde_diffusers_sd15_nfe10_cfg_seed_sweep/samples/diffusers/stable_diffusion_15/euler/cfg_10/GPDE/seed_001/nfe_010/000001.jpg,outputs/gpde_diffusers_sd15_nfe10_cfg_seed_sweep/schedules/GPDE/diffusers/stable_diffusion_15/euler/cfg_10/seed_1/nfe_010,outputs/gpde_diffusers_sd15_nfe10_cfg_seed_sweep/samples/diffusers/stable_diffusion_15/euler/cfg_10/GPDE/seed_001/nfe_010,29.093975067138672,-0.48791152238845825
diffusers,hf_stable_diffusion_15,euler,GPDE,10,1,10.0,2,"a watercolor city street after rain with neon signs reflected in puddles, evening atmosphere",outputs/gpde_diffusers_sd15_nfe10_cfg_seed_sweep/samples/diffusers/stable_diffusion_15/euler/cfg_10/GPDE/seed_001/nfe_010/000002.jpg,outputs/gpde_diffusers_sd15_nfe10_cfg_seed_sweep/schedules/GPDE/diffusers/stable_diffusion_15/euler/cfg_10/seed_1/nfe_010,outputs/gpde_diffusers_sd15_nfe10_cfg_seed_sweep/samples/diffusers/stable_diffusion_15/euler/cfg_10/GPDE/seed_001/nfe_010,26.773962020874023,0.17730343341827393
diffusers,hf_stable_diffusion_15,euler,GPDE,10,1,10.0,3,a high resolution studio photo of a ceramic teapot shaped like a seashell on a slate table,outputs/gpde_diffusers_sd15_nfe10_cfg_seed_sweep/samples/diffusers/stable_diffusion_15/euler/cfg_10/GPDE/seed_001/nfe_010/000003.jpg,outputs/gpde_diffusers_sd15_nfe10_cfg_seed_sweep/schedules/GPDE/diffusers/stable_diffusion_15/euler/cfg_10/seed_1/nfe_010,outputs/gpde_diffusers_sd15_nfe10_cfg_seed_sweep/samples/diffusers/stable_diffusion_15/euler/cfg_10/GPDE/seed_001/nfe_010,32.495330810546875,0.7400139570236206
diffusers,hf_stable_diffusion_15,euler,GPDE,10,1,10.0,4,"a fantasy library carved inside a giant tree, spiral stairs, warm lanterns, intricate shelves",outputs/gpde_diffusers_sd15_nfe10_cfg_seed_sweep/samples/diffusers/stable_diffusion_15/euler/cfg_10/GPDE/seed_001/nfe_010/000004.jpg,outputs/gpde_diffusers_sd15_nfe10_cfg_seed_sweep/schedules/GPDE/diffusers/stable_diffusion_15/euler/cfg_10/seed_1/nfe_010,outputs/gpde_diffusers_sd15_nfe10_cfg_seed_sweep/samples/diffusers/stable_diffusion_15/euler/cfg_10/GPDE/seed_001/nfe_010,26.30200958251953,-0.5956275463104248
diffusers,hf_stable_diffusion_15,euler,GPDE,10,1,10.0,5,"a macro photograph of a snowflake resting on dark wool, crisp crystalline detail",outputs/gpde_diffusers_sd15_nfe10_cfg_seed_sweep/samples/diffusers/stable_diffusion_15/euler/cfg_10/GPDE/seed_001/nfe_010/000005.jpg,outputs/gpde_diffusers_sd15_nfe10_cfg_seed_sweep/schedules/GPDE/diffusers/stable_diffusion_15/euler/cfg_10/seed_1/nfe_010,outputs/gpde_diffusers_sd15_nfe10_cfg_seed_sweep/samples/diffusers/stable_diffusion_15/euler/cfg_10/GPDE/seed_001/nfe_010,26.649797439575195,0.2368563413619995
diffusers,hf_stable_diffusion_15,euler,GPDE,10,1,10.0,6,"a retro futuristic train crossing a desert at sunset, chrome surfaces, long shadows",outputs/gpde_diffusers_sd15_nfe10_cfg_seed_sweep/samples/diffusers/stable_diffusion_15/euler/cfg_10/GPDE/seed_001/nfe_010/000006.jpg,outputs/gpde_diffusers_sd15_nfe10_cfg_seed_sweep/schedules/GPDE/diffusers/stable_diffusion_15/euler/cfg_10/seed_1/nfe_010,outputs/gpde_diffusers_sd15_nfe10_cfg_seed_sweep/samples/diffusers/stable_diffusion_15/euler/cfg_10/GPDE/seed_001/nfe_010,30.128761291503906,0.8771599531173706
diffusers,hf_stable_diffusion_15,euler,GPDE,10,1,10.0,7,"a chef plating a colorful molecular gastronomy dessert, clean restaurant lighting",outputs/gpde_diffusers_sd15_nfe10_cfg_seed_sweep/samples/diffusers/stable_diffusion_15/euler/cfg_10/GPDE/seed_001/nfe_010/000007.jpg,outputs/gpde_diffusers_sd15_nfe10_cfg_seed_sweep/schedules/GPDE/diffusers/stable_diffusion_15/euler/cfg_10/seed_1/nfe_010,outputs/gpde_diffusers_sd15_nfe10_cfg_seed_sweep/samples/diffusers/stable_diffusion_15/euler/cfg_10/GPDE/seed_001/nfe_010,31.001354217529297,-0.14394938945770264
diffusers,hf_stable_diffusion_15,euler,GPDE,10,1,10.0,8,"an isometric cozy bedroom with plants, books, a desk lamp, and a rainy window",outputs/gpde_diffusers_sd15_nfe10_cfg_seed_sweep/samples/diffusers/stable_diffusion_15/euler/cfg_10/GPDE/seed_001/nfe_010/000008.jpg,outputs/gpde_diffusers_sd15_nfe10_cfg_seed_sweep/schedules/GPDE/diffusers/stable_diffusion_15/euler/cfg_10/seed_1/nfe_010,outputs/gpde_diffusers_sd15_nfe10_cfg_seed_sweep/samples/diffusers/stable_diffusion_15/euler/cfg_10/GPDE/seed_001/nfe_010,27.85692596435547,-0.3123619258403778
diffusers,hf_stable_diffusion_15,euler,GPDE,10,1,10.0,9,"a dramatic mountain monastery above clouds, sunrise, detailed stone architecture",outputs/gpde_diffusers_sd15_nfe10_cfg_seed_sweep/samples/diffusers/stable_diffusion_15/euler/cfg_10/GPDE/seed_001/nfe_010/000009.jpg,outputs/gpde_diffusers_sd15_nfe10_cfg_seed_sweep/schedules/GPDE/diffusers/stable_diffusion_15/euler/cfg_10/seed_1/nfe_010,outputs/gpde_diffusers_sd15_nfe10_cfg_seed_sweep/samples/diffusers/stable_diffusion_15/euler/cfg_10/GPDE/seed_001/nfe_010,33.04100036621094,1.588145136833191
diffusers,hf_stable_diffusion_15,euler,GPDE,10,1,10.0,10,a fashion editorial photo of a model wearing a translucent raincoat in Tokyo at night,outputs/gpde_diffusers_sd15_nfe10_cfg_seed_sweep/samples/diffusers/stable_diffusion_15/euler/cfg_10/GPDE/seed_001/nfe_010/000010.jpg,outputs/gpde_diffusers_sd15_nfe10_cfg_seed_sweep/schedules/GPDE/diffusers/stable_diffusion_15/euler/cfg_10/seed_1/nfe_010,outputs/gpde_diffusers_sd15_nfe10_cfg_seed_sweep/samples/diffusers/stable_diffusion_15/euler/cfg_10/GPDE/seed_001/nfe_010,35.00011444091797,1.9327356815338135
diffusers,hf_stable_diffusion_15,euler,GPDE,10,1,10.0,11,a realistic red fox statue made of folded paper on a white museum pedestal,outputs/gpde_diffusers_sd15_nfe10_cfg_seed_sweep/samples/diffusers/stable_diffusion_15/euler/cfg_10/GPDE/seed_001/nfe_010/000011.jpg,outputs/gpde_diffusers_sd15_nfe10_cfg_seed_sweep/schedules/GPDE/diffusers/stable_diffusion_15/euler/cfg_10/seed_1/nfe_010,outputs/gpde_diffusers_sd15_nfe10_cfg_seed_sweep/samples/diffusers/stable_diffusion_15/euler/cfg_10/GPDE/seed_001/nfe_010,34.027610778808594,1.6190249919891357
diffusers,hf_stable_diffusion_15,euler,GPDE,10,1,10.0,12,a detailed cutaway illustration of a tiny submarine exploring a coral reef,outputs/gpde_diffusers_sd15_nfe10_cfg_seed_sweep/samples/diffusers/stable_diffusion_15/euler/cfg_10/GPDE/seed_001/nfe_010/000012.jpg,outputs/gpde_diffusers_sd15_nfe10_cfg_seed_sweep/schedules/GPDE/diffusers/stable_diffusion_15/euler/cfg_10/seed_1/nfe_010,outputs/gpde_diffusers_sd15_nfe10_cfg_seed_sweep/samples/diffusers/stable_diffusion_15/euler/cfg_10/GPDE/seed_001/nfe_010,33.64302062988281,1.387292742729187
diffusers,hf_stable_diffusion_15,euler,GPDE,10,1,10.0,13,a product photo of wireless headphones on brushed aluminum with blue accent lighting,outputs/gpde_diffusers_sd15_nfe10_cfg_seed_sweep/samples/diffusers/stable_diffusion_15/euler/cfg_10/GPDE/seed_001/nfe_010/000013.jpg,outputs/gpde_diffusers_sd15_nfe10_cfg_seed_sweep/schedules/GPDE/diffusers/stable_diffusion_15/euler/cfg_10/seed_1/nfe_010,outputs/gpde_diffusers_sd15_nfe10_cfg_seed_sweep/samples/diffusers/stable_diffusion_15/euler/cfg_10/GPDE/seed_001/nfe_010,25.998300552368164,-0.49444863200187683
diffusers,hf_stable_diffusion_15,euler,GPDE,10,1,10.0,14,"a medieval market square during a festival, banners, musicians, detailed crowd",outputs/gpde_diffusers_sd15_nfe10_cfg_seed_sweep/samples/diffusers/stable_diffusion_15/euler/cfg_10/GPDE/seed_001/nfe_010/000014.jpg,outputs/gpde_diffusers_sd15_nfe10_cfg_seed_sweep/schedules/GPDE/diffusers/stable_diffusion_15/euler/cfg_10/seed_1/nfe_010,outputs/gpde_diffusers_sd15_nfe10_cfg_seed_sweep/samples/diffusers/stable_diffusion_15/euler/cfg_10/GPDE/seed_001/nfe_010,30.983808517456055,0.1116495430469513
diffusers,hf_stable_diffusion_15,euler,GPDE,10,1,10.0,15,an oil painting of a violinist performing in an empty subway station,outputs/gpde_diffusers_sd15_nfe10_cfg_seed_sweep/samples/diffusers/stable_diffusion_15/euler/cfg_10/GPDE/seed_001/nfe_010/000015.jpg,outputs/gpde_diffusers_sd15_nfe10_cfg_seed_sweep/schedules/GPDE/diffusers/stable_diffusion_15/euler/cfg_10/seed_1/nfe_010,outputs/gpde_diffusers_sd15_nfe10_cfg_seed_sweep/samples/diffusers/stable_diffusion_15/euler/cfg_10/GPDE/seed_001/nfe_010,32.647186279296875,0.6616644859313965
diffusers,hf_stable_diffusion_15,euler,GPDE,10,1,10.0,16,"a close-up portrait of an elderly sailor, weathered skin, navy coat, overcast harbor",outputs/gpde_diffusers_sd15_nfe10_cfg_seed_sweep/samples/diffusers/stable_diffusion_15/euler/cfg_10/GPDE/seed_001/nfe_010/000016.jpg,outputs/gpde_diffusers_sd15_nfe10_cfg_seed_sweep/schedules/GPDE/diffusers/stable_diffusion_15/euler/cfg_10/seed_1/nfe_010,outputs/gpde_diffusers_sd15_nfe10_cfg_seed_sweep/samples/diffusers/stable_diffusion_15/euler/cfg_10/GPDE/seed_001/nfe_010,28.89329719543457,0.5724633932113647
diffusers,hf_stable_diffusion_15,euler,GPDE,10,1,10.0,17,a clean architectural rendering of a modern cabin beside a frozen lake,outputs/gpde_diffusers_sd15_nfe10_cfg_seed_sweep/samples/diffusers/stable_diffusion_15/euler/cfg_10/GPDE/seed_001/nfe_010/000017.jpg,outputs/gpde_diffusers_sd15_nfe10_cfg_seed_sweep/schedules/GPDE/diffusers/stable_diffusion_15/euler/cfg_10/seed_1/nfe_010,outputs/gpde_diffusers_sd15_nfe10_cfg_seed_sweep/samples/diffusers/stable_diffusion_15/euler/cfg_10/GPDE/seed_001/nfe_010,32.682640075683594,1.1089895963668823
diffusers,hf_stable_diffusion_15,euler,GPDE,10,1,10.0,18,a surreal desert filled with floating glass spheres and distant black mountains,outputs/gpde_diffusers_sd15_nfe10_cfg_seed_sweep/samples/diffusers/stable_diffusion_15/euler/cfg_10/GPDE/seed_001/nfe_010/000018.jpg,outputs/gpde_diffusers_sd15_nfe10_cfg_seed_sweep/schedules/GPDE/diffusers/stable_diffusion_15/euler/cfg_10/seed_1/nfe_010,outputs/gpde_diffusers_sd15_nfe10_cfg_seed_sweep/samples/diffusers/stable_diffusion_15/euler/cfg_10/GPDE/seed_001/nfe_010,31.28524398803711,0.882473349571228
diffusers,hf_stable_diffusion_15,euler,GPDE,10,1,10.0,19,a documentary photo of a scientist collecting ice cores in Antarctica,outputs/gpde_diffusers_sd15_nfe10_cfg_seed_sweep/samples/diffusers/stable_diffusion_15/euler/cfg_10/GPDE/seed_001/nfe_010/000019.jpg,outputs/gpde_diffusers_sd15_nfe10_cfg_seed_sweep/schedules/GPDE/diffusers/stable_diffusion_15/euler/cfg_10/seed_1/nfe_010,outputs/gpde_diffusers_sd15_nfe10_cfg_seed_sweep/samples/diffusers/stable_diffusion_15/euler/cfg_10/GPDE/seed_001/nfe_010,31.085407257080078,-0.2292633056640625
diffusers,hf_stable_diffusion_15,euler,GPDE,10,1,10.0,20,a detailed 3D render of a mechanical hummingbird with copper wings,outputs/gpde_diffusers_sd15_nfe10_cfg_seed_sweep/samples/diffusers/stable_diffusion_15/euler/cfg_10/GPDE/seed_001/nfe_010/000020.jpg,outputs/gpde_diffusers_sd15_nfe10_cfg_seed_sweep/schedules/GPDE/diffusers/stable_diffusion_15/euler/cfg_10/seed_1/nfe_010,outputs/gpde_diffusers_sd15_nfe10_cfg_seed_sweep/samples/diffusers/stable_diffusion_15/euler/cfg_10/GPDE/seed_001/nfe_010,32.70742416381836,1.2769500017166138
diffusers,hf_stable_diffusion_15,euler,GPDE,10,1,10.0,21,"a cozy cafe interior in autumn, pastries, espresso machine, soft morning light",outputs/gpde_diffusers_sd15_nfe10_cfg_seed_sweep/samples/diffusers/stable_diffusion_15/euler/cfg_10/GPDE/seed_001/nfe_010/000021.jpg,outputs/gpde_diffusers_sd15_nfe10_cfg_seed_sweep/schedules/GPDE/diffusers/stable_diffusion_15/euler/cfg_10/seed_1/nfe_010,outputs/gpde_diffusers_sd15_nfe10_cfg_seed_sweep/samples/diffusers/stable_diffusion_15/euler/cfg_10/GPDE/seed_001/nfe_010,29.369661331176758,-0.42728185653686523
diffusers,hf_stable_diffusion_15,euler,GPDE,10,1,10.0,22,"a panoramic view of terraced rice fields under mist, workers in colorful clothing",outputs/gpde_diffusers_sd15_nfe10_cfg_seed_sweep/samples/diffusers/stable_diffusion_15/euler/cfg_10/GPDE/seed_001/nfe_010/000022.jpg,outputs/gpde_diffusers_sd15_nfe10_cfg_seed_sweep/schedules/GPDE/diffusers/stable_diffusion_15/euler/cfg_10/seed_1/nfe_010,outputs/gpde_diffusers_sd15_nfe10_cfg_seed_sweep/samples/diffusers/stable_diffusion_15/euler/cfg_10/GPDE/seed_001/nfe_010,28.339237213134766,-0.45731231570243835
diffusers,hf_stable_diffusion_15,euler,GPDE,10,1,10.0,23,a children's book illustration of a moonlit boat parade on a quiet canal,outputs/gpde_diffusers_sd15_nfe10_cfg_seed_sweep/samples/diffusers/stable_diffusion_15/euler/cfg_10/GPDE/seed_001/nfe_010/000023.jpg,outputs/gpde_diffusers_sd15_nfe10_cfg_seed_sweep/schedules/GPDE/diffusers/stable_diffusion_15/euler/cfg_10/seed_1/nfe_010,outputs/gpde_diffusers_sd15_nfe10_cfg_seed_sweep/samples/diffusers/stable_diffusion_15/euler/cfg_10/GPDE/seed_001/nfe_010,31.16435432434082,-0.2893204092979431
diffusers,hf_stable_diffusion_15,euler,GPDE,10,1,10.0,24,"a realistic sports car parked in a concrete tunnel, reflections, low angle",outputs/gpde_diffusers_sd15_nfe10_cfg_seed_sweep/samples/diffusers/stable_diffusion_15/euler/cfg_10/GPDE/seed_001/nfe_010/000024.jpg,outputs/gpde_diffusers_sd15_nfe10_cfg_seed_sweep/schedules/GPDE/diffusers/stable_diffusion_15/euler/cfg_10/seed_1/nfe_010,outputs/gpde_diffusers_sd15_nfe10_cfg_seed_sweep/samples/diffusers/stable_diffusion_15/euler/cfg_10/GPDE/seed_001/nfe_010,27.666658401489258,1.343973159790039
diffusers,hf_stable_diffusion_15,euler,GPDE,10,1,10.0,25,"a botanical diagram of rare orchids with labeled roots and petals, archival paper",outputs/gpde_diffusers_sd15_nfe10_cfg_seed_sweep/samples/diffusers/stable_diffusion_15/euler/cfg_10/GPDE/seed_001/nfe_010/000025.jpg,outputs/gpde_diffusers_sd15_nfe10_cfg_seed_sweep/schedules/GPDE/diffusers/stable_diffusion_15/euler/cfg_10/seed_1/nfe_010,outputs/gpde_diffusers_sd15_nfe10_cfg_seed_sweep/samples/diffusers/stable_diffusion_15/euler/cfg_10/GPDE/seed_001/nfe_010,31.091272354125977,1.0834400653839111
diffusers,hf_stable_diffusion_15,euler,GPDE,10,1,10.0,26,"a cyberpunk street food stall with steam, lanterns, and dense urban signage",outputs/gpde_diffusers_sd15_nfe10_cfg_seed_sweep/samples/diffusers/stable_diffusion_15/euler/cfg_10/GPDE/seed_001/nfe_010/000026.jpg,outputs/gpde_diffusers_sd15_nfe10_cfg_seed_sweep/schedules/GPDE/diffusers/stable_diffusion_15/euler/cfg_10/seed_1/nfe_010,outputs/gpde_diffusers_sd15_nfe10_cfg_seed_sweep/samples/diffusers/stable_diffusion_15/euler/cfg_10/GPDE/seed_001/nfe_010,29.561626434326172,1.3538862466812134
diffusers,hf_stable_diffusion_15,euler,GPDE,10,1,10.0,27,"a still life of glass fruit bowls, linen cloth, and silver cutlery, natural light",outputs/gpde_diffusers_sd15_nfe10_cfg_seed_sweep/samples/diffusers/stable_diffusion_15/euler/cfg_10/GPDE/seed_001/nfe_010/000027.jpg,outputs/gpde_diffusers_sd15_nfe10_cfg_seed_sweep/schedules/GPDE/diffusers/stable_diffusion_15/euler/cfg_10/seed_1/nfe_010,outputs/gpde_diffusers_sd15_nfe10_cfg_seed_sweep/samples/diffusers/stable_diffusion_15/euler/cfg_10/GPDE/seed_001/nfe_010,30.475875854492188,0.038142502307891846
diffusers,hf_stable_diffusion_15,euler,GPDE,10,1,10.0,28,a heroic statue covered in vines in an abandoned futuristic plaza,outputs/gpde_diffusers_sd15_nfe10_cfg_seed_sweep/samples/diffusers/stable_diffusion_15/euler/cfg_10/GPDE/seed_001/nfe_010/000028.jpg,outputs/gpde_diffusers_sd15_nfe10_cfg_seed_sweep/schedules/GPDE/diffusers/stable_diffusion_15/euler/cfg_10/seed_1/nfe_010,outputs/gpde_diffusers_sd15_nfe10_cfg_seed_sweep/samples/diffusers/stable_diffusion_15/euler/cfg_10/GPDE/seed_001/nfe_010,25.526708602905273,-1.1887842416763306
diffusers,hf_stable_diffusion_15,euler,GPDE,10,1,10.0,29,a black and white film photograph of dancers rehearsing in a mirror-lined studio,outputs/gpde_diffusers_sd15_nfe10_cfg_seed_sweep/samples/diffusers/stable_diffusion_15/euler/cfg_10/GPDE/seed_001/nfe_010/000029.jpg,outputs/gpde_diffusers_sd15_nfe10_cfg_seed_sweep/schedules/GPDE/diffusers/stable_diffusion_15/euler/cfg_10/seed_1/nfe_010,outputs/gpde_diffusers_sd15_nfe10_cfg_seed_sweep/samples/diffusers/stable_diffusion_15/euler/cfg_10/GPDE/seed_001/nfe_010,27.304977416992188,0.3260354995727539
diffusers,hf_stable_diffusion_15,euler,GPDE,10,1,10.0,30,"a detailed scene of a spacecraft cockpit during reentry, glowing controls, tense mood",outputs/gpde_diffusers_sd15_nfe10_cfg_seed_sweep/samples/diffusers/stable_diffusion_15/euler/cfg_10/GPDE/seed_001/nfe_010/000030.jpg,outputs/gpde_diffusers_sd15_nfe10_cfg_seed_sweep/schedules/GPDE/diffusers/stable_diffusion_15/euler/cfg_10/seed_1/nfe_010,outputs/gpde_diffusers_sd15_nfe10_cfg_seed_sweep/samples/diffusers/stable_diffusion_15/euler/cfg_10/GPDE/seed_001/nfe_010,23.44399642944336,-1.1789822578430176
diffusers,hf_stable_diffusion_15,euler,GPDE,10,1,10.0,31,a claymation style village bakery with tiny loaves and painted signs,outputs/gpde_diffusers_sd15_nfe10_cfg_seed_sweep/samples/diffusers/stable_diffusion_15/euler/cfg_10/GPDE/seed_001/nfe_010/000031.jpg,outputs/gpde_diffusers_sd15_nfe10_cfg_seed_sweep/schedules/GPDE/diffusers/stable_diffusion_15/euler/cfg_10/seed_1/nfe_010,outputs/gpde_diffusers_sd15_nfe10_cfg_seed_sweep/samples/diffusers/stable_diffusion_15/euler/cfg_10/GPDE/seed_001/nfe_010,27.715295791625977,-1.2733283042907715
diffusers,hf_stable_diffusion_15,euler,GPDE,10,1,10.0,32,a realistic underwater photograph of a diver inspecting an ancient marble column,outputs/gpde_diffusers_sd15_nfe10_cfg_seed_sweep/samples/diffusers/stable_diffusion_15/euler/cfg_10/GPDE/seed_001/nfe_010/000032.jpg,outputs/gpde_diffusers_sd15_nfe10_cfg_seed_sweep/schedules/GPDE/diffusers/stable_diffusion_15/euler/cfg_10/seed_1/nfe_010,outputs/gpde_diffusers_sd15_nfe10_cfg_seed_sweep/samples/diffusers/stable_diffusion_15/euler/cfg_10/GPDE/seed_001/nfe_010,31.30951499938965,-0.2295961081981659
diffusers,hf_stable_diffusion_15,euler,GPDE,10,1,10.0,33,"a minimalist poster of a jazz quartet in deep red, cream, and black",outputs/gpde_diffusers_sd15_nfe10_cfg_seed_sweep/samples/diffusers/stable_diffusion_15/euler/cfg_10/GPDE/seed_001/nfe_010/000033.jpg,outputs/gpde_diffusers_sd15_nfe10_cfg_seed_sweep/schedules/GPDE/diffusers/stable_diffusion_15/euler/cfg_10/seed_1/nfe_010,outputs/gpde_diffusers_sd15_nfe10_cfg_seed_sweep/samples/diffusers/stable_diffusion_15/euler/cfg_10/GPDE/seed_001/nfe_010,27.49417495727539,-2.0747737884521484
diffusers,hf_stable_diffusion_15,euler,GPDE,10,1,10.0,34,a high detail portrait of a queen wearing armor made of mother of pearl,outputs/gpde_diffusers_sd15_nfe10_cfg_seed_sweep/samples/diffusers/stable_diffusion_15/euler/cfg_10/GPDE/seed_001/nfe_010/000034.jpg,outputs/gpde_diffusers_sd15_nfe10_cfg_seed_sweep/schedules/GPDE/diffusers/stable_diffusion_15/euler/cfg_10/seed_1/nfe_010,outputs/gpde_diffusers_sd15_nfe10_cfg_seed_sweep/samples/diffusers/stable_diffusion_15/euler/cfg_10/GPDE/seed_001/nfe_010,29.495450973510742,0.6488741636276245
diffusers,hf_stable_diffusion_15,euler,GPDE,10,1,10.0,35,"a top-down board game map of an island with forests, cliffs, and hidden ruins",outputs/gpde_diffusers_sd15_nfe10_cfg_seed_sweep/samples/diffusers/stable_diffusion_15/euler/cfg_10/GPDE/seed_001/nfe_010/000035.jpg,outputs/gpde_diffusers_sd15_nfe10_cfg_seed_sweep/schedules/GPDE/diffusers/stable_diffusion_15/euler/cfg_10/seed_1/nfe_010,outputs/gpde_diffusers_sd15_nfe10_cfg_seed_sweep/samples/diffusers/stable_diffusion_15/euler/cfg_10/GPDE/seed_001/nfe_010,23.92738151550293,-1.589438557624817
diffusers,hf_stable_diffusion_15,euler,GPDE,10,1,10.0,36,"a luxury watch exploded view on a dark background, precise gears and screws",outputs/gpde_diffusers_sd15_nfe10_cfg_seed_sweep/samples/diffusers/stable_diffusion_15/euler/cfg_10/GPDE/seed_001/nfe_010/000036.jpg,outputs/gpde_diffusers_sd15_nfe10_cfg_seed_sweep/schedules/GPDE/diffusers/stable_diffusion_15/euler/cfg_10/seed_1/nfe_010,outputs/gpde_diffusers_sd15_nfe10_cfg_seed_sweep/samples/diffusers/stable_diffusion_15/euler/cfg_10/GPDE/seed_001/nfe_010,26.401966094970703,-0.9261049628257751
diffusers,hf_stable_diffusion_15,euler,GPDE,10,1,10.0,37,"a sunlit greenhouse filled with tomatoes, watering cans, and terracotta pots",outputs/gpde_diffusers_sd15_nfe10_cfg_seed_sweep/samples/diffusers/stable_diffusion_15/euler/cfg_10/GPDE/seed_001/nfe_010/000037.jpg,outputs/gpde_diffusers_sd15_nfe10_cfg_seed_sweep/schedules/GPDE/diffusers/stable_diffusion_15/euler/cfg_10/seed_1/nfe_010,outputs/gpde_diffusers_sd15_nfe10_cfg_seed_sweep/samples/diffusers/stable_diffusion_15/euler/cfg_10/GPDE/seed_001/nfe_010,26.447301864624023,-0.4920308291912079
diffusers,hf_stable_diffusion_15,euler,GPDE,10,1,10.0,38,a night landscape of fireflies over a meadow beside a quiet river,outputs/gpde_diffusers_sd15_nfe10_cfg_seed_sweep/samples/diffusers/stable_diffusion_15/euler/cfg_10/GPDE/seed_001/nfe_010/000038.jpg,outputs/gpde_diffusers_sd15_nfe10_cfg_seed_sweep/schedules/GPDE/diffusers/stable_diffusion_15/euler/cfg_10/seed_1/nfe_010,outputs/gpde_diffusers_sd15_nfe10_cfg_seed_sweep/samples/diffusers/stable_diffusion_15/euler/cfg_10/GPDE/seed_001/nfe_010,28.444868087768555,-0.25968247652053833
diffusers,hf_stable_diffusion_15,euler,GPDE,10,1,10.0,39,a realistic photo of a rescue helicopter landing on a snowy mountain ridge,outputs/gpde_diffusers_sd15_nfe10_cfg_seed_sweep/samples/diffusers/stable_diffusion_15/euler/cfg_10/GPDE/seed_001/nfe_010/000039.jpg,outputs/gpde_diffusers_sd15_nfe10_cfg_seed_sweep/schedules/GPDE/diffusers/stable_diffusion_15/euler/cfg_10/seed_1/nfe_010,outputs/gpde_diffusers_sd15_nfe10_cfg_seed_sweep/samples/diffusers/stable_diffusion_15/euler/cfg_10/GPDE/seed_001/nfe_010,32.31178665161133,0.8732687830924988
diffusers,hf_stable_diffusion_15,euler,GPDE,10,1,10.0,40,a concept art scene of a floating research station above Jupiter's clouds,outputs/gpde_diffusers_sd15_nfe10_cfg_seed_sweep/samples/diffusers/stable_diffusion_15/euler/cfg_10/GPDE/seed_001/nfe_010/000040.jpg,outputs/gpde_diffusers_sd15_nfe10_cfg_seed_sweep/schedules/GPDE/diffusers/stable_diffusion_15/euler/cfg_10/seed_1/nfe_010,outputs/gpde_diffusers_sd15_nfe10_cfg_seed_sweep/samples/diffusers/stable_diffusion_15/euler/cfg_10/GPDE/seed_001/nfe_010,29.286714553833008,-1.1023664474487305
diffusers,hf_stable_diffusion_15,euler,GPDE,10,1,10.0,41,a detailed pencil drawing of an old bicycle leaning against a brick wall,outputs/gpde_diffusers_sd15_nfe10_cfg_seed_sweep/samples/diffusers/stable_diffusion_15/euler/cfg_10/GPDE/seed_001/nfe_010/000041.jpg,outputs/gpde_diffusers_sd15_nfe10_cfg_seed_sweep/schedules/GPDE/diffusers/stable_diffusion_15/euler/cfg_10/seed_1/nfe_010,outputs/gpde_diffusers_sd15_nfe10_cfg_seed_sweep/samples/diffusers/stable_diffusion_15/euler/cfg_10/GPDE/seed_001/nfe_010,33.00359344482422,1.0431461334228516
diffusers,hf_stable_diffusion_15,euler,GPDE,10,1,10.0,42,"a museum diorama of prehistoric sea creatures, dramatic educational lighting",outputs/gpde_diffusers_sd15_nfe10_cfg_seed_sweep/samples/diffusers/stable_diffusion_15/euler/cfg_10/GPDE/seed_001/nfe_010/000042.jpg,outputs/gpde_diffusers_sd15_nfe10_cfg_seed_sweep/schedules/GPDE/diffusers/stable_diffusion_15/euler/cfg_10/seed_1/nfe_010,outputs/gpde_diffusers_sd15_nfe10_cfg_seed_sweep/samples/diffusers/stable_diffusion_15/euler/cfg_10/GPDE/seed_001/nfe_010,32.76752471923828,0.5024136304855347
diffusers,hf_stable_diffusion_15,euler,GPDE,10,1,10.0,43,"a peaceful Japanese garden with koi pond, stone bridge, and maple leaves",outputs/gpde_diffusers_sd15_nfe10_cfg_seed_sweep/samples/diffusers/stable_diffusion_15/euler/cfg_10/GPDE/seed_001/nfe_010/000043.jpg,outputs/gpde_diffusers_sd15_nfe10_cfg_seed_sweep/schedules/GPDE/diffusers/stable_diffusion_15/euler/cfg_10/seed_1/nfe_010,outputs/gpde_diffusers_sd15_nfe10_cfg_seed_sweep/samples/diffusers/stable_diffusion_15/euler/cfg_10/GPDE/seed_001/nfe_010,23.985319137573242,-0.5088376402854919
diffusers,hf_stable_diffusion_15,euler,GPDE,10,1,10.0,44,"a close-up food photograph of ramen with soft egg, steam, and ceramic bowl",outputs/gpde_diffusers_sd15_nfe10_cfg_seed_sweep/samples/diffusers/stable_diffusion_15/euler/cfg_10/GPDE/seed_001/nfe_010/000044.jpg,outputs/gpde_diffusers_sd15_nfe10_cfg_seed_sweep/schedules/GPDE/diffusers/stable_diffusion_15/euler/cfg_10/seed_1/nfe_010,outputs/gpde_diffusers_sd15_nfe10_cfg_seed_sweep/samples/diffusers/stable_diffusion_15/euler/cfg_10/GPDE/seed_001/nfe_010,32.16238021850586,0.30323588848114014
diffusers,hf_stable_diffusion_15,euler,GPDE,10,1,10.0,45,a vibrant parade costume covered with mirrors and embroidered flowers,outputs/gpde_diffusers_sd15_nfe10_cfg_seed_sweep/samples/diffusers/stable_diffusion_15/euler/cfg_10/GPDE/seed_001/nfe_010/000045.jpg,outputs/gpde_diffusers_sd15_nfe10_cfg_seed_sweep/schedules/GPDE/diffusers/stable_diffusion_15/euler/cfg_10/seed_1/nfe_010,outputs/gpde_diffusers_sd15_nfe10_cfg_seed_sweep/samples/diffusers/stable_diffusion_15/euler/cfg_10/GPDE/seed_001/nfe_010,30.331493377685547,-0.3177787959575653
diffusers,hf_stable_diffusion_15,euler,GPDE,10,1,10.0,46,a realistic image of a hand-crafted wooden chess set mid game by candlelight,outputs/gpde_diffusers_sd15_nfe10_cfg_seed_sweep/samples/diffusers/stable_diffusion_15/euler/cfg_10/GPDE/seed_001/nfe_010/000046.jpg,outputs/gpde_diffusers_sd15_nfe10_cfg_seed_sweep/schedules/GPDE/diffusers/stable_diffusion_15/euler/cfg_10/seed_1/nfe_010,outputs/gpde_diffusers_sd15_nfe10_cfg_seed_sweep/samples/diffusers/stable_diffusion_15/euler/cfg_10/GPDE/seed_001/nfe_010,27.325456619262695,1.5189809799194336
diffusers,hf_stable_diffusion_15,euler,GPDE,10,1,10.0,47,a wide angle view of a data center corridor with blue status lights,outputs/gpde_diffusers_sd15_nfe10_cfg_seed_sweep/samples/diffusers/stable_diffusion_15/euler/cfg_10/GPDE/seed_001/nfe_010/000047.jpg,outputs/gpde_diffusers_sd15_nfe10_cfg_seed_sweep/schedules/GPDE/diffusers/stable_diffusion_15/euler/cfg_10/seed_1/nfe_010,outputs/gpde_diffusers_sd15_nfe10_cfg_seed_sweep/samples/diffusers/stable_diffusion_15/euler/cfg_10/GPDE/seed_001/nfe_010,19.915485382080078,1.7513976097106934
diffusers,hf_stable_diffusion_15,euler,GPDE,10,1,10.0,48,a magical realism scene of books flying through an old train carriage,outputs/gpde_diffusers_sd15_nfe10_cfg_seed_sweep/samples/diffusers/stable_diffusion_15/euler/cfg_10/GPDE/seed_001/nfe_010/000048.jpg,outputs/gpde_diffusers_sd15_nfe10_cfg_seed_sweep/schedules/GPDE/diffusers/stable_diffusion_15/euler/cfg_10/seed_1/nfe_010,outputs/gpde_diffusers_sd15_nfe10_cfg_seed_sweep/samples/diffusers/stable_diffusion_15/euler/cfg_10/GPDE/seed_001/nfe_010,26.98891830444336,-1.510351538658142
diffusers,hf_stable_diffusion_15,euler,GPDE,10,1,10.0,49,a studio portrait of a golden retriever wearing aviator goggles and a red scarf,outputs/gpde_diffusers_sd15_nfe10_cfg_seed_sweep/samples/diffusers/stable_diffusion_15/euler/cfg_10/GPDE/seed_001/nfe_010/000049.jpg,outputs/gpde_diffusers_sd15_nfe10_cfg_seed_sweep/schedules/GPDE/diffusers/stable_diffusion_15/euler/cfg_10/seed_1/nfe_010,outputs/gpde_diffusers_sd15_nfe10_cfg_seed_sweep/samples/diffusers/stable_diffusion_15/euler/cfg_10/GPDE/seed_001/nfe_010,29.00996208190918,-0.10389140993356705
diffusers,hf_stable_diffusion_15,euler,GPDE,10,2,10.0,0,"a cinematic portrait of an astronaut botanist in a glass greenhouse on Mars, detailed fabric, soft rim light",outputs/gpde_diffusers_sd15_nfe10_cfg_seed_sweep/samples/diffusers/stable_diffusion_15/euler/cfg_10/GPDE/seed_002/nfe_010/000000.jpg,outputs/gpde_diffusers_sd15_nfe10_cfg_seed_sweep/schedules/GPDE/diffusers/stable_diffusion_15/euler/cfg_10/seed_2/nfe_010,outputs/gpde_diffusers_sd15_nfe10_cfg_seed_sweep/samples/diffusers/stable_diffusion_15/euler/cfg_10/GPDE/seed_002/nfe_010,25.36379623413086,-1.7867438793182373
diffusers,hf_stable_diffusion_15,euler,GPDE,10,2,10.0,1,"a small brass robot repairing an antique clock in a sunlit workshop, shallow depth of field",outputs/gpde_diffusers_sd15_nfe10_cfg_seed_sweep/samples/diffusers/stable_diffusion_15/euler/cfg_10/GPDE/seed_002/nfe_010/000001.jpg,outputs/gpde_diffusers_sd15_nfe10_cfg_seed_sweep/schedules/GPDE/diffusers/stable_diffusion_15/euler/cfg_10/seed_2/nfe_010,outputs/gpde_diffusers_sd15_nfe10_cfg_seed_sweep/samples/diffusers/stable_diffusion_15/euler/cfg_10/GPDE/seed_002/nfe_010,32.38239288330078,-1.7858259677886963
diffusers,hf_stable_diffusion_15,euler,GPDE,10,2,10.0,2,"a watercolor city street after rain with neon signs reflected in puddles, evening atmosphere",outputs/gpde_diffusers_sd15_nfe10_cfg_seed_sweep/samples/diffusers/stable_diffusion_15/euler/cfg_10/GPDE/seed_002/nfe_010/000002.jpg,outputs/gpde_diffusers_sd15_nfe10_cfg_seed_sweep/schedules/GPDE/diffusers/stable_diffusion_15/euler/cfg_10/seed_2/nfe_010,outputs/gpde_diffusers_sd15_nfe10_cfg_seed_sweep/samples/diffusers/stable_diffusion_15/euler/cfg_10/GPDE/seed_002/nfe_010,28.5029354095459,0.7509685754776001
diffusers,hf_stable_diffusion_15,euler,GPDE,10,2,10.0,3,a high resolution studio photo of a ceramic teapot shaped like a seashell on a slate table,outputs/gpde_diffusers_sd15_nfe10_cfg_seed_sweep/samples/diffusers/stable_diffusion_15/euler/cfg_10/GPDE/seed_002/nfe_010/000003.jpg,outputs/gpde_diffusers_sd15_nfe10_cfg_seed_sweep/schedules/GPDE/diffusers/stable_diffusion_15/euler/cfg_10/seed_2/nfe_010,outputs/gpde_diffusers_sd15_nfe10_cfg_seed_sweep/samples/diffusers/stable_diffusion_15/euler/cfg_10/GPDE/seed_002/nfe_010,33.826820373535156,1.4642215967178345
diffusers,hf_stable_diffusion_15,euler,GPDE,10,2,10.0,4,"a fantasy library carved inside a giant tree, spiral stairs, warm lanterns, intricate shelves",outputs/gpde_diffusers_sd15_nfe10_cfg_seed_sweep/samples/diffusers/stable_diffusion_15/euler/cfg_10/GPDE/seed_002/nfe_010/000004.jpg,outputs/gpde_diffusers_sd15_nfe10_cfg_seed_sweep/schedules/GPDE/diffusers/stable_diffusion_15/euler/cfg_10/seed_2/nfe_010,outputs/gpde_diffusers_sd15_nfe10_cfg_seed_sweep/samples/diffusers/stable_diffusion_15/euler/cfg_10/GPDE/seed_002/nfe_010,26.87636375427246,-0.24559861421585083
diffusers,hf_stable_diffusion_15,euler,GPDE,10,2,10.0,5,"a macro photograph of a snowflake resting on dark wool, crisp crystalline detail",outputs/gpde_diffusers_sd15_nfe10_cfg_seed_sweep/samples/diffusers/stable_diffusion_15/euler/cfg_10/GPDE/seed_002/nfe_010/000005.jpg,outputs/gpde_diffusers_sd15_nfe10_cfg_seed_sweep/schedules/GPDE/diffusers/stable_diffusion_15/euler/cfg_10/seed_2/nfe_010,outputs/gpde_diffusers_sd15_nfe10_cfg_seed_sweep/samples/diffusers/stable_diffusion_15/euler/cfg_10/GPDE/seed_002/nfe_010,27.17560577392578,-0.2072116881608963
diffusers,hf_stable_diffusion_15,euler,GPDE,10,2,10.0,6,"a retro futuristic train crossing a desert at sunset, chrome surfaces, long shadows",outputs/gpde_diffusers_sd15_nfe10_cfg_seed_sweep/samples/diffusers/stable_diffusion_15/euler/cfg_10/GPDE/seed_002/nfe_010/000006.jpg,outputs/gpde_diffusers_sd15_nfe10_cfg_seed_sweep/schedules/GPDE/diffusers/stable_diffusion_15/euler/cfg_10/seed_2/nfe_010,outputs/gpde_diffusers_sd15_nfe10_cfg_seed_sweep/samples/diffusers/stable_diffusion_15/euler/cfg_10/GPDE/seed_002/nfe_010,29.354412078857422,1.0904958248138428
diffusers,hf_stable_diffusion_15,euler,GPDE,10,2,10.0,7,"a chef plating a colorful molecular gastronomy dessert, clean restaurant lighting",outputs/gpde_diffusers_sd15_nfe10_cfg_seed_sweep/samples/diffusers/stable_diffusion_15/euler/cfg_10/GPDE/seed_002/nfe_010/000007.jpg,outputs/gpde_diffusers_sd15_nfe10_cfg_seed_sweep/schedules/GPDE/diffusers/stable_diffusion_15/euler/cfg_10/seed_2/nfe_010,outputs/gpde_diffusers_sd15_nfe10_cfg_seed_sweep/samples/diffusers/stable_diffusion_15/euler/cfg_10/GPDE/seed_002/nfe_010,31.3782958984375,1.3863744735717773
diffusers,hf_stable_diffusion_15,euler,GPDE,10,2,10.0,8,"an isometric cozy bedroom with plants, books, a desk lamp, and a rainy window",outputs/gpde_diffusers_sd15_nfe10_cfg_seed_sweep/samples/diffusers/stable_diffusion_15/euler/cfg_10/GPDE/seed_002/nfe_010/000008.jpg,outputs/gpde_diffusers_sd15_nfe10_cfg_seed_sweep/schedules/GPDE/diffusers/stable_diffusion_15/euler/cfg_10/seed_2/nfe_010,outputs/gpde_diffusers_sd15_nfe10_cfg_seed_sweep/samples/diffusers/stable_diffusion_15/euler/cfg_10/GPDE/seed_002/nfe_010,30.576330184936523,0.7422492504119873
diffusers,hf_stable_diffusion_15,euler,GPDE,10,2,10.0,9,"a dramatic mountain monastery above clouds, sunrise, detailed stone architecture",outputs/gpde_diffusers_sd15_nfe10_cfg_seed_sweep/samples/diffusers/stable_diffusion_15/euler/cfg_10/GPDE/seed_002/nfe_010/000009.jpg,outputs/gpde_diffusers_sd15_nfe10_cfg_seed_sweep/schedules/GPDE/diffusers/stable_diffusion_15/euler/cfg_10/seed_2/nfe_010,outputs/gpde_diffusers_sd15_nfe10_cfg_seed_sweep/samples/diffusers/stable_diffusion_15/euler/cfg_10/GPDE/seed_002/nfe_010,32.00275421142578,1.8442457914352417
diffusers,hf_stable_diffusion_15,euler,GPDE,10,2,10.0,10,a fashion editorial photo of a model wearing a translucent raincoat in Tokyo at night,outputs/gpde_diffusers_sd15_nfe10_cfg_seed_sweep/samples/diffusers/stable_diffusion_15/euler/cfg_10/GPDE/seed_002/nfe_010/000010.jpg,outputs/gpde_diffusers_sd15_nfe10_cfg_seed_sweep/schedules/GPDE/diffusers/stable_diffusion_15/euler/cfg_10/seed_2/nfe_010,outputs/gpde_diffusers_sd15_nfe10_cfg_seed_sweep/samples/diffusers/stable_diffusion_15/euler/cfg_10/GPDE/seed_002/nfe_010,36.8607177734375,0.5292491912841797
diffusers,hf_stable_diffusion_15,euler,GPDE,10,2,10.0,11,a realistic red fox statue made of folded paper on a white museum pedestal,outputs/gpde_diffusers_sd15_nfe10_cfg_seed_sweep/samples/diffusers/stable_diffusion_15/euler/cfg_10/GPDE/seed_002/nfe_010/000011.jpg,outputs/gpde_diffusers_sd15_nfe10_cfg_seed_sweep/schedules/GPDE/diffusers/stable_diffusion_15/euler/cfg_10/seed_2/nfe_010,outputs/gpde_diffusers_sd15_nfe10_cfg_seed_sweep/samples/diffusers/stable_diffusion_15/euler/cfg_10/GPDE/seed_002/nfe_010,33.70272445678711,1.2552019357681274
diffusers,hf_stable_diffusion_15,euler,GPDE,10,2,10.0,12,a detailed cutaway illustration of a tiny submarine exploring a coral reef,outputs/gpde_diffusers_sd15_nfe10_cfg_seed_sweep/samples/diffusers/stable_diffusion_15/euler/cfg_10/GPDE/seed_002/nfe_010/000012.jpg,outputs/gpde_diffusers_sd15_nfe10_cfg_seed_sweep/schedules/GPDE/diffusers/stable_diffusion_15/euler/cfg_10/seed_2/nfe_010,outputs/gpde_diffusers_sd15_nfe10_cfg_seed_sweep/samples/diffusers/stable_diffusion_15/euler/cfg_10/GPDE/seed_002/nfe_010,36.12468719482422,-1.385068655014038
diffusers,hf_stable_diffusion_15,euler,GPDE,10,2,10.0,13,a product photo of wireless headphones on brushed aluminum with blue accent lighting,outputs/gpde_diffusers_sd15_nfe10_cfg_seed_sweep/samples/diffusers/stable_diffusion_15/euler/cfg_10/GPDE/seed_002/nfe_010/000013.jpg,outputs/gpde_diffusers_sd15_nfe10_cfg_seed_sweep/schedules/GPDE/diffusers/stable_diffusion_15/euler/cfg_10/seed_2/nfe_010,outputs/gpde_diffusers_sd15_nfe10_cfg_seed_sweep/samples/diffusers/stable_diffusion_15/euler/cfg_10/GPDE/seed_002/nfe_010,22.84780502319336,0.06287413835525513
diffusers,hf_stable_diffusion_15,euler,GPDE,10,2,10.0,14,"a medieval market square during a festival, banners, musicians, detailed crowd",outputs/gpde_diffusers_sd15_nfe10_cfg_seed_sweep/samples/diffusers/stable_diffusion_15/euler/cfg_10/GPDE/seed_002/nfe_010/000014.jpg,outputs/gpde_diffusers_sd15_nfe10_cfg_seed_sweep/schedules/GPDE/diffusers/stable_diffusion_15/euler/cfg_10/seed_2/nfe_010,outputs/gpde_diffusers_sd15_nfe10_cfg_seed_sweep/samples/diffusers/stable_diffusion_15/euler/cfg_10/GPDE/seed_002/nfe_010,28.73284912109375,0.2585662305355072
diffusers,hf_stable_diffusion_15,euler,GPDE,10,2,10.0,15,an oil painting of a violinist performing in an empty subway station,outputs/gpde_diffusers_sd15_nfe10_cfg_seed_sweep/samples/diffusers/stable_diffusion_15/euler/cfg_10/GPDE/seed_002/nfe_010/000015.jpg,outputs/gpde_diffusers_sd15_nfe10_cfg_seed_sweep/schedules/GPDE/diffusers/stable_diffusion_15/euler/cfg_10/seed_2/nfe_010,outputs/gpde_diffusers_sd15_nfe10_cfg_seed_sweep/samples/diffusers/stable_diffusion_15/euler/cfg_10/GPDE/seed_002/nfe_010,39.3294563293457,1.622247576713562
diffusers,hf_stable_diffusion_15,euler,GPDE,10,2,10.0,16,"a close-up portrait of an elderly sailor, weathered skin, navy coat, overcast harbor",outputs/gpde_diffusers_sd15_nfe10_cfg_seed_sweep/samples/diffusers/stable_diffusion_15/euler/cfg_10/GPDE/seed_002/nfe_010/000016.jpg,outputs/gpde_diffusers_sd15_nfe10_cfg_seed_sweep/schedules/GPDE/diffusers/stable_diffusion_15/euler/cfg_10/seed_2/nfe_010,outputs/gpde_diffusers_sd15_nfe10_cfg_seed_sweep/samples/diffusers/stable_diffusion_15/euler/cfg_10/GPDE/seed_002/nfe_010,30.53120994567871,1.1941893100738525
diffusers,hf_stable_diffusion_15,euler,GPDE,10,2,10.0,17,a clean architectural rendering of a modern cabin beside a frozen lake,outputs/gpde_diffusers_sd15_nfe10_cfg_seed_sweep/samples/diffusers/stable_diffusion_15/euler/cfg_10/GPDE/seed_002/nfe_010/000017.jpg,outputs/gpde_diffusers_sd15_nfe10_cfg_seed_sweep/schedules/GPDE/diffusers/stable_diffusion_15/euler/cfg_10/seed_2/nfe_010,outputs/gpde_diffusers_sd15_nfe10_cfg_seed_sweep/samples/diffusers/stable_diffusion_15/euler/cfg_10/GPDE/seed_002/nfe_010,32.68136978149414,-0.7677170634269714
diffusers,hf_stable_diffusion_15,euler,GPDE,10,2,10.0,18,a surreal desert filled with floating glass spheres and distant black mountains,outputs/gpde_diffusers_sd15_nfe10_cfg_seed_sweep/samples/diffusers/stable_diffusion_15/euler/cfg_10/GPDE/seed_002/nfe_010/000018.jpg,outputs/gpde_diffusers_sd15_nfe10_cfg_seed_sweep/schedules/GPDE/diffusers/stable_diffusion_15/euler/cfg_10/seed_2/nfe_010,outputs/gpde_diffusers_sd15_nfe10_cfg_seed_sweep/samples/diffusers/stable_diffusion_15/euler/cfg_10/GPDE/seed_002/nfe_010,25.68570327758789,-1.3382558822631836
diffusers,hf_stable_diffusion_15,euler,GPDE,10,2,10.0,19,a documentary photo of a scientist collecting ice cores in Antarctica,outputs/gpde_diffusers_sd15_nfe10_cfg_seed_sweep/samples/diffusers/stable_diffusion_15/euler/cfg_10/GPDE/seed_002/nfe_010/000019.jpg,outputs/gpde_diffusers_sd15_nfe10_cfg_seed_sweep/schedules/GPDE/diffusers/stable_diffusion_15/euler/cfg_10/seed_2/nfe_010,outputs/gpde_diffusers_sd15_nfe10_cfg_seed_sweep/samples/diffusers/stable_diffusion_15/euler/cfg_10/GPDE/seed_002/nfe_010,28.993915557861328,0.3295465409755707
diffusers,hf_stable_diffusion_15,euler,GPDE,10,2,10.0,20,a detailed 3D render of a mechanical hummingbird with copper wings,outputs/gpde_diffusers_sd15_nfe10_cfg_seed_sweep/samples/diffusers/stable_diffusion_15/euler/cfg_10/GPDE/seed_002/nfe_010/000020.jpg,outputs/gpde_diffusers_sd15_nfe10_cfg_seed_sweep/schedules/GPDE/diffusers/stable_diffusion_15/euler/cfg_10/seed_2/nfe_010,outputs/gpde_diffusers_sd15_nfe10_cfg_seed_sweep/samples/diffusers/stable_diffusion_15/euler/cfg_10/GPDE/seed_002/nfe_010,32.51417922973633,0.12812374532222748
diffusers,hf_stable_diffusion_15,euler,GPDE,10,2,10.0,21,"a cozy cafe interior in autumn, pastries, espresso machine, soft morning light",outputs/gpde_diffusers_sd15_nfe10_cfg_seed_sweep/samples/diffusers/stable_diffusion_15/euler/cfg_10/GPDE/seed_002/nfe_010/000021.jpg,outputs/gpde_diffusers_sd15_nfe10_cfg_seed_sweep/schedules/GPDE/diffusers/stable_diffusion_15/euler/cfg_10/seed_2/nfe_010,outputs/gpde_diffusers_sd15_nfe10_cfg_seed_sweep/samples/diffusers/stable_diffusion_15/euler/cfg_10/GPDE/seed_002/nfe_010,32.06256103515625,-0.876767098903656
diffusers,hf_stable_diffusion_15,euler,GPDE,10,2,10.0,22,"a panoramic view of terraced rice fields under mist, workers in colorful clothing",outputs/gpde_diffusers_sd15_nfe10_cfg_seed_sweep/samples/diffusers/stable_diffusion_15/euler/cfg_10/GPDE/seed_002/nfe_010/000022.jpg,outputs/gpde_diffusers_sd15_nfe10_cfg_seed_sweep/schedules/GPDE/diffusers/stable_diffusion_15/euler/cfg_10/seed_2/nfe_010,outputs/gpde_diffusers_sd15_nfe10_cfg_seed_sweep/samples/diffusers/stable_diffusion_15/euler/cfg_10/GPDE/seed_002/nfe_010,28.193675994873047,0.6314060091972351
diffusers,hf_stable_diffusion_15,euler,GPDE,10,2,10.0,23,a children's book illustration of a moonlit boat parade on a quiet canal,outputs/gpde_diffusers_sd15_nfe10_cfg_seed_sweep/samples/diffusers/stable_diffusion_15/euler/cfg_10/GPDE/seed_002/nfe_010/000023.jpg,outputs/gpde_diffusers_sd15_nfe10_cfg_seed_sweep/schedules/GPDE/diffusers/stable_diffusion_15/euler/cfg_10/seed_2/nfe_010,outputs/gpde_diffusers_sd15_nfe10_cfg_seed_sweep/samples/diffusers/stable_diffusion_15/euler/cfg_10/GPDE/seed_002/nfe_010,30.51694679260254,0.11043139547109604
diffusers,hf_stable_diffusion_15,euler,GPDE,10,2,10.0,24,"a realistic sports car parked in a concrete tunnel, reflections, low angle",outputs/gpde_diffusers_sd15_nfe10_cfg_seed_sweep/samples/diffusers/stable_diffusion_15/euler/cfg_10/GPDE/seed_002/nfe_010/000024.jpg,outputs/gpde_diffusers_sd15_nfe10_cfg_seed_sweep/schedules/GPDE/diffusers/stable_diffusion_15/euler/cfg_10/seed_2/nfe_010,outputs/gpde_diffusers_sd15_nfe10_cfg_seed_sweep/samples/diffusers/stable_diffusion_15/euler/cfg_10/GPDE/seed_002/nfe_010,27.757633209228516,1.0850794315338135
diffusers,hf_stable_diffusion_15,euler,GPDE,10,2,10.0,25,"a botanical diagram of rare orchids with labeled roots and petals, archival paper",outputs/gpde_diffusers_sd15_nfe10_cfg_seed_sweep/samples/diffusers/stable_diffusion_15/euler/cfg_10/GPDE/seed_002/nfe_010/000025.jpg,outputs/gpde_diffusers_sd15_nfe10_cfg_seed_sweep/schedules/GPDE/diffusers/stable_diffusion_15/euler/cfg_10/seed_2/nfe_010,outputs/gpde_diffusers_sd15_nfe10_cfg_seed_sweep/samples/diffusers/stable_diffusion_15/euler/cfg_10/GPDE/seed_002/nfe_010,31.42595863342285,1.4556708335876465
diffusers,hf_stable_diffusion_15,euler,GPDE,10,2,10.0,26,"a cyberpunk street food stall with steam, lanterns, and dense urban signage",outputs/gpde_diffusers_sd15_nfe10_cfg_seed_sweep/samples/diffusers/stable_diffusion_15/euler/cfg_10/GPDE/seed_002/nfe_010/000026.jpg,outputs/gpde_diffusers_sd15_nfe10_cfg_seed_sweep/schedules/GPDE/diffusers/stable_diffusion_15/euler/cfg_10/seed_2/nfe_010,outputs/gpde_diffusers_sd15_nfe10_cfg_seed_sweep/samples/diffusers/stable_diffusion_15/euler/cfg_10/GPDE/seed_002/nfe_010,29.1295223236084,0.630547821521759
diffusers,hf_stable_diffusion_15,euler,GPDE,10,2,10.0,27,"a still life of glass fruit bowls, linen cloth, and silver cutlery, natural light",outputs/gpde_diffusers_sd15_nfe10_cfg_seed_sweep/samples/diffusers/stable_diffusion_15/euler/cfg_10/GPDE/seed_002/nfe_010/000027.jpg,outputs/gpde_diffusers_sd15_nfe10_cfg_seed_sweep/schedules/GPDE/diffusers/stable_diffusion_15/euler/cfg_10/seed_2/nfe_010,outputs/gpde_diffusers_sd15_nfe10_cfg_seed_sweep/samples/diffusers/stable_diffusion_15/euler/cfg_10/GPDE/seed_002/nfe_010,29.369253158569336,-1.8935775756835938
diffusers,hf_stable_diffusion_15,euler,GPDE,10,2,10.0,28,a heroic statue covered in vines in an abandoned futuristic plaza,outputs/gpde_diffusers_sd15_nfe10_cfg_seed_sweep/samples/diffusers/stable_diffusion_15/euler/cfg_10/GPDE/seed_002/nfe_010/000028.jpg,outputs/gpde_diffusers_sd15_nfe10_cfg_seed_sweep/schedules/GPDE/diffusers/stable_diffusion_15/euler/cfg_10/seed_2/nfe_010,outputs/gpde_diffusers_sd15_nfe10_cfg_seed_sweep/samples/diffusers/stable_diffusion_15/euler/cfg_10/GPDE/seed_002/nfe_010,33.85560607910156,-0.16373643279075623
diffusers,hf_stable_diffusion_15,euler,GPDE,10,2,10.0,29,a black and white film photograph of dancers rehearsing in a mirror-lined studio,outputs/gpde_diffusers_sd15_nfe10_cfg_seed_sweep/samples/diffusers/stable_diffusion_15/euler/cfg_10/GPDE/seed_002/nfe_010/000029.jpg,outputs/gpde_diffusers_sd15_nfe10_cfg_seed_sweep/schedules/GPDE/diffusers/stable_diffusion_15/euler/cfg_10/seed_2/nfe_010,outputs/gpde_diffusers_sd15_nfe10_cfg_seed_sweep/samples/diffusers/stable_diffusion_15/euler/cfg_10/GPDE/seed_002/nfe_010,28.715980529785156,0.4711732864379883
diffusers,hf_stable_diffusion_15,euler,GPDE,10,2,10.0,30,"a detailed scene of a spacecraft cockpit during reentry, glowing controls, tense mood",outputs/gpde_diffusers_sd15_nfe10_cfg_seed_sweep/samples/diffusers/stable_diffusion_15/euler/cfg_10/GPDE/seed_002/nfe_010/000030.jpg,outputs/gpde_diffusers_sd15_nfe10_cfg_seed_sweep/schedules/GPDE/diffusers/stable_diffusion_15/euler/cfg_10/seed_2/nfe_010,outputs/gpde_diffusers_sd15_nfe10_cfg_seed_sweep/samples/diffusers/stable_diffusion_15/euler/cfg_10/GPDE/seed_002/nfe_010,30.194538116455078,-1.1002238988876343
diffusers,hf_stable_diffusion_15,euler,GPDE,10,2,10.0,31,a claymation style village bakery with tiny loaves and painted signs,outputs/gpde_diffusers_sd15_nfe10_cfg_seed_sweep/samples/diffusers/stable_diffusion_15/euler/cfg_10/GPDE/seed_002/nfe_010/000031.jpg,outputs/gpde_diffusers_sd15_nfe10_cfg_seed_sweep/schedules/GPDE/diffusers/stable_diffusion_15/euler/cfg_10/seed_2/nfe_010,outputs/gpde_diffusers_sd15_nfe10_cfg_seed_sweep/samples/diffusers/stable_diffusion_15/euler/cfg_10/GPDE/seed_002/nfe_010,31.582624435424805,-0.24901734292507172
diffusers,hf_stable_diffusion_15,euler,GPDE,10,2,10.0,32,a realistic underwater photograph of a diver inspecting an ancient marble column,outputs/gpde_diffusers_sd15_nfe10_cfg_seed_sweep/samples/diffusers/stable_diffusion_15/euler/cfg_10/GPDE/seed_002/nfe_010/000032.jpg,outputs/gpde_diffusers_sd15_nfe10_cfg_seed_sweep/schedules/GPDE/diffusers/stable_diffusion_15/euler/cfg_10/seed_2/nfe_010,outputs/gpde_diffusers_sd15_nfe10_cfg_seed_sweep/samples/diffusers/stable_diffusion_15/euler/cfg_10/GPDE/seed_002/nfe_010,32.42395782470703,1.2300293445587158
diffusers,hf_stable_diffusion_15,euler,GPDE,10,2,10.0,33,"a minimalist poster of a jazz quartet in deep red, cream, and black",outputs/gpde_diffusers_sd15_nfe10_cfg_seed_sweep/samples/diffusers/stable_diffusion_15/euler/cfg_10/GPDE/seed_002/nfe_010/000033.jpg,outputs/gpde_diffusers_sd15_nfe10_cfg_seed_sweep/schedules/GPDE/diffusers/stable_diffusion_15/euler/cfg_10/seed_2/nfe_010,outputs/gpde_diffusers_sd15_nfe10_cfg_seed_sweep/samples/diffusers/stable_diffusion_15/euler/cfg_10/GPDE/seed_002/nfe_010,26.691692352294922,-0.5086212158203125
diffusers,hf_stable_diffusion_15,euler,GPDE,10,2,10.0,34,a high detail portrait of a queen wearing armor made of mother of pearl,outputs/gpde_diffusers_sd15_nfe10_cfg_seed_sweep/samples/diffusers/stable_diffusion_15/euler/cfg_10/GPDE/seed_002/nfe_010/000034.jpg,outputs/gpde_diffusers_sd15_nfe10_cfg_seed_sweep/schedules/GPDE/diffusers/stable_diffusion_15/euler/cfg_10/seed_2/nfe_010,outputs/gpde_diffusers_sd15_nfe10_cfg_seed_sweep/samples/diffusers/stable_diffusion_15/euler/cfg_10/GPDE/seed_002/nfe_010,28.20814323425293,1.609928846359253
diffusers,hf_stable_diffusion_15,euler,GPDE,10,2,10.0,35,"a top-down board game map of an island with forests, cliffs, and hidden ruins",outputs/gpde_diffusers_sd15_nfe10_cfg_seed_sweep/samples/diffusers/stable_diffusion_15/euler/cfg_10/GPDE/seed_002/nfe_010/000035.jpg,outputs/gpde_diffusers_sd15_nfe10_cfg_seed_sweep/schedules/GPDE/diffusers/stable_diffusion_15/euler/cfg_10/seed_2/nfe_010,outputs/gpde_diffusers_sd15_nfe10_cfg_seed_sweep/samples/diffusers/stable_diffusion_15/euler/cfg_10/GPDE/seed_002/nfe_010,26.69550132751465,-1.2840933799743652
diffusers,hf_stable_diffusion_15,euler,GPDE,10,2,10.0,36,"a luxury watch exploded view on a dark background, precise gears and screws",outputs/gpde_diffusers_sd15_nfe10_cfg_seed_sweep/samples/diffusers/stable_diffusion_15/euler/cfg_10/GPDE/seed_002/nfe_010/000036.jpg,outputs/gpde_diffusers_sd15_nfe10_cfg_seed_sweep/schedules/GPDE/diffusers/stable_diffusion_15/euler/cfg_10/seed_2/nfe_010,outputs/gpde_diffusers_sd15_nfe10_cfg_seed_sweep/samples/diffusers/stable_diffusion_15/euler/cfg_10/GPDE/seed_002/nfe_010,25.60207176208496,0.5520521998405457
diffusers,hf_stable_diffusion_15,euler,GPDE,10,2,10.0,37,"a sunlit greenhouse filled with tomatoes, watering cans, and terracotta pots",outputs/gpde_diffusers_sd15_nfe10_cfg_seed_sweep/samples/diffusers/stable_diffusion_15/euler/cfg_10/GPDE/seed_002/nfe_010/000037.jpg,outputs/gpde_diffusers_sd15_nfe10_cfg_seed_sweep/schedules/GPDE/diffusers/stable_diffusion_15/euler/cfg_10/seed_2/nfe_010,outputs/gpde_diffusers_sd15_nfe10_cfg_seed_sweep/samples/diffusers/stable_diffusion_15/euler/cfg_10/GPDE/seed_002/nfe_010,29.494869232177734,0.15145646035671234
diffusers,hf_stable_diffusion_15,euler,GPDE,10,2,10.0,38,a night landscape of fireflies over a meadow beside a quiet river,outputs/gpde_diffusers_sd15_nfe10_cfg_seed_sweep/samples/diffusers/stable_diffusion_15/euler/cfg_10/GPDE/seed_002/nfe_010/000038.jpg,outputs/gpde_diffusers_sd15_nfe10_cfg_seed_sweep/schedules/GPDE/diffusers/stable_diffusion_15/euler/cfg_10/seed_2/nfe_010,outputs/gpde_diffusers_sd15_nfe10_cfg_seed_sweep/samples/diffusers/stable_diffusion_15/euler/cfg_10/GPDE/seed_002/nfe_010,29.70922088623047,-0.8470898866653442
diffusers,hf_stable_diffusion_15,euler,GPDE,10,2,10.0,39,a realistic photo of a rescue helicopter landing on a snowy mountain ridge,outputs/gpde_diffusers_sd15_nfe10_cfg_seed_sweep/samples/diffusers/stable_diffusion_15/euler/cfg_10/GPDE/seed_002/nfe_010/000039.jpg,outputs/gpde_diffusers_sd15_nfe10_cfg_seed_sweep/schedules/GPDE/diffusers/stable_diffusion_15/euler/cfg_10/seed_2/nfe_010,outputs/gpde_diffusers_sd15_nfe10_cfg_seed_sweep/samples/diffusers/stable_diffusion_15/euler/cfg_10/GPDE/seed_002/nfe_010,30.587547302246094,1.1298707723617554
diffusers,hf_stable_diffusion_15,euler,GPDE,10,2,10.0,40,a concept art scene of a floating research station above Jupiter's clouds,outputs/gpde_diffusers_sd15_nfe10_cfg_seed_sweep/samples/diffusers/stable_diffusion_15/euler/cfg_10/GPDE/seed_002/nfe_010/000040.jpg,outputs/gpde_diffusers_sd15_nfe10_cfg_seed_sweep/schedules/GPDE/diffusers/stable_diffusion_15/euler/cfg_10/seed_2/nfe_010,outputs/gpde_diffusers_sd15_nfe10_cfg_seed_sweep/samples/diffusers/stable_diffusion_15/euler/cfg_10/GPDE/seed_002/nfe_010,29.29599952697754,0.11436692625284195
diffusers,hf_stable_diffusion_15,euler,GPDE,10,2,10.0,41,a detailed pencil drawing of an old bicycle leaning against a brick wall,outputs/gpde_diffusers_sd15_nfe10_cfg_seed_sweep/samples/diffusers/stable_diffusion_15/euler/cfg_10/GPDE/seed_002/nfe_010/000041.jpg,outputs/gpde_diffusers_sd15_nfe10_cfg_seed_sweep/schedules/GPDE/diffusers/stable_diffusion_15/euler/cfg_10/seed_2/nfe_010,outputs/gpde_diffusers_sd15_nfe10_cfg_seed_sweep/samples/diffusers/stable_diffusion_15/euler/cfg_10/GPDE/seed_002/nfe_010,32.374549865722656,1.0890088081359863
diffusers,hf_stable_diffusion_15,euler,GPDE,10,2,10.0,42,"a museum diorama of prehistoric sea creatures, dramatic educational lighting",outputs/gpde_diffusers_sd15_nfe10_cfg_seed_sweep/samples/diffusers/stable_diffusion_15/euler/cfg_10/GPDE/seed_002/nfe_010/000042.jpg,outputs/gpde_diffusers_sd15_nfe10_cfg_seed_sweep/schedules/GPDE/diffusers/stable_diffusion_15/euler/cfg_10/seed_2/nfe_010,outputs/gpde_diffusers_sd15_nfe10_cfg_seed_sweep/samples/diffusers/stable_diffusion_15/euler/cfg_10/GPDE/seed_002/nfe_010,30.215999603271484,-0.11076363176107407
diffusers,hf_stable_diffusion_15,euler,GPDE,10,2,10.0,43,"a peaceful Japanese garden with koi pond, stone bridge, and maple leaves",outputs/gpde_diffusers_sd15_nfe10_cfg_seed_sweep/samples/diffusers/stable_diffusion_15/euler/cfg_10/GPDE/seed_002/nfe_010/000043.jpg,outputs/gpde_diffusers_sd15_nfe10_cfg_seed_sweep/schedules/GPDE/diffusers/stable_diffusion_15/euler/cfg_10/seed_2/nfe_010,outputs/gpde_diffusers_sd15_nfe10_cfg_seed_sweep/samples/diffusers/stable_diffusion_15/euler/cfg_10/GPDE/seed_002/nfe_010,26.302797317504883,-1.522424578666687
diffusers,hf_stable_diffusion_15,euler,GPDE,10,2,10.0,44,"a close-up food photograph of ramen with soft egg, steam, and ceramic bowl",outputs/gpde_diffusers_sd15_nfe10_cfg_seed_sweep/samples/diffusers/stable_diffusion_15/euler/cfg_10/GPDE/seed_002/nfe_010/000044.jpg,outputs/gpde_diffusers_sd15_nfe10_cfg_seed_sweep/schedules/GPDE/diffusers/stable_diffusion_15/euler/cfg_10/seed_2/nfe_010,outputs/gpde_diffusers_sd15_nfe10_cfg_seed_sweep/samples/diffusers/stable_diffusion_15/euler/cfg_10/GPDE/seed_002/nfe_010,30.912151336669922,0.4813769459724426
diffusers,hf_stable_diffusion_15,euler,GPDE,10,2,10.0,45,a vibrant parade costume covered with mirrors and embroidered flowers,outputs/gpde_diffusers_sd15_nfe10_cfg_seed_sweep/samples/diffusers/stable_diffusion_15/euler/cfg_10/GPDE/seed_002/nfe_010/000045.jpg,outputs/gpde_diffusers_sd15_nfe10_cfg_seed_sweep/schedules/GPDE/diffusers/stable_diffusion_15/euler/cfg_10/seed_2/nfe_010,outputs/gpde_diffusers_sd15_nfe10_cfg_seed_sweep/samples/diffusers/stable_diffusion_15/euler/cfg_10/GPDE/seed_002/nfe_010,30.313608169555664,0.01140188705176115
diffusers,hf_stable_diffusion_15,euler,GPDE,10,2,10.0,46,a realistic image of a hand-crafted wooden chess set mid game by candlelight,outputs/gpde_diffusers_sd15_nfe10_cfg_seed_sweep/samples/diffusers/stable_diffusion_15/euler/cfg_10/GPDE/seed_002/nfe_010/000046.jpg,outputs/gpde_diffusers_sd15_nfe10_cfg_seed_sweep/schedules/GPDE/diffusers/stable_diffusion_15/euler/cfg_10/seed_2/nfe_010,outputs/gpde_diffusers_sd15_nfe10_cfg_seed_sweep/samples/diffusers/stable_diffusion_15/euler/cfg_10/GPDE/seed_002/nfe_010,26.387083053588867,-0.5833836793899536
diffusers,hf_stable_diffusion_15,euler,GPDE,10,2,10.0,47,a wide angle view of a data center corridor with blue status lights,outputs/gpde_diffusers_sd15_nfe10_cfg_seed_sweep/samples/diffusers/stable_diffusion_15/euler/cfg_10/GPDE/seed_002/nfe_010/000047.jpg,outputs/gpde_diffusers_sd15_nfe10_cfg_seed_sweep/schedules/GPDE/diffusers/stable_diffusion_15/euler/cfg_10/seed_2/nfe_010,outputs/gpde_diffusers_sd15_nfe10_cfg_seed_sweep/samples/diffusers/stable_diffusion_15/euler/cfg_10/GPDE/seed_002/nfe_010,18.30242156982422,1.323437213897705
diffusers,hf_stable_diffusion_15,euler,GPDE,10,2,10.0,48,a magical realism scene of books flying through an old train carriage,outputs/gpde_diffusers_sd15_nfe10_cfg_seed_sweep/samples/diffusers/stable_diffusion_15/euler/cfg_10/GPDE/seed_002/nfe_010/000048.jpg,outputs/gpde_diffusers_sd15_nfe10_cfg_seed_sweep/schedules/GPDE/diffusers/stable_diffusion_15/euler/cfg_10/seed_2/nfe_010,outputs/gpde_diffusers_sd15_nfe10_cfg_seed_sweep/samples/diffusers/stable_diffusion_15/euler/cfg_10/GPDE/seed_002/nfe_010,28.464740753173828,-0.8007668256759644
diffusers,hf_stable_diffusion_15,euler,GPDE,10,2,10.0,49,a studio portrait of a golden retriever wearing aviator goggles and a red scarf,outputs/gpde_diffusers_sd15_nfe10_cfg_seed_sweep/samples/diffusers/stable_diffusion_15/euler/cfg_10/GPDE/seed_002/nfe_010/000049.jpg,outputs/gpde_diffusers_sd15_nfe10_cfg_seed_sweep/schedules/GPDE/diffusers/stable_diffusion_15/euler/cfg_10/seed_2/nfe_010,outputs/gpde_diffusers_sd15_nfe10_cfg_seed_sweep/samples/diffusers/stable_diffusion_15/euler/cfg_10/GPDE/seed_002/nfe_010,33.55701446533203,1.6850624084472656
diffusers,hf_stable_diffusion_15,euler,ays,10,0,10.0,0,"a cinematic portrait of an astronaut botanist in a glass greenhouse on Mars, detailed fabric, soft rim light",outputs/gpde_diffusers_sd15_nfe10_cfg_seed_sweep/samples/diffusers/stable_diffusion_15/euler/cfg_10/ays/seed_000/nfe_010/000000.jpg,schedules/ays_like/published/stable_diffusion_15/nfe_010,outputs/gpde_diffusers_sd15_nfe10_cfg_seed_sweep/samples/diffusers/stable_diffusion_15/euler/cfg_10/ays/seed_000/nfe_010,22.980079650878906,-2.2740790843963623
diffusers,hf_stable_diffusion_15,euler,ays,10,0,10.0,1,"a small brass robot repairing an antique clock in a sunlit workshop, shallow depth of field",outputs/gpde_diffusers_sd15_nfe10_cfg_seed_sweep/samples/diffusers/stable_diffusion_15/euler/cfg_10/ays/seed_000/nfe_010/000001.jpg,schedules/ays_like/published/stable_diffusion_15/nfe_010,outputs/gpde_diffusers_sd15_nfe10_cfg_seed_sweep/samples/diffusers/stable_diffusion_15/euler/cfg_10/ays/seed_000/nfe_010,33.02944564819336,-1.2251309156417847
diffusers,hf_stable_diffusion_15,euler,ays,10,0,10.0,2,"a watercolor city street after rain with neon signs reflected in puddles, evening atmosphere",outputs/gpde_diffusers_sd15_nfe10_cfg_seed_sweep/samples/diffusers/stable_diffusion_15/euler/cfg_10/ays/seed_000/nfe_010/000002.jpg,schedules/ays_like/published/stable_diffusion_15/nfe_010,outputs/gpde_diffusers_sd15_nfe10_cfg_seed_sweep/samples/diffusers/stable_diffusion_15/euler/cfg_10/ays/seed_000/nfe_010,26.238731384277344,1.1202971935272217
diffusers,hf_stable_diffusion_15,euler,ays,10,0,10.0,3,a high resolution studio photo of a ceramic teapot shaped like a seashell on a slate table,outputs/gpde_diffusers_sd15_nfe10_cfg_seed_sweep/samples/diffusers/stable_diffusion_15/euler/cfg_10/ays/seed_000/nfe_010/000003.jpg,schedules/ays_like/published/stable_diffusion_15/nfe_010,outputs/gpde_diffusers_sd15_nfe10_cfg_seed_sweep/samples/diffusers/stable_diffusion_15/euler/cfg_10/ays/seed_000/nfe_010,27.088796615600586,-2.0510449409484863
diffusers,hf_stable_diffusion_15,euler,ays,10,0,10.0,4,"a fantasy library carved inside a giant tree, spiral stairs, warm lanterns, intricate shelves",outputs/gpde_diffusers_sd15_nfe10_cfg_seed_sweep/samples/diffusers/stable_diffusion_15/euler/cfg_10/ays/seed_000/nfe_010/000004.jpg,schedules/ays_like/published/stable_diffusion_15/nfe_010,outputs/gpde_diffusers_sd15_nfe10_cfg_seed_sweep/samples/diffusers/stable_diffusion_15/euler/cfg_10/ays/seed_000/nfe_010,29.28697395324707,0.22652634978294373
diffusers,hf_stable_diffusion_15,euler,ays,10,0,10.0,5,"a macro photograph of a snowflake resting on dark wool, crisp crystalline detail",outputs/gpde_diffusers_sd15_nfe10_cfg_seed_sweep/samples/diffusers/stable_diffusion_15/euler/cfg_10/ays/seed_000/nfe_010/000005.jpg,schedules/ays_like/published/stable_diffusion_15/nfe_010,outputs/gpde_diffusers_sd15_nfe10_cfg_seed_sweep/samples/diffusers/stable_diffusion_15/euler/cfg_10/ays/seed_000/nfe_010,24.403881072998047,0.5331982970237732
diffusers,hf_stable_diffusion_15,euler,ays,10,0,10.0,6,"a retro futuristic train crossing a desert at sunset, chrome surfaces, long shadows",outputs/gpde_diffusers_sd15_nfe10_cfg_seed_sweep/samples/diffusers/stable_diffusion_15/euler/cfg_10/ays/seed_000/nfe_010/000006.jpg,schedules/ays_like/published/stable_diffusion_15/nfe_010,outputs/gpde_diffusers_sd15_nfe10_cfg_seed_sweep/samples/diffusers/stable_diffusion_15/euler/cfg_10/ays/seed_000/nfe_010,30.57032585144043,1.5708656311035156
diffusers,hf_stable_diffusion_15,euler,ays,10,0,10.0,7,"a chef plating a colorful molecular gastronomy dessert, clean restaurant lighting",outputs/gpde_diffusers_sd15_nfe10_cfg_seed_sweep/samples/diffusers/stable_diffusion_15/euler/cfg_10/ays/seed_000/nfe_010/000007.jpg,schedules/ays_like/published/stable_diffusion_15/nfe_010,outputs/gpde_diffusers_sd15_nfe10_cfg_seed_sweep/samples/diffusers/stable_diffusion_15/euler/cfg_10/ays/seed_000/nfe_010,29.689594268798828,-1.4682273864746094
diffusers,hf_stable_diffusion_15,euler,ays,10,0,10.0,8,"an isometric cozy bedroom with plants, books, a desk lamp, and a rainy window",outputs/gpde_diffusers_sd15_nfe10_cfg_seed_sweep/samples/diffusers/stable_diffusion_15/euler/cfg_10/ays/seed_000/nfe_010/000008.jpg,schedules/ays_like/published/stable_diffusion_15/nfe_010,outputs/gpde_diffusers_sd15_nfe10_cfg_seed_sweep/samples/diffusers/stable_diffusion_15/euler/cfg_10/ays/seed_000/nfe_010,24.95492172241211,-1.0521517992019653
diffusers,hf_stable_diffusion_15,euler,ays,10,0,10.0,9,"a dramatic mountain monastery above clouds, sunrise, detailed stone architecture",outputs/gpde_diffusers_sd15_nfe10_cfg_seed_sweep/samples/diffusers/stable_diffusion_15/euler/cfg_10/ays/seed_000/nfe_010/000009.jpg,schedules/ays_like/published/stable_diffusion_15/nfe_010,outputs/gpde_diffusers_sd15_nfe10_cfg_seed_sweep/samples/diffusers/stable_diffusion_15/euler/cfg_10/ays/seed_000/nfe_010,30.633098602294922,1.5647828578948975
diffusers,hf_stable_diffusion_15,euler,ays,10,0,10.0,10,a fashion editorial photo of a model wearing a translucent raincoat in Tokyo at night,outputs/gpde_diffusers_sd15_nfe10_cfg_seed_sweep/samples/diffusers/stable_diffusion_15/euler/cfg_10/ays/seed_000/nfe_010/000010.jpg,schedules/ays_like/published/stable_diffusion_15/nfe_010,outputs/gpde_diffusers_sd15_nfe10_cfg_seed_sweep/samples/diffusers/stable_diffusion_15/euler/cfg_10/ays/seed_000/nfe_010,33.772705078125,1.7381798028945923
diffusers,hf_stable_diffusion_15,euler,ays,10,0,10.0,11,a realistic red fox statue made of folded paper on a white museum pedestal,outputs/gpde_diffusers_sd15_nfe10_cfg_seed_sweep/samples/diffusers/stable_diffusion_15/euler/cfg_10/ays/seed_000/nfe_010/000011.jpg,schedules/ays_like/published/stable_diffusion_15/nfe_010,outputs/gpde_diffusers_sd15_nfe10_cfg_seed_sweep/samples/diffusers/stable_diffusion_15/euler/cfg_10/ays/seed_000/nfe_010,34.453285217285156,1.6381866931915283
diffusers,hf_stable_diffusion_15,euler,ays,10,0,10.0,12,a detailed cutaway illustration of a tiny submarine exploring a coral reef,outputs/gpde_diffusers_sd15_nfe10_cfg_seed_sweep/samples/diffusers/stable_diffusion_15/euler/cfg_10/ays/seed_000/nfe_010/000012.jpg,schedules/ays_like/published/stable_diffusion_15/nfe_010,outputs/gpde_diffusers_sd15_nfe10_cfg_seed_sweep/samples/diffusers/stable_diffusion_15/euler/cfg_10/ays/seed_000/nfe_010,29.367801666259766,0.018266744911670685
diffusers,hf_stable_diffusion_15,euler,ays,10,0,10.0,13,a product photo of wireless headphones on brushed aluminum with blue accent lighting,outputs/gpde_diffusers_sd15_nfe10_cfg_seed_sweep/samples/diffusers/stable_diffusion_15/euler/cfg_10/ays/seed_000/nfe_010/000013.jpg,schedules/ays_like/published/stable_diffusion_15/nfe_010,outputs/gpde_diffusers_sd15_nfe10_cfg_seed_sweep/samples/diffusers/stable_diffusion_15/euler/cfg_10/ays/seed_000/nfe_010,27.523983001708984,0.4679540991783142
diffusers,hf_stable_diffusion_15,euler,ays,10,0,10.0,14,"a medieval market square during a festival, banners, musicians, detailed crowd",outputs/gpde_diffusers_sd15_nfe10_cfg_seed_sweep/samples/diffusers/stable_diffusion_15/euler/cfg_10/ays/seed_000/nfe_010/000014.jpg,schedules/ays_like/published/stable_diffusion_15/nfe_010,outputs/gpde_diffusers_sd15_nfe10_cfg_seed_sweep/samples/diffusers/stable_diffusion_15/euler/cfg_10/ays/seed_000/nfe_010,28.105148315429688,0.6387858986854553
diffusers,hf_stable_diffusion_15,euler,ays,10,0,10.0,15,an oil painting of a violinist performing in an empty subway station,outputs/gpde_diffusers_sd15_nfe10_cfg_seed_sweep/samples/diffusers/stable_diffusion_15/euler/cfg_10/ays/seed_000/nfe_010/000015.jpg,schedules/ays_like/published/stable_diffusion_15/nfe_010,outputs/gpde_diffusers_sd15_nfe10_cfg_seed_sweep/samples/diffusers/stable_diffusion_15/euler/cfg_10/ays/seed_000/nfe_010,34.15143966674805,1.5798323154449463
diffusers,hf_stable_diffusion_15,euler,ays,10,0,10.0,16,"a close-up portrait of an elderly sailor, weathered skin, navy coat, overcast harbor",outputs/gpde_diffusers_sd15_nfe10_cfg_seed_sweep/samples/diffusers/stable_diffusion_15/euler/cfg_10/ays/seed_000/nfe_010/000016.jpg,schedules/ays_like/published/stable_diffusion_15/nfe_010,outputs/gpde_diffusers_sd15_nfe10_cfg_seed_sweep/samples/diffusers/stable_diffusion_15/euler/cfg_10/ays/seed_000/nfe_010,25.535301208496094,0.5570991039276123
diffusers,hf_stable_diffusion_15,euler,ays,10,0,10.0,17,a clean architectural rendering of a modern cabin beside a frozen lake,outputs/gpde_diffusers_sd15_nfe10_cfg_seed_sweep/samples/diffusers/stable_diffusion_15/euler/cfg_10/ays/seed_000/nfe_010/000017.jpg,schedules/ays_like/published/stable_diffusion_15/nfe_010,outputs/gpde_diffusers_sd15_nfe10_cfg_seed_sweep/samples/diffusers/stable_diffusion_15/euler/cfg_10/ays/seed_000/nfe_010,31.47071647644043,-0.2757502794265747
diffusers,hf_stable_diffusion_15,euler,ays,10,0,10.0,18,a surreal desert filled with floating glass spheres and distant black mountains,outputs/gpde_diffusers_sd15_nfe10_cfg_seed_sweep/samples/diffusers/stable_diffusion_15/euler/cfg_10/ays/seed_000/nfe_010/000018.jpg,schedules/ays_like/published/stable_diffusion_15/nfe_010,outputs/gpde_diffusers_sd15_nfe10_cfg_seed_sweep/samples/diffusers/stable_diffusion_15/euler/cfg_10/ays/seed_000/nfe_010,33.311279296875,1.3665834665298462
diffusers,hf_stable_diffusion_15,euler,ays,10,0,10.0,19,a documentary photo of a scientist collecting ice cores in Antarctica,outputs/gpde_diffusers_sd15_nfe10_cfg_seed_sweep/samples/diffusers/stable_diffusion_15/euler/cfg_10/ays/seed_000/nfe_010/000019.jpg,schedules/ays_like/published/stable_diffusion_15/nfe_010,outputs/gpde_diffusers_sd15_nfe10_cfg_seed_sweep/samples/diffusers/stable_diffusion_15/euler/cfg_10/ays/seed_000/nfe_010,32.98352813720703,-0.41093868017196655
diffusers,hf_stable_diffusion_15,euler,ays,10,0,10.0,20,a detailed 3D render of a mechanical hummingbird with copper wings,outputs/gpde_diffusers_sd15_nfe10_cfg_seed_sweep/samples/diffusers/stable_diffusion_15/euler/cfg_10/ays/seed_000/nfe_010/000020.jpg,schedules/ays_like/published/stable_diffusion_15/nfe_010,outputs/gpde_diffusers_sd15_nfe10_cfg_seed_sweep/samples/diffusers/stable_diffusion_15/euler/cfg_10/ays/seed_000/nfe_010,37.8438835144043,1.261037826538086
diffusers,hf_stable_diffusion_15,euler,ays,10,0,10.0,21,"a cozy cafe interior in autumn, pastries, espresso machine, soft morning light",outputs/gpde_diffusers_sd15_nfe10_cfg_seed_sweep/samples/diffusers/stable_diffusion_15/euler/cfg_10/ays/seed_000/nfe_010/000021.jpg,schedules/ays_like/published/stable_diffusion_15/nfe_010,outputs/gpde_diffusers_sd15_nfe10_cfg_seed_sweep/samples/diffusers/stable_diffusion_15/euler/cfg_10/ays/seed_000/nfe_010,25.981197357177734,-0.031127803027629852
diffusers,hf_stable_diffusion_15,euler,ays,10,0,10.0,22,"a panoramic view of terraced rice fields under mist, workers in colorful clothing",outputs/gpde_diffusers_sd15_nfe10_cfg_seed_sweep/samples/diffusers/stable_diffusion_15/euler/cfg_10/ays/seed_000/nfe_010/000022.jpg,schedules/ays_like/published/stable_diffusion_15/nfe_010,outputs/gpde_diffusers_sd15_nfe10_cfg_seed_sweep/samples/diffusers/stable_diffusion_15/euler/cfg_10/ays/seed_000/nfe_010,26.08095932006836,-1.337536334991455
diffusers,hf_stable_diffusion_15,euler,ays,10,0,10.0,23,a children's book illustration of a moonlit boat parade on a quiet canal,outputs/gpde_diffusers_sd15_nfe10_cfg_seed_sweep/samples/diffusers/stable_diffusion_15/euler/cfg_10/ays/seed_000/nfe_010/000023.jpg,schedules/ays_like/published/stable_diffusion_15/nfe_010,outputs/gpde_diffusers_sd15_nfe10_cfg_seed_sweep/samples/diffusers/stable_diffusion_15/euler/cfg_10/ays/seed_000/nfe_010,27.524011611938477,-0.8141082525253296
diffusers,hf_stable_diffusion_15,euler,ays,10,0,10.0,24,"a realistic sports car parked in a concrete tunnel, reflections, low angle",outputs/gpde_diffusers_sd15_nfe10_cfg_seed_sweep/samples/diffusers/stable_diffusion_15/euler/cfg_10/ays/seed_000/nfe_010/000024.jpg,schedules/ays_like/published/stable_diffusion_15/nfe_010,outputs/gpde_diffusers_sd15_nfe10_cfg_seed_sweep/samples/diffusers/stable_diffusion_15/euler/cfg_10/ays/seed_000/nfe_010,28.164323806762695,0.5302542448043823
diffusers,hf_stable_diffusion_15,euler,ays,10,0,10.0,25,"a botanical diagram of rare orchids with labeled roots and petals, archival paper",outputs/gpde_diffusers_sd15_nfe10_cfg_seed_sweep/samples/diffusers/stable_diffusion_15/euler/cfg_10/ays/seed_000/nfe_010/000025.jpg,schedules/ays_like/published/stable_diffusion_15/nfe_010,outputs/gpde_diffusers_sd15_nfe10_cfg_seed_sweep/samples/diffusers/stable_diffusion_15/euler/cfg_10/ays/seed_000/nfe_010,31.730674743652344,1.4203736782073975
diffusers,hf_stable_diffusion_15,euler,ays,10,0,10.0,26,"a cyberpunk street food stall with steam, lanterns, and dense urban signage",outputs/gpde_diffusers_sd15_nfe10_cfg_seed_sweep/samples/diffusers/stable_diffusion_15/euler/cfg_10/ays/seed_000/nfe_010/000026.jpg,schedules/ays_like/published/stable_diffusion_15/nfe_010,outputs/gpde_diffusers_sd15_nfe10_cfg_seed_sweep/samples/diffusers/stable_diffusion_15/euler/cfg_10/ays/seed_000/nfe_010,25.983715057373047,-0.5405696034431458
diffusers,hf_stable_diffusion_15,euler,ays,10,0,10.0,27,"a still life of glass fruit bowls, linen cloth, and silver cutlery, natural light",outputs/gpde_diffusers_sd15_nfe10_cfg_seed_sweep/samples/diffusers/stable_diffusion_15/euler/cfg_10/ays/seed_000/nfe_010/000027.jpg,schedules/ays_like/published/stable_diffusion_15/nfe_010,outputs/gpde_diffusers_sd15_nfe10_cfg_seed_sweep/samples/diffusers/stable_diffusion_15/euler/cfg_10/ays/seed_000/nfe_010,30.459075927734375,-0.7249769568443298
diffusers,hf_stable_diffusion_15,euler,ays,10,0,10.0,28,a heroic statue covered in vines in an abandoned futuristic plaza,outputs/gpde_diffusers_sd15_nfe10_cfg_seed_sweep/samples/diffusers/stable_diffusion_15/euler/cfg_10/ays/seed_000/nfe_010/000028.jpg,schedules/ays_like/published/stable_diffusion_15/nfe_010,outputs/gpde_diffusers_sd15_nfe10_cfg_seed_sweep/samples/diffusers/stable_diffusion_15/euler/cfg_10/ays/seed_000/nfe_010,35.937530517578125,-0.18375881016254425
diffusers,hf_stable_diffusion_15,euler,ays,10,0,10.0,29,a black and white film photograph of dancers rehearsing in a mirror-lined studio,outputs/gpde_diffusers_sd15_nfe10_cfg_seed_sweep/samples/diffusers/stable_diffusion_15/euler/cfg_10/ays/seed_000/nfe_010/000029.jpg,schedules/ays_like/published/stable_diffusion_15/nfe_010,outputs/gpde_diffusers_sd15_nfe10_cfg_seed_sweep/samples/diffusers/stable_diffusion_15/euler/cfg_10/ays/seed_000/nfe_010,29.964494705200195,1.1642369031906128
diffusers,hf_stable_diffusion_15,euler,ays,10,0,10.0,30,"a detailed scene of a spacecraft cockpit during reentry, glowing controls, tense mood",outputs/gpde_diffusers_sd15_nfe10_cfg_seed_sweep/samples/diffusers/stable_diffusion_15/euler/cfg_10/ays/seed_000/nfe_010/000030.jpg,schedules/ays_like/published/stable_diffusion_15/nfe_010,outputs/gpde_diffusers_sd15_nfe10_cfg_seed_sweep/samples/diffusers/stable_diffusion_15/euler/cfg_10/ays/seed_000/nfe_010,29.379192352294922,-1.6795685291290283
diffusers,hf_stable_diffusion_15,euler,ays,10,0,10.0,31,a claymation style village bakery with tiny loaves and painted signs,outputs/gpde_diffusers_sd15_nfe10_cfg_seed_sweep/samples/diffusers/stable_diffusion_15/euler/cfg_10/ays/seed_000/nfe_010/000031.jpg,schedules/ays_like/published/stable_diffusion_15/nfe_010,outputs/gpde_diffusers_sd15_nfe10_cfg_seed_sweep/samples/diffusers/stable_diffusion_15/euler/cfg_10/ays/seed_000/nfe_010,34.52946853637695,-0.2452467828989029
diffusers,hf_stable_diffusion_15,euler,ays,10,0,10.0,32,a realistic underwater photograph of a diver inspecting an ancient marble column,outputs/gpde_diffusers_sd15_nfe10_cfg_seed_sweep/samples/diffusers/stable_diffusion_15/euler/cfg_10/ays/seed_000/nfe_010/000032.jpg,schedules/ays_like/published/stable_diffusion_15/nfe_010,outputs/gpde_diffusers_sd15_nfe10_cfg_seed_sweep/samples/diffusers/stable_diffusion_15/euler/cfg_10/ays/seed_000/nfe_010,29.175403594970703,1.4350831508636475
diffusers,hf_stable_diffusion_15,euler,ays,10,0,10.0,33,"a minimalist poster of a jazz quartet in deep red, cream, and black",outputs/gpde_diffusers_sd15_nfe10_cfg_seed_sweep/samples/diffusers/stable_diffusion_15/euler/cfg_10/ays/seed_000/nfe_010/000033.jpg,schedules/ays_like/published/stable_diffusion_15/nfe_010,outputs/gpde_diffusers_sd15_nfe10_cfg_seed_sweep/samples/diffusers/stable_diffusion_15/euler/cfg_10/ays/seed_000/nfe_010,24.07819175720215,-0.26293104887008667
diffusers,hf_stable_diffusion_15,euler,ays,10,0,10.0,34,a high detail portrait of a queen wearing armor made of mother of pearl,outputs/gpde_diffusers_sd15_nfe10_cfg_seed_sweep/samples/diffusers/stable_diffusion_15/euler/cfg_10/ays/seed_000/nfe_010/000034.jpg,schedules/ays_like/published/stable_diffusion_15/nfe_010,outputs/gpde_diffusers_sd15_nfe10_cfg_seed_sweep/samples/diffusers/stable_diffusion_15/euler/cfg_10/ays/seed_000/nfe_010,26.49152374267578,0.6399857997894287
diffusers,hf_stable_diffusion_15,euler,ays,10,0,10.0,35,"a top-down board game map of an island with forests, cliffs, and hidden ruins",outputs/gpde_diffusers_sd15_nfe10_cfg_seed_sweep/samples/diffusers/stable_diffusion_15/euler/cfg_10/ays/seed_000/nfe_010/000035.jpg,schedules/ays_like/published/stable_diffusion_15/nfe_010,outputs/gpde_diffusers_sd15_nfe10_cfg_seed_sweep/samples/diffusers/stable_diffusion_15/euler/cfg_10/ays/seed_000/nfe_010,27.414630889892578,-0.6526963710784912
diffusers,hf_stable_diffusion_15,euler,ays,10,0,10.0,36,"a luxury watch exploded view on a dark background, precise gears and screws",outputs/gpde_diffusers_sd15_nfe10_cfg_seed_sweep/samples/diffusers/stable_diffusion_15/euler/cfg_10/ays/seed_000/nfe_010/000036.jpg,schedules/ays_like/published/stable_diffusion_15/nfe_010,outputs/gpde_diffusers_sd15_nfe10_cfg_seed_sweep/samples/diffusers/stable_diffusion_15/euler/cfg_10/ays/seed_000/nfe_010,35.40257263183594,1.0005877017974854
diffusers,hf_stable_diffusion_15,euler,ays,10,0,10.0,37,"a sunlit greenhouse filled with tomatoes, watering cans, and terracotta pots",outputs/gpde_diffusers_sd15_nfe10_cfg_seed_sweep/samples/diffusers/stable_diffusion_15/euler/cfg_10/ays/seed_000/nfe_010/000037.jpg,schedules/ays_like/published/stable_diffusion_15/nfe_010,outputs/gpde_diffusers_sd15_nfe10_cfg_seed_sweep/samples/diffusers/stable_diffusion_15/euler/cfg_10/ays/seed_000/nfe_010,26.42919921875,-0.41245514154434204
diffusers,hf_stable_diffusion_15,euler,ays,10,0,10.0,38,a night landscape of fireflies over a meadow beside a quiet river,outputs/gpde_diffusers_sd15_nfe10_cfg_seed_sweep/samples/diffusers/stable_diffusion_15/euler/cfg_10/ays/seed_000/nfe_010/000038.jpg,schedules/ays_like/published/stable_diffusion_15/nfe_010,outputs/gpde_diffusers_sd15_nfe10_cfg_seed_sweep/samples/diffusers/stable_diffusion_15/euler/cfg_10/ays/seed_000/nfe_010,30.18118667602539,-0.3086412250995636
diffusers,hf_stable_diffusion_15,euler,ays,10,0,10.0,39,a realistic photo of a rescue helicopter landing on a snowy mountain ridge,outputs/gpde_diffusers_sd15_nfe10_cfg_seed_sweep/samples/diffusers/stable_diffusion_15/euler/cfg_10/ays/seed_000/nfe_010/000039.jpg,schedules/ays_like/published/stable_diffusion_15/nfe_010,outputs/gpde_diffusers_sd15_nfe10_cfg_seed_sweep/samples/diffusers/stable_diffusion_15/euler/cfg_10/ays/seed_000/nfe_010,33.863895416259766,1.2941354513168335
diffusers,hf_stable_diffusion_15,euler,ays,10,0,10.0,40,a concept art scene of a floating research station above Jupiter's clouds,outputs/gpde_diffusers_sd15_nfe10_cfg_seed_sweep/samples/diffusers/stable_diffusion_15/euler/cfg_10/ays/seed_000/nfe_010/000040.jpg,schedules/ays_like/published/stable_diffusion_15/nfe_010,outputs/gpde_diffusers_sd15_nfe10_cfg_seed_sweep/samples/diffusers/stable_diffusion_15/euler/cfg_10/ays/seed_000/nfe_010,26.79615020751953,0.8633888363838196
diffusers,hf_stable_diffusion_15,euler,ays,10,0,10.0,41,a detailed pencil drawing of an old bicycle leaning against a brick wall,outputs/gpde_diffusers_sd15_nfe10_cfg_seed_sweep/samples/diffusers/stable_diffusion_15/euler/cfg_10/ays/seed_000/nfe_010/000041.jpg,schedules/ays_like/published/stable_diffusion_15/nfe_010,outputs/gpde_diffusers_sd15_nfe10_cfg_seed_sweep/samples/diffusers/stable_diffusion_15/euler/cfg_10/ays/seed_000/nfe_010,34.74671173095703,1.0870516300201416
diffusers,hf_stable_diffusion_15,euler,ays,10,0,10.0,42,"a museum diorama of prehistoric sea creatures, dramatic educational lighting",outputs/gpde_diffusers_sd15_nfe10_cfg_seed_sweep/samples/diffusers/stable_diffusion_15/euler/cfg_10/ays/seed_000/nfe_010/000042.jpg,schedules/ays_like/published/stable_diffusion_15/nfe_010,outputs/gpde_diffusers_sd15_nfe10_cfg_seed_sweep/samples/diffusers/stable_diffusion_15/euler/cfg_10/ays/seed_000/nfe_010,31.695598602294922,0.299450546503067
diffusers,hf_stable_diffusion_15,euler,ays,10,0,10.0,43,"a peaceful Japanese garden with koi pond, stone bridge, and maple leaves",outputs/gpde_diffusers_sd15_nfe10_cfg_seed_sweep/samples/diffusers/stable_diffusion_15/euler/cfg_10/ays/seed_000/nfe_010/000043.jpg,schedules/ays_like/published/stable_diffusion_15/nfe_010,outputs/gpde_diffusers_sd15_nfe10_cfg_seed_sweep/samples/diffusers/stable_diffusion_15/euler/cfg_10/ays/seed_000/nfe_010,24.169391632080078,-1.085863471031189
diffusers,hf_stable_diffusion_15,euler,ays,10,0,10.0,44,"a close-up food photograph of ramen with soft egg, steam, and ceramic bowl",outputs/gpde_diffusers_sd15_nfe10_cfg_seed_sweep/samples/diffusers/stable_diffusion_15/euler/cfg_10/ays/seed_000/nfe_010/000044.jpg,schedules/ays_like/published/stable_diffusion_15/nfe_010,outputs/gpde_diffusers_sd15_nfe10_cfg_seed_sweep/samples/diffusers/stable_diffusion_15/euler/cfg_10/ays/seed_000/nfe_010,31.152057647705078,0.7073463201522827
diffusers,hf_stable_diffusion_15,euler,ays,10,0,10.0,45,a vibrant parade costume covered with mirrors and embroidered flowers,outputs/gpde_diffusers_sd15_nfe10_cfg_seed_sweep/samples/diffusers/stable_diffusion_15/euler/cfg_10/ays/seed_000/nfe_010/000045.jpg,schedules/ays_like/published/stable_diffusion_15/nfe_010,outputs/gpde_diffusers_sd15_nfe10_cfg_seed_sweep/samples/diffusers/stable_diffusion_15/euler/cfg_10/ays/seed_000/nfe_010,30.03053092956543,-1.1691538095474243
diffusers,hf_stable_diffusion_15,euler,ays,10,0,10.0,46,a realistic image of a hand-crafted wooden chess set mid game by candlelight,outputs/gpde_diffusers_sd15_nfe10_cfg_seed_sweep/samples/diffusers/stable_diffusion_15/euler/cfg_10/ays/seed_000/nfe_010/000046.jpg,schedules/ays_like/published/stable_diffusion_15/nfe_010,outputs/gpde_diffusers_sd15_nfe10_cfg_seed_sweep/samples/diffusers/stable_diffusion_15/euler/cfg_10/ays/seed_000/nfe_010,25.070154190063477,-0.6685413718223572
diffusers,hf_stable_diffusion_15,euler,ays,10,0,10.0,47,a wide angle view of a data center corridor with blue status lights,outputs/gpde_diffusers_sd15_nfe10_cfg_seed_sweep/samples/diffusers/stable_diffusion_15/euler/cfg_10/ays/seed_000/nfe_010/000047.jpg,schedules/ays_like/published/stable_diffusion_15/nfe_010,outputs/gpde_diffusers_sd15_nfe10_cfg_seed_sweep/samples/diffusers/stable_diffusion_15/euler/cfg_10/ays/seed_000/nfe_010,21.26331329345703,1.3202362060546875
diffusers,hf_stable_diffusion_15,euler,ays,10,0,10.0,48,a magical realism scene of books flying through an old train carriage,outputs/gpde_diffusers_sd15_nfe10_cfg_seed_sweep/samples/diffusers/stable_diffusion_15/euler/cfg_10/ays/seed_000/nfe_010/000048.jpg,schedules/ays_like/published/stable_diffusion_15/nfe_010,outputs/gpde_diffusers_sd15_nfe10_cfg_seed_sweep/samples/diffusers/stable_diffusion_15/euler/cfg_10/ays/seed_000/nfe_010,30.19651222229004,-0.20055358111858368
diffusers,hf_stable_diffusion_15,euler,ays,10,0,10.0,49,a studio portrait of a golden retriever wearing aviator goggles and a red scarf,outputs/gpde_diffusers_sd15_nfe10_cfg_seed_sweep/samples/diffusers/stable_diffusion_15/euler/cfg_10/ays/seed_000/nfe_010/000049.jpg,schedules/ays_like/published/stable_diffusion_15/nfe_010,outputs/gpde_diffusers_sd15_nfe10_cfg_seed_sweep/samples/diffusers/stable_diffusion_15/euler/cfg_10/ays/seed_000/nfe_010,32.10783767700195,0.38902610540390015
diffusers,hf_stable_diffusion_15,euler,ays,10,1,10.0,0,"a cinematic portrait of an astronaut botanist in a glass greenhouse on Mars, detailed fabric, soft rim light",outputs/gpde_diffusers_sd15_nfe10_cfg_seed_sweep/samples/diffusers/stable_diffusion_15/euler/cfg_10/ays/seed_001/nfe_010/000000.jpg,schedules/ays_like/published/stable_diffusion_15/nfe_010,outputs/gpde_diffusers_sd15_nfe10_cfg_seed_sweep/samples/diffusers/stable_diffusion_15/euler/cfg_10/ays/seed_001/nfe_010,31.847572326660156,0.16481810808181763
diffusers,hf_stable_diffusion_15,euler,ays,10,1,10.0,1,"a small brass robot repairing an antique clock in a sunlit workshop, shallow depth of field",outputs/gpde_diffusers_sd15_nfe10_cfg_seed_sweep/samples/diffusers/stable_diffusion_15/euler/cfg_10/ays/seed_001/nfe_010/000001.jpg,schedules/ays_like/published/stable_diffusion_15/nfe_010,outputs/gpde_diffusers_sd15_nfe10_cfg_seed_sweep/samples/diffusers/stable_diffusion_15/euler/cfg_10/ays/seed_001/nfe_010,30.355083465576172,-0.5202025771141052
diffusers,hf_stable_diffusion_15,euler,ays,10,1,10.0,2,"a watercolor city street after rain with neon signs reflected in puddles, evening atmosphere",outputs/gpde_diffusers_sd15_nfe10_cfg_seed_sweep/samples/diffusers/stable_diffusion_15/euler/cfg_10/ays/seed_001/nfe_010/000002.jpg,schedules/ays_like/published/stable_diffusion_15/nfe_010,outputs/gpde_diffusers_sd15_nfe10_cfg_seed_sweep/samples/diffusers/stable_diffusion_15/euler/cfg_10/ays/seed_001/nfe_010,27.851634979248047,0.629055380821228
diffusers,hf_stable_diffusion_15,euler,ays,10,1,10.0,3,a high resolution studio photo of a ceramic teapot shaped like a seashell on a slate table,outputs/gpde_diffusers_sd15_nfe10_cfg_seed_sweep/samples/diffusers/stable_diffusion_15/euler/cfg_10/ays/seed_001/nfe_010/000003.jpg,schedules/ays_like/published/stable_diffusion_15/nfe_010,outputs/gpde_diffusers_sd15_nfe10_cfg_seed_sweep/samples/diffusers/stable_diffusion_15/euler/cfg_10/ays/seed_001/nfe_010,32.50135040283203,0.886338472366333
diffusers,hf_stable_diffusion_15,euler,ays,10,1,10.0,4,"a fantasy library carved inside a giant tree, spiral stairs, warm lanterns, intricate shelves",outputs/gpde_diffusers_sd15_nfe10_cfg_seed_sweep/samples/diffusers/stable_diffusion_15/euler/cfg_10/ays/seed_001/nfe_010/000004.jpg,schedules/ays_like/published/stable_diffusion_15/nfe_010,outputs/gpde_diffusers_sd15_nfe10_cfg_seed_sweep/samples/diffusers/stable_diffusion_15/euler/cfg_10/ays/seed_001/nfe_010,28.40125846862793,-0.6663668155670166
diffusers,hf_stable_diffusion_15,euler,ays,10,1,10.0,5,"a macro photograph of a snowflake resting on dark wool, crisp crystalline detail",outputs/gpde_diffusers_sd15_nfe10_cfg_seed_sweep/samples/diffusers/stable_diffusion_15/euler/cfg_10/ays/seed_001/nfe_010/000005.jpg,schedules/ays_like/published/stable_diffusion_15/nfe_010,outputs/gpde_diffusers_sd15_nfe10_cfg_seed_sweep/samples/diffusers/stable_diffusion_15/euler/cfg_10/ays/seed_001/nfe_010,27.05309295654297,0.4839096665382385
diffusers,hf_stable_diffusion_15,euler,ays,10,1,10.0,6,"a retro futuristic train crossing a desert at sunset, chrome surfaces, long shadows",outputs/gpde_diffusers_sd15_nfe10_cfg_seed_sweep/samples/diffusers/stable_diffusion_15/euler/cfg_10/ays/seed_001/nfe_010/000006.jpg,schedules/ays_like/published/stable_diffusion_15/nfe_010,outputs/gpde_diffusers_sd15_nfe10_cfg_seed_sweep/samples/diffusers/stable_diffusion_15/euler/cfg_10/ays/seed_001/nfe_010,31.831687927246094,1.1819382905960083
diffusers,hf_stable_diffusion_15,euler,ays,10,1,10.0,7,"a chef plating a colorful molecular gastronomy dessert, clean restaurant lighting",outputs/gpde_diffusers_sd15_nfe10_cfg_seed_sweep/samples/diffusers/stable_diffusion_15/euler/cfg_10/ays/seed_001/nfe_010/000007.jpg,schedules/ays_like/published/stable_diffusion_15/nfe_010,outputs/gpde_diffusers_sd15_nfe10_cfg_seed_sweep/samples/diffusers/stable_diffusion_15/euler/cfg_10/ays/seed_001/nfe_010,31.416091918945312,0.7023518085479736
diffusers,hf_stable_diffusion_15,euler,ays,10,1,10.0,8,"an isometric cozy bedroom with plants, books, a desk lamp, and a rainy window",outputs/gpde_diffusers_sd15_nfe10_cfg_seed_sweep/samples/diffusers/stable_diffusion_15/euler/cfg_10/ays/seed_001/nfe_010/000008.jpg,schedules/ays_like/published/stable_diffusion_15/nfe_010,outputs/gpde_diffusers_sd15_nfe10_cfg_seed_sweep/samples/diffusers/stable_diffusion_15/euler/cfg_10/ays/seed_001/nfe_010,29.081153869628906,0.24933020770549774
diffusers,hf_stable_diffusion_15,euler,ays,10,1,10.0,9,"a dramatic mountain monastery above clouds, sunrise, detailed stone architecture",outputs/gpde_diffusers_sd15_nfe10_cfg_seed_sweep/samples/diffusers/stable_diffusion_15/euler/cfg_10/ays/seed_001/nfe_010/000009.jpg,schedules/ays_like/published/stable_diffusion_15/nfe_010,outputs/gpde_diffusers_sd15_nfe10_cfg_seed_sweep/samples/diffusers/stable_diffusion_15/euler/cfg_10/ays/seed_001/nfe_010,29.56305694580078,1.765001893043518
diffusers,hf_stable_diffusion_15,euler,ays,10,1,10.0,10,a fashion editorial photo of a model wearing a translucent raincoat in Tokyo at night,outputs/gpde_diffusers_sd15_nfe10_cfg_seed_sweep/samples/diffusers/stable_diffusion_15/euler/cfg_10/ays/seed_001/nfe_010/000010.jpg,schedules/ays_like/published/stable_diffusion_15/nfe_010,outputs/gpde_diffusers_sd15_nfe10_cfg_seed_sweep/samples/diffusers/stable_diffusion_15/euler/cfg_10/ays/seed_001/nfe_010,31.551593780517578,1.8985035419464111
diffusers,hf_stable_diffusion_15,euler,ays,10,1,10.0,11,a realistic red fox statue made of folded paper on a white museum pedestal,outputs/gpde_diffusers_sd15_nfe10_cfg_seed_sweep/samples/diffusers/stable_diffusion_15/euler/cfg_10/ays/seed_001/nfe_010/000011.jpg,schedules/ays_like/published/stable_diffusion_15/nfe_010,outputs/gpde_diffusers_sd15_nfe10_cfg_seed_sweep/samples/diffusers/stable_diffusion_15/euler/cfg_10/ays/seed_001/nfe_010,35.05453109741211,1.5034780502319336
diffusers,hf_stable_diffusion_15,euler,ays,10,1,10.0,12,a detailed cutaway illustration of a tiny submarine exploring a coral reef,outputs/gpde_diffusers_sd15_nfe10_cfg_seed_sweep/samples/diffusers/stable_diffusion_15/euler/cfg_10/ays/seed_001/nfe_010/000012.jpg,schedules/ays_like/published/stable_diffusion_15/nfe_010,outputs/gpde_diffusers_sd15_nfe10_cfg_seed_sweep/samples/diffusers/stable_diffusion_15/euler/cfg_10/ays/seed_001/nfe_010,33.72168731689453,1.686252236366272
diffusers,hf_stable_diffusion_15,euler,ays,10,1,10.0,13,a product photo of wireless headphones on brushed aluminum with blue accent lighting,outputs/gpde_diffusers_sd15_nfe10_cfg_seed_sweep/samples/diffusers/stable_diffusion_15/euler/cfg_10/ays/seed_001/nfe_010/000013.jpg,schedules/ays_like/published/stable_diffusion_15/nfe_010,outputs/gpde_diffusers_sd15_nfe10_cfg_seed_sweep/samples/diffusers/stable_diffusion_15/euler/cfg_10/ays/seed_001/nfe_010,28.354400634765625,-0.1805618405342102
diffusers,hf_stable_diffusion_15,euler,ays,10,1,10.0,14,"a medieval market square during a festival, banners, musicians, detailed crowd",outputs/gpde_diffusers_sd15_nfe10_cfg_seed_sweep/samples/diffusers/stable_diffusion_15/euler/cfg_10/ays/seed_001/nfe_010/000014.jpg,schedules/ays_like/published/stable_diffusion_15/nfe_010,outputs/gpde_diffusers_sd15_nfe10_cfg_seed_sweep/samples/diffusers/stable_diffusion_15/euler/cfg_10/ays/seed_001/nfe_010,28.664796829223633,0.8647734522819519
diffusers,hf_stable_diffusion_15,euler,ays,10,1,10.0,15,an oil painting of a violinist performing in an empty subway station,outputs/gpde_diffusers_sd15_nfe10_cfg_seed_sweep/samples/diffusers/stable_diffusion_15/euler/cfg_10/ays/seed_001/nfe_010/000015.jpg,schedules/ays_like/published/stable_diffusion_15/nfe_010,outputs/gpde_diffusers_sd15_nfe10_cfg_seed_sweep/samples/diffusers/stable_diffusion_15/euler/cfg_10/ays/seed_001/nfe_010,34.0581169128418,1.3596878051757812
diffusers,hf_stable_diffusion_15,euler,ays,10,1,10.0,16,"a close-up portrait of an elderly sailor, weathered skin, navy coat, overcast harbor",outputs/gpde_diffusers_sd15_nfe10_cfg_seed_sweep/samples/diffusers/stable_diffusion_15/euler/cfg_10/ays/seed_001/nfe_010/000016.jpg,schedules/ays_like/published/stable_diffusion_15/nfe_010,outputs/gpde_diffusers_sd15_nfe10_cfg_seed_sweep/samples/diffusers/stable_diffusion_15/euler/cfg_10/ays/seed_001/nfe_010,29.607845306396484,0.5972117781639099
diffusers,hf_stable_diffusion_15,euler,ays,10,1,10.0,17,a clean architectural rendering of a modern cabin beside a frozen lake,outputs/gpde_diffusers_sd15_nfe10_cfg_seed_sweep/samples/diffusers/stable_diffusion_15/euler/cfg_10/ays/seed_001/nfe_010/000017.jpg,schedules/ays_like/published/stable_diffusion_15/nfe_010,outputs/gpde_diffusers_sd15_nfe10_cfg_seed_sweep/samples/diffusers/stable_diffusion_15/euler/cfg_10/ays/seed_001/nfe_010,29.180065155029297,-0.3018256425857544
diffusers,hf_stable_diffusion_15,euler,ays,10,1,10.0,18,a surreal desert filled with floating glass spheres and distant black mountains,outputs/gpde_diffusers_sd15_nfe10_cfg_seed_sweep/samples/diffusers/stable_diffusion_15/euler/cfg_10/ays/seed_001/nfe_010/000018.jpg,schedules/ays_like/published/stable_diffusion_15/nfe_010,outputs/gpde_diffusers_sd15_nfe10_cfg_seed_sweep/samples/diffusers/stable_diffusion_15/euler/cfg_10/ays/seed_001/nfe_010,33.62717056274414,-0.00243290769867599
diffusers,hf_stable_diffusion_15,euler,ays,10,1,10.0,19,a documentary photo of a scientist collecting ice cores in Antarctica,outputs/gpde_diffusers_sd15_nfe10_cfg_seed_sweep/samples/diffusers/stable_diffusion_15/euler/cfg_10/ays/seed_001/nfe_010/000019.jpg,schedules/ays_like/published/stable_diffusion_15/nfe_010,outputs/gpde_diffusers_sd15_nfe10_cfg_seed_sweep/samples/diffusers/stable_diffusion_15/euler/cfg_10/ays/seed_001/nfe_010,30.70580291748047,-0.055606309324502945
diffusers,hf_stable_diffusion_15,euler,ays,10,1,10.0,20,a detailed 3D render of a mechanical hummingbird with copper wings,outputs/gpde_diffusers_sd15_nfe10_cfg_seed_sweep/samples/diffusers/stable_diffusion_15/euler/cfg_10/ays/seed_001/nfe_010/000020.jpg,schedules/ays_like/published/stable_diffusion_15/nfe_010,outputs/gpde_diffusers_sd15_nfe10_cfg_seed_sweep/samples/diffusers/stable_diffusion_15/euler/cfg_10/ays/seed_001/nfe_010,36.79207992553711,0.6874134540557861
diffusers,hf_stable_diffusion_15,euler,ays,10,1,10.0,21,"a cozy cafe interior in autumn, pastries, espresso machine, soft morning light",outputs/gpde_diffusers_sd15_nfe10_cfg_seed_sweep/samples/diffusers/stable_diffusion_15/euler/cfg_10/ays/seed_001/nfe_010/000021.jpg,schedules/ays_like/published/stable_diffusion_15/nfe_010,outputs/gpde_diffusers_sd15_nfe10_cfg_seed_sweep/samples/diffusers/stable_diffusion_15/euler/cfg_10/ays/seed_001/nfe_010,30.907148361206055,0.08682916313409805
diffusers,hf_stable_diffusion_15,euler,ays,10,1,10.0,22,"a panoramic view of terraced rice fields under mist, workers in colorful clothing",outputs/gpde_diffusers_sd15_nfe10_cfg_seed_sweep/samples/diffusers/stable_diffusion_15/euler/cfg_10/ays/seed_001/nfe_010/000022.jpg,schedules/ays_like/published/stable_diffusion_15/nfe_010,outputs/gpde_diffusers_sd15_nfe10_cfg_seed_sweep/samples/diffusers/stable_diffusion_15/euler/cfg_10/ays/seed_001/nfe_010,29.599868774414062,1.3932340145111084
diffusers,hf_stable_diffusion_15,euler,ays,10,1,10.0,23,a children's book illustration of a moonlit boat parade on a quiet canal,outputs/gpde_diffusers_sd15_nfe10_cfg_seed_sweep/samples/diffusers/stable_diffusion_15/euler/cfg_10/ays/seed_001/nfe_010/000023.jpg,schedules/ays_like/published/stable_diffusion_15/nfe_010,outputs/gpde_diffusers_sd15_nfe10_cfg_seed_sweep/samples/diffusers/stable_diffusion_15/euler/cfg_10/ays/seed_001/nfe_010,29.205995559692383,-0.14444074034690857
diffusers,hf_stable_diffusion_15,euler,ays,10,1,10.0,24,"a realistic sports car parked in a concrete tunnel, reflections, low angle",outputs/gpde_diffusers_sd15_nfe10_cfg_seed_sweep/samples/diffusers/stable_diffusion_15/euler/cfg_10/ays/seed_001/nfe_010/000024.jpg,schedules/ays_like/published/stable_diffusion_15/nfe_010,outputs/gpde_diffusers_sd15_nfe10_cfg_seed_sweep/samples/diffusers/stable_diffusion_15/euler/cfg_10/ays/seed_001/nfe_010,29.029273986816406,1.4802809953689575
diffusers,hf_stable_diffusion_15,euler,ays,10,1,10.0,25,"a botanical diagram of rare orchids with labeled roots and petals, archival paper",outputs/gpde_diffusers_sd15_nfe10_cfg_seed_sweep/samples/diffusers/stable_diffusion_15/euler/cfg_10/ays/seed_001/nfe_010/000025.jpg,schedules/ays_like/published/stable_diffusion_15/nfe_010,outputs/gpde_diffusers_sd15_nfe10_cfg_seed_sweep/samples/diffusers/stable_diffusion_15/euler/cfg_10/ays/seed_001/nfe_010,27.040233612060547,0.5033784508705139
diffusers,hf_stable_diffusion_15,euler,ays,10,1,10.0,26,"a cyberpunk street food stall with steam, lanterns, and dense urban signage",outputs/gpde_diffusers_sd15_nfe10_cfg_seed_sweep/samples/diffusers/stable_diffusion_15/euler/cfg_10/ays/seed_001/nfe_010/000026.jpg,schedules/ays_like/published/stable_diffusion_15/nfe_010,outputs/gpde_diffusers_sd15_nfe10_cfg_seed_sweep/samples/diffusers/stable_diffusion_15/euler/cfg_10/ays/seed_001/nfe_010,29.657751083374023,1.470382571220398
diffusers,hf_stable_diffusion_15,euler,ays,10,1,10.0,27,"a still life of glass fruit bowls, linen cloth, and silver cutlery, natural light",outputs/gpde_diffusers_sd15_nfe10_cfg_seed_sweep/samples/diffusers/stable_diffusion_15/euler/cfg_10/ays/seed_001/nfe_010/000027.jpg,schedules/ays_like/published/stable_diffusion_15/nfe_010,outputs/gpde_diffusers_sd15_nfe10_cfg_seed_sweep/samples/diffusers/stable_diffusion_15/euler/cfg_10/ays/seed_001/nfe_010,29.1462459564209,-0.9441677927970886
diffusers,hf_stable_diffusion_15,euler,ays,10,1,10.0,28,a heroic statue covered in vines in an abandoned futuristic plaza,outputs/gpde_diffusers_sd15_nfe10_cfg_seed_sweep/samples/diffusers/stable_diffusion_15/euler/cfg_10/ays/seed_001/nfe_010/000028.jpg,schedules/ays_like/published/stable_diffusion_15/nfe_010,outputs/gpde_diffusers_sd15_nfe10_cfg_seed_sweep/samples/diffusers/stable_diffusion_15/euler/cfg_10/ays/seed_001/nfe_010,28.42928123474121,0.1074879914522171
diffusers,hf_stable_diffusion_15,euler,ays,10,1,10.0,29,a black and white film photograph of dancers rehearsing in a mirror-lined studio,outputs/gpde_diffusers_sd15_nfe10_cfg_seed_sweep/samples/diffusers/stable_diffusion_15/euler/cfg_10/ays/seed_001/nfe_010/000029.jpg,schedules/ays_like/published/stable_diffusion_15/nfe_010,outputs/gpde_diffusers_sd15_nfe10_cfg_seed_sweep/samples/diffusers/stable_diffusion_15/euler/cfg_10/ays/seed_001/nfe_010,29.902183532714844,0.594978928565979
diffusers,hf_stable_diffusion_15,euler,ays,10,1,10.0,30,"a detailed scene of a spacecraft cockpit during reentry, glowing controls, tense mood",outputs/gpde_diffusers_sd15_nfe10_cfg_seed_sweep/samples/diffusers/stable_diffusion_15/euler/cfg_10/ays/seed_001/nfe_010/000030.jpg,schedules/ays_like/published/stable_diffusion_15/nfe_010,outputs/gpde_diffusers_sd15_nfe10_cfg_seed_sweep/samples/diffusers/stable_diffusion_15/euler/cfg_10/ays/seed_001/nfe_010,27.029109954833984,-0.6767228841781616
diffusers,hf_stable_diffusion_15,euler,ays,10,1,10.0,31,a claymation style village bakery with tiny loaves and painted signs,outputs/gpde_diffusers_sd15_nfe10_cfg_seed_sweep/samples/diffusers/stable_diffusion_15/euler/cfg_10/ays/seed_001/nfe_010/000031.jpg,schedules/ays_like/published/stable_diffusion_15/nfe_010,outputs/gpde_diffusers_sd15_nfe10_cfg_seed_sweep/samples/diffusers/stable_diffusion_15/euler/cfg_10/ays/seed_001/nfe_010,30.784814834594727,-0.15888260304927826
diffusers,hf_stable_diffusion_15,euler,ays,10,1,10.0,32,a realistic underwater photograph of a diver inspecting an ancient marble column,outputs/gpde_diffusers_sd15_nfe10_cfg_seed_sweep/samples/diffusers/stable_diffusion_15/euler/cfg_10/ays/seed_001/nfe_010/000032.jpg,schedules/ays_like/published/stable_diffusion_15/nfe_010,outputs/gpde_diffusers_sd15_nfe10_cfg_seed_sweep/samples/diffusers/stable_diffusion_15/euler/cfg_10/ays/seed_001/nfe_010,32.39173889160156,1.1689562797546387
diffusers,hf_stable_diffusion_15,euler,ays,10,1,10.0,33,"a minimalist poster of a jazz quartet in deep red, cream, and black",outputs/gpde_diffusers_sd15_nfe10_cfg_seed_sweep/samples/diffusers/stable_diffusion_15/euler/cfg_10/ays/seed_001/nfe_010/000033.jpg,schedules/ays_like/published/stable_diffusion_15/nfe_010,outputs/gpde_diffusers_sd15_nfe10_cfg_seed_sweep/samples/diffusers/stable_diffusion_15/euler/cfg_10/ays/seed_001/nfe_010,21.23920440673828,-1.7321231365203857
diffusers,hf_stable_diffusion_15,euler,ays,10,1,10.0,34,a high detail portrait of a queen wearing armor made of mother of pearl,outputs/gpde_diffusers_sd15_nfe10_cfg_seed_sweep/samples/diffusers/stable_diffusion_15/euler/cfg_10/ays/seed_001/nfe_010/000034.jpg,schedules/ays_like/published/stable_diffusion_15/nfe_010,outputs/gpde_diffusers_sd15_nfe10_cfg_seed_sweep/samples/diffusers/stable_diffusion_15/euler/cfg_10/ays/seed_001/nfe_010,29.090700149536133,0.9306746125221252
diffusers,hf_stable_diffusion_15,euler,ays,10,1,10.0,35,"a top-down board game map of an island with forests, cliffs, and hidden ruins",outputs/gpde_diffusers_sd15_nfe10_cfg_seed_sweep/samples/diffusers/stable_diffusion_15/euler/cfg_10/ays/seed_001/nfe_010/000035.jpg,schedules/ays_like/published/stable_diffusion_15/nfe_010,outputs/gpde_diffusers_sd15_nfe10_cfg_seed_sweep/samples/diffusers/stable_diffusion_15/euler/cfg_10/ays/seed_001/nfe_010,24.790607452392578,-0.9513166546821594
diffusers,hf_stable_diffusion_15,euler,ays,10,1,10.0,36,"a luxury watch exploded view on a dark background, precise gears and screws",outputs/gpde_diffusers_sd15_nfe10_cfg_seed_sweep/samples/diffusers/stable_diffusion_15/euler/cfg_10/ays/seed_001/nfe_010/000036.jpg,schedules/ays_like/published/stable_diffusion_15/nfe_010,outputs/gpde_diffusers_sd15_nfe10_cfg_seed_sweep/samples/diffusers/stable_diffusion_15/euler/cfg_10/ays/seed_001/nfe_010,28.837621688842773,0.28952452540397644
diffusers,hf_stable_diffusion_15,euler,ays,10,1,10.0,37,"a sunlit greenhouse filled with tomatoes, watering cans, and terracotta pots",outputs/gpde_diffusers_sd15_nfe10_cfg_seed_sweep/samples/diffusers/stable_diffusion_15/euler/cfg_10/ays/seed_001/nfe_010/000037.jpg,schedules/ays_like/published/stable_diffusion_15/nfe_010,outputs/gpde_diffusers_sd15_nfe10_cfg_seed_sweep/samples/diffusers/stable_diffusion_15/euler/cfg_10/ays/seed_001/nfe_010,26.60442352294922,-0.2919818162918091
diffusers,hf_stable_diffusion_15,euler,ays,10,1,10.0,38,a night landscape of fireflies over a meadow beside a quiet river,outputs/gpde_diffusers_sd15_nfe10_cfg_seed_sweep/samples/diffusers/stable_diffusion_15/euler/cfg_10/ays/seed_001/nfe_010/000038.jpg,schedules/ays_like/published/stable_diffusion_15/nfe_010,outputs/gpde_diffusers_sd15_nfe10_cfg_seed_sweep/samples/diffusers/stable_diffusion_15/euler/cfg_10/ays/seed_001/nfe_010,29.596031188964844,1.2707363367080688
diffusers,hf_stable_diffusion_15,euler,ays,10,1,10.0,39,a realistic photo of a rescue helicopter landing on a snowy mountain ridge,outputs/gpde_diffusers_sd15_nfe10_cfg_seed_sweep/samples/diffusers/stable_diffusion_15/euler/cfg_10/ays/seed_001/nfe_010/000039.jpg,schedules/ays_like/published/stable_diffusion_15/nfe_010,outputs/gpde_diffusers_sd15_nfe10_cfg_seed_sweep/samples/diffusers/stable_diffusion_15/euler/cfg_10/ays/seed_001/nfe_010,32.22430419921875,1.1206670999526978
diffusers,hf_stable_diffusion_15,euler,ays,10,1,10.0,40,a concept art scene of a floating research station above Jupiter's clouds,outputs/gpde_diffusers_sd15_nfe10_cfg_seed_sweep/samples/diffusers/stable_diffusion_15/euler/cfg_10/ays/seed_001/nfe_010/000040.jpg,schedules/ays_like/published/stable_diffusion_15/nfe_010,outputs/gpde_diffusers_sd15_nfe10_cfg_seed_sweep/samples/diffusers/stable_diffusion_15/euler/cfg_10/ays/seed_001/nfe_010,30.790637969970703,1.1715468168258667
diffusers,hf_stable_diffusion_15,euler,ays,10,1,10.0,41,a detailed pencil drawing of an old bicycle leaning against a brick wall,outputs/gpde_diffusers_sd15_nfe10_cfg_seed_sweep/samples/diffusers/stable_diffusion_15/euler/cfg_10/ays/seed_001/nfe_010/000041.jpg,schedules/ays_like/published/stable_diffusion_15/nfe_010,outputs/gpde_diffusers_sd15_nfe10_cfg_seed_sweep/samples/diffusers/stable_diffusion_15/euler/cfg_10/ays/seed_001/nfe_010,36.726226806640625,1.0157290697097778
diffusers,hf_stable_diffusion_15,euler,ays,10,1,10.0,42,"a museum diorama of prehistoric sea creatures, dramatic educational lighting",outputs/gpde_diffusers_sd15_nfe10_cfg_seed_sweep/samples/diffusers/stable_diffusion_15/euler/cfg_10/ays/seed_001/nfe_010/000042.jpg,schedules/ays_like/published/stable_diffusion_15/nfe_010,outputs/gpde_diffusers_sd15_nfe10_cfg_seed_sweep/samples/diffusers/stable_diffusion_15/euler/cfg_10/ays/seed_001/nfe_010,31.23488426208496,0.5905724763870239
diffusers,hf_stable_diffusion_15,euler,ays,10,1,10.0,43,"a peaceful Japanese garden with koi pond, stone bridge, and maple leaves",outputs/gpde_diffusers_sd15_nfe10_cfg_seed_sweep/samples/diffusers/stable_diffusion_15/euler/cfg_10/ays/seed_001/nfe_010/000043.jpg,schedules/ays_like/published/stable_diffusion_15/nfe_010,outputs/gpde_diffusers_sd15_nfe10_cfg_seed_sweep/samples/diffusers/stable_diffusion_15/euler/cfg_10/ays/seed_001/nfe_010,22.370559692382812,-1.6675982475280762
diffusers,hf_stable_diffusion_15,euler,ays,10,1,10.0,44,"a close-up food photograph of ramen with soft egg, steam, and ceramic bowl",outputs/gpde_diffusers_sd15_nfe10_cfg_seed_sweep/samples/diffusers/stable_diffusion_15/euler/cfg_10/ays/seed_001/nfe_010/000044.jpg,schedules/ays_like/published/stable_diffusion_15/nfe_010,outputs/gpde_diffusers_sd15_nfe10_cfg_seed_sweep/samples/diffusers/stable_diffusion_15/euler/cfg_10/ays/seed_001/nfe_010,28.557979583740234,-1.1655211448669434
diffusers,hf_stable_diffusion_15,euler,ays,10,1,10.0,45,a vibrant parade costume covered with mirrors and embroidered flowers,outputs/gpde_diffusers_sd15_nfe10_cfg_seed_sweep/samples/diffusers/stable_diffusion_15/euler/cfg_10/ays/seed_001/nfe_010/000045.jpg,schedules/ays_like/published/stable_diffusion_15/nfe_010,outputs/gpde_diffusers_sd15_nfe10_cfg_seed_sweep/samples/diffusers/stable_diffusion_15/euler/cfg_10/ays/seed_001/nfe_010,31.08618927001953,-0.024100543931126595
diffusers,hf_stable_diffusion_15,euler,ays,10,1,10.0,46,a realistic image of a hand-crafted wooden chess set mid game by candlelight,outputs/gpde_diffusers_sd15_nfe10_cfg_seed_sweep/samples/diffusers/stable_diffusion_15/euler/cfg_10/ays/seed_001/nfe_010/000046.jpg,schedules/ays_like/published/stable_diffusion_15/nfe_010,outputs/gpde_diffusers_sd15_nfe10_cfg_seed_sweep/samples/diffusers/stable_diffusion_15/euler/cfg_10/ays/seed_001/nfe_010,25.514068603515625,1.544643521308899
diffusers,hf_stable_diffusion_15,euler,ays,10,1,10.0,47,a wide angle view of a data center corridor with blue status lights,outputs/gpde_diffusers_sd15_nfe10_cfg_seed_sweep/samples/diffusers/stable_diffusion_15/euler/cfg_10/ays/seed_001/nfe_010/000047.jpg,schedules/ays_like/published/stable_diffusion_15/nfe_010,outputs/gpde_diffusers_sd15_nfe10_cfg_seed_sweep/samples/diffusers/stable_diffusion_15/euler/cfg_10/ays/seed_001/nfe_010,20.212404251098633,1.4803416728973389
diffusers,hf_stable_diffusion_15,euler,ays,10,1,10.0,48,a magical realism scene of books flying through an old train carriage,outputs/gpde_diffusers_sd15_nfe10_cfg_seed_sweep/samples/diffusers/stable_diffusion_15/euler/cfg_10/ays/seed_001/nfe_010/000048.jpg,schedules/ays_like/published/stable_diffusion_15/nfe_010,outputs/gpde_diffusers_sd15_nfe10_cfg_seed_sweep/samples/diffusers/stable_diffusion_15/euler/cfg_10/ays/seed_001/nfe_010,30.429828643798828,-0.7066676616668701
diffusers,hf_stable_diffusion_15,euler,ays,10,1,10.0,49,a studio portrait of a golden retriever wearing aviator goggles and a red scarf,outputs/gpde_diffusers_sd15_nfe10_cfg_seed_sweep/samples/diffusers/stable_diffusion_15/euler/cfg_10/ays/seed_001/nfe_010/000049.jpg,schedules/ays_like/published/stable_diffusion_15/nfe_010,outputs/gpde_diffusers_sd15_nfe10_cfg_seed_sweep/samples/diffusers/stable_diffusion_15/euler/cfg_10/ays/seed_001/nfe_010,29.017553329467773,0.19373561441898346
diffusers,hf_stable_diffusion_15,euler,ays,10,2,10.0,0,"a cinematic portrait of an astronaut botanist in a glass greenhouse on Mars, detailed fabric, soft rim light",outputs/gpde_diffusers_sd15_nfe10_cfg_seed_sweep/samples/diffusers/stable_diffusion_15/euler/cfg_10/ays/seed_002/nfe_010/000000.jpg,schedules/ays_like/published/stable_diffusion_15/nfe_010,outputs/gpde_diffusers_sd15_nfe10_cfg_seed_sweep/samples/diffusers/stable_diffusion_15/euler/cfg_10/ays/seed_002/nfe_010,29.891210556030273,-0.7431592345237732
diffusers,hf_stable_diffusion_15,euler,ays,10,2,10.0,1,"a small brass robot repairing an antique clock in a sunlit workshop, shallow depth of field",outputs/gpde_diffusers_sd15_nfe10_cfg_seed_sweep/samples/diffusers/stable_diffusion_15/euler/cfg_10/ays/seed_002/nfe_010/000001.jpg,schedules/ays_like/published/stable_diffusion_15/nfe_010,outputs/gpde_diffusers_sd15_nfe10_cfg_seed_sweep/samples/diffusers/stable_diffusion_15/euler/cfg_10/ays/seed_002/nfe_010,32.86991882324219,-1.5466980934143066
diffusers,hf_stable_diffusion_15,euler,ays,10,2,10.0,2,"a watercolor city street after rain with neon signs reflected in puddles, evening atmosphere",outputs/gpde_diffusers_sd15_nfe10_cfg_seed_sweep/samples/diffusers/stable_diffusion_15/euler/cfg_10/ays/seed_002/nfe_010/000002.jpg,schedules/ays_like/published/stable_diffusion_15/nfe_010,outputs/gpde_diffusers_sd15_nfe10_cfg_seed_sweep/samples/diffusers/stable_diffusion_15/euler/cfg_10/ays/seed_002/nfe_010,28.322011947631836,1.2938441038131714
diffusers,hf_stable_diffusion_15,euler,ays,10,2,10.0,3,a high resolution studio photo of a ceramic teapot shaped like a seashell on a slate table,outputs/gpde_diffusers_sd15_nfe10_cfg_seed_sweep/samples/diffusers/stable_diffusion_15/euler/cfg_10/ays/seed_002/nfe_010/000003.jpg,schedules/ays_like/published/stable_diffusion_15/nfe_010,outputs/gpde_diffusers_sd15_nfe10_cfg_seed_sweep/samples/diffusers/stable_diffusion_15/euler/cfg_10/ays/seed_002/nfe_010,32.811546325683594,1.4840474128723145
diffusers,hf_stable_diffusion_15,euler,ays,10,2,10.0,4,"a fantasy library carved inside a giant tree, spiral stairs, warm lanterns, intricate shelves",outputs/gpde_diffusers_sd15_nfe10_cfg_seed_sweep/samples/diffusers/stable_diffusion_15/euler/cfg_10/ays/seed_002/nfe_010/000004.jpg,schedules/ays_like/published/stable_diffusion_15/nfe_010,outputs/gpde_diffusers_sd15_nfe10_cfg_seed_sweep/samples/diffusers/stable_diffusion_15/euler/cfg_10/ays/seed_002/nfe_010,25.78800392150879,-0.736486554145813
diffusers,hf_stable_diffusion_15,euler,ays,10,2,10.0,5,"a macro photograph of a snowflake resting on dark wool, crisp crystalline detail",outputs/gpde_diffusers_sd15_nfe10_cfg_seed_sweep/samples/diffusers/stable_diffusion_15/euler/cfg_10/ays/seed_002/nfe_010/000005.jpg,schedules/ays_like/published/stable_diffusion_15/nfe_010,outputs/gpde_diffusers_sd15_nfe10_cfg_seed_sweep/samples/diffusers/stable_diffusion_15/euler/cfg_10/ays/seed_002/nfe_010,24.467920303344727,0.46359947323799133
diffusers,hf_stable_diffusion_15,euler,ays,10,2,10.0,6,"a retro futuristic train crossing a desert at sunset, chrome surfaces, long shadows",outputs/gpde_diffusers_sd15_nfe10_cfg_seed_sweep/samples/diffusers/stable_diffusion_15/euler/cfg_10/ays/seed_002/nfe_010/000006.jpg,schedules/ays_like/published/stable_diffusion_15/nfe_010,outputs/gpde_diffusers_sd15_nfe10_cfg_seed_sweep/samples/diffusers/stable_diffusion_15/euler/cfg_10/ays/seed_002/nfe_010,27.60546112060547,-0.3990090489387512
diffusers,hf_stable_diffusion_15,euler,ays,10,2,10.0,7,"a chef plating a colorful molecular gastronomy dessert, clean restaurant lighting",outputs/gpde_diffusers_sd15_nfe10_cfg_seed_sweep/samples/diffusers/stable_diffusion_15/euler/cfg_10/ays/seed_002/nfe_010/000007.jpg,schedules/ays_like/published/stable_diffusion_15/nfe_010,outputs/gpde_diffusers_sd15_nfe10_cfg_seed_sweep/samples/diffusers/stable_diffusion_15/euler/cfg_10/ays/seed_002/nfe_010,31.935298919677734,1.0235023498535156
diffusers,hf_stable_diffusion_15,euler,ays,10,2,10.0,8,"an isometric cozy bedroom with plants, books, a desk lamp, and a rainy window",outputs/gpde_diffusers_sd15_nfe10_cfg_seed_sweep/samples/diffusers/stable_diffusion_15/euler/cfg_10/ays/seed_002/nfe_010/000008.jpg,schedules/ays_like/published/stable_diffusion_15/nfe_010,outputs/gpde_diffusers_sd15_nfe10_cfg_seed_sweep/samples/diffusers/stable_diffusion_15/euler/cfg_10/ays/seed_002/nfe_010,27.332195281982422,1.101043939590454
diffusers,hf_stable_diffusion_15,euler,ays,10,2,10.0,9,"a dramatic mountain monastery above clouds, sunrise, detailed stone architecture",outputs/gpde_diffusers_sd15_nfe10_cfg_seed_sweep/samples/diffusers/stable_diffusion_15/euler/cfg_10/ays/seed_002/nfe_010/000009.jpg,schedules/ays_like/published/stable_diffusion_15/nfe_010,outputs/gpde_diffusers_sd15_nfe10_cfg_seed_sweep/samples/diffusers/stable_diffusion_15/euler/cfg_10/ays/seed_002/nfe_010,31.600400924682617,1.6713738441467285
diffusers,hf_stable_diffusion_15,euler,ays,10,2,10.0,10,a fashion editorial photo of a model wearing a translucent raincoat in Tokyo at night,outputs/gpde_diffusers_sd15_nfe10_cfg_seed_sweep/samples/diffusers/stable_diffusion_15/euler/cfg_10/ays/seed_002/nfe_010/000010.jpg,schedules/ays_like/published/stable_diffusion_15/nfe_010,outputs/gpde_diffusers_sd15_nfe10_cfg_seed_sweep/samples/diffusers/stable_diffusion_15/euler/cfg_10/ays/seed_002/nfe_010,36.14426040649414,0.8812832832336426
diffusers,hf_stable_diffusion_15,euler,ays,10,2,10.0,11,a realistic red fox statue made of folded paper on a white museum pedestal,outputs/gpde_diffusers_sd15_nfe10_cfg_seed_sweep/samples/diffusers/stable_diffusion_15/euler/cfg_10/ays/seed_002/nfe_010/000011.jpg,schedules/ays_like/published/stable_diffusion_15/nfe_010,outputs/gpde_diffusers_sd15_nfe10_cfg_seed_sweep/samples/diffusers/stable_diffusion_15/euler/cfg_10/ays/seed_002/nfe_010,35.40913009643555,1.0069407224655151
diffusers,hf_stable_diffusion_15,euler,ays,10,2,10.0,12,a detailed cutaway illustration of a tiny submarine exploring a coral reef,outputs/gpde_diffusers_sd15_nfe10_cfg_seed_sweep/samples/diffusers/stable_diffusion_15/euler/cfg_10/ays/seed_002/nfe_010/000012.jpg,schedules/ays_like/published/stable_diffusion_15/nfe_010,outputs/gpde_diffusers_sd15_nfe10_cfg_seed_sweep/samples/diffusers/stable_diffusion_15/euler/cfg_10/ays/seed_002/nfe_010,30.392635345458984,-1.1397862434387207
diffusers,hf_stable_diffusion_15,euler,ays,10,2,10.0,13,a product photo of wireless headphones on brushed aluminum with blue accent lighting,outputs/gpde_diffusers_sd15_nfe10_cfg_seed_sweep/samples/diffusers/stable_diffusion_15/euler/cfg_10/ays/seed_002/nfe_010/000013.jpg,schedules/ays_like/published/stable_diffusion_15/nfe_010,outputs/gpde_diffusers_sd15_nfe10_cfg_seed_sweep/samples/diffusers/stable_diffusion_15/euler/cfg_10/ays/seed_002/nfe_010,24.05644989013672,-0.693701446056366
diffusers,hf_stable_diffusion_15,euler,ays,10,2,10.0,14,"a medieval market square during a festival, banners, musicians, detailed crowd",outputs/gpde_diffusers_sd15_nfe10_cfg_seed_sweep/samples/diffusers/stable_diffusion_15/euler/cfg_10/ays/seed_002/nfe_010/000014.jpg,schedules/ays_like/published/stable_diffusion_15/nfe_010,outputs/gpde_diffusers_sd15_nfe10_cfg_seed_sweep/samples/diffusers/stable_diffusion_15/euler/cfg_10/ays/seed_002/nfe_010,27.592308044433594,0.5214190483093262
diffusers,hf_stable_diffusion_15,euler,ays,10,2,10.0,15,an oil painting of a violinist performing in an empty subway station,outputs/gpde_diffusers_sd15_nfe10_cfg_seed_sweep/samples/diffusers/stable_diffusion_15/euler/cfg_10/ays/seed_002/nfe_010/000015.jpg,schedules/ays_like/published/stable_diffusion_15/nfe_010,outputs/gpde_diffusers_sd15_nfe10_cfg_seed_sweep/samples/diffusers/stable_diffusion_15/euler/cfg_10/ays/seed_002/nfe_010,38.97214889526367,1.4741588830947876
diffusers,hf_stable_diffusion_15,euler,ays,10,2,10.0,16,"a close-up portrait of an elderly sailor, weathered skin, navy coat, overcast harbor",outputs/gpde_diffusers_sd15_nfe10_cfg_seed_sweep/samples/diffusers/stable_diffusion_15/euler/cfg_10/ays/seed_002/nfe_010/000016.jpg,schedules/ays_like/published/stable_diffusion_15/nfe_010,outputs/gpde_diffusers_sd15_nfe10_cfg_seed_sweep/samples/diffusers/stable_diffusion_15/euler/cfg_10/ays/seed_002/nfe_010,28.412559509277344,1.142579436302185
diffusers,hf_stable_diffusion_15,euler,ays,10,2,10.0,17,a clean architectural rendering of a modern cabin beside a frozen lake,outputs/gpde_diffusers_sd15_nfe10_cfg_seed_sweep/samples/diffusers/stable_diffusion_15/euler/cfg_10/ays/seed_002/nfe_010/000017.jpg,schedules/ays_like/published/stable_diffusion_15/nfe_010,outputs/gpde_diffusers_sd15_nfe10_cfg_seed_sweep/samples/diffusers/stable_diffusion_15/euler/cfg_10/ays/seed_002/nfe_010,34.966148376464844,0.7201160192489624
diffusers,hf_stable_diffusion_15,euler,ays,10,2,10.0,18,a surreal desert filled with floating glass spheres and distant black mountains,outputs/gpde_diffusers_sd15_nfe10_cfg_seed_sweep/samples/diffusers/stable_diffusion_15/euler/cfg_10/ays/seed_002/nfe_010/000018.jpg,schedules/ays_like/published/stable_diffusion_15/nfe_010,outputs/gpde_diffusers_sd15_nfe10_cfg_seed_sweep/samples/diffusers/stable_diffusion_15/euler/cfg_10/ays/seed_002/nfe_010,21.10903549194336,-0.8556318283081055
diffusers,hf_stable_diffusion_15,euler,ays,10,2,10.0,19,a documentary photo of a scientist collecting ice cores in Antarctica,outputs/gpde_diffusers_sd15_nfe10_cfg_seed_sweep/samples/diffusers/stable_diffusion_15/euler/cfg_10/ays/seed_002/nfe_010/000019.jpg,schedules/ays_like/published/stable_diffusion_15/nfe_010,outputs/gpde_diffusers_sd15_nfe10_cfg_seed_sweep/samples/diffusers/stable_diffusion_15/euler/cfg_10/ays/seed_002/nfe_010,31.76074981689453,0.6589344143867493
diffusers,hf_stable_diffusion_15,euler,ays,10,2,10.0,20,a detailed 3D render of a mechanical hummingbird with copper wings,outputs/gpde_diffusers_sd15_nfe10_cfg_seed_sweep/samples/diffusers/stable_diffusion_15/euler/cfg_10/ays/seed_002/nfe_010/000020.jpg,schedules/ays_like/published/stable_diffusion_15/nfe_010,outputs/gpde_diffusers_sd15_nfe10_cfg_seed_sweep/samples/diffusers/stable_diffusion_15/euler/cfg_10/ays/seed_002/nfe_010,35.878265380859375,1.1435753107070923
diffusers,hf_stable_diffusion_15,euler,ays,10,2,10.0,21,"a cozy cafe interior in autumn, pastries, espresso machine, soft morning light",outputs/gpde_diffusers_sd15_nfe10_cfg_seed_sweep/samples/diffusers/stable_diffusion_15/euler/cfg_10/ays/seed_002/nfe_010/000021.jpg,schedules/ays_like/published/stable_diffusion_15/nfe_010,outputs/gpde_diffusers_sd15_nfe10_cfg_seed_sweep/samples/diffusers/stable_diffusion_15/euler/cfg_10/ays/seed_002/nfe_010,31.44570541381836,0.277295857667923
diffusers,hf_stable_diffusion_15,euler,ays,10,2,10.0,22,"a panoramic view of terraced rice fields under mist, workers in colorful clothing",outputs/gpde_diffusers_sd15_nfe10_cfg_seed_sweep/samples/diffusers/stable_diffusion_15/euler/cfg_10/ays/seed_002/nfe_010/000022.jpg,schedules/ays_like/published/stable_diffusion_15/nfe_010,outputs/gpde_diffusers_sd15_nfe10_cfg_seed_sweep/samples/diffusers/stable_diffusion_15/euler/cfg_10/ays/seed_002/nfe_010,26.014142990112305,-0.4503248333930969
diffusers,hf_stable_diffusion_15,euler,ays,10,2,10.0,23,a children's book illustration of a moonlit boat parade on a quiet canal,outputs/gpde_diffusers_sd15_nfe10_cfg_seed_sweep/samples/diffusers/stable_diffusion_15/euler/cfg_10/ays/seed_002/nfe_010/000023.jpg,schedules/ays_like/published/stable_diffusion_15/nfe_010,outputs/gpde_diffusers_sd15_nfe10_cfg_seed_sweep/samples/diffusers/stable_diffusion_15/euler/cfg_10/ays/seed_002/nfe_010,30.90386390686035,0.020730627700686455
diffusers,hf_stable_diffusion_15,euler,ays,10,2,10.0,24,"a realistic sports car parked in a concrete tunnel, reflections, low angle",outputs/gpde_diffusers_sd15_nfe10_cfg_seed_sweep/samples/diffusers/stable_diffusion_15/euler/cfg_10/ays/seed_002/nfe_010/000024.jpg,schedules/ays_like/published/stable_diffusion_15/nfe_010,outputs/gpde_diffusers_sd15_nfe10_cfg_seed_sweep/samples/diffusers/stable_diffusion_15/euler/cfg_10/ays/seed_002/nfe_010,30.356008529663086,0.9675271511077881
diffusers,hf_stable_diffusion_15,euler,ays,10,2,10.0,25,"a botanical diagram of rare orchids with labeled roots and petals, archival paper",outputs/gpde_diffusers_sd15_nfe10_cfg_seed_sweep/samples/diffusers/stable_diffusion_15/euler/cfg_10/ays/seed_002/nfe_010/000025.jpg,schedules/ays_like/published/stable_diffusion_15/nfe_010,outputs/gpde_diffusers_sd15_nfe10_cfg_seed_sweep/samples/diffusers/stable_diffusion_15/euler/cfg_10/ays/seed_002/nfe_010,29.35594940185547,1.129250168800354
diffusers,hf_stable_diffusion_15,euler,ays,10,2,10.0,26,"a cyberpunk street food stall with steam, lanterns, and dense urban signage",outputs/gpde_diffusers_sd15_nfe10_cfg_seed_sweep/samples/diffusers/stable_diffusion_15/euler/cfg_10/ays/seed_002/nfe_010/000026.jpg,schedules/ays_like/published/stable_diffusion_15/nfe_010,outputs/gpde_diffusers_sd15_nfe10_cfg_seed_sweep/samples/diffusers/stable_diffusion_15/euler/cfg_10/ays/seed_002/nfe_010,27.12549591064453,0.5871297717094421
diffusers,hf_stable_diffusion_15,euler,ays,10,2,10.0,27,"a still life of glass fruit bowls, linen cloth, and silver cutlery, natural light",outputs/gpde_diffusers_sd15_nfe10_cfg_seed_sweep/samples/diffusers/stable_diffusion_15/euler/cfg_10/ays/seed_002/nfe_010/000027.jpg,schedules/ays_like/published/stable_diffusion_15/nfe_010,outputs/gpde_diffusers_sd15_nfe10_cfg_seed_sweep/samples/diffusers/stable_diffusion_15/euler/cfg_10/ays/seed_002/nfe_010,26.71148109436035,-2.1423888206481934
diffusers,hf_stable_diffusion_15,euler,ays,10,2,10.0,28,a heroic statue covered in vines in an abandoned futuristic plaza,outputs/gpde_diffusers_sd15_nfe10_cfg_seed_sweep/samples/diffusers/stable_diffusion_15/euler/cfg_10/ays/seed_002/nfe_010/000028.jpg,schedules/ays_like/published/stable_diffusion_15/nfe_010,outputs/gpde_diffusers_sd15_nfe10_cfg_seed_sweep/samples/diffusers/stable_diffusion_15/euler/cfg_10/ays/seed_002/nfe_010,29.15814208984375,-1.0801520347595215
diffusers,hf_stable_diffusion_15,euler,ays,10,2,10.0,29,a black and white film photograph of dancers rehearsing in a mirror-lined studio,outputs/gpde_diffusers_sd15_nfe10_cfg_seed_sweep/samples/diffusers/stable_diffusion_15/euler/cfg_10/ays/seed_002/nfe_010/000029.jpg,schedules/ays_like/published/stable_diffusion_15/nfe_010,outputs/gpde_diffusers_sd15_nfe10_cfg_seed_sweep/samples/diffusers/stable_diffusion_15/euler/cfg_10/ays/seed_002/nfe_010,32.38402557373047,0.35387343168258667
diffusers,hf_stable_diffusion_15,euler,ays,10,2,10.0,30,"a detailed scene of a spacecraft cockpit during reentry, glowing controls, tense mood",outputs/gpde_diffusers_sd15_nfe10_cfg_seed_sweep/samples/diffusers/stable_diffusion_15/euler/cfg_10/ays/seed_002/nfe_010/000030.jpg,schedules/ays_like/published/stable_diffusion_15/nfe_010,outputs/gpde_diffusers_sd15_nfe10_cfg_seed_sweep/samples/diffusers/stable_diffusion_15/euler/cfg_10/ays/seed_002/nfe_010,29.341899871826172,-1.202970027923584
diffusers,hf_stable_diffusion_15,euler,ays,10,2,10.0,31,a claymation style village bakery with tiny loaves and painted signs,outputs/gpde_diffusers_sd15_nfe10_cfg_seed_sweep/samples/diffusers/stable_diffusion_15/euler/cfg_10/ays/seed_002/nfe_010/000031.jpg,schedules/ays_like/published/stable_diffusion_15/nfe_010,outputs/gpde_diffusers_sd15_nfe10_cfg_seed_sweep/samples/diffusers/stable_diffusion_15/euler/cfg_10/ays/seed_002/nfe_010,24.925731658935547,-0.743962287902832
diffusers,hf_stable_diffusion_15,euler,ays,10,2,10.0,32,a realistic underwater photograph of a diver inspecting an ancient marble column,outputs/gpde_diffusers_sd15_nfe10_cfg_seed_sweep/samples/diffusers/stable_diffusion_15/euler/cfg_10/ays/seed_002/nfe_010/000032.jpg,schedules/ays_like/published/stable_diffusion_15/nfe_010,outputs/gpde_diffusers_sd15_nfe10_cfg_seed_sweep/samples/diffusers/stable_diffusion_15/euler/cfg_10/ays/seed_002/nfe_010,29.409414291381836,1.0682927370071411
diffusers,hf_stable_diffusion_15,euler,ays,10,2,10.0,33,"a minimalist poster of a jazz quartet in deep red, cream, and black",outputs/gpde_diffusers_sd15_nfe10_cfg_seed_sweep/samples/diffusers/stable_diffusion_15/euler/cfg_10/ays/seed_002/nfe_010/000033.jpg,schedules/ays_like/published/stable_diffusion_15/nfe_010,outputs/gpde_diffusers_sd15_nfe10_cfg_seed_sweep/samples/diffusers/stable_diffusion_15/euler/cfg_10/ays/seed_002/nfe_010,26.234596252441406,-0.722005307674408
diffusers,hf_stable_diffusion_15,euler,ays,10,2,10.0,34,a high detail portrait of a queen wearing armor made of mother of pearl,outputs/gpde_diffusers_sd15_nfe10_cfg_seed_sweep/samples/diffusers/stable_diffusion_15/euler/cfg_10/ays/seed_002/nfe_010/000034.jpg,schedules/ays_like/published/stable_diffusion_15/nfe_010,outputs/gpde_diffusers_sd15_nfe10_cfg_seed_sweep/samples/diffusers/stable_diffusion_15/euler/cfg_10/ays/seed_002/nfe_010,27.792512893676758,1.7611321210861206
diffusers,hf_stable_diffusion_15,euler,ays,10,2,10.0,35,"a top-down board game map of an island with forests, cliffs, and hidden ruins",outputs/gpde_diffusers_sd15_nfe10_cfg_seed_sweep/samples/diffusers/stable_diffusion_15/euler/cfg_10/ays/seed_002/nfe_010/000035.jpg,schedules/ays_like/published/stable_diffusion_15/nfe_010,outputs/gpde_diffusers_sd15_nfe10_cfg_seed_sweep/samples/diffusers/stable_diffusion_15/euler/cfg_10/ays/seed_002/nfe_010,29.145156860351562,-0.896237313747406
diffusers,hf_stable_diffusion_15,euler,ays,10,2,10.0,36,"a luxury watch exploded view on a dark background, precise gears and screws",outputs/gpde_diffusers_sd15_nfe10_cfg_seed_sweep/samples/diffusers/stable_diffusion_15/euler/cfg_10/ays/seed_002/nfe_010/000036.jpg,schedules/ays_like/published/stable_diffusion_15/nfe_010,outputs/gpde_diffusers_sd15_nfe10_cfg_seed_sweep/samples/diffusers/stable_diffusion_15/euler/cfg_10/ays/seed_002/nfe_010,25.805564880371094,0.5699689984321594
diffusers,hf_stable_diffusion_15,euler,ays,10,2,10.0,37,"a sunlit greenhouse filled with tomatoes, watering cans, and terracotta pots",outputs/gpde_diffusers_sd15_nfe10_cfg_seed_sweep/samples/diffusers/stable_diffusion_15/euler/cfg_10/ays/seed_002/nfe_010/000037.jpg,schedules/ays_like/published/stable_diffusion_15/nfe_010,outputs/gpde_diffusers_sd15_nfe10_cfg_seed_sweep/samples/diffusers/stable_diffusion_15/euler/cfg_10/ays/seed_002/nfe_010,28.51412010192871,0.12626738846302032
diffusers,hf_stable_diffusion_15,euler,ays,10,2,10.0,38,a night landscape of fireflies over a meadow beside a quiet river,outputs/gpde_diffusers_sd15_nfe10_cfg_seed_sweep/samples/diffusers/stable_diffusion_15/euler/cfg_10/ays/seed_002/nfe_010/000038.jpg,schedules/ays_like/published/stable_diffusion_15/nfe_010,outputs/gpde_diffusers_sd15_nfe10_cfg_seed_sweep/samples/diffusers/stable_diffusion_15/euler/cfg_10/ays/seed_002/nfe_010,31.227680206298828,0.42222633957862854
diffusers,hf_stable_diffusion_15,euler,ays,10,2,10.0,39,a realistic photo of a rescue helicopter landing on a snowy mountain ridge,outputs/gpde_diffusers_sd15_nfe10_cfg_seed_sweep/samples/diffusers/stable_diffusion_15/euler/cfg_10/ays/seed_002/nfe_010/000039.jpg,schedules/ays_like/published/stable_diffusion_15/nfe_010,outputs/gpde_diffusers_sd15_nfe10_cfg_seed_sweep/samples/diffusers/stable_diffusion_15/euler/cfg_10/ays/seed_002/nfe_010,33.008766174316406,1.248914361000061
diffusers,hf_stable_diffusion_15,euler,ays,10,2,10.0,40,a concept art scene of a floating research station above Jupiter's clouds,outputs/gpde_diffusers_sd15_nfe10_cfg_seed_sweep/samples/diffusers/stable_diffusion_15/euler/cfg_10/ays/seed_002/nfe_010/000040.jpg,schedules/ays_like/published/stable_diffusion_15/nfe_010,outputs/gpde_diffusers_sd15_nfe10_cfg_seed_sweep/samples/diffusers/stable_diffusion_15/euler/cfg_10/ays/seed_002/nfe_010,28.462263107299805,0.2212626188993454
diffusers,hf_stable_diffusion_15,euler,ays,10,2,10.0,41,a detailed pencil drawing of an old bicycle leaning against a brick wall,outputs/gpde_diffusers_sd15_nfe10_cfg_seed_sweep/samples/diffusers/stable_diffusion_15/euler/cfg_10/ays/seed_002/nfe_010/000041.jpg,schedules/ays_like/published/stable_diffusion_15/nfe_010,outputs/gpde_diffusers_sd15_nfe10_cfg_seed_sweep/samples/diffusers/stable_diffusion_15/euler/cfg_10/ays/seed_002/nfe_010,31.159257888793945,1.2714091539382935
diffusers,hf_stable_diffusion_15,euler,ays,10,2,10.0,42,"a museum diorama of prehistoric sea creatures, dramatic educational lighting",outputs/gpde_diffusers_sd15_nfe10_cfg_seed_sweep/samples/diffusers/stable_diffusion_15/euler/cfg_10/ays/seed_002/nfe_010/000042.jpg,schedules/ays_like/published/stable_diffusion_15/nfe_010,outputs/gpde_diffusers_sd15_nfe10_cfg_seed_sweep/samples/diffusers/stable_diffusion_15/euler/cfg_10/ays/seed_002/nfe_010,28.51956558227539,0.6017683744430542
diffusers,hf_stable_diffusion_15,euler,ays,10,2,10.0,43,"a peaceful Japanese garden with koi pond, stone bridge, and maple leaves",outputs/gpde_diffusers_sd15_nfe10_cfg_seed_sweep/samples/diffusers/stable_diffusion_15/euler/cfg_10/ays/seed_002/nfe_010/000043.jpg,schedules/ays_like/published/stable_diffusion_15/nfe_010,outputs/gpde_diffusers_sd15_nfe10_cfg_seed_sweep/samples/diffusers/stable_diffusion_15/euler/cfg_10/ays/seed_002/nfe_010,27.36102294921875,-1.161957859992981
diffusers,hf_stable_diffusion_15,euler,ays,10,2,10.0,44,"a close-up food photograph of ramen with soft egg, steam, and ceramic bowl",outputs/gpde_diffusers_sd15_nfe10_cfg_seed_sweep/samples/diffusers/stable_diffusion_15/euler/cfg_10/ays/seed_002/nfe_010/000044.jpg,schedules/ays_like/published/stable_diffusion_15/nfe_010,outputs/gpde_diffusers_sd15_nfe10_cfg_seed_sweep/samples/diffusers/stable_diffusion_15/euler/cfg_10/ays/seed_002/nfe_010,29.385560989379883,0.7321954369544983
diffusers,hf_stable_diffusion_15,euler,ays,10,2,10.0,45,a vibrant parade costume covered with mirrors and embroidered flowers,outputs/gpde_diffusers_sd15_nfe10_cfg_seed_sweep/samples/diffusers/stable_diffusion_15/euler/cfg_10/ays/seed_002/nfe_010/000045.jpg,schedules/ays_like/published/stable_diffusion_15/nfe_010,outputs/gpde_diffusers_sd15_nfe10_cfg_seed_sweep/samples/diffusers/stable_diffusion_15/euler/cfg_10/ays/seed_002/nfe_010,30.52313232421875,-0.23022007942199707
diffusers,hf_stable_diffusion_15,euler,ays,10,2,10.0,46,a realistic image of a hand-crafted wooden chess set mid game by candlelight,outputs/gpde_diffusers_sd15_nfe10_cfg_seed_sweep/samples/diffusers/stable_diffusion_15/euler/cfg_10/ays/seed_002/nfe_010/000046.jpg,schedules/ays_like/published/stable_diffusion_15/nfe_010,outputs/gpde_diffusers_sd15_nfe10_cfg_seed_sweep/samples/diffusers/stable_diffusion_15/euler/cfg_10/ays/seed_002/nfe_010,26.17180061340332,-0.5610736012458801
diffusers,hf_stable_diffusion_15,euler,ays,10,2,10.0,47,a wide angle view of a data center corridor with blue status lights,outputs/gpde_diffusers_sd15_nfe10_cfg_seed_sweep/samples/diffusers/stable_diffusion_15/euler/cfg_10/ays/seed_002/nfe_010/000047.jpg,schedules/ays_like/published/stable_diffusion_15/nfe_010,outputs/gpde_diffusers_sd15_nfe10_cfg_seed_sweep/samples/diffusers/stable_diffusion_15/euler/cfg_10/ays/seed_002/nfe_010,27.864192962646484,1.072618842124939
diffusers,hf_stable_diffusion_15,euler,ays,10,2,10.0,48,a magical realism scene of books flying through an old train carriage,outputs/gpde_diffusers_sd15_nfe10_cfg_seed_sweep/samples/diffusers/stable_diffusion_15/euler/cfg_10/ays/seed_002/nfe_010/000048.jpg,schedules/ays_like/published/stable_diffusion_15/nfe_010,outputs/gpde_diffusers_sd15_nfe10_cfg_seed_sweep/samples/diffusers/stable_diffusion_15/euler/cfg_10/ays/seed_002/nfe_010,31.79256248474121,-0.5484124422073364
diffusers,hf_stable_diffusion_15,euler,ays,10,2,10.0,49,a studio portrait of a golden retriever wearing aviator goggles and a red scarf,outputs/gpde_diffusers_sd15_nfe10_cfg_seed_sweep/samples/diffusers/stable_diffusion_15/euler/cfg_10/ays/seed_002/nfe_010/000049.jpg,schedules/ays_like/published/stable_diffusion_15/nfe_010,outputs/gpde_diffusers_sd15_nfe10_cfg_seed_sweep/samples/diffusers/stable_diffusion_15/euler/cfg_10/ays/seed_002/nfe_010,31.22592544555664,1.7085344791412354
diffusers,hf_stable_diffusion_15,euler,base,10,0,10.0,0,"a cinematic portrait of an astronaut botanist in a glass greenhouse on Mars, detailed fabric, soft rim light",outputs/gpde_diffusers_sd15_nfe10_cfg_seed_sweep/samples/diffusers/stable_diffusion_15/euler/cfg_10/base/seed_000/nfe_010/000000.jpg,,outputs/gpde_diffusers_sd15_nfe10_cfg_seed_sweep/samples/diffusers/stable_diffusion_15/euler/cfg_10/base/seed_000/nfe_010,24.12594223022461,-2.2337634563446045
diffusers,hf_stable_diffusion_15,euler,base,10,0,10.0,1,"a small brass robot repairing an antique clock in a sunlit workshop, shallow depth of field",outputs/gpde_diffusers_sd15_nfe10_cfg_seed_sweep/samples/diffusers/stable_diffusion_15/euler/cfg_10/base/seed_000/nfe_010/000001.jpg,,outputs/gpde_diffusers_sd15_nfe10_cfg_seed_sweep/samples/diffusers/stable_diffusion_15/euler/cfg_10/base/seed_000/nfe_010,27.519363403320312,-1.4647804498672485
diffusers,hf_stable_diffusion_15,euler,base,10,0,10.0,2,"a watercolor city street after rain with neon signs reflected in puddles, evening atmosphere",outputs/gpde_diffusers_sd15_nfe10_cfg_seed_sweep/samples/diffusers/stable_diffusion_15/euler/cfg_10/base/seed_000/nfe_010/000002.jpg,,outputs/gpde_diffusers_sd15_nfe10_cfg_seed_sweep/samples/diffusers/stable_diffusion_15/euler/cfg_10/base/seed_000/nfe_010,27.429574966430664,1.087459921836853
diffusers,hf_stable_diffusion_15,euler,base,10,0,10.0,3,a high resolution studio photo of a ceramic teapot shaped like a seashell on a slate table,outputs/gpde_diffusers_sd15_nfe10_cfg_seed_sweep/samples/diffusers/stable_diffusion_15/euler/cfg_10/base/seed_000/nfe_010/000003.jpg,,outputs/gpde_diffusers_sd15_nfe10_cfg_seed_sweep/samples/diffusers/stable_diffusion_15/euler/cfg_10/base/seed_000/nfe_010,22.712806701660156,-1.9660489559173584
diffusers,hf_stable_diffusion_15,euler,base,10,0,10.0,4,"a fantasy library carved inside a giant tree, spiral stairs, warm lanterns, intricate shelves",outputs/gpde_diffusers_sd15_nfe10_cfg_seed_sweep/samples/diffusers/stable_diffusion_15/euler/cfg_10/base/seed_000/nfe_010/000004.jpg,,outputs/gpde_diffusers_sd15_nfe10_cfg_seed_sweep/samples/diffusers/stable_diffusion_15/euler/cfg_10/base/seed_000/nfe_010,26.98444938659668,-1.1806268692016602
diffusers,hf_stable_diffusion_15,euler,base,10,0,10.0,5,"a macro photograph of a snowflake resting on dark wool, crisp crystalline detail",outputs/gpde_diffusers_sd15_nfe10_cfg_seed_sweep/samples/diffusers/stable_diffusion_15/euler/cfg_10/base/seed_000/nfe_010/000005.jpg,,outputs/gpde_diffusers_sd15_nfe10_cfg_seed_sweep/samples/diffusers/stable_diffusion_15/euler/cfg_10/base/seed_000/nfe_010,26.812904357910156,0.47570210695266724
diffusers,hf_stable_diffusion_15,euler,base,10,0,10.0,6,"a retro futuristic train crossing a desert at sunset, chrome surfaces, long shadows",outputs/gpde_diffusers_sd15_nfe10_cfg_seed_sweep/samples/diffusers/stable_diffusion_15/euler/cfg_10/base/seed_000/nfe_010/000006.jpg,,outputs/gpde_diffusers_sd15_nfe10_cfg_seed_sweep/samples/diffusers/stable_diffusion_15/euler/cfg_10/base/seed_000/nfe_010,31.875606536865234,1.7055349349975586
diffusers,hf_stable_diffusion_15,euler,base,10,0,10.0,7,"a chef plating a colorful molecular gastronomy dessert, clean restaurant lighting",outputs/gpde_diffusers_sd15_nfe10_cfg_seed_sweep/samples/diffusers/stable_diffusion_15/euler/cfg_10/base/seed_000/nfe_010/000007.jpg,,outputs/gpde_diffusers_sd15_nfe10_cfg_seed_sweep/samples/diffusers/stable_diffusion_15/euler/cfg_10/base/seed_000/nfe_010,30.5631046295166,-1.487446904182434
diffusers,hf_stable_diffusion_15,euler,base,10,0,10.0,8,"an isometric cozy bedroom with plants, books, a desk lamp, and a rainy window",outputs/gpde_diffusers_sd15_nfe10_cfg_seed_sweep/samples/diffusers/stable_diffusion_15/euler/cfg_10/base/seed_000/nfe_010/000008.jpg,,outputs/gpde_diffusers_sd15_nfe10_cfg_seed_sweep/samples/diffusers/stable_diffusion_15/euler/cfg_10/base/seed_000/nfe_010,28.146039962768555,-0.057765763252973557
diffusers,hf_stable_diffusion_15,euler,base,10,0,10.0,9,"a dramatic mountain monastery above clouds, sunrise, detailed stone architecture",outputs/gpde_diffusers_sd15_nfe10_cfg_seed_sweep/samples/diffusers/stable_diffusion_15/euler/cfg_10/base/seed_000/nfe_010/000009.jpg,,outputs/gpde_diffusers_sd15_nfe10_cfg_seed_sweep/samples/diffusers/stable_diffusion_15/euler/cfg_10/base/seed_000/nfe_010,31.87580108642578,1.3731372356414795
diffusers,hf_stable_diffusion_15,euler,base,10,0,10.0,10,a fashion editorial photo of a model wearing a translucent raincoat in Tokyo at night,outputs/gpde_diffusers_sd15_nfe10_cfg_seed_sweep/samples/diffusers/stable_diffusion_15/euler/cfg_10/base/seed_000/nfe_010/000010.jpg,,outputs/gpde_diffusers_sd15_nfe10_cfg_seed_sweep/samples/diffusers/stable_diffusion_15/euler/cfg_10/base/seed_000/nfe_010,33.38346862792969,1.8308746814727783
diffusers,hf_stable_diffusion_15,euler,base,10,0,10.0,11,a realistic red fox statue made of folded paper on a white museum pedestal,outputs/gpde_diffusers_sd15_nfe10_cfg_seed_sweep/samples/diffusers/stable_diffusion_15/euler/cfg_10/base/seed_000/nfe_010/000011.jpg,,outputs/gpde_diffusers_sd15_nfe10_cfg_seed_sweep/samples/diffusers/stable_diffusion_15/euler/cfg_10/base/seed_000/nfe_010,33.09721374511719,1.7221693992614746
diffusers,hf_stable_diffusion_15,euler,base,10,0,10.0,12,a detailed cutaway illustration of a tiny submarine exploring a coral reef,outputs/gpde_diffusers_sd15_nfe10_cfg_seed_sweep/samples/diffusers/stable_diffusion_15/euler/cfg_10/base/seed_000/nfe_010/000012.jpg,,outputs/gpde_diffusers_sd15_nfe10_cfg_seed_sweep/samples/diffusers/stable_diffusion_15/euler/cfg_10/base/seed_000/nfe_010,30.77614974975586,-0.01674658991396427
diffusers,hf_stable_diffusion_15,euler,base,10,0,10.0,13,a product photo of wireless headphones on brushed aluminum with blue accent lighting,outputs/gpde_diffusers_sd15_nfe10_cfg_seed_sweep/samples/diffusers/stable_diffusion_15/euler/cfg_10/base/seed_000/nfe_010/000013.jpg,,outputs/gpde_diffusers_sd15_nfe10_cfg_seed_sweep/samples/diffusers/stable_diffusion_15/euler/cfg_10/base/seed_000/nfe_010,27.783166885375977,0.8280812501907349
diffusers,hf_stable_diffusion_15,euler,base,10,0,10.0,14,"a medieval market square during a festival, banners, musicians, detailed crowd",outputs/gpde_diffusers_sd15_nfe10_cfg_seed_sweep/samples/diffusers/stable_diffusion_15/euler/cfg_10/base/seed_000/nfe_010/000014.jpg,,outputs/gpde_diffusers_sd15_nfe10_cfg_seed_sweep/samples/diffusers/stable_diffusion_15/euler/cfg_10/base/seed_000/nfe_010,29.017526626586914,0.9225635528564453
diffusers,hf_stable_diffusion_15,euler,base,10,0,10.0,15,an oil painting of a violinist performing in an empty subway station,outputs/gpde_diffusers_sd15_nfe10_cfg_seed_sweep/samples/diffusers/stable_diffusion_15/euler/cfg_10/base/seed_000/nfe_010/000015.jpg,,outputs/gpde_diffusers_sd15_nfe10_cfg_seed_sweep/samples/diffusers/stable_diffusion_15/euler/cfg_10/base/seed_000/nfe_010,34.904090881347656,1.7239353656768799
diffusers,hf_stable_diffusion_15,euler,base,10,0,10.0,16,"a close-up portrait of an elderly sailor, weathered skin, navy coat, overcast harbor",outputs/gpde_diffusers_sd15_nfe10_cfg_seed_sweep/samples/diffusers/stable_diffusion_15/euler/cfg_10/base/seed_000/nfe_010/000016.jpg,,outputs/gpde_diffusers_sd15_nfe10_cfg_seed_sweep/samples/diffusers/stable_diffusion_15/euler/cfg_10/base/seed_000/nfe_010,27.11196517944336,1.0584125518798828
diffusers,hf_stable_diffusion_15,euler,base,10,0,10.0,17,a clean architectural rendering of a modern cabin beside a frozen lake,outputs/gpde_diffusers_sd15_nfe10_cfg_seed_sweep/samples/diffusers/stable_diffusion_15/euler/cfg_10/base/seed_000/nfe_010/000017.jpg,,outputs/gpde_diffusers_sd15_nfe10_cfg_seed_sweep/samples/diffusers/stable_diffusion_15/euler/cfg_10/base/seed_000/nfe_010,30.795761108398438,0.26209965348243713
diffusers,hf_stable_diffusion_15,euler,base,10,0,10.0,18,a surreal desert filled with floating glass spheres and distant black mountains,outputs/gpde_diffusers_sd15_nfe10_cfg_seed_sweep/samples/diffusers/stable_diffusion_15/euler/cfg_10/base/seed_000/nfe_010/000018.jpg,,outputs/gpde_diffusers_sd15_nfe10_cfg_seed_sweep/samples/diffusers/stable_diffusion_15/euler/cfg_10/base/seed_000/nfe_010,32.21989059448242,1.4486099481582642
diffusers,hf_stable_diffusion_15,euler,base,10,0,10.0,19,a documentary photo of a scientist collecting ice cores in Antarctica,outputs/gpde_diffusers_sd15_nfe10_cfg_seed_sweep/samples/diffusers/stable_diffusion_15/euler/cfg_10/base/seed_000/nfe_010/000019.jpg,,outputs/gpde_diffusers_sd15_nfe10_cfg_seed_sweep/samples/diffusers/stable_diffusion_15/euler/cfg_10/base/seed_000/nfe_010,31.938861846923828,0.0644029751420021
diffusers,hf_stable_diffusion_15,euler,base,10,0,10.0,20,a detailed 3D render of a mechanical hummingbird with copper wings,outputs/gpde_diffusers_sd15_nfe10_cfg_seed_sweep/samples/diffusers/stable_diffusion_15/euler/cfg_10/base/seed_000/nfe_010/000020.jpg,,outputs/gpde_diffusers_sd15_nfe10_cfg_seed_sweep/samples/diffusers/stable_diffusion_15/euler/cfg_10/base/seed_000/nfe_010,38.97461700439453,0.7641993165016174
diffusers,hf_stable_diffusion_15,euler,base,10,0,10.0,21,"a cozy cafe interior in autumn, pastries, espresso machine, soft morning light",outputs/gpde_diffusers_sd15_nfe10_cfg_seed_sweep/samples/diffusers/stable_diffusion_15/euler/cfg_10/base/seed_000/nfe_010/000021.jpg,,outputs/gpde_diffusers_sd15_nfe10_cfg_seed_sweep/samples/diffusers/stable_diffusion_15/euler/cfg_10/base/seed_000/nfe_010,25.716951370239258,-0.07303005456924438
diffusers,hf_stable_diffusion_15,euler,base,10,0,10.0,22,"a panoramic view of terraced rice fields under mist, workers in colorful clothing",outputs/gpde_diffusers_sd15_nfe10_cfg_seed_sweep/samples/diffusers/stable_diffusion_15/euler/cfg_10/base/seed_000/nfe_010/000022.jpg,,outputs/gpde_diffusers_sd15_nfe10_cfg_seed_sweep/samples/diffusers/stable_diffusion_15/euler/cfg_10/base/seed_000/nfe_010,29.244630813598633,-0.7420372366905212
diffusers,hf_stable_diffusion_15,euler,base,10,0,10.0,23,a children's book illustration of a moonlit boat parade on a quiet canal,outputs/gpde_diffusers_sd15_nfe10_cfg_seed_sweep/samples/diffusers/stable_diffusion_15/euler/cfg_10/base/seed_000/nfe_010/000023.jpg,,outputs/gpde_diffusers_sd15_nfe10_cfg_seed_sweep/samples/diffusers/stable_diffusion_15/euler/cfg_10/base/seed_000/nfe_010,27.72074317932129,-0.7719407677650452
diffusers,hf_stable_diffusion_15,euler,base,10,0,10.0,24,"a realistic sports car parked in a concrete tunnel, reflections, low angle",outputs/gpde_diffusers_sd15_nfe10_cfg_seed_sweep/samples/diffusers/stable_diffusion_15/euler/cfg_10/base/seed_000/nfe_010/000024.jpg,,outputs/gpde_diffusers_sd15_nfe10_cfg_seed_sweep/samples/diffusers/stable_diffusion_15/euler/cfg_10/base/seed_000/nfe_010,26.79031753540039,0.5886843800544739
diffusers,hf_stable_diffusion_15,euler,base,10,0,10.0,25,"a botanical diagram of rare orchids with labeled roots and petals, archival paper",outputs/gpde_diffusers_sd15_nfe10_cfg_seed_sweep/samples/diffusers/stable_diffusion_15/euler/cfg_10/base/seed_000/nfe_010/000025.jpg,,outputs/gpde_diffusers_sd15_nfe10_cfg_seed_sweep/samples/diffusers/stable_diffusion_15/euler/cfg_10/base/seed_000/nfe_010,31.649547576904297,1.2117754220962524
diffusers,hf_stable_diffusion_15,euler,base,10,0,10.0,26,"a cyberpunk street food stall with steam, lanterns, and dense urban signage",outputs/gpde_diffusers_sd15_nfe10_cfg_seed_sweep/samples/diffusers/stable_diffusion_15/euler/cfg_10/base/seed_000/nfe_010/000026.jpg,,outputs/gpde_diffusers_sd15_nfe10_cfg_seed_sweep/samples/diffusers/stable_diffusion_15/euler/cfg_10/base/seed_000/nfe_010,26.677114486694336,-0.6514118313789368
diffusers,hf_stable_diffusion_15,euler,base,10,0,10.0,27,"a still life of glass fruit bowls, linen cloth, and silver cutlery, natural light",outputs/gpde_diffusers_sd15_nfe10_cfg_seed_sweep/samples/diffusers/stable_diffusion_15/euler/cfg_10/base/seed_000/nfe_010/000027.jpg,,outputs/gpde_diffusers_sd15_nfe10_cfg_seed_sweep/samples/diffusers/stable_diffusion_15/euler/cfg_10/base/seed_000/nfe_010,24.452598571777344,-0.9988845586776733
diffusers,hf_stable_diffusion_15,euler,base,10,0,10.0,28,a heroic statue covered in vines in an abandoned futuristic plaza,outputs/gpde_diffusers_sd15_nfe10_cfg_seed_sweep/samples/diffusers/stable_diffusion_15/euler/cfg_10/base/seed_000/nfe_010/000028.jpg,,outputs/gpde_diffusers_sd15_nfe10_cfg_seed_sweep/samples/diffusers/stable_diffusion_15/euler/cfg_10/base/seed_000/nfe_010,34.56214141845703,0.293988436460495
diffusers,hf_stable_diffusion_15,euler,base,10,0,10.0,29,a black and white film photograph of dancers rehearsing in a mirror-lined studio,outputs/gpde_diffusers_sd15_nfe10_cfg_seed_sweep/samples/diffusers/stable_diffusion_15/euler/cfg_10/base/seed_000/nfe_010/000029.jpg,,outputs/gpde_diffusers_sd15_nfe10_cfg_seed_sweep/samples/diffusers/stable_diffusion_15/euler/cfg_10/base/seed_000/nfe_010,30.3004207611084,0.643558144569397
diffusers,hf_stable_diffusion_15,euler,base,10,0,10.0,30,"a detailed scene of a spacecraft cockpit during reentry, glowing controls, tense mood",outputs/gpde_diffusers_sd15_nfe10_cfg_seed_sweep/samples/diffusers/stable_diffusion_15/euler/cfg_10/base/seed_000/nfe_010/000030.jpg,,outputs/gpde_diffusers_sd15_nfe10_cfg_seed_sweep/samples/diffusers/stable_diffusion_15/euler/cfg_10/base/seed_000/nfe_010,27.473581314086914,-1.703711748123169
diffusers,hf_stable_diffusion_15,euler,base,10,0,10.0,31,a claymation style village bakery with tiny loaves and painted signs,outputs/gpde_diffusers_sd15_nfe10_cfg_seed_sweep/samples/diffusers/stable_diffusion_15/euler/cfg_10/base/seed_000/nfe_010/000031.jpg,,outputs/gpde_diffusers_sd15_nfe10_cfg_seed_sweep/samples/diffusers/stable_diffusion_15/euler/cfg_10/base/seed_000/nfe_010,35.635780334472656,0.5696339011192322
diffusers,hf_stable_diffusion_15,euler,base,10,0,10.0,32,a realistic underwater photograph of a diver inspecting an ancient marble column,outputs/gpde_diffusers_sd15_nfe10_cfg_seed_sweep/samples/diffusers/stable_diffusion_15/euler/cfg_10/base/seed_000/nfe_010/000032.jpg,,outputs/gpde_diffusers_sd15_nfe10_cfg_seed_sweep/samples/diffusers/stable_diffusion_15/euler/cfg_10/base/seed_000/nfe_010,27.994340896606445,1.0833600759506226
diffusers,hf_stable_diffusion_15,euler,base,10,0,10.0,33,"a minimalist poster of a jazz quartet in deep red, cream, and black",outputs/gpde_diffusers_sd15_nfe10_cfg_seed_sweep/samples/diffusers/stable_diffusion_15/euler/cfg_10/base/seed_000/nfe_010/000033.jpg,,outputs/gpde_diffusers_sd15_nfe10_cfg_seed_sweep/samples/diffusers/stable_diffusion_15/euler/cfg_10/base/seed_000/nfe_010,28.338157653808594,-1.1455631256103516
diffusers,hf_stable_diffusion_15,euler,base,10,0,10.0,34,a high detail portrait of a queen wearing armor made of mother of pearl,outputs/gpde_diffusers_sd15_nfe10_cfg_seed_sweep/samples/diffusers/stable_diffusion_15/euler/cfg_10/base/seed_000/nfe_010/000034.jpg,,outputs/gpde_diffusers_sd15_nfe10_cfg_seed_sweep/samples/diffusers/stable_diffusion_15/euler/cfg_10/base/seed_000/nfe_010,25.384145736694336,0.5728489756584167
diffusers,hf_stable_diffusion_15,euler,base,10,0,10.0,35,"a top-down board game map of an island with forests, cliffs, and hidden ruins",outputs/gpde_diffusers_sd15_nfe10_cfg_seed_sweep/samples/diffusers/stable_diffusion_15/euler/cfg_10/base/seed_000/nfe_010/000035.jpg,,outputs/gpde_diffusers_sd15_nfe10_cfg_seed_sweep/samples/diffusers/stable_diffusion_15/euler/cfg_10/base/seed_000/nfe_010,28.147422790527344,-0.16681154072284698
diffusers,hf_stable_diffusion_15,euler,base,10,0,10.0,36,"a luxury watch exploded view on a dark background, precise gears and screws",outputs/gpde_diffusers_sd15_nfe10_cfg_seed_sweep/samples/diffusers/stable_diffusion_15/euler/cfg_10/base/seed_000/nfe_010/000036.jpg,,outputs/gpde_diffusers_sd15_nfe10_cfg_seed_sweep/samples/diffusers/stable_diffusion_15/euler/cfg_10/base/seed_000/nfe_010,30.72401237487793,0.7770286798477173
diffusers,hf_stable_diffusion_15,euler,base,10,0,10.0,37,"a sunlit greenhouse filled with tomatoes, watering cans, and terracotta pots",outputs/gpde_diffusers_sd15_nfe10_cfg_seed_sweep/samples/diffusers/stable_diffusion_15/euler/cfg_10/base/seed_000/nfe_010/000037.jpg,,outputs/gpde_diffusers_sd15_nfe10_cfg_seed_sweep/samples/diffusers/stable_diffusion_15/euler/cfg_10/base/seed_000/nfe_010,27.824153900146484,-0.431208997964859
diffusers,hf_stable_diffusion_15,euler,base,10,0,10.0,38,a night landscape of fireflies over a meadow beside a quiet river,outputs/gpde_diffusers_sd15_nfe10_cfg_seed_sweep/samples/diffusers/stable_diffusion_15/euler/cfg_10/base/seed_000/nfe_010/000038.jpg,,outputs/gpde_diffusers_sd15_nfe10_cfg_seed_sweep/samples/diffusers/stable_diffusion_15/euler/cfg_10/base/seed_000/nfe_010,26.482173919677734,-1.844509243965149
diffusers,hf_stable_diffusion_15,euler,base,10,0,10.0,39,a realistic photo of a rescue helicopter landing on a snowy mountain ridge,outputs/gpde_diffusers_sd15_nfe10_cfg_seed_sweep/samples/diffusers/stable_diffusion_15/euler/cfg_10/base/seed_000/nfe_010/000039.jpg,,outputs/gpde_diffusers_sd15_nfe10_cfg_seed_sweep/samples/diffusers/stable_diffusion_15/euler/cfg_10/base/seed_000/nfe_010,33.55706787109375,1.3000965118408203
diffusers,hf_stable_diffusion_15,euler,base,10,0,10.0,40,a concept art scene of a floating research station above Jupiter's clouds,outputs/gpde_diffusers_sd15_nfe10_cfg_seed_sweep/samples/diffusers/stable_diffusion_15/euler/cfg_10/base/seed_000/nfe_010/000040.jpg,,outputs/gpde_diffusers_sd15_nfe10_cfg_seed_sweep/samples/diffusers/stable_diffusion_15/euler/cfg_10/base/seed_000/nfe_010,26.41209602355957,1.1917688846588135
diffusers,hf_stable_diffusion_15,euler,base,10,0,10.0,41,a detailed pencil drawing of an old bicycle leaning against a brick wall,outputs/gpde_diffusers_sd15_nfe10_cfg_seed_sweep/samples/diffusers/stable_diffusion_15/euler/cfg_10/base/seed_000/nfe_010/000041.jpg,,outputs/gpde_diffusers_sd15_nfe10_cfg_seed_sweep/samples/diffusers/stable_diffusion_15/euler/cfg_10/base/seed_000/nfe_010,32.85935974121094,0.5069668292999268
diffusers,hf_stable_diffusion_15,euler,base,10,0,10.0,42,"a museum diorama of prehistoric sea creatures, dramatic educational lighting",outputs/gpde_diffusers_sd15_nfe10_cfg_seed_sweep/samples/diffusers/stable_diffusion_15/euler/cfg_10/base/seed_000/nfe_010/000042.jpg,,outputs/gpde_diffusers_sd15_nfe10_cfg_seed_sweep/samples/diffusers/stable_diffusion_15/euler/cfg_10/base/seed_000/nfe_010,32.63703155517578,0.47133752703666687
diffusers,hf_stable_diffusion_15,euler,base,10,0,10.0,43,"a peaceful Japanese garden with koi pond, stone bridge, and maple leaves",outputs/gpde_diffusers_sd15_nfe10_cfg_seed_sweep/samples/diffusers/stable_diffusion_15/euler/cfg_10/base/seed_000/nfe_010/000043.jpg,,outputs/gpde_diffusers_sd15_nfe10_cfg_seed_sweep/samples/diffusers/stable_diffusion_15/euler/cfg_10/base/seed_000/nfe_010,25.617223739624023,0.5218738317489624
diffusers,hf_stable_diffusion_15,euler,base,10,0,10.0,44,"a close-up food photograph of ramen with soft egg, steam, and ceramic bowl",outputs/gpde_diffusers_sd15_nfe10_cfg_seed_sweep/samples/diffusers/stable_diffusion_15/euler/cfg_10/base/seed_000/nfe_010/000044.jpg,,outputs/gpde_diffusers_sd15_nfe10_cfg_seed_sweep/samples/diffusers/stable_diffusion_15/euler/cfg_10/base/seed_000/nfe_010,30.16895866394043,0.5648199319839478
diffusers,hf_stable_diffusion_15,euler,base,10,0,10.0,45,a vibrant parade costume covered with mirrors and embroidered flowers,outputs/gpde_diffusers_sd15_nfe10_cfg_seed_sweep/samples/diffusers/stable_diffusion_15/euler/cfg_10/base/seed_000/nfe_010/000045.jpg,,outputs/gpde_diffusers_sd15_nfe10_cfg_seed_sweep/samples/diffusers/stable_diffusion_15/euler/cfg_10/base/seed_000/nfe_010,25.413042068481445,-1.073885202407837
diffusers,hf_stable_diffusion_15,euler,base,10,0,10.0,46,a realistic image of a hand-crafted wooden chess set mid game by candlelight,outputs/gpde_diffusers_sd15_nfe10_cfg_seed_sweep/samples/diffusers/stable_diffusion_15/euler/cfg_10/base/seed_000/nfe_010/000046.jpg,,outputs/gpde_diffusers_sd15_nfe10_cfg_seed_sweep/samples/diffusers/stable_diffusion_15/euler/cfg_10/base/seed_000/nfe_010,24.928791046142578,-1.3827115297317505
diffusers,hf_stable_diffusion_15,euler,base,10,0,10.0,47,a wide angle view of a data center corridor with blue status lights,outputs/gpde_diffusers_sd15_nfe10_cfg_seed_sweep/samples/diffusers/stable_diffusion_15/euler/cfg_10/base/seed_000/nfe_010/000047.jpg,,outputs/gpde_diffusers_sd15_nfe10_cfg_seed_sweep/samples/diffusers/stable_diffusion_15/euler/cfg_10/base/seed_000/nfe_010,24.826929092407227,1.0072845220565796
diffusers,hf_stable_diffusion_15,euler,base,10,0,10.0,48,a magical realism scene of books flying through an old train carriage,outputs/gpde_diffusers_sd15_nfe10_cfg_seed_sweep/samples/diffusers/stable_diffusion_15/euler/cfg_10/base/seed_000/nfe_010/000048.jpg,,outputs/gpde_diffusers_sd15_nfe10_cfg_seed_sweep/samples/diffusers/stable_diffusion_15/euler/cfg_10/base/seed_000/nfe_010,32.380104064941406,-0.43358010053634644
diffusers,hf_stable_diffusion_15,euler,base,10,0,10.0,49,a studio portrait of a golden retriever wearing aviator goggles and a red scarf,outputs/gpde_diffusers_sd15_nfe10_cfg_seed_sweep/samples/diffusers/stable_diffusion_15/euler/cfg_10/base/seed_000/nfe_010/000049.jpg,,outputs/gpde_diffusers_sd15_nfe10_cfg_seed_sweep/samples/diffusers/stable_diffusion_15/euler/cfg_10/base/seed_000/nfe_010,36.028900146484375,1.6961696147918701
diffusers,hf_stable_diffusion_15,euler,base,10,1,10.0,0,"a cinematic portrait of an astronaut botanist in a glass greenhouse on Mars, detailed fabric, soft rim light",outputs/gpde_diffusers_sd15_nfe10_cfg_seed_sweep/samples/diffusers/stable_diffusion_15/euler/cfg_10/base/seed_001/nfe_010/000000.jpg,,outputs/gpde_diffusers_sd15_nfe10_cfg_seed_sweep/samples/diffusers/stable_diffusion_15/euler/cfg_10/base/seed_001/nfe_010,31.570581436157227,0.27419501543045044
diffusers,hf_stable_diffusion_15,euler,base,10,1,10.0,1,"a small brass robot repairing an antique clock in a sunlit workshop, shallow depth of field",outputs/gpde_diffusers_sd15_nfe10_cfg_seed_sweep/samples/diffusers/stable_diffusion_15/euler/cfg_10/base/seed_001/nfe_010/000001.jpg,,outputs/gpde_diffusers_sd15_nfe10_cfg_seed_sweep/samples/diffusers/stable_diffusion_15/euler/cfg_10/base/seed_001/nfe_010,30.15267562866211,-0.5987831950187683
diffusers,hf_stable_diffusion_15,euler,base,10,1,10.0,2,"a watercolor city street after rain with neon signs reflected in puddles, evening atmosphere",outputs/gpde_diffusers_sd15_nfe10_cfg_seed_sweep/samples/diffusers/stable_diffusion_15/euler/cfg_10/base/seed_001/nfe_010/000002.jpg,,outputs/gpde_diffusers_sd15_nfe10_cfg_seed_sweep/samples/diffusers/stable_diffusion_15/euler/cfg_10/base/seed_001/nfe_010,27.835487365722656,0.4952836334705353
diffusers,hf_stable_diffusion_15,euler,base,10,1,10.0,3,a high resolution studio photo of a ceramic teapot shaped like a seashell on a slate table,outputs/gpde_diffusers_sd15_nfe10_cfg_seed_sweep/samples/diffusers/stable_diffusion_15/euler/cfg_10/base/seed_001/nfe_010/000003.jpg,,outputs/gpde_diffusers_sd15_nfe10_cfg_seed_sweep/samples/diffusers/stable_diffusion_15/euler/cfg_10/base/seed_001/nfe_010,30.134368896484375,0.23772357404232025
diffusers,hf_stable_diffusion_15,euler,base,10,1,10.0,4,"a fantasy library carved inside a giant tree, spiral stairs, warm lanterns, intricate shelves",outputs/gpde_diffusers_sd15_nfe10_cfg_seed_sweep/samples/diffusers/stable_diffusion_15/euler/cfg_10/base/seed_001/nfe_010/000004.jpg,,outputs/gpde_diffusers_sd15_nfe10_cfg_seed_sweep/samples/diffusers/stable_diffusion_15/euler/cfg_10/base/seed_001/nfe_010,25.76679039001465,-0.12687650322914124
diffusers,hf_stable_diffusion_15,euler,base,10,1,10.0,5,"a macro photograph of a snowflake resting on dark wool, crisp crystalline detail",outputs/gpde_diffusers_sd15_nfe10_cfg_seed_sweep/samples/diffusers/stable_diffusion_15/euler/cfg_10/base/seed_001/nfe_010/000005.jpg,,outputs/gpde_diffusers_sd15_nfe10_cfg_seed_sweep/samples/diffusers/stable_diffusion_15/euler/cfg_10/base/seed_001/nfe_010,26.840394973754883,0.4221572279930115
diffusers,hf_stable_diffusion_15,euler,base,10,1,10.0,6,"a retro futuristic train crossing a desert at sunset, chrome surfaces, long shadows",outputs/gpde_diffusers_sd15_nfe10_cfg_seed_sweep/samples/diffusers/stable_diffusion_15/euler/cfg_10/base/seed_001/nfe_010/000006.jpg,,outputs/gpde_diffusers_sd15_nfe10_cfg_seed_sweep/samples/diffusers/stable_diffusion_15/euler/cfg_10/base/seed_001/nfe_010,31.438518524169922,1.2611634731292725
diffusers,hf_stable_diffusion_15,euler,base,10,1,10.0,7,"a chef plating a colorful molecular gastronomy dessert, clean restaurant lighting",outputs/gpde_diffusers_sd15_nfe10_cfg_seed_sweep/samples/diffusers/stable_diffusion_15/euler/cfg_10/base/seed_001/nfe_010/000007.jpg,,outputs/gpde_diffusers_sd15_nfe10_cfg_seed_sweep/samples/diffusers/stable_diffusion_15/euler/cfg_10/base/seed_001/nfe_010,33.881553649902344,0.7649573087692261
diffusers,hf_stable_diffusion_15,euler,base,10,1,10.0,8,"an isometric cozy bedroom with plants, books, a desk lamp, and a rainy window",outputs/gpde_diffusers_sd15_nfe10_cfg_seed_sweep/samples/diffusers/stable_diffusion_15/euler/cfg_10/base/seed_001/nfe_010/000008.jpg,,outputs/gpde_diffusers_sd15_nfe10_cfg_seed_sweep/samples/diffusers/stable_diffusion_15/euler/cfg_10/base/seed_001/nfe_010,28.30274200439453,0.01190531812608242
diffusers,hf_stable_diffusion_15,euler,base,10,1,10.0,9,"a dramatic mountain monastery above clouds, sunrise, detailed stone architecture",outputs/gpde_diffusers_sd15_nfe10_cfg_seed_sweep/samples/diffusers/stable_diffusion_15/euler/cfg_10/base/seed_001/nfe_010/000009.jpg,,outputs/gpde_diffusers_sd15_nfe10_cfg_seed_sweep/samples/diffusers/stable_diffusion_15/euler/cfg_10/base/seed_001/nfe_010,29.459793090820312,1.7783198356628418
diffusers,hf_stable_diffusion_15,euler,base,10,1,10.0,10,a fashion editorial photo of a model wearing a translucent raincoat in Tokyo at night,outputs/gpde_diffusers_sd15_nfe10_cfg_seed_sweep/samples/diffusers/stable_diffusion_15/euler/cfg_10/base/seed_001/nfe_010/000010.jpg,,outputs/gpde_diffusers_sd15_nfe10_cfg_seed_sweep/samples/diffusers/stable_diffusion_15/euler/cfg_10/base/seed_001/nfe_010,34.64249801635742,1.953959345817566
diffusers,hf_stable_diffusion_15,euler,base,10,1,10.0,11,a realistic red fox statue made of folded paper on a white museum pedestal,outputs/gpde_diffusers_sd15_nfe10_cfg_seed_sweep/samples/diffusers/stable_diffusion_15/euler/cfg_10/base/seed_001/nfe_010/000011.jpg,,outputs/gpde_diffusers_sd15_nfe10_cfg_seed_sweep/samples/diffusers/stable_diffusion_15/euler/cfg_10/base/seed_001/nfe_010,31.365665435791016,1.0030819177627563
diffusers,hf_stable_diffusion_15,euler,base,10,1,10.0,12,a detailed cutaway illustration of a tiny submarine exploring a coral reef,outputs/gpde_diffusers_sd15_nfe10_cfg_seed_sweep/samples/diffusers/stable_diffusion_15/euler/cfg_10/base/seed_001/nfe_010/000012.jpg,,outputs/gpde_diffusers_sd15_nfe10_cfg_seed_sweep/samples/diffusers/stable_diffusion_15/euler/cfg_10/base/seed_001/nfe_010,32.8968505859375,1.6820989847183228
diffusers,hf_stable_diffusion_15,euler,base,10,1,10.0,13,a product photo of wireless headphones on brushed aluminum with blue accent lighting,outputs/gpde_diffusers_sd15_nfe10_cfg_seed_sweep/samples/diffusers/stable_diffusion_15/euler/cfg_10/base/seed_001/nfe_010/000013.jpg,,outputs/gpde_diffusers_sd15_nfe10_cfg_seed_sweep/samples/diffusers/stable_diffusion_15/euler/cfg_10/base/seed_001/nfe_010,29.401382446289062,-0.5715706944465637
diffusers,hf_stable_diffusion_15,euler,base,10,1,10.0,14,"a medieval market square during a festival, banners, musicians, detailed crowd",outputs/gpde_diffusers_sd15_nfe10_cfg_seed_sweep/samples/diffusers/stable_diffusion_15/euler/cfg_10/base/seed_001/nfe_010/000014.jpg,,outputs/gpde_diffusers_sd15_nfe10_cfg_seed_sweep/samples/diffusers/stable_diffusion_15/euler/cfg_10/base/seed_001/nfe_010,29.803651809692383,0.26443028450012207
diffusers,hf_stable_diffusion_15,euler,base,10,1,10.0,15,an oil painting of a violinist performing in an empty subway station,outputs/gpde_diffusers_sd15_nfe10_cfg_seed_sweep/samples/diffusers/stable_diffusion_15/euler/cfg_10/base/seed_001/nfe_010/000015.jpg,,outputs/gpde_diffusers_sd15_nfe10_cfg_seed_sweep/samples/diffusers/stable_diffusion_15/euler/cfg_10/base/seed_001/nfe_010,34.014625549316406,1.1890543699264526
diffusers,hf_stable_diffusion_15,euler,base,10,1,10.0,16,"a close-up portrait of an elderly sailor, weathered skin, navy coat, overcast harbor",outputs/gpde_diffusers_sd15_nfe10_cfg_seed_sweep/samples/diffusers/stable_diffusion_15/euler/cfg_10/base/seed_001/nfe_010/000016.jpg,,outputs/gpde_diffusers_sd15_nfe10_cfg_seed_sweep/samples/diffusers/stable_diffusion_15/euler/cfg_10/base/seed_001/nfe_010,29.81618309020996,0.17810015380382538
diffusers,hf_stable_diffusion_15,euler,base,10,1,10.0,17,a clean architectural rendering of a modern cabin beside a frozen lake,outputs/gpde_diffusers_sd15_nfe10_cfg_seed_sweep/samples/diffusers/stable_diffusion_15/euler/cfg_10/base/seed_001/nfe_010/000017.jpg,,outputs/gpde_diffusers_sd15_nfe10_cfg_seed_sweep/samples/diffusers/stable_diffusion_15/euler/cfg_10/base/seed_001/nfe_010,32.14874267578125,0.813337504863739
diffusers,hf_stable_diffusion_15,euler,base,10,1,10.0,18,a surreal desert filled with floating glass spheres and distant black mountains,outputs/gpde_diffusers_sd15_nfe10_cfg_seed_sweep/samples/diffusers/stable_diffusion_15/euler/cfg_10/base/seed_001/nfe_010/000018.jpg,,outputs/gpde_diffusers_sd15_nfe10_cfg_seed_sweep/samples/diffusers/stable_diffusion_15/euler/cfg_10/base/seed_001/nfe_010,29.951799392700195,1.4080851078033447
diffusers,hf_stable_diffusion_15,euler,base,10,1,10.0,19,a documentary photo of a scientist collecting ice cores in Antarctica,outputs/gpde_diffusers_sd15_nfe10_cfg_seed_sweep/samples/diffusers/stable_diffusion_15/euler/cfg_10/base/seed_001/nfe_010/000019.jpg,,outputs/gpde_diffusers_sd15_nfe10_cfg_seed_sweep/samples/diffusers/stable_diffusion_15/euler/cfg_10/base/seed_001/nfe_010,31.73670768737793,0.24107222259044647
diffusers,hf_stable_diffusion_15,euler,base,10,1,10.0,20,a detailed 3D render of a mechanical hummingbird with copper wings,outputs/gpde_diffusers_sd15_nfe10_cfg_seed_sweep/samples/diffusers/stable_diffusion_15/euler/cfg_10/base/seed_001/nfe_010/000020.jpg,,outputs/gpde_diffusers_sd15_nfe10_cfg_seed_sweep/samples/diffusers/stable_diffusion_15/euler/cfg_10/base/seed_001/nfe_010,33.5406494140625,0.7996699810028076
diffusers,hf_stable_diffusion_15,euler,base,10,1,10.0,21,"a cozy cafe interior in autumn, pastries, espresso machine, soft morning light",outputs/gpde_diffusers_sd15_nfe10_cfg_seed_sweep/samples/diffusers/stable_diffusion_15/euler/cfg_10/base/seed_001/nfe_010/000021.jpg,,outputs/gpde_diffusers_sd15_nfe10_cfg_seed_sweep/samples/diffusers/stable_diffusion_15/euler/cfg_10/base/seed_001/nfe_010,30.440187454223633,-0.19145406782627106
diffusers,hf_stable_diffusion_15,euler,base,10,1,10.0,22,"a panoramic view of terraced rice fields under mist, workers in colorful clothing",outputs/gpde_diffusers_sd15_nfe10_cfg_seed_sweep/samples/diffusers/stable_diffusion_15/euler/cfg_10/base/seed_001/nfe_010/000022.jpg,,outputs/gpde_diffusers_sd15_nfe10_cfg_seed_sweep/samples/diffusers/stable_diffusion_15/euler/cfg_10/base/seed_001/nfe_010,31.552452087402344,0.20106388628482819
diffusers,hf_stable_diffusion_15,euler,base,10,1,10.0,23,a children's book illustration of a moonlit boat parade on a quiet canal,outputs/gpde_diffusers_sd15_nfe10_cfg_seed_sweep/samples/diffusers/stable_diffusion_15/euler/cfg_10/base/seed_001/nfe_010/000023.jpg,,outputs/gpde_diffusers_sd15_nfe10_cfg_seed_sweep/samples/diffusers/stable_diffusion_15/euler/cfg_10/base/seed_001/nfe_010,29.628158569335938,-0.39781653881073
diffusers,hf_stable_diffusion_15,euler,base,10,1,10.0,24,"a realistic sports car parked in a concrete tunnel, reflections, low angle",outputs/gpde_diffusers_sd15_nfe10_cfg_seed_sweep/samples/diffusers/stable_diffusion_15/euler/cfg_10/base/seed_001/nfe_010/000024.jpg,,outputs/gpde_diffusers_sd15_nfe10_cfg_seed_sweep/samples/diffusers/stable_diffusion_15/euler/cfg_10/base/seed_001/nfe_010,27.764522552490234,1.5797951221466064
diffusers,hf_stable_diffusion_15,euler,base,10,1,10.0,25,"a botanical diagram of rare orchids with labeled roots and petals, archival paper",outputs/gpde_diffusers_sd15_nfe10_cfg_seed_sweep/samples/diffusers/stable_diffusion_15/euler/cfg_10/base/seed_001/nfe_010/000025.jpg,,outputs/gpde_diffusers_sd15_nfe10_cfg_seed_sweep/samples/diffusers/stable_diffusion_15/euler/cfg_10/base/seed_001/nfe_010,30.096590042114258,1.1494977474212646
diffusers,hf_stable_diffusion_15,euler,base,10,1,10.0,26,"a cyberpunk street food stall with steam, lanterns, and dense urban signage",outputs/gpde_diffusers_sd15_nfe10_cfg_seed_sweep/samples/diffusers/stable_diffusion_15/euler/cfg_10/base/seed_001/nfe_010/000026.jpg,,outputs/gpde_diffusers_sd15_nfe10_cfg_seed_sweep/samples/diffusers/stable_diffusion_15/euler/cfg_10/base/seed_001/nfe_010,28.380781173706055,1.600019931793213
diffusers,hf_stable_diffusion_15,euler,base,10,1,10.0,27,"a still life of glass fruit bowls, linen cloth, and silver cutlery, natural light",outputs/gpde_diffusers_sd15_nfe10_cfg_seed_sweep/samples/diffusers/stable_diffusion_15/euler/cfg_10/base/seed_001/nfe_010/000027.jpg,,outputs/gpde_diffusers_sd15_nfe10_cfg_seed_sweep/samples/diffusers/stable_diffusion_15/euler/cfg_10/base/seed_001/nfe_010,30.000341415405273,-1.1101884841918945
diffusers,hf_stable_diffusion_15,euler,base,10,1,10.0,28,a heroic statue covered in vines in an abandoned futuristic plaza,outputs/gpde_diffusers_sd15_nfe10_cfg_seed_sweep/samples/diffusers/stable_diffusion_15/euler/cfg_10/base/seed_001/nfe_010/000028.jpg,,outputs/gpde_diffusers_sd15_nfe10_cfg_seed_sweep/samples/diffusers/stable_diffusion_15/euler/cfg_10/base/seed_001/nfe_010,32.91733932495117,-0.16024088859558105
diffusers,hf_stable_diffusion_15,euler,base,10,1,10.0,29,a black and white film photograph of dancers rehearsing in a mirror-lined studio,outputs/gpde_diffusers_sd15_nfe10_cfg_seed_sweep/samples/diffusers/stable_diffusion_15/euler/cfg_10/base/seed_001/nfe_010/000029.jpg,,outputs/gpde_diffusers_sd15_nfe10_cfg_seed_sweep/samples/diffusers/stable_diffusion_15/euler/cfg_10/base/seed_001/nfe_010,27.310016632080078,-0.11752335727214813
diffusers,hf_stable_diffusion_15,euler,base,10,1,10.0,30,"a detailed scene of a spacecraft cockpit during reentry, glowing controls, tense mood",outputs/gpde_diffusers_sd15_nfe10_cfg_seed_sweep/samples/diffusers/stable_diffusion_15/euler/cfg_10/base/seed_001/nfe_010/000030.jpg,,outputs/gpde_diffusers_sd15_nfe10_cfg_seed_sweep/samples/diffusers/stable_diffusion_15/euler/cfg_10/base/seed_001/nfe_010,23.605670928955078,-1.3346670866012573
diffusers,hf_stable_diffusion_15,euler,base,10,1,10.0,31,a claymation style village bakery with tiny loaves and painted signs,outputs/gpde_diffusers_sd15_nfe10_cfg_seed_sweep/samples/diffusers/stable_diffusion_15/euler/cfg_10/base/seed_001/nfe_010/000031.jpg,,outputs/gpde_diffusers_sd15_nfe10_cfg_seed_sweep/samples/diffusers/stable_diffusion_15/euler/cfg_10/base/seed_001/nfe_010,31.758447647094727,-1.1679641008377075
diffusers,hf_stable_diffusion_15,euler,base,10,1,10.0,32,a realistic underwater photograph of a diver inspecting an ancient marble column,outputs/gpde_diffusers_sd15_nfe10_cfg_seed_sweep/samples/diffusers/stable_diffusion_15/euler/cfg_10/base/seed_001/nfe_010/000032.jpg,,outputs/gpde_diffusers_sd15_nfe10_cfg_seed_sweep/samples/diffusers/stable_diffusion_15/euler/cfg_10/base/seed_001/nfe_010,28.51490592956543,0.36486560106277466
diffusers,hf_stable_diffusion_15,euler,base,10,1,10.0,33,"a minimalist poster of a jazz quartet in deep red, cream, and black",outputs/gpde_diffusers_sd15_nfe10_cfg_seed_sweep/samples/diffusers/stable_diffusion_15/euler/cfg_10/base/seed_001/nfe_010/000033.jpg,,outputs/gpde_diffusers_sd15_nfe10_cfg_seed_sweep/samples/diffusers/stable_diffusion_15/euler/cfg_10/base/seed_001/nfe_010,27.191680908203125,-1.871442198753357
diffusers,hf_stable_diffusion_15,euler,base,10,1,10.0,34,a high detail portrait of a queen wearing armor made of mother of pearl,outputs/gpde_diffusers_sd15_nfe10_cfg_seed_sweep/samples/diffusers/stable_diffusion_15/euler/cfg_10/base/seed_001/nfe_010/000034.jpg,,outputs/gpde_diffusers_sd15_nfe10_cfg_seed_sweep/samples/diffusers/stable_diffusion_15/euler/cfg_10/base/seed_001/nfe_010,27.8233699798584,1.310829758644104
diffusers,hf_stable_diffusion_15,euler,base,10,1,10.0,35,"a top-down board game map of an island with forests, cliffs, and hidden ruins",outputs/gpde_diffusers_sd15_nfe10_cfg_seed_sweep/samples/diffusers/stable_diffusion_15/euler/cfg_10/base/seed_001/nfe_010/000035.jpg,,outputs/gpde_diffusers_sd15_nfe10_cfg_seed_sweep/samples/diffusers/stable_diffusion_15/euler/cfg_10/base/seed_001/nfe_010,21.045101165771484,-1.4761182069778442
diffusers,hf_stable_diffusion_15,euler,base,10,1,10.0,36,"a luxury watch exploded view on a dark background, precise gears and screws",outputs/gpde_diffusers_sd15_nfe10_cfg_seed_sweep/samples/diffusers/stable_diffusion_15/euler/cfg_10/base/seed_001/nfe_010/000036.jpg,,outputs/gpde_diffusers_sd15_nfe10_cfg_seed_sweep/samples/diffusers/stable_diffusion_15/euler/cfg_10/base/seed_001/nfe_010,30.439985275268555,0.5344364643096924
diffusers,hf_stable_diffusion_15,euler,base,10,1,10.0,37,"a sunlit greenhouse filled with tomatoes, watering cans, and terracotta pots",outputs/gpde_diffusers_sd15_nfe10_cfg_seed_sweep/samples/diffusers/stable_diffusion_15/euler/cfg_10/base/seed_001/nfe_010/000037.jpg,,outputs/gpde_diffusers_sd15_nfe10_cfg_seed_sweep/samples/diffusers/stable_diffusion_15/euler/cfg_10/base/seed_001/nfe_010,26.090938568115234,-0.43270987272262573
diffusers,hf_stable_diffusion_15,euler,base,10,1,10.0,38,a night landscape of fireflies over a meadow beside a quiet river,outputs/gpde_diffusers_sd15_nfe10_cfg_seed_sweep/samples/diffusers/stable_diffusion_15/euler/cfg_10/base/seed_001/nfe_010/000038.jpg,,outputs/gpde_diffusers_sd15_nfe10_cfg_seed_sweep/samples/diffusers/stable_diffusion_15/euler/cfg_10/base/seed_001/nfe_010,27.742013931274414,0.13577936589717865
diffusers,hf_stable_diffusion_15,euler,base,10,1,10.0,39,a realistic photo of a rescue helicopter landing on a snowy mountain ridge,outputs/gpde_diffusers_sd15_nfe10_cfg_seed_sweep/samples/diffusers/stable_diffusion_15/euler/cfg_10/base/seed_001/nfe_010/000039.jpg,,outputs/gpde_diffusers_sd15_nfe10_cfg_seed_sweep/samples/diffusers/stable_diffusion_15/euler/cfg_10/base/seed_001/nfe_010,32.907493591308594,0.8386921286582947
diffusers,hf_stable_diffusion_15,euler,base,10,1,10.0,40,a concept art scene of a floating research station above Jupiter's clouds,outputs/gpde_diffusers_sd15_nfe10_cfg_seed_sweep/samples/diffusers/stable_diffusion_15/euler/cfg_10/base/seed_001/nfe_010/000040.jpg,,outputs/gpde_diffusers_sd15_nfe10_cfg_seed_sweep/samples/diffusers/stable_diffusion_15/euler/cfg_10/base/seed_001/nfe_010,29.20955467224121,-0.9275000095367432
diffusers,hf_stable_diffusion_15,euler,base,10,1,10.0,41,a detailed pencil drawing of an old bicycle leaning against a brick wall,outputs/gpde_diffusers_sd15_nfe10_cfg_seed_sweep/samples/diffusers/stable_diffusion_15/euler/cfg_10/base/seed_001/nfe_010/000041.jpg,,outputs/gpde_diffusers_sd15_nfe10_cfg_seed_sweep/samples/diffusers/stable_diffusion_15/euler/cfg_10/base/seed_001/nfe_010,35.27388000488281,0.8307996988296509
diffusers,hf_stable_diffusion_15,euler,base,10,1,10.0,42,"a museum diorama of prehistoric sea creatures, dramatic educational lighting",outputs/gpde_diffusers_sd15_nfe10_cfg_seed_sweep/samples/diffusers/stable_diffusion_15/euler/cfg_10/base/seed_001/nfe_010/000042.jpg,,outputs/gpde_diffusers_sd15_nfe10_cfg_seed_sweep/samples/diffusers/stable_diffusion_15/euler/cfg_10/base/seed_001/nfe_010,31.664878845214844,0.5791136622428894
diffusers,hf_stable_diffusion_15,euler,base,10,1,10.0,43,"a peaceful Japanese garden with koi pond, stone bridge, and maple leaves",outputs/gpde_diffusers_sd15_nfe10_cfg_seed_sweep/samples/diffusers/stable_diffusion_15/euler/cfg_10/base/seed_001/nfe_010/000043.jpg,,outputs/gpde_diffusers_sd15_nfe10_cfg_seed_sweep/samples/diffusers/stable_diffusion_15/euler/cfg_10/base/seed_001/nfe_010,25.361040115356445,-1.7122220993041992
diffusers,hf_stable_diffusion_15,euler,base,10,1,10.0,44,"a close-up food photograph of ramen with soft egg, steam, and ceramic bowl",outputs/gpde_diffusers_sd15_nfe10_cfg_seed_sweep/samples/diffusers/stable_diffusion_15/euler/cfg_10/base/seed_001/nfe_010/000044.jpg,,outputs/gpde_diffusers_sd15_nfe10_cfg_seed_sweep/samples/diffusers/stable_diffusion_15/euler/cfg_10/base/seed_001/nfe_010,31.086397171020508,0.4523961544036865
diffusers,hf_stable_diffusion_15,euler,base,10,1,10.0,45,a vibrant parade costume covered with mirrors and embroidered flowers,outputs/gpde_diffusers_sd15_nfe10_cfg_seed_sweep/samples/diffusers/stable_diffusion_15/euler/cfg_10/base/seed_001/nfe_010/000045.jpg,,outputs/gpde_diffusers_sd15_nfe10_cfg_seed_sweep/samples/diffusers/stable_diffusion_15/euler/cfg_10/base/seed_001/nfe_010,28.983354568481445,-0.1609286516904831
diffusers,hf_stable_diffusion_15,euler,base,10,1,10.0,46,a realistic image of a hand-crafted wooden chess set mid game by candlelight,outputs/gpde_diffusers_sd15_nfe10_cfg_seed_sweep/samples/diffusers/stable_diffusion_15/euler/cfg_10/base/seed_001/nfe_010/000046.jpg,,outputs/gpde_diffusers_sd15_nfe10_cfg_seed_sweep/samples/diffusers/stable_diffusion_15/euler/cfg_10/base/seed_001/nfe_010,28.10141372680664,1.5864735841751099
diffusers,hf_stable_diffusion_15,euler,base,10,1,10.0,47,a wide angle view of a data center corridor with blue status lights,outputs/gpde_diffusers_sd15_nfe10_cfg_seed_sweep/samples/diffusers/stable_diffusion_15/euler/cfg_10/base/seed_001/nfe_010/000047.jpg,,outputs/gpde_diffusers_sd15_nfe10_cfg_seed_sweep/samples/diffusers/stable_diffusion_15/euler/cfg_10/base/seed_001/nfe_010,20.315956115722656,1.5419102907180786
diffusers,hf_stable_diffusion_15,euler,base,10,1,10.0,48,a magical realism scene of books flying through an old train carriage,outputs/gpde_diffusers_sd15_nfe10_cfg_seed_sweep/samples/diffusers/stable_diffusion_15/euler/cfg_10/base/seed_001/nfe_010/000048.jpg,,outputs/gpde_diffusers_sd15_nfe10_cfg_seed_sweep/samples/diffusers/stable_diffusion_15/euler/cfg_10/base/seed_001/nfe_010,27.52296257019043,-0.5884304642677307
diffusers,hf_stable_diffusion_15,euler,base,10,1,10.0,49,a studio portrait of a golden retriever wearing aviator goggles and a red scarf,outputs/gpde_diffusers_sd15_nfe10_cfg_seed_sweep/samples/diffusers/stable_diffusion_15/euler/cfg_10/base/seed_001/nfe_010/000049.jpg,,outputs/gpde_diffusers_sd15_nfe10_cfg_seed_sweep/samples/diffusers/stable_diffusion_15/euler/cfg_10/base/seed_001/nfe_010,29.24807357788086,-0.09737623482942581
diffusers,hf_stable_diffusion_15,euler,base,10,2,10.0,0,"a cinematic portrait of an astronaut botanist in a glass greenhouse on Mars, detailed fabric, soft rim light",outputs/gpde_diffusers_sd15_nfe10_cfg_seed_sweep/samples/diffusers/stable_diffusion_15/euler/cfg_10/base/seed_002/nfe_010/000000.jpg,,outputs/gpde_diffusers_sd15_nfe10_cfg_seed_sweep/samples/diffusers/stable_diffusion_15/euler/cfg_10/base/seed_002/nfe_010,31.413612365722656,-1.2057926654815674
diffusers,hf_stable_diffusion_15,euler,base,10,2,10.0,1,"a small brass robot repairing an antique clock in a sunlit workshop, shallow depth of field",outputs/gpde_diffusers_sd15_nfe10_cfg_seed_sweep/samples/diffusers/stable_diffusion_15/euler/cfg_10/base/seed_002/nfe_010/000001.jpg,,outputs/gpde_diffusers_sd15_nfe10_cfg_seed_sweep/samples/diffusers/stable_diffusion_15/euler/cfg_10/base/seed_002/nfe_010,29.335477828979492,-1.2242627143859863
diffusers,hf_stable_diffusion_15,euler,base,10,2,10.0,2,"a watercolor city street after rain with neon signs reflected in puddles, evening atmosphere",outputs/gpde_diffusers_sd15_nfe10_cfg_seed_sweep/samples/diffusers/stable_diffusion_15/euler/cfg_10/base/seed_002/nfe_010/000002.jpg,,outputs/gpde_diffusers_sd15_nfe10_cfg_seed_sweep/samples/diffusers/stable_diffusion_15/euler/cfg_10/base/seed_002/nfe_010,28.983863830566406,0.5511683821678162
diffusers,hf_stable_diffusion_15,euler,base,10,2,10.0,3,a high resolution studio photo of a ceramic teapot shaped like a seashell on a slate table,outputs/gpde_diffusers_sd15_nfe10_cfg_seed_sweep/samples/diffusers/stable_diffusion_15/euler/cfg_10/base/seed_002/nfe_010/000003.jpg,,outputs/gpde_diffusers_sd15_nfe10_cfg_seed_sweep/samples/diffusers/stable_diffusion_15/euler/cfg_10/base/seed_002/nfe_010,34.0738410949707,1.6108450889587402
diffusers,hf_stable_diffusion_15,euler,base,10,2,10.0,4,"a fantasy library carved inside a giant tree, spiral stairs, warm lanterns, intricate shelves",outputs/gpde_diffusers_sd15_nfe10_cfg_seed_sweep/samples/diffusers/stable_diffusion_15/euler/cfg_10/base/seed_002/nfe_010/000004.jpg,,outputs/gpde_diffusers_sd15_nfe10_cfg_seed_sweep/samples/diffusers/stable_diffusion_15/euler/cfg_10/base/seed_002/nfe_010,29.88576889038086,-0.15810798108577728
diffusers,hf_stable_diffusion_15,euler,base,10,2,10.0,5,"a macro photograph of a snowflake resting on dark wool, crisp crystalline detail",outputs/gpde_diffusers_sd15_nfe10_cfg_seed_sweep/samples/diffusers/stable_diffusion_15/euler/cfg_10/base/seed_002/nfe_010/000005.jpg,,outputs/gpde_diffusers_sd15_nfe10_cfg_seed_sweep/samples/diffusers/stable_diffusion_15/euler/cfg_10/base/seed_002/nfe_010,23.51527214050293,0.43602198362350464
diffusers,hf_stable_diffusion_15,euler,base,10,2,10.0,6,"a retro futuristic train crossing a desert at sunset, chrome surfaces, long shadows",outputs/gpde_diffusers_sd15_nfe10_cfg_seed_sweep/samples/diffusers/stable_diffusion_15/euler/cfg_10/base/seed_002/nfe_010/000006.jpg,,outputs/gpde_diffusers_sd15_nfe10_cfg_seed_sweep/samples/diffusers/stable_diffusion_15/euler/cfg_10/base/seed_002/nfe_010,30.83673095703125,0.9159321188926697
diffusers,hf_stable_diffusion_15,euler,base,10,2,10.0,7,"a chef plating a colorful molecular gastronomy dessert, clean restaurant lighting",outputs/gpde_diffusers_sd15_nfe10_cfg_seed_sweep/samples/diffusers/stable_diffusion_15/euler/cfg_10/base/seed_002/nfe_010/000007.jpg,,outputs/gpde_diffusers_sd15_nfe10_cfg_seed_sweep/samples/diffusers/stable_diffusion_15/euler/cfg_10/base/seed_002/nfe_010,32.498878479003906,0.9581006169319153
diffusers,hf_stable_diffusion_15,euler,base,10,2,10.0,8,"an isometric cozy bedroom with plants, books, a desk lamp, and a rainy window",outputs/gpde_diffusers_sd15_nfe10_cfg_seed_sweep/samples/diffusers/stable_diffusion_15/euler/cfg_10/base/seed_002/nfe_010/000008.jpg,,outputs/gpde_diffusers_sd15_nfe10_cfg_seed_sweep/samples/diffusers/stable_diffusion_15/euler/cfg_10/base/seed_002/nfe_010,28.863338470458984,0.3716188371181488
diffusers,hf_stable_diffusion_15,euler,base,10,2,10.0,9,"a dramatic mountain monastery above clouds, sunrise, detailed stone architecture",outputs/gpde_diffusers_sd15_nfe10_cfg_seed_sweep/samples/diffusers/stable_diffusion_15/euler/cfg_10/base/seed_002/nfe_010/000009.jpg,,outputs/gpde_diffusers_sd15_nfe10_cfg_seed_sweep/samples/diffusers/stable_diffusion_15/euler/cfg_10/base/seed_002/nfe_010,32.92230224609375,1.7265750169754028
diffusers,hf_stable_diffusion_15,euler,base,10,2,10.0,10,a fashion editorial photo of a model wearing a translucent raincoat in Tokyo at night,outputs/gpde_diffusers_sd15_nfe10_cfg_seed_sweep/samples/diffusers/stable_diffusion_15/euler/cfg_10/base/seed_002/nfe_010/000010.jpg,,outputs/gpde_diffusers_sd15_nfe10_cfg_seed_sweep/samples/diffusers/stable_diffusion_15/euler/cfg_10/base/seed_002/nfe_010,35.422603607177734,0.499367356300354
diffusers,hf_stable_diffusion_15,euler,base,10,2,10.0,11,a realistic red fox statue made of folded paper on a white museum pedestal,outputs/gpde_diffusers_sd15_nfe10_cfg_seed_sweep/samples/diffusers/stable_diffusion_15/euler/cfg_10/base/seed_002/nfe_010/000011.jpg,,outputs/gpde_diffusers_sd15_nfe10_cfg_seed_sweep/samples/diffusers/stable_diffusion_15/euler/cfg_10/base/seed_002/nfe_010,34.88794708251953,0.7288740277290344
diffusers,hf_stable_diffusion_15,euler,base,10,2,10.0,12,a detailed cutaway illustration of a tiny submarine exploring a coral reef,outputs/gpde_diffusers_sd15_nfe10_cfg_seed_sweep/samples/diffusers/stable_diffusion_15/euler/cfg_10/base/seed_002/nfe_010/000012.jpg,,outputs/gpde_diffusers_sd15_nfe10_cfg_seed_sweep/samples/diffusers/stable_diffusion_15/euler/cfg_10/base/seed_002/nfe_010,32.163883209228516,-0.07550177723169327
diffusers,hf_stable_diffusion_15,euler,base,10,2,10.0,13,a product photo of wireless headphones on brushed aluminum with blue accent lighting,outputs/gpde_diffusers_sd15_nfe10_cfg_seed_sweep/samples/diffusers/stable_diffusion_15/euler/cfg_10/base/seed_002/nfe_010/000013.jpg,,outputs/gpde_diffusers_sd15_nfe10_cfg_seed_sweep/samples/diffusers/stable_diffusion_15/euler/cfg_10/base/seed_002/nfe_010,24.87673568725586,-0.7654919624328613
diffusers,hf_stable_diffusion_15,euler,base,10,2,10.0,14,"a medieval market square during a festival, banners, musicians, detailed crowd",outputs/gpde_diffusers_sd15_nfe10_cfg_seed_sweep/samples/diffusers/stable_diffusion_15/euler/cfg_10/base/seed_002/nfe_010/000014.jpg,,outputs/gpde_diffusers_sd15_nfe10_cfg_seed_sweep/samples/diffusers/stable_diffusion_15/euler/cfg_10/base/seed_002/nfe_010,29.747995376586914,0.38922712206840515
diffusers,hf_stable_diffusion_15,euler,base,10,2,10.0,15,an oil painting of a violinist performing in an empty subway station,outputs/gpde_diffusers_sd15_nfe10_cfg_seed_sweep/samples/diffusers/stable_diffusion_15/euler/cfg_10/base/seed_002/nfe_010/000015.jpg,,outputs/gpde_diffusers_sd15_nfe10_cfg_seed_sweep/samples/diffusers/stable_diffusion_15/euler/cfg_10/base/seed_002/nfe_010,38.80047607421875,1.6231398582458496
diffusers,hf_stable_diffusion_15,euler,base,10,2,10.0,16,"a close-up portrait of an elderly sailor, weathered skin, navy coat, overcast harbor",outputs/gpde_diffusers_sd15_nfe10_cfg_seed_sweep/samples/diffusers/stable_diffusion_15/euler/cfg_10/base/seed_002/nfe_010/000016.jpg,,outputs/gpde_diffusers_sd15_nfe10_cfg_seed_sweep/samples/diffusers/stable_diffusion_15/euler/cfg_10/base/seed_002/nfe_010,30.258068084716797,1.6028187274932861
diffusers,hf_stable_diffusion_15,euler,base,10,2,10.0,17,a clean architectural rendering of a modern cabin beside a frozen lake,outputs/gpde_diffusers_sd15_nfe10_cfg_seed_sweep/samples/diffusers/stable_diffusion_15/euler/cfg_10/base/seed_002/nfe_010/000017.jpg,,outputs/gpde_diffusers_sd15_nfe10_cfg_seed_sweep/samples/diffusers/stable_diffusion_15/euler/cfg_10/base/seed_002/nfe_010,35.25828552246094,0.3715907335281372
diffusers,hf_stable_diffusion_15,euler,base,10,2,10.0,18,a surreal desert filled with floating glass spheres and distant black mountains,outputs/gpde_diffusers_sd15_nfe10_cfg_seed_sweep/samples/diffusers/stable_diffusion_15/euler/cfg_10/base/seed_002/nfe_010/000018.jpg,,outputs/gpde_diffusers_sd15_nfe10_cfg_seed_sweep/samples/diffusers/stable_diffusion_15/euler/cfg_10/base/seed_002/nfe_010,23.162063598632812,-1.1187124252319336
diffusers,hf_stable_diffusion_15,euler,base,10,2,10.0,19,a documentary photo of a scientist collecting ice cores in Antarctica,outputs/gpde_diffusers_sd15_nfe10_cfg_seed_sweep/samples/diffusers/stable_diffusion_15/euler/cfg_10/base/seed_002/nfe_010/000019.jpg,,outputs/gpde_diffusers_sd15_nfe10_cfg_seed_sweep/samples/diffusers/stable_diffusion_15/euler/cfg_10/base/seed_002/nfe_010,29.228878021240234,0.18348853290081024
diffusers,hf_stable_diffusion_15,euler,base,10,2,10.0,20,a detailed 3D render of a mechanical hummingbird with copper wings,outputs/gpde_diffusers_sd15_nfe10_cfg_seed_sweep/samples/diffusers/stable_diffusion_15/euler/cfg_10/base/seed_002/nfe_010/000020.jpg,,outputs/gpde_diffusers_sd15_nfe10_cfg_seed_sweep/samples/diffusers/stable_diffusion_15/euler/cfg_10/base/seed_002/nfe_010,35.57417297363281,0.9896560907363892
diffusers,hf_stable_diffusion_15,euler,base,10,2,10.0,21,"a cozy cafe interior in autumn, pastries, espresso machine, soft morning light",outputs/gpde_diffusers_sd15_nfe10_cfg_seed_sweep/samples/diffusers/stable_diffusion_15/euler/cfg_10/base/seed_002/nfe_010/000021.jpg,,outputs/gpde_diffusers_sd15_nfe10_cfg_seed_sweep/samples/diffusers/stable_diffusion_15/euler/cfg_10/base/seed_002/nfe_010,31.73404312133789,0.007275174837559462
diffusers,hf_stable_diffusion_15,euler,base,10,2,10.0,22,"a panoramic view of terraced rice fields under mist, workers in colorful clothing",outputs/gpde_diffusers_sd15_nfe10_cfg_seed_sweep/samples/diffusers/stable_diffusion_15/euler/cfg_10/base/seed_002/nfe_010/000022.jpg,,outputs/gpde_diffusers_sd15_nfe10_cfg_seed_sweep/samples/diffusers/stable_diffusion_15/euler/cfg_10/base/seed_002/nfe_010,27.65468406677246,0.21825775504112244
diffusers,hf_stable_diffusion_15,euler,base,10,2,10.0,23,a children's book illustration of a moonlit boat parade on a quiet canal,outputs/gpde_diffusers_sd15_nfe10_cfg_seed_sweep/samples/diffusers/stable_diffusion_15/euler/cfg_10/base/seed_002/nfe_010/000023.jpg,,outputs/gpde_diffusers_sd15_nfe10_cfg_seed_sweep/samples/diffusers/stable_diffusion_15/euler/cfg_10/base/seed_002/nfe_010,31.451393127441406,0.5466791987419128
diffusers,hf_stable_diffusion_15,euler,base,10,2,10.0,24,"a realistic sports car parked in a concrete tunnel, reflections, low angle",outputs/gpde_diffusers_sd15_nfe10_cfg_seed_sweep/samples/diffusers/stable_diffusion_15/euler/cfg_10/base/seed_002/nfe_010/000024.jpg,,outputs/gpde_diffusers_sd15_nfe10_cfg_seed_sweep/samples/diffusers/stable_diffusion_15/euler/cfg_10/base/seed_002/nfe_010,26.32139015197754,0.999459445476532
diffusers,hf_stable_diffusion_15,euler,base,10,2,10.0,25,"a botanical diagram of rare orchids with labeled roots and petals, archival paper",outputs/gpde_diffusers_sd15_nfe10_cfg_seed_sweep/samples/diffusers/stable_diffusion_15/euler/cfg_10/base/seed_002/nfe_010/000025.jpg,,outputs/gpde_diffusers_sd15_nfe10_cfg_seed_sweep/samples/diffusers/stable_diffusion_15/euler/cfg_10/base/seed_002/nfe_010,32.048439025878906,1.553290605545044
diffusers,hf_stable_diffusion_15,euler,base,10,2,10.0,26,"a cyberpunk street food stall with steam, lanterns, and dense urban signage",outputs/gpde_diffusers_sd15_nfe10_cfg_seed_sweep/samples/diffusers/stable_diffusion_15/euler/cfg_10/base/seed_002/nfe_010/000026.jpg,,outputs/gpde_diffusers_sd15_nfe10_cfg_seed_sweep/samples/diffusers/stable_diffusion_15/euler/cfg_10/base/seed_002/nfe_010,27.82779312133789,0.5589938163757324
diffusers,hf_stable_diffusion_15,euler,base,10,2,10.0,27,"a still life of glass fruit bowls, linen cloth, and silver cutlery, natural light",outputs/gpde_diffusers_sd15_nfe10_cfg_seed_sweep/samples/diffusers/stable_diffusion_15/euler/cfg_10/base/seed_002/nfe_010/000027.jpg,,outputs/gpde_diffusers_sd15_nfe10_cfg_seed_sweep/samples/diffusers/stable_diffusion_15/euler/cfg_10/base/seed_002/nfe_010,32.12478256225586,-1.164726734161377
diffusers,hf_stable_diffusion_15,euler,base,10,2,10.0,28,a heroic statue covered in vines in an abandoned futuristic plaza,outputs/gpde_diffusers_sd15_nfe10_cfg_seed_sweep/samples/diffusers/stable_diffusion_15/euler/cfg_10/base/seed_002/nfe_010/000028.jpg,,outputs/gpde_diffusers_sd15_nfe10_cfg_seed_sweep/samples/diffusers/stable_diffusion_15/euler/cfg_10/base/seed_002/nfe_010,32.03631591796875,-0.5306265354156494
diffusers,hf_stable_diffusion_15,euler,base,10,2,10.0,29,a black and white film photograph of dancers rehearsing in a mirror-lined studio,outputs/gpde_diffusers_sd15_nfe10_cfg_seed_sweep/samples/diffusers/stable_diffusion_15/euler/cfg_10/base/seed_002/nfe_010/000029.jpg,,outputs/gpde_diffusers_sd15_nfe10_cfg_seed_sweep/samples/diffusers/stable_diffusion_15/euler/cfg_10/base/seed_002/nfe_010,30.696624755859375,0.8368832468986511
diffusers,hf_stable_diffusion_15,euler,base,10,2,10.0,30,"a detailed scene of a spacecraft cockpit during reentry, glowing controls, tense mood",outputs/gpde_diffusers_sd15_nfe10_cfg_seed_sweep/samples/diffusers/stable_diffusion_15/euler/cfg_10/base/seed_002/nfe_010/000030.jpg,,outputs/gpde_diffusers_sd15_nfe10_cfg_seed_sweep/samples/diffusers/stable_diffusion_15/euler/cfg_10/base/seed_002/nfe_010,29.736740112304688,-0.7835314869880676
diffusers,hf_stable_diffusion_15,euler,base,10,2,10.0,31,a claymation style village bakery with tiny loaves and painted signs,outputs/gpde_diffusers_sd15_nfe10_cfg_seed_sweep/samples/diffusers/stable_diffusion_15/euler/cfg_10/base/seed_002/nfe_010/000031.jpg,,outputs/gpde_diffusers_sd15_nfe10_cfg_seed_sweep/samples/diffusers/stable_diffusion_15/euler/cfg_10/base/seed_002/nfe_010,29.018604278564453,-1.7305779457092285
diffusers,hf_stable_diffusion_15,euler,base,10,2,10.0,32,a realistic underwater photograph of a diver inspecting an ancient marble column,outputs/gpde_diffusers_sd15_nfe10_cfg_seed_sweep/samples/diffusers/stable_diffusion_15/euler/cfg_10/base/seed_002/nfe_010/000032.jpg,,outputs/gpde_diffusers_sd15_nfe10_cfg_seed_sweep/samples/diffusers/stable_diffusion_15/euler/cfg_10/base/seed_002/nfe_010,27.4842472076416,0.39644861221313477
diffusers,hf_stable_diffusion_15,euler,base,10,2,10.0,33,"a minimalist poster of a jazz quartet in deep red, cream, and black",outputs/gpde_diffusers_sd15_nfe10_cfg_seed_sweep/samples/diffusers/stable_diffusion_15/euler/cfg_10/base/seed_002/nfe_010/000033.jpg,,outputs/gpde_diffusers_sd15_nfe10_cfg_seed_sweep/samples/diffusers/stable_diffusion_15/euler/cfg_10/base/seed_002/nfe_010,29.26497459411621,-0.4128860831260681
diffusers,hf_stable_diffusion_15,euler,base,10,2,10.0,34,a high detail portrait of a queen wearing armor made of mother of pearl,outputs/gpde_diffusers_sd15_nfe10_cfg_seed_sweep/samples/diffusers/stable_diffusion_15/euler/cfg_10/base/seed_002/nfe_010/000034.jpg,,outputs/gpde_diffusers_sd15_nfe10_cfg_seed_sweep/samples/diffusers/stable_diffusion_15/euler/cfg_10/base/seed_002/nfe_010,28.255224227905273,1.308693289756775
diffusers,hf_stable_diffusion_15,euler,base,10,2,10.0,35,"a top-down board game map of an island with forests, cliffs, and hidden ruins",outputs/gpde_diffusers_sd15_nfe10_cfg_seed_sweep/samples/diffusers/stable_diffusion_15/euler/cfg_10/base/seed_002/nfe_010/000035.jpg,,outputs/gpde_diffusers_sd15_nfe10_cfg_seed_sweep/samples/diffusers/stable_diffusion_15/euler/cfg_10/base/seed_002/nfe_010,27.555444717407227,-0.8141536712646484
diffusers,hf_stable_diffusion_15,euler,base,10,2,10.0,36,"a luxury watch exploded view on a dark background, precise gears and screws",outputs/gpde_diffusers_sd15_nfe10_cfg_seed_sweep/samples/diffusers/stable_diffusion_15/euler/cfg_10/base/seed_002/nfe_010/000036.jpg,,outputs/gpde_diffusers_sd15_nfe10_cfg_seed_sweep/samples/diffusers/stable_diffusion_15/euler/cfg_10/base/seed_002/nfe_010,27.45879364013672,0.5848670601844788
diffusers,hf_stable_diffusion_15,euler,base,10,2,10.0,37,"a sunlit greenhouse filled with tomatoes, watering cans, and terracotta pots",outputs/gpde_diffusers_sd15_nfe10_cfg_seed_sweep/samples/diffusers/stable_diffusion_15/euler/cfg_10/base/seed_002/nfe_010/000037.jpg,,outputs/gpde_diffusers_sd15_nfe10_cfg_seed_sweep/samples/diffusers/stable_diffusion_15/euler/cfg_10/base/seed_002/nfe_010,27.88538360595703,-0.05065127834677696
diffusers,hf_stable_diffusion_15,euler,base,10,2,10.0,38,a night landscape of fireflies over a meadow beside a quiet river,outputs/gpde_diffusers_sd15_nfe10_cfg_seed_sweep/samples/diffusers/stable_diffusion_15/euler/cfg_10/base/seed_002/nfe_010/000038.jpg,,outputs/gpde_diffusers_sd15_nfe10_cfg_seed_sweep/samples/diffusers/stable_diffusion_15/euler/cfg_10/base/seed_002/nfe_010,30.664249420166016,-0.17741230130195618
diffusers,hf_stable_diffusion_15,euler,base,10,2,10.0,39,a realistic photo of a rescue helicopter landing on a snowy mountain ridge,outputs/gpde_diffusers_sd15_nfe10_cfg_seed_sweep/samples/diffusers/stable_diffusion_15/euler/cfg_10/base/seed_002/nfe_010/000039.jpg,,outputs/gpde_diffusers_sd15_nfe10_cfg_seed_sweep/samples/diffusers/stable_diffusion_15/euler/cfg_10/base/seed_002/nfe_010,31.465923309326172,1.2884749174118042
diffusers,hf_stable_diffusion_15,euler,base,10,2,10.0,40,a concept art scene of a floating research station above Jupiter's clouds,outputs/gpde_diffusers_sd15_nfe10_cfg_seed_sweep/samples/diffusers/stable_diffusion_15/euler/cfg_10/base/seed_002/nfe_010/000040.jpg,,outputs/gpde_diffusers_sd15_nfe10_cfg_seed_sweep/samples/diffusers/stable_diffusion_15/euler/cfg_10/base/seed_002/nfe_010,29.514015197753906,-0.46126073598861694
diffusers,hf_stable_diffusion_15,euler,base,10,2,10.0,41,a detailed pencil drawing of an old bicycle leaning against a brick wall,outputs/gpde_diffusers_sd15_nfe10_cfg_seed_sweep/samples/diffusers/stable_diffusion_15/euler/cfg_10/base/seed_002/nfe_010/000041.jpg,,outputs/gpde_diffusers_sd15_nfe10_cfg_seed_sweep/samples/diffusers/stable_diffusion_15/euler/cfg_10/base/seed_002/nfe_010,32.39077377319336,1.3302891254425049
diffusers,hf_stable_diffusion_15,euler,base,10,2,10.0,42,"a museum diorama of prehistoric sea creatures, dramatic educational lighting",outputs/gpde_diffusers_sd15_nfe10_cfg_seed_sweep/samples/diffusers/stable_diffusion_15/euler/cfg_10/base/seed_002/nfe_010/000042.jpg,,outputs/gpde_diffusers_sd15_nfe10_cfg_seed_sweep/samples/diffusers/stable_diffusion_15/euler/cfg_10/base/seed_002/nfe_010,29.536619186401367,0.38691097497940063
diffusers,hf_stable_diffusion_15,euler,base,10,2,10.0,43,"a peaceful Japanese garden with koi pond, stone bridge, and maple leaves",outputs/gpde_diffusers_sd15_nfe10_cfg_seed_sweep/samples/diffusers/stable_diffusion_15/euler/cfg_10/base/seed_002/nfe_010/000043.jpg,,outputs/gpde_diffusers_sd15_nfe10_cfg_seed_sweep/samples/diffusers/stable_diffusion_15/euler/cfg_10/base/seed_002/nfe_010,27.037960052490234,-0.4895118772983551
diffusers,hf_stable_diffusion_15,euler,base,10,2,10.0,44,"a close-up food photograph of ramen with soft egg, steam, and ceramic bowl",outputs/gpde_diffusers_sd15_nfe10_cfg_seed_sweep/samples/diffusers/stable_diffusion_15/euler/cfg_10/base/seed_002/nfe_010/000044.jpg,,outputs/gpde_diffusers_sd15_nfe10_cfg_seed_sweep/samples/diffusers/stable_diffusion_15/euler/cfg_10/base/seed_002/nfe_010,30.84602928161621,0.23497968912124634
diffusers,hf_stable_diffusion_15,euler,base,10,2,10.0,45,a vibrant parade costume covered with mirrors and embroidered flowers,outputs/gpde_diffusers_sd15_nfe10_cfg_seed_sweep/samples/diffusers/stable_diffusion_15/euler/cfg_10/base/seed_002/nfe_010/000045.jpg,,outputs/gpde_diffusers_sd15_nfe10_cfg_seed_sweep/samples/diffusers/stable_diffusion_15/euler/cfg_10/base/seed_002/nfe_010,32.710140228271484,-0.5196954607963562
diffusers,hf_stable_diffusion_15,euler,base,10,2,10.0,46,a realistic image of a hand-crafted wooden chess set mid game by candlelight,outputs/gpde_diffusers_sd15_nfe10_cfg_seed_sweep/samples/diffusers/stable_diffusion_15/euler/cfg_10/base/seed_002/nfe_010/000046.jpg,,outputs/gpde_diffusers_sd15_nfe10_cfg_seed_sweep/samples/diffusers/stable_diffusion_15/euler/cfg_10/base/seed_002/nfe_010,26.340824127197266,-0.29585519433021545
diffusers,hf_stable_diffusion_15,euler,base,10,2,10.0,47,a wide angle view of a data center corridor with blue status lights,outputs/gpde_diffusers_sd15_nfe10_cfg_seed_sweep/samples/diffusers/stable_diffusion_15/euler/cfg_10/base/seed_002/nfe_010/000047.jpg,,outputs/gpde_diffusers_sd15_nfe10_cfg_seed_sweep/samples/diffusers/stable_diffusion_15/euler/cfg_10/base/seed_002/nfe_010,23.31500244140625,1.5026289224624634
diffusers,hf_stable_diffusion_15,euler,base,10,2,10.0,48,a magical realism scene of books flying through an old train carriage,outputs/gpde_diffusers_sd15_nfe10_cfg_seed_sweep/samples/diffusers/stable_diffusion_15/euler/cfg_10/base/seed_002/nfe_010/000048.jpg,,outputs/gpde_diffusers_sd15_nfe10_cfg_seed_sweep/samples/diffusers/stable_diffusion_15/euler/cfg_10/base/seed_002/nfe_010,33.3190803527832,-0.20838212966918945
diffusers,hf_stable_diffusion_15,euler,base,10,2,10.0,49,a studio portrait of a golden retriever wearing aviator goggles and a red scarf,outputs/gpde_diffusers_sd15_nfe10_cfg_seed_sweep/samples/diffusers/stable_diffusion_15/euler/cfg_10/base/seed_002/nfe_010/000049.jpg,,outputs/gpde_diffusers_sd15_nfe10_cfg_seed_sweep/samples/diffusers/stable_diffusion_15/euler/cfg_10/base/seed_002/nfe_010,28.977405548095703,0.3954522907733917
diffusers,hf_stable_diffusion_15,euler,GPDE,10,0,5.0,0,"a cinematic portrait of an astronaut botanist in a glass greenhouse on Mars, detailed fabric, soft rim light",outputs/gpde_diffusers_sd15_nfe10_cfg_seed_sweep/samples/diffusers/stable_diffusion_15/euler/cfg_5/GPDE/seed_000/nfe_010/000000.jpg,outputs/gpde_diffusers_sd15_nfe10_cfg_seed_sweep/schedules/GPDE/diffusers/stable_diffusion_15/euler/cfg_5/seed_0/nfe_010,outputs/gpde_diffusers_sd15_nfe10_cfg_seed_sweep/samples/diffusers/stable_diffusion_15/euler/cfg_5/GPDE/seed_000/nfe_010,23.24639129638672,-1.7727012634277344
diffusers,hf_stable_diffusion_15,euler,GPDE,10,0,5.0,1,"a small brass robot repairing an antique clock in a sunlit workshop, shallow depth of field",outputs/gpde_diffusers_sd15_nfe10_cfg_seed_sweep/samples/diffusers/stable_diffusion_15/euler/cfg_5/GPDE/seed_000/nfe_010/000001.jpg,outputs/gpde_diffusers_sd15_nfe10_cfg_seed_sweep/schedules/GPDE/diffusers/stable_diffusion_15/euler/cfg_5/seed_0/nfe_010,outputs/gpde_diffusers_sd15_nfe10_cfg_seed_sweep/samples/diffusers/stable_diffusion_15/euler/cfg_5/GPDE/seed_000/nfe_010,30.90867042541504,-1.6754690408706665
diffusers,hf_stable_diffusion_15,euler,GPDE,10,0,5.0,2,"a watercolor city street after rain with neon signs reflected in puddles, evening atmosphere",outputs/gpde_diffusers_sd15_nfe10_cfg_seed_sweep/samples/diffusers/stable_diffusion_15/euler/cfg_5/GPDE/seed_000/nfe_010/000002.jpg,outputs/gpde_diffusers_sd15_nfe10_cfg_seed_sweep/schedules/GPDE/diffusers/stable_diffusion_15/euler/cfg_5/seed_0/nfe_010,outputs/gpde_diffusers_sd15_nfe10_cfg_seed_sweep/samples/diffusers/stable_diffusion_15/euler/cfg_5/GPDE/seed_000/nfe_010,27.528554916381836,0.6473374366760254
diffusers,hf_stable_diffusion_15,euler,GPDE,10,0,5.0,3,a high resolution studio photo of a ceramic teapot shaped like a seashell on a slate table,outputs/gpde_diffusers_sd15_nfe10_cfg_seed_sweep/samples/diffusers/stable_diffusion_15/euler/cfg_5/GPDE/seed_000/nfe_010/000003.jpg,outputs/gpde_diffusers_sd15_nfe10_cfg_seed_sweep/schedules/GPDE/diffusers/stable_diffusion_15/euler/cfg_5/seed_0/nfe_010,outputs/gpde_diffusers_sd15_nfe10_cfg_seed_sweep/samples/diffusers/stable_diffusion_15/euler/cfg_5/GPDE/seed_000/nfe_010,30.43577003479004,-0.08230949193239212
diffusers,hf_stable_diffusion_15,euler,GPDE,10,0,5.0,4,"a fantasy library carved inside a giant tree, spiral stairs, warm lanterns, intricate shelves",outputs/gpde_diffusers_sd15_nfe10_cfg_seed_sweep/samples/diffusers/stable_diffusion_15/euler/cfg_5/GPDE/seed_000/nfe_010/000004.jpg,outputs/gpde_diffusers_sd15_nfe10_cfg_seed_sweep/schedules/GPDE/diffusers/stable_diffusion_15/euler/cfg_5/seed_0/nfe_010,outputs/gpde_diffusers_sd15_nfe10_cfg_seed_sweep/samples/diffusers/stable_diffusion_15/euler/cfg_5/GPDE/seed_000/nfe_010,31.207067489624023,0.9350488185882568
diffusers,hf_stable_diffusion_15,euler,GPDE,10,0,5.0,5,"a macro photograph of a snowflake resting on dark wool, crisp crystalline detail",outputs/gpde_diffusers_sd15_nfe10_cfg_seed_sweep/samples/diffusers/stable_diffusion_15/euler/cfg_5/GPDE/seed_000/nfe_010/000005.jpg,outputs/gpde_diffusers_sd15_nfe10_cfg_seed_sweep/schedules/GPDE/diffusers/stable_diffusion_15/euler/cfg_5/seed_0/nfe_010,outputs/gpde_diffusers_sd15_nfe10_cfg_seed_sweep/samples/diffusers/stable_diffusion_15/euler/cfg_5/GPDE/seed_000/nfe_010,30.250131607055664,-0.06517535448074341
diffusers,hf_stable_diffusion_15,euler,GPDE,10,0,5.0,6,"a retro futuristic train crossing a desert at sunset, chrome surfaces, long shadows",outputs/gpde_diffusers_sd15_nfe10_cfg_seed_sweep/samples/diffusers/stable_diffusion_15/euler/cfg_5/GPDE/seed_000/nfe_010/000006.jpg,outputs/gpde_diffusers_sd15_nfe10_cfg_seed_sweep/schedules/GPDE/diffusers/stable_diffusion_15/euler/cfg_5/seed_0/nfe_010,outputs/gpde_diffusers_sd15_nfe10_cfg_seed_sweep/samples/diffusers/stable_diffusion_15/euler/cfg_5/GPDE/seed_000/nfe_010,28.72075653076172,1.5172969102859497
diffusers,hf_stable_diffusion_15,euler,GPDE,10,0,5.0,7,"a chef plating a colorful molecular gastronomy dessert, clean restaurant lighting",outputs/gpde_diffusers_sd15_nfe10_cfg_seed_sweep/samples/diffusers/stable_diffusion_15/euler/cfg_5/GPDE/seed_000/nfe_010/000007.jpg,outputs/gpde_diffusers_sd15_nfe10_cfg_seed_sweep/schedules/GPDE/diffusers/stable_diffusion_15/euler/cfg_5/seed_0/nfe_010,outputs/gpde_diffusers_sd15_nfe10_cfg_seed_sweep/samples/diffusers/stable_diffusion_15/euler/cfg_5/GPDE/seed_000/nfe_010,33.02341842651367,0.7450522184371948
diffusers,hf_stable_diffusion_15,euler,GPDE,10,0,5.0,8,"an isometric cozy bedroom with plants, books, a desk lamp, and a rainy window",outputs/gpde_diffusers_sd15_nfe10_cfg_seed_sweep/samples/diffusers/stable_diffusion_15/euler/cfg_5/GPDE/seed_000/nfe_010/000008.jpg,outputs/gpde_diffusers_sd15_nfe10_cfg_seed_sweep/schedules/GPDE/diffusers/stable_diffusion_15/euler/cfg_5/seed_0/nfe_010,outputs/gpde_diffusers_sd15_nfe10_cfg_seed_sweep/samples/diffusers/stable_diffusion_15/euler/cfg_5/GPDE/seed_000/nfe_010,28.647249221801758,0.15950939059257507
diffusers,hf_stable_diffusion_15,euler,GPDE,10,0,5.0,9,"a dramatic mountain monastery above clouds, sunrise, detailed stone architecture",outputs/gpde_diffusers_sd15_nfe10_cfg_seed_sweep/samples/diffusers/stable_diffusion_15/euler/cfg_5/GPDE/seed_000/nfe_010/000009.jpg,outputs/gpde_diffusers_sd15_nfe10_cfg_seed_sweep/schedules/GPDE/diffusers/stable_diffusion_15/euler/cfg_5/seed_0/nfe_010,outputs/gpde_diffusers_sd15_nfe10_cfg_seed_sweep/samples/diffusers/stable_diffusion_15/euler/cfg_5/GPDE/seed_000/nfe_010,30.712461471557617,1.3898199796676636
diffusers,hf_stable_diffusion_15,euler,GPDE,10,0,5.0,10,a fashion editorial photo of a model wearing a translucent raincoat in Tokyo at night,outputs/gpde_diffusers_sd15_nfe10_cfg_seed_sweep/samples/diffusers/stable_diffusion_15/euler/cfg_5/GPDE/seed_000/nfe_010/000010.jpg,outputs/gpde_diffusers_sd15_nfe10_cfg_seed_sweep/schedules/GPDE/diffusers/stable_diffusion_15/euler/cfg_5/seed_0/nfe_010,outputs/gpde_diffusers_sd15_nfe10_cfg_seed_sweep/samples/diffusers/stable_diffusion_15/euler/cfg_5/GPDE/seed_000/nfe_010,33.450897216796875,1.7410041093826294
diffusers,hf_stable_diffusion_15,euler,GPDE,10,0,5.0,11,a realistic red fox statue made of folded paper on a white museum pedestal,outputs/gpde_diffusers_sd15_nfe10_cfg_seed_sweep/samples/diffusers/stable_diffusion_15/euler/cfg_5/GPDE/seed_000/nfe_010/000011.jpg,outputs/gpde_diffusers_sd15_nfe10_cfg_seed_sweep/schedules/GPDE/diffusers/stable_diffusion_15/euler/cfg_5/seed_0/nfe_010,outputs/gpde_diffusers_sd15_nfe10_cfg_seed_sweep/samples/diffusers/stable_diffusion_15/euler/cfg_5/GPDE/seed_000/nfe_010,23.09449577331543,-2.266716241836548
diffusers,hf_stable_diffusion_15,euler,GPDE,10,0,5.0,12,a detailed cutaway illustration of a tiny submarine exploring a coral reef,outputs/gpde_diffusers_sd15_nfe10_cfg_seed_sweep/samples/diffusers/stable_diffusion_15/euler/cfg_5/GPDE/seed_000/nfe_010/000012.jpg,outputs/gpde_diffusers_sd15_nfe10_cfg_seed_sweep/schedules/GPDE/diffusers/stable_diffusion_15/euler/cfg_5/seed_0/nfe_010,outputs/gpde_diffusers_sd15_nfe10_cfg_seed_sweep/samples/diffusers/stable_diffusion_15/euler/cfg_5/GPDE/seed_000/nfe_010,25.827104568481445,-1.7022451162338257
diffusers,hf_stable_diffusion_15,euler,GPDE,10,0,5.0,13,a product photo of wireless headphones on brushed aluminum with blue accent lighting,outputs/gpde_diffusers_sd15_nfe10_cfg_seed_sweep/samples/diffusers/stable_diffusion_15/euler/cfg_5/GPDE/seed_000/nfe_010/000013.jpg,outputs/gpde_diffusers_sd15_nfe10_cfg_seed_sweep/schedules/GPDE/diffusers/stable_diffusion_15/euler/cfg_5/seed_0/nfe_010,outputs/gpde_diffusers_sd15_nfe10_cfg_seed_sweep/samples/diffusers/stable_diffusion_15/euler/cfg_5/GPDE/seed_000/nfe_010,30.086803436279297,0.9847845435142517
diffusers,hf_stable_diffusion_15,euler,GPDE,10,0,5.0,14,"a medieval market square during a festival, banners, musicians, detailed crowd",outputs/gpde_diffusers_sd15_nfe10_cfg_seed_sweep/samples/diffusers/stable_diffusion_15/euler/cfg_5/GPDE/seed_000/nfe_010/000014.jpg,outputs/gpde_diffusers_sd15_nfe10_cfg_seed_sweep/schedules/GPDE/diffusers/stable_diffusion_15/euler/cfg_5/seed_0/nfe_010,outputs/gpde_diffusers_sd15_nfe10_cfg_seed_sweep/samples/diffusers/stable_diffusion_15/euler/cfg_5/GPDE/seed_000/nfe_010,23.688190460205078,-0.09106471389532089
diffusers,hf_stable_diffusion_15,euler,GPDE,10,0,5.0,15,an oil painting of a violinist performing in an empty subway station,outputs/gpde_diffusers_sd15_nfe10_cfg_seed_sweep/samples/diffusers/stable_diffusion_15/euler/cfg_5/GPDE/seed_000/nfe_010/000015.jpg,outputs/gpde_diffusers_sd15_nfe10_cfg_seed_sweep/schedules/GPDE/diffusers/stable_diffusion_15/euler/cfg_5/seed_0/nfe_010,outputs/gpde_diffusers_sd15_nfe10_cfg_seed_sweep/samples/diffusers/stable_diffusion_15/euler/cfg_5/GPDE/seed_000/nfe_010,38.1505012512207,0.15386268496513367
diffusers,hf_stable_diffusion_15,euler,GPDE,10,0,5.0,16,"a close-up portrait of an elderly sailor, weathered skin, navy coat, overcast harbor",outputs/gpde_diffusers_sd15_nfe10_cfg_seed_sweep/samples/diffusers/stable_diffusion_15/euler/cfg_5/GPDE/seed_000/nfe_010/000016.jpg,outputs/gpde_diffusers_sd15_nfe10_cfg_seed_sweep/schedules/GPDE/diffusers/stable_diffusion_15/euler/cfg_5/seed_0/nfe_010,outputs/gpde_diffusers_sd15_nfe10_cfg_seed_sweep/samples/diffusers/stable_diffusion_15/euler/cfg_5/GPDE/seed_000/nfe_010,29.605405807495117,-0.8231137990951538
diffusers,hf_stable_diffusion_15,euler,GPDE,10,0,5.0,17,a clean architectural rendering of a modern cabin beside a frozen lake,outputs/gpde_diffusers_sd15_nfe10_cfg_seed_sweep/samples/diffusers/stable_diffusion_15/euler/cfg_5/GPDE/seed_000/nfe_010/000017.jpg,outputs/gpde_diffusers_sd15_nfe10_cfg_seed_sweep/schedules/GPDE/diffusers/stable_diffusion_15/euler/cfg_5/seed_0/nfe_010,outputs/gpde_diffusers_sd15_nfe10_cfg_seed_sweep/samples/diffusers/stable_diffusion_15/euler/cfg_5/GPDE/seed_000/nfe_010,32.501914978027344,0.8685065507888794
diffusers,hf_stable_diffusion_15,euler,GPDE,10,0,5.0,18,a surreal desert filled with floating glass spheres and distant black mountains,outputs/gpde_diffusers_sd15_nfe10_cfg_seed_sweep/samples/diffusers/stable_diffusion_15/euler/cfg_5/GPDE/seed_000/nfe_010/000018.jpg,outputs/gpde_diffusers_sd15_nfe10_cfg_seed_sweep/schedules/GPDE/diffusers/stable_diffusion_15/euler/cfg_5/seed_0/nfe_010,outputs/gpde_diffusers_sd15_nfe10_cfg_seed_sweep/samples/diffusers/stable_diffusion_15/euler/cfg_5/GPDE/seed_000/nfe_010,29.8035888671875,-0.15401782095432281
diffusers,hf_stable_diffusion_15,euler,GPDE,10,0,5.0,19,a documentary photo of a scientist collecting ice cores in Antarctica,outputs/gpde_diffusers_sd15_nfe10_cfg_seed_sweep/samples/diffusers/stable_diffusion_15/euler/cfg_5/GPDE/seed_000/nfe_010/000019.jpg,outputs/gpde_diffusers_sd15_nfe10_cfg_seed_sweep/schedules/GPDE/diffusers/stable_diffusion_15/euler/cfg_5/seed_0/nfe_010,outputs/gpde_diffusers_sd15_nfe10_cfg_seed_sweep/samples/diffusers/stable_diffusion_15/euler/cfg_5/GPDE/seed_000/nfe_010,28.423118591308594,-0.1884174942970276
diffusers,hf_stable_diffusion_15,euler,GPDE,10,0,5.0,20,a detailed 3D render of a mechanical hummingbird with copper wings,outputs/gpde_diffusers_sd15_nfe10_cfg_seed_sweep/samples/diffusers/stable_diffusion_15/euler/cfg_5/GPDE/seed_000/nfe_010/000020.jpg,outputs/gpde_diffusers_sd15_nfe10_cfg_seed_sweep/schedules/GPDE/diffusers/stable_diffusion_15/euler/cfg_5/seed_0/nfe_010,outputs/gpde_diffusers_sd15_nfe10_cfg_seed_sweep/samples/diffusers/stable_diffusion_15/euler/cfg_5/GPDE/seed_000/nfe_010,36.170433044433594,0.7473767995834351
diffusers,hf_stable_diffusion_15,euler,GPDE,10,0,5.0,21,"a cozy cafe interior in autumn, pastries, espresso machine, soft morning light",outputs/gpde_diffusers_sd15_nfe10_cfg_seed_sweep/samples/diffusers/stable_diffusion_15/euler/cfg_5/GPDE/seed_000/nfe_010/000021.jpg,outputs/gpde_diffusers_sd15_nfe10_cfg_seed_sweep/schedules/GPDE/diffusers/stable_diffusion_15/euler/cfg_5/seed_0/nfe_010,outputs/gpde_diffusers_sd15_nfe10_cfg_seed_sweep/samples/diffusers/stable_diffusion_15/euler/cfg_5/GPDE/seed_000/nfe_010,25.832138061523438,-1.4614925384521484
diffusers,hf_stable_diffusion_15,euler,GPDE,10,0,5.0,22,"a panoramic view of terraced rice fields under mist, workers in colorful clothing",outputs/gpde_diffusers_sd15_nfe10_cfg_seed_sweep/samples/diffusers/stable_diffusion_15/euler/cfg_5/GPDE/seed_000/nfe_010/000022.jpg,outputs/gpde_diffusers_sd15_nfe10_cfg_seed_sweep/schedules/GPDE/diffusers/stable_diffusion_15/euler/cfg_5/seed_0/nfe_010,outputs/gpde_diffusers_sd15_nfe10_cfg_seed_sweep/samples/diffusers/stable_diffusion_15/euler/cfg_5/GPDE/seed_000/nfe_010,27.47565460205078,-1.0712122917175293
diffusers,hf_stable_diffusion_15,euler,GPDE,10,0,5.0,23,a children's book illustration of a moonlit boat parade on a quiet canal,outputs/gpde_diffusers_sd15_nfe10_cfg_seed_sweep/samples/diffusers/stable_diffusion_15/euler/cfg_5/GPDE/seed_000/nfe_010/000023.jpg,outputs/gpde_diffusers_sd15_nfe10_cfg_seed_sweep/schedules/GPDE/diffusers/stable_diffusion_15/euler/cfg_5/seed_0/nfe_010,outputs/gpde_diffusers_sd15_nfe10_cfg_seed_sweep/samples/diffusers/stable_diffusion_15/euler/cfg_5/GPDE/seed_000/nfe_010,23.079984664916992,-0.8051456212997437
diffusers,hf_stable_diffusion_15,euler,GPDE,10,0,5.0,24,"a realistic sports car parked in a concrete tunnel, reflections, low angle",outputs/gpde_diffusers_sd15_nfe10_cfg_seed_sweep/samples/diffusers/stable_diffusion_15/euler/cfg_5/GPDE/seed_000/nfe_010/000024.jpg,outputs/gpde_diffusers_sd15_nfe10_cfg_seed_sweep/schedules/GPDE/diffusers/stable_diffusion_15/euler/cfg_5/seed_0/nfe_010,outputs/gpde_diffusers_sd15_nfe10_cfg_seed_sweep/samples/diffusers/stable_diffusion_15/euler/cfg_5/GPDE/seed_000/nfe_010,24.33524513244629,0.2971328794956207
diffusers,hf_stable_diffusion_15,euler,GPDE,10,0,5.0,25,"a botanical diagram of rare orchids with labeled roots and petals, archival paper",outputs/gpde_diffusers_sd15_nfe10_cfg_seed_sweep/samples/diffusers/stable_diffusion_15/euler/cfg_5/GPDE/seed_000/nfe_010/000025.jpg,outputs/gpde_diffusers_sd15_nfe10_cfg_seed_sweep/schedules/GPDE/diffusers/stable_diffusion_15/euler/cfg_5/seed_0/nfe_010,outputs/gpde_diffusers_sd15_nfe10_cfg_seed_sweep/samples/diffusers/stable_diffusion_15/euler/cfg_5/GPDE/seed_000/nfe_010,29.998794555664062,0.7548984885215759
diffusers,hf_stable_diffusion_15,euler,GPDE,10,0,5.0,26,"a cyberpunk street food stall with steam, lanterns, and dense urban signage",outputs/gpde_diffusers_sd15_nfe10_cfg_seed_sweep/samples/diffusers/stable_diffusion_15/euler/cfg_5/GPDE/seed_000/nfe_010/000026.jpg,outputs/gpde_diffusers_sd15_nfe10_cfg_seed_sweep/schedules/GPDE/diffusers/stable_diffusion_15/euler/cfg_5/seed_0/nfe_010,outputs/gpde_diffusers_sd15_nfe10_cfg_seed_sweep/samples/diffusers/stable_diffusion_15/euler/cfg_5/GPDE/seed_000/nfe_010,24.54350471496582,-1.086440920829773
diffusers,hf_stable_diffusion_15,euler,GPDE,10,0,5.0,27,"a still life of glass fruit bowls, linen cloth, and silver cutlery, natural light",outputs/gpde_diffusers_sd15_nfe10_cfg_seed_sweep/samples/diffusers/stable_diffusion_15/euler/cfg_5/GPDE/seed_000/nfe_010/000027.jpg,outputs/gpde_diffusers_sd15_nfe10_cfg_seed_sweep/schedules/GPDE/diffusers/stable_diffusion_15/euler/cfg_5/seed_0/nfe_010,outputs/gpde_diffusers_sd15_nfe10_cfg_seed_sweep/samples/diffusers/stable_diffusion_15/euler/cfg_5/GPDE/seed_000/nfe_010,30.301586151123047,0.6296993494033813
diffusers,hf_stable_diffusion_15,euler,GPDE,10,0,5.0,28,a heroic statue covered in vines in an abandoned futuristic plaza,outputs/gpde_diffusers_sd15_nfe10_cfg_seed_sweep/samples/diffusers/stable_diffusion_15/euler/cfg_5/GPDE/seed_000/nfe_010/000028.jpg,outputs/gpde_diffusers_sd15_nfe10_cfg_seed_sweep/schedules/GPDE/diffusers/stable_diffusion_15/euler/cfg_5/seed_0/nfe_010,outputs/gpde_diffusers_sd15_nfe10_cfg_seed_sweep/samples/diffusers/stable_diffusion_15/euler/cfg_5/GPDE/seed_000/nfe_010,32.25813674926758,0.23807105422019958
diffusers,hf_stable_diffusion_15,euler,GPDE,10,0,5.0,29,a black and white film photograph of dancers rehearsing in a mirror-lined studio,outputs/gpde_diffusers_sd15_nfe10_cfg_seed_sweep/samples/diffusers/stable_diffusion_15/euler/cfg_5/GPDE/seed_000/nfe_010/000029.jpg,outputs/gpde_diffusers_sd15_nfe10_cfg_seed_sweep/schedules/GPDE/diffusers/stable_diffusion_15/euler/cfg_5/seed_0/nfe_010,outputs/gpde_diffusers_sd15_nfe10_cfg_seed_sweep/samples/diffusers/stable_diffusion_15/euler/cfg_5/GPDE/seed_000/nfe_010,31.170236587524414,0.6298828721046448
diffusers,hf_stable_diffusion_15,euler,GPDE,10,0,5.0,30,"a detailed scene of a spacecraft cockpit during reentry, glowing controls, tense mood",outputs/gpde_diffusers_sd15_nfe10_cfg_seed_sweep/samples/diffusers/stable_diffusion_15/euler/cfg_5/GPDE/seed_000/nfe_010/000030.jpg,outputs/gpde_diffusers_sd15_nfe10_cfg_seed_sweep/schedules/GPDE/diffusers/stable_diffusion_15/euler/cfg_5/seed_0/nfe_010,outputs/gpde_diffusers_sd15_nfe10_cfg_seed_sweep/samples/diffusers/stable_diffusion_15/euler/cfg_5/GPDE/seed_000/nfe_010,25.686315536499023,-1.807326078414917
diffusers,hf_stable_diffusion_15,euler,GPDE,10,0,5.0,31,a claymation style village bakery with tiny loaves and painted signs,outputs/gpde_diffusers_sd15_nfe10_cfg_seed_sweep/samples/diffusers/stable_diffusion_15/euler/cfg_5/GPDE/seed_000/nfe_010/000031.jpg,outputs/gpde_diffusers_sd15_nfe10_cfg_seed_sweep/schedules/GPDE/diffusers/stable_diffusion_15/euler/cfg_5/seed_0/nfe_010,outputs/gpde_diffusers_sd15_nfe10_cfg_seed_sweep/samples/diffusers/stable_diffusion_15/euler/cfg_5/GPDE/seed_000/nfe_010,34.49420928955078,-0.5232955813407898
diffusers,hf_stable_diffusion_15,euler,GPDE,10,0,5.0,32,a realistic underwater photograph of a diver inspecting an ancient marble column,outputs/gpde_diffusers_sd15_nfe10_cfg_seed_sweep/samples/diffusers/stable_diffusion_15/euler/cfg_5/GPDE/seed_000/nfe_010/000032.jpg,outputs/gpde_diffusers_sd15_nfe10_cfg_seed_sweep/schedules/GPDE/diffusers/stable_diffusion_15/euler/cfg_5/seed_0/nfe_010,outputs/gpde_diffusers_sd15_nfe10_cfg_seed_sweep/samples/diffusers/stable_diffusion_15/euler/cfg_5/GPDE/seed_000/nfe_010,27.959012985229492,1.1147496700286865
diffusers,hf_stable_diffusion_15,euler,GPDE,10,0,5.0,33,"a minimalist poster of a jazz quartet in deep red, cream, and black",outputs/gpde_diffusers_sd15_nfe10_cfg_seed_sweep/samples/diffusers/stable_diffusion_15/euler/cfg_5/GPDE/seed_000/nfe_010/000033.jpg,outputs/gpde_diffusers_sd15_nfe10_cfg_seed_sweep/schedules/GPDE/diffusers/stable_diffusion_15/euler/cfg_5/seed_0/nfe_010,outputs/gpde_diffusers_sd15_nfe10_cfg_seed_sweep/samples/diffusers/stable_diffusion_15/euler/cfg_5/GPDE/seed_000/nfe_010,30.354202270507812,-0.8093922734260559
diffusers,hf_stable_diffusion_15,euler,GPDE,10,0,5.0,34,a high detail portrait of a queen wearing armor made of mother of pearl,outputs/gpde_diffusers_sd15_nfe10_cfg_seed_sweep/samples/diffusers/stable_diffusion_15/euler/cfg_5/GPDE/seed_000/nfe_010/000034.jpg,outputs/gpde_diffusers_sd15_nfe10_cfg_seed_sweep/schedules/GPDE/diffusers/stable_diffusion_15/euler/cfg_5/seed_0/nfe_010,outputs/gpde_diffusers_sd15_nfe10_cfg_seed_sweep/samples/diffusers/stable_diffusion_15/euler/cfg_5/GPDE/seed_000/nfe_010,23.163591384887695,0.6148848533630371
diffusers,hf_stable_diffusion_15,euler,GPDE,10,0,5.0,35,"a top-down board game map of an island with forests, cliffs, and hidden ruins",outputs/gpde_diffusers_sd15_nfe10_cfg_seed_sweep/samples/diffusers/stable_diffusion_15/euler/cfg_5/GPDE/seed_000/nfe_010/000035.jpg,outputs/gpde_diffusers_sd15_nfe10_cfg_seed_sweep/schedules/GPDE/diffusers/stable_diffusion_15/euler/cfg_5/seed_0/nfe_010,outputs/gpde_diffusers_sd15_nfe10_cfg_seed_sweep/samples/diffusers/stable_diffusion_15/euler/cfg_5/GPDE/seed_000/nfe_010,25.311941146850586,-1.807662010192871
diffusers,hf_stable_diffusion_15,euler,GPDE,10,0,5.0,36,"a luxury watch exploded view on a dark background, precise gears and screws",outputs/gpde_diffusers_sd15_nfe10_cfg_seed_sweep/samples/diffusers/stable_diffusion_15/euler/cfg_5/GPDE/seed_000/nfe_010/000036.jpg,outputs/gpde_diffusers_sd15_nfe10_cfg_seed_sweep/schedules/GPDE/diffusers/stable_diffusion_15/euler/cfg_5/seed_0/nfe_010,outputs/gpde_diffusers_sd15_nfe10_cfg_seed_sweep/samples/diffusers/stable_diffusion_15/euler/cfg_5/GPDE/seed_000/nfe_010,33.49781799316406,1.058817982673645
diffusers,hf_stable_diffusion_15,euler,GPDE,10,0,5.0,37,"a sunlit greenhouse filled with tomatoes, watering cans, and terracotta pots",outputs/gpde_diffusers_sd15_nfe10_cfg_seed_sweep/samples/diffusers/stable_diffusion_15/euler/cfg_5/GPDE/seed_000/nfe_010/000037.jpg,outputs/gpde_diffusers_sd15_nfe10_cfg_seed_sweep/schedules/GPDE/diffusers/stable_diffusion_15/euler/cfg_5/seed_0/nfe_010,outputs/gpde_diffusers_sd15_nfe10_cfg_seed_sweep/samples/diffusers/stable_diffusion_15/euler/cfg_5/GPDE/seed_000/nfe_010,27.600120544433594,-0.6766602396965027
diffusers,hf_stable_diffusion_15,euler,GPDE,10,0,5.0,38,a night landscape of fireflies over a meadow beside a quiet river,outputs/gpde_diffusers_sd15_nfe10_cfg_seed_sweep/samples/diffusers/stable_diffusion_15/euler/cfg_5/GPDE/seed_000/nfe_010/000038.jpg,outputs/gpde_diffusers_sd15_nfe10_cfg_seed_sweep/schedules/GPDE/diffusers/stable_diffusion_15/euler/cfg_5/seed_0/nfe_010,outputs/gpde_diffusers_sd15_nfe10_cfg_seed_sweep/samples/diffusers/stable_diffusion_15/euler/cfg_5/GPDE/seed_000/nfe_010,26.871633529663086,-1.4545775651931763
diffusers,hf_stable_diffusion_15,euler,GPDE,10,0,5.0,39,a realistic photo of a rescue helicopter landing on a snowy mountain ridge,outputs/gpde_diffusers_sd15_nfe10_cfg_seed_sweep/samples/diffusers/stable_diffusion_15/euler/cfg_5/GPDE/seed_000/nfe_010/000039.jpg,outputs/gpde_diffusers_sd15_nfe10_cfg_seed_sweep/schedules/GPDE/diffusers/stable_diffusion_15/euler/cfg_5/seed_0/nfe_010,outputs/gpde_diffusers_sd15_nfe10_cfg_seed_sweep/samples/diffusers/stable_diffusion_15/euler/cfg_5/GPDE/seed_000/nfe_010,36.24309158325195,0.301186203956604
diffusers,hf_stable_diffusion_15,euler,GPDE,10,0,5.0,40,a concept art scene of a floating research station above Jupiter's clouds,outputs/gpde_diffusers_sd15_nfe10_cfg_seed_sweep/samples/diffusers/stable_diffusion_15/euler/cfg_5/GPDE/seed_000/nfe_010/000040.jpg,outputs/gpde_diffusers_sd15_nfe10_cfg_seed_sweep/schedules/GPDE/diffusers/stable_diffusion_15/euler/cfg_5/seed_0/nfe_010,outputs/gpde_diffusers_sd15_nfe10_cfg_seed_sweep/samples/diffusers/stable_diffusion_15/euler/cfg_5/GPDE/seed_000/nfe_010,26.542789459228516,0.18039202690124512
diffusers,hf_stable_diffusion_15,euler,GPDE,10,0,5.0,41,a detailed pencil drawing of an old bicycle leaning against a brick wall,outputs/gpde_diffusers_sd15_nfe10_cfg_seed_sweep/samples/diffusers/stable_diffusion_15/euler/cfg_5/GPDE/seed_000/nfe_010/000041.jpg,outputs/gpde_diffusers_sd15_nfe10_cfg_seed_sweep/schedules/GPDE/diffusers/stable_diffusion_15/euler/cfg_5/seed_0/nfe_010,outputs/gpde_diffusers_sd15_nfe10_cfg_seed_sweep/samples/diffusers/stable_diffusion_15/euler/cfg_5/GPDE/seed_000/nfe_010,32.25043487548828,0.5942527651786804
diffusers,hf_stable_diffusion_15,euler,GPDE,10,0,5.0,42,"a museum diorama of prehistoric sea creatures, dramatic educational lighting",outputs/gpde_diffusers_sd15_nfe10_cfg_seed_sweep/samples/diffusers/stable_diffusion_15/euler/cfg_5/GPDE/seed_000/nfe_010/000042.jpg,outputs/gpde_diffusers_sd15_nfe10_cfg_seed_sweep/schedules/GPDE/diffusers/stable_diffusion_15/euler/cfg_5/seed_0/nfe_010,outputs/gpde_diffusers_sd15_nfe10_cfg_seed_sweep/samples/diffusers/stable_diffusion_15/euler/cfg_5/GPDE/seed_000/nfe_010,30.709808349609375,0.051910270005464554
diffusers,hf_stable_diffusion_15,euler,GPDE,10,0,5.0,43,"a peaceful Japanese garden with koi pond, stone bridge, and maple leaves",outputs/gpde_diffusers_sd15_nfe10_cfg_seed_sweep/samples/diffusers/stable_diffusion_15/euler/cfg_5/GPDE/seed_000/nfe_010/000043.jpg,outputs/gpde_diffusers_sd15_nfe10_cfg_seed_sweep/schedules/GPDE/diffusers/stable_diffusion_15/euler/cfg_5/seed_0/nfe_010,outputs/gpde_diffusers_sd15_nfe10_cfg_seed_sweep/samples/diffusers/stable_diffusion_15/euler/cfg_5/GPDE/seed_000/nfe_010,25.617467880249023,-0.7785300016403198
diffusers,hf_stable_diffusion_15,euler,GPDE,10,0,5.0,44,"a close-up food photograph of ramen with soft egg, steam, and ceramic bowl",outputs/gpde_diffusers_sd15_nfe10_cfg_seed_sweep/samples/diffusers/stable_diffusion_15/euler/cfg_5/GPDE/seed_000/nfe_010/000044.jpg,outputs/gpde_diffusers_sd15_nfe10_cfg_seed_sweep/schedules/GPDE/diffusers/stable_diffusion_15/euler/cfg_5/seed_0/nfe_010,outputs/gpde_diffusers_sd15_nfe10_cfg_seed_sweep/samples/diffusers/stable_diffusion_15/euler/cfg_5/GPDE/seed_000/nfe_010,29.47417449951172,0.5683298110961914
diffusers,hf_stable_diffusion_15,euler,GPDE,10,0,5.0,45,a vibrant parade costume covered with mirrors and embroidered flowers,outputs/gpde_diffusers_sd15_nfe10_cfg_seed_sweep/samples/diffusers/stable_diffusion_15/euler/cfg_5/GPDE/seed_000/nfe_010/000045.jpg,outputs/gpde_diffusers_sd15_nfe10_cfg_seed_sweep/schedules/GPDE/diffusers/stable_diffusion_15/euler/cfg_5/seed_0/nfe_010,outputs/gpde_diffusers_sd15_nfe10_cfg_seed_sweep/samples/diffusers/stable_diffusion_15/euler/cfg_5/GPDE/seed_000/nfe_010,23.663116455078125,-2.258847951889038
diffusers,hf_stable_diffusion_15,euler,GPDE,10,0,5.0,46,a realistic image of a hand-crafted wooden chess set mid game by candlelight,outputs/gpde_diffusers_sd15_nfe10_cfg_seed_sweep/samples/diffusers/stable_diffusion_15/euler/cfg_5/GPDE/seed_000/nfe_010/000046.jpg,outputs/gpde_diffusers_sd15_nfe10_cfg_seed_sweep/schedules/GPDE/diffusers/stable_diffusion_15/euler/cfg_5/seed_0/nfe_010,outputs/gpde_diffusers_sd15_nfe10_cfg_seed_sweep/samples/diffusers/stable_diffusion_15/euler/cfg_5/GPDE/seed_000/nfe_010,25.729183197021484,-1.4428051710128784
diffusers,hf_stable_diffusion_15,euler,GPDE,10,0,5.0,47,a wide angle view of a data center corridor with blue status lights,outputs/gpde_diffusers_sd15_nfe10_cfg_seed_sweep/samples/diffusers/stable_diffusion_15/euler/cfg_5/GPDE/seed_000/nfe_010/000047.jpg,outputs/gpde_diffusers_sd15_nfe10_cfg_seed_sweep/schedules/GPDE/diffusers/stable_diffusion_15/euler/cfg_5/seed_0/nfe_010,outputs/gpde_diffusers_sd15_nfe10_cfg_seed_sweep/samples/diffusers/stable_diffusion_15/euler/cfg_5/GPDE/seed_000/nfe_010,25.104463577270508,1.2594863176345825
diffusers,hf_stable_diffusion_15,euler,GPDE,10,0,5.0,48,a magical realism scene of books flying through an old train carriage,outputs/gpde_diffusers_sd15_nfe10_cfg_seed_sweep/samples/diffusers/stable_diffusion_15/euler/cfg_5/GPDE/seed_000/nfe_010/000048.jpg,outputs/gpde_diffusers_sd15_nfe10_cfg_seed_sweep/schedules/GPDE/diffusers/stable_diffusion_15/euler/cfg_5/seed_0/nfe_010,outputs/gpde_diffusers_sd15_nfe10_cfg_seed_sweep/samples/diffusers/stable_diffusion_15/euler/cfg_5/GPDE/seed_000/nfe_010,32.9238166809082,-0.2878352105617523
diffusers,hf_stable_diffusion_15,euler,GPDE,10,0,5.0,49,a studio portrait of a golden retriever wearing aviator goggles and a red scarf,outputs/gpde_diffusers_sd15_nfe10_cfg_seed_sweep/samples/diffusers/stable_diffusion_15/euler/cfg_5/GPDE/seed_000/nfe_010/000049.jpg,outputs/gpde_diffusers_sd15_nfe10_cfg_seed_sweep/schedules/GPDE/diffusers/stable_diffusion_15/euler/cfg_5/seed_0/nfe_010,outputs/gpde_diffusers_sd15_nfe10_cfg_seed_sweep/samples/diffusers/stable_diffusion_15/euler/cfg_5/GPDE/seed_000/nfe_010,32.12152862548828,1.6043312549591064
diffusers,hf_stable_diffusion_15,euler,GPDE,10,1,5.0,0,"a cinematic portrait of an astronaut botanist in a glass greenhouse on Mars, detailed fabric, soft rim light",outputs/gpde_diffusers_sd15_nfe10_cfg_seed_sweep/samples/diffusers/stable_diffusion_15/euler/cfg_5/GPDE/seed_001/nfe_010/000000.jpg,outputs/gpde_diffusers_sd15_nfe10_cfg_seed_sweep/schedules/GPDE/diffusers/stable_diffusion_15/euler/cfg_5/seed_1/nfe_010,outputs/gpde_diffusers_sd15_nfe10_cfg_seed_sweep/samples/diffusers/stable_diffusion_15/euler/cfg_5/GPDE/seed_001/nfe_010,31.016803741455078,-1.4304449558258057
diffusers,hf_stable_diffusion_15,euler,GPDE,10,1,5.0,1,"a small brass robot repairing an antique clock in a sunlit workshop, shallow depth of field",outputs/gpde_diffusers_sd15_nfe10_cfg_seed_sweep/samples/diffusers/stable_diffusion_15/euler/cfg_5/GPDE/seed_001/nfe_010/000001.jpg,outputs/gpde_diffusers_sd15_nfe10_cfg_seed_sweep/schedules/GPDE/diffusers/stable_diffusion_15/euler/cfg_5/seed_1/nfe_010,outputs/gpde_diffusers_sd15_nfe10_cfg_seed_sweep/samples/diffusers/stable_diffusion_15/euler/cfg_5/GPDE/seed_001/nfe_010,29.751468658447266,-1.4480953216552734
diffusers,hf_stable_diffusion_15,euler,GPDE,10,1,5.0,2,"a watercolor city street after rain with neon signs reflected in puddles, evening atmosphere",outputs/gpde_diffusers_sd15_nfe10_cfg_seed_sweep/samples/diffusers/stable_diffusion_15/euler/cfg_5/GPDE/seed_001/nfe_010/000002.jpg,outputs/gpde_diffusers_sd15_nfe10_cfg_seed_sweep/schedules/GPDE/diffusers/stable_diffusion_15/euler/cfg_5/seed_1/nfe_010,outputs/gpde_diffusers_sd15_nfe10_cfg_seed_sweep/samples/diffusers/stable_diffusion_15/euler/cfg_5/GPDE/seed_001/nfe_010,27.837461471557617,0.3560015559196472
diffusers,hf_stable_diffusion_15,euler,GPDE,10,1,5.0,3,a high resolution studio photo of a ceramic teapot shaped like a seashell on a slate table,outputs/gpde_diffusers_sd15_nfe10_cfg_seed_sweep/samples/diffusers/stable_diffusion_15/euler/cfg_5/GPDE/seed_001/nfe_010/000003.jpg,outputs/gpde_diffusers_sd15_nfe10_cfg_seed_sweep/schedules/GPDE/diffusers/stable_diffusion_15/euler/cfg_5/seed_1/nfe_010,outputs/gpde_diffusers_sd15_nfe10_cfg_seed_sweep/samples/diffusers/stable_diffusion_15/euler/cfg_5/GPDE/seed_001/nfe_010,31.742481231689453,1.2281255722045898
diffusers,hf_stable_diffusion_15,euler,GPDE,10,1,5.0,4,"a fantasy library carved inside a giant tree, spiral stairs, warm lanterns, intricate shelves",outputs/gpde_diffusers_sd15_nfe10_cfg_seed_sweep/samples/diffusers/stable_diffusion_15/euler/cfg_5/GPDE/seed_001/nfe_010/000004.jpg,outputs/gpde_diffusers_sd15_nfe10_cfg_seed_sweep/schedules/GPDE/diffusers/stable_diffusion_15/euler/cfg_5/seed_1/nfe_010,outputs/gpde_diffusers_sd15_nfe10_cfg_seed_sweep/samples/diffusers/stable_diffusion_15/euler/cfg_5/GPDE/seed_001/nfe_010,30.808073043823242,-0.33692145347595215
diffusers,hf_stable_diffusion_15,euler,GPDE,10,1,5.0,5,"a macro photograph of a snowflake resting on dark wool, crisp crystalline detail",outputs/gpde_diffusers_sd15_nfe10_cfg_seed_sweep/samples/diffusers/stable_diffusion_15/euler/cfg_5/GPDE/seed_001/nfe_010/000005.jpg,outputs/gpde_diffusers_sd15_nfe10_cfg_seed_sweep/schedules/GPDE/diffusers/stable_diffusion_15/euler/cfg_5/seed_1/nfe_010,outputs/gpde_diffusers_sd15_nfe10_cfg_seed_sweep/samples/diffusers/stable_diffusion_15/euler/cfg_5/GPDE/seed_001/nfe_010,28.17506217956543,-0.04457877576351166
diffusers,hf_stable_diffusion_15,euler,GPDE,10,1,5.0,6,"a retro futuristic train crossing a desert at sunset, chrome surfaces, long shadows",outputs/gpde_diffusers_sd15_nfe10_cfg_seed_sweep/samples/diffusers/stable_diffusion_15/euler/cfg_5/GPDE/seed_001/nfe_010/000006.jpg,outputs/gpde_diffusers_sd15_nfe10_cfg_seed_sweep/schedules/GPDE/diffusers/stable_diffusion_15/euler/cfg_5/seed_1/nfe_010,outputs/gpde_diffusers_sd15_nfe10_cfg_seed_sweep/samples/diffusers/stable_diffusion_15/euler/cfg_5/GPDE/seed_001/nfe_010,24.92523193359375,0.5588454604148865
diffusers,hf_stable_diffusion_15,euler,GPDE,10,1,5.0,7,"a chef plating a colorful molecular gastronomy dessert, clean restaurant lighting",outputs/gpde_diffusers_sd15_nfe10_cfg_seed_sweep/samples/diffusers/stable_diffusion_15/euler/cfg_5/GPDE/seed_001/nfe_010/000007.jpg,outputs/gpde_diffusers_sd15_nfe10_cfg_seed_sweep/schedules/GPDE/diffusers/stable_diffusion_15/euler/cfg_5/seed_1/nfe_010,outputs/gpde_diffusers_sd15_nfe10_cfg_seed_sweep/samples/diffusers/stable_diffusion_15/euler/cfg_5/GPDE/seed_001/nfe_010,31.4901180267334,-0.2689923942089081
diffusers,hf_stable_diffusion_15,euler,GPDE,10,1,5.0,8,"an isometric cozy bedroom with plants, books, a desk lamp, and a rainy window",outputs/gpde_diffusers_sd15_nfe10_cfg_seed_sweep/samples/diffusers/stable_diffusion_15/euler/cfg_5/GPDE/seed_001/nfe_010/000008.jpg,outputs/gpde_diffusers_sd15_nfe10_cfg_seed_sweep/schedules/GPDE/diffusers/stable_diffusion_15/euler/cfg_5/seed_1/nfe_010,outputs/gpde_diffusers_sd15_nfe10_cfg_seed_sweep/samples/diffusers/stable_diffusion_15/euler/cfg_5/GPDE/seed_001/nfe_010,27.682479858398438,0.37650930881500244
diffusers,hf_stable_diffusion_15,euler,GPDE,10,1,5.0,9,"a dramatic mountain monastery above clouds, sunrise, detailed stone architecture",outputs/gpde_diffusers_sd15_nfe10_cfg_seed_sweep/samples/diffusers/stable_diffusion_15/euler/cfg_5/GPDE/seed_001/nfe_010/000009.jpg,outputs/gpde_diffusers_sd15_nfe10_cfg_seed_sweep/schedules/GPDE/diffusers/stable_diffusion_15/euler/cfg_5/seed_1/nfe_010,outputs/gpde_diffusers_sd15_nfe10_cfg_seed_sweep/samples/diffusers/stable_diffusion_15/euler/cfg_5/GPDE/seed_001/nfe_010,34.072566986083984,0.6489462852478027
diffusers,hf_stable_diffusion_15,euler,GPDE,10,1,5.0,10,a fashion editorial photo of a model wearing a translucent raincoat in Tokyo at night,outputs/gpde_diffusers_sd15_nfe10_cfg_seed_sweep/samples/diffusers/stable_diffusion_15/euler/cfg_5/GPDE/seed_001/nfe_010/000010.jpg,outputs/gpde_diffusers_sd15_nfe10_cfg_seed_sweep/schedules/GPDE/diffusers/stable_diffusion_15/euler/cfg_5/seed_1/nfe_010,outputs/gpde_diffusers_sd15_nfe10_cfg_seed_sweep/samples/diffusers/stable_diffusion_15/euler/cfg_5/GPDE/seed_001/nfe_010,35.23051834106445,1.94632089138031
diffusers,hf_stable_diffusion_15,euler,GPDE,10,1,5.0,11,a realistic red fox statue made of folded paper on a white museum pedestal,outputs/gpde_diffusers_sd15_nfe10_cfg_seed_sweep/samples/diffusers/stable_diffusion_15/euler/cfg_5/GPDE/seed_001/nfe_010/000011.jpg,outputs/gpde_diffusers_sd15_nfe10_cfg_seed_sweep/schedules/GPDE/diffusers/stable_diffusion_15/euler/cfg_5/seed_1/nfe_010,outputs/gpde_diffusers_sd15_nfe10_cfg_seed_sweep/samples/diffusers/stable_diffusion_15/euler/cfg_5/GPDE/seed_001/nfe_010,33.54542922973633,0.7879055142402649
diffusers,hf_stable_diffusion_15,euler,GPDE,10,1,5.0,12,a detailed cutaway illustration of a tiny submarine exploring a coral reef,outputs/gpde_diffusers_sd15_nfe10_cfg_seed_sweep/samples/diffusers/stable_diffusion_15/euler/cfg_5/GPDE/seed_001/nfe_010/000012.jpg,outputs/gpde_diffusers_sd15_nfe10_cfg_seed_sweep/schedules/GPDE/diffusers/stable_diffusion_15/euler/cfg_5/seed_1/nfe_010,outputs/gpde_diffusers_sd15_nfe10_cfg_seed_sweep/samples/diffusers/stable_diffusion_15/euler/cfg_5/GPDE/seed_001/nfe_010,34.02846908569336,1.184200406074524
diffusers,hf_stable_diffusion_15,euler,GPDE,10,1,5.0,13,a product photo of wireless headphones on brushed aluminum with blue accent lighting,outputs/gpde_diffusers_sd15_nfe10_cfg_seed_sweep/samples/diffusers/stable_diffusion_15/euler/cfg_5/GPDE/seed_001/nfe_010/000013.jpg,outputs/gpde_diffusers_sd15_nfe10_cfg_seed_sweep/schedules/GPDE/diffusers/stable_diffusion_15/euler/cfg_5/seed_1/nfe_010,outputs/gpde_diffusers_sd15_nfe10_cfg_seed_sweep/samples/diffusers/stable_diffusion_15/euler/cfg_5/GPDE/seed_001/nfe_010,29.332292556762695,-0.5354901552200317
diffusers,hf_stable_diffusion_15,euler,GPDE,10,1,5.0,14,"a medieval market square during a festival, banners, musicians, detailed crowd",outputs/gpde_diffusers_sd15_nfe10_cfg_seed_sweep/samples/diffusers/stable_diffusion_15/euler/cfg_5/GPDE/seed_001/nfe_010/000014.jpg,outputs/gpde_diffusers_sd15_nfe10_cfg_seed_sweep/schedules/GPDE/diffusers/stable_diffusion_15/euler/cfg_5/seed_1/nfe_010,outputs/gpde_diffusers_sd15_nfe10_cfg_seed_sweep/samples/diffusers/stable_diffusion_15/euler/cfg_5/GPDE/seed_001/nfe_010,28.732120513916016,-0.2753450572490692
diffusers,hf_stable_diffusion_15,euler,GPDE,10,1,5.0,15,an oil painting of a violinist performing in an empty subway station,outputs/gpde_diffusers_sd15_nfe10_cfg_seed_sweep/samples/diffusers/stable_diffusion_15/euler/cfg_5/GPDE/seed_001/nfe_010/000015.jpg,outputs/gpde_diffusers_sd15_nfe10_cfg_seed_sweep/schedules/GPDE/diffusers/stable_diffusion_15/euler/cfg_5/seed_1/nfe_010,outputs/gpde_diffusers_sd15_nfe10_cfg_seed_sweep/samples/diffusers/stable_diffusion_15/euler/cfg_5/GPDE/seed_001/nfe_010,34.47103500366211,-0.18379688262939453
diffusers,hf_stable_diffusion_15,euler,GPDE,10,1,5.0,16,"a close-up portrait of an elderly sailor, weathered skin, navy coat, overcast harbor",outputs/gpde_diffusers_sd15_nfe10_cfg_seed_sweep/samples/diffusers/stable_diffusion_15/euler/cfg_5/GPDE/seed_001/nfe_010/000016.jpg,outputs/gpde_diffusers_sd15_nfe10_cfg_seed_sweep/schedules/GPDE/diffusers/stable_diffusion_15/euler/cfg_5/seed_1/nfe_010,outputs/gpde_diffusers_sd15_nfe10_cfg_seed_sweep/samples/diffusers/stable_diffusion_15/euler/cfg_5/GPDE/seed_001/nfe_010,29.27152442932129,-0.17592628300189972
diffusers,hf_stable_diffusion_15,euler,GPDE,10,1,5.0,17,a clean architectural rendering of a modern cabin beside a frozen lake,outputs/gpde_diffusers_sd15_nfe10_cfg_seed_sweep/samples/diffusers/stable_diffusion_15/euler/cfg_5/GPDE/seed_001/nfe_010/000017.jpg,outputs/gpde_diffusers_sd15_nfe10_cfg_seed_sweep/schedules/GPDE/diffusers/stable_diffusion_15/euler/cfg_5/seed_1/nfe_010,outputs/gpde_diffusers_sd15_nfe10_cfg_seed_sweep/samples/diffusers/stable_diffusion_15/euler/cfg_5/GPDE/seed_001/nfe_010,33.294918060302734,1.544762372970581
diffusers,hf_stable_diffusion_15,euler,GPDE,10,1,5.0,18,a surreal desert filled with floating glass spheres and distant black mountains,outputs/gpde_diffusers_sd15_nfe10_cfg_seed_sweep/samples/diffusers/stable_diffusion_15/euler/cfg_5/GPDE/seed_001/nfe_010/000018.jpg,outputs/gpde_diffusers_sd15_nfe10_cfg_seed_sweep/schedules/GPDE/diffusers/stable_diffusion_15/euler/cfg_5/seed_1/nfe_010,outputs/gpde_diffusers_sd15_nfe10_cfg_seed_sweep/samples/diffusers/stable_diffusion_15/euler/cfg_5/GPDE/seed_001/nfe_010,25.392549514770508,0.6426225304603577
diffusers,hf_stable_diffusion_15,euler,GPDE,10,1,5.0,19,a documentary photo of a scientist collecting ice cores in Antarctica,outputs/gpde_diffusers_sd15_nfe10_cfg_seed_sweep/samples/diffusers/stable_diffusion_15/euler/cfg_5/GPDE/seed_001/nfe_010/000019.jpg,outputs/gpde_diffusers_sd15_nfe10_cfg_seed_sweep/schedules/GPDE/diffusers/stable_diffusion_15/euler/cfg_5/seed_1/nfe_010,outputs/gpde_diffusers_sd15_nfe10_cfg_seed_sweep/samples/diffusers/stable_diffusion_15/euler/cfg_5/GPDE/seed_001/nfe_010,29.351797103881836,-0.5980116128921509
diffusers,hf_stable_diffusion_15,euler,GPDE,10,1,5.0,20,a detailed 3D render of a mechanical hummingbird with copper wings,outputs/gpde_diffusers_sd15_nfe10_cfg_seed_sweep/samples/diffusers/stable_diffusion_15/euler/cfg_5/GPDE/seed_001/nfe_010/000020.jpg,outputs/gpde_diffusers_sd15_nfe10_cfg_seed_sweep/schedules/GPDE/diffusers/stable_diffusion_15/euler/cfg_5/seed_1/nfe_010,outputs/gpde_diffusers_sd15_nfe10_cfg_seed_sweep/samples/diffusers/stable_diffusion_15/euler/cfg_5/GPDE/seed_001/nfe_010,33.5429801940918,0.9320365786552429
diffusers,hf_stable_diffusion_15,euler,GPDE,10,1,5.0,21,"a cozy cafe interior in autumn, pastries, espresso machine, soft morning light",outputs/gpde_diffusers_sd15_nfe10_cfg_seed_sweep/samples/diffusers/stable_diffusion_15/euler/cfg_5/GPDE/seed_001/nfe_010/000021.jpg,outputs/gpde_diffusers_sd15_nfe10_cfg_seed_sweep/schedules/GPDE/diffusers/stable_diffusion_15/euler/cfg_5/seed_1/nfe_010,outputs/gpde_diffusers_sd15_nfe10_cfg_seed_sweep/samples/diffusers/stable_diffusion_15/euler/cfg_5/GPDE/seed_001/nfe_010,27.65097999572754,-0.6507207155227661
diffusers,hf_stable_diffusion_15,euler,GPDE,10,1,5.0,22,"a panoramic view of terraced rice fields under mist, workers in colorful clothing",outputs/gpde_diffusers_sd15_nfe10_cfg_seed_sweep/samples/diffusers/stable_diffusion_15/euler/cfg_5/GPDE/seed_001/nfe_010/000022.jpg,outputs/gpde_diffusers_sd15_nfe10_cfg_seed_sweep/schedules/GPDE/diffusers/stable_diffusion_15/euler/cfg_5/seed_1/nfe_010,outputs/gpde_diffusers_sd15_nfe10_cfg_seed_sweep/samples/diffusers/stable_diffusion_15/euler/cfg_5/GPDE/seed_001/nfe_010,26.805326461791992,-0.29338306188583374
diffusers,hf_stable_diffusion_15,euler,GPDE,10,1,5.0,23,a children's book illustration of a moonlit boat parade on a quiet canal,outputs/gpde_diffusers_sd15_nfe10_cfg_seed_sweep/samples/diffusers/stable_diffusion_15/euler/cfg_5/GPDE/seed_001/nfe_010/000023.jpg,outputs/gpde_diffusers_sd15_nfe10_cfg_seed_sweep/schedules/GPDE/diffusers/stable_diffusion_15/euler/cfg_5/seed_1/nfe_010,outputs/gpde_diffusers_sd15_nfe10_cfg_seed_sweep/samples/diffusers/stable_diffusion_15/euler/cfg_5/GPDE/seed_001/nfe_010,28.36383056640625,-0.519949197769165
diffusers,hf_stable_diffusion_15,euler,GPDE,10,1,5.0,24,"a realistic sports car parked in a concrete tunnel, reflections, low angle",outputs/gpde_diffusers_sd15_nfe10_cfg_seed_sweep/samples/diffusers/stable_diffusion_15/euler/cfg_5/GPDE/seed_001/nfe_010/000024.jpg,outputs/gpde_diffusers_sd15_nfe10_cfg_seed_sweep/schedules/GPDE/diffusers/stable_diffusion_15/euler/cfg_5/seed_1/nfe_010,outputs/gpde_diffusers_sd15_nfe10_cfg_seed_sweep/samples/diffusers/stable_diffusion_15/euler/cfg_5/GPDE/seed_001/nfe_010,28.439531326293945,1.115378975868225
diffusers,hf_stable_diffusion_15,euler,GPDE,10,1,5.0,25,"a botanical diagram of rare orchids with labeled roots and petals, archival paper",outputs/gpde_diffusers_sd15_nfe10_cfg_seed_sweep/samples/diffusers/stable_diffusion_15/euler/cfg_5/GPDE/seed_001/nfe_010/000025.jpg,outputs/gpde_diffusers_sd15_nfe10_cfg_seed_sweep/schedules/GPDE/diffusers/stable_diffusion_15/euler/cfg_5/seed_1/nfe_010,outputs/gpde_diffusers_sd15_nfe10_cfg_seed_sweep/samples/diffusers/stable_diffusion_15/euler/cfg_5/GPDE/seed_001/nfe_010,28.224109649658203,-0.6299325227737427
diffusers,hf_stable_diffusion_15,euler,GPDE,10,1,5.0,26,"a cyberpunk street food stall with steam, lanterns, and dense urban signage",outputs/gpde_diffusers_sd15_nfe10_cfg_seed_sweep/samples/diffusers/stable_diffusion_15/euler/cfg_5/GPDE/seed_001/nfe_010/000026.jpg,outputs/gpde_diffusers_sd15_nfe10_cfg_seed_sweep/schedules/GPDE/diffusers/stable_diffusion_15/euler/cfg_5/seed_1/nfe_010,outputs/gpde_diffusers_sd15_nfe10_cfg_seed_sweep/samples/diffusers/stable_diffusion_15/euler/cfg_5/GPDE/seed_001/nfe_010,30.970169067382812,0.9569335579872131
diffusers,hf_stable_diffusion_15,euler,GPDE,10,1,5.0,27,"a still life of glass fruit bowls, linen cloth, and silver cutlery, natural light",outputs/gpde_diffusers_sd15_nfe10_cfg_seed_sweep/samples/diffusers/stable_diffusion_15/euler/cfg_5/GPDE/seed_001/nfe_010/000027.jpg,outputs/gpde_diffusers_sd15_nfe10_cfg_seed_sweep/schedules/GPDE/diffusers/stable_diffusion_15/euler/cfg_5/seed_1/nfe_010,outputs/gpde_diffusers_sd15_nfe10_cfg_seed_sweep/samples/diffusers/stable_diffusion_15/euler/cfg_5/GPDE/seed_001/nfe_010,30.415416717529297,-1.1908048391342163
diffusers,hf_stable_diffusion_15,euler,GPDE,10,1,5.0,28,a heroic statue covered in vines in an abandoned futuristic plaza,outputs/gpde_diffusers_sd15_nfe10_cfg_seed_sweep/samples/diffusers/stable_diffusion_15/euler/cfg_5/GPDE/seed_001/nfe_010/000028.jpg,outputs/gpde_diffusers_sd15_nfe10_cfg_seed_sweep/schedules/GPDE/diffusers/stable_diffusion_15/euler/cfg_5/seed_1/nfe_010,outputs/gpde_diffusers_sd15_nfe10_cfg_seed_sweep/samples/diffusers/stable_diffusion_15/euler/cfg_5/GPDE/seed_001/nfe_010,26.590282440185547,-1.5624724626541138
diffusers,hf_stable_diffusion_15,euler,GPDE,10,1,5.0,29,a black and white film photograph of dancers rehearsing in a mirror-lined studio,outputs/gpde_diffusers_sd15_nfe10_cfg_seed_sweep/samples/diffusers/stable_diffusion_15/euler/cfg_5/GPDE/seed_001/nfe_010/000029.jpg,outputs/gpde_diffusers_sd15_nfe10_cfg_seed_sweep/schedules/GPDE/diffusers/stable_diffusion_15/euler/cfg_5/seed_1/nfe_010,outputs/gpde_diffusers_sd15_nfe10_cfg_seed_sweep/samples/diffusers/stable_diffusion_15/euler/cfg_5/GPDE/seed_001/nfe_010,28.939516067504883,0.6238731741905212
diffusers,hf_stable_diffusion_15,euler,GPDE,10,1,5.0,30,"a detailed scene of a spacecraft cockpit during reentry, glowing controls, tense mood",outputs/gpde_diffusers_sd15_nfe10_cfg_seed_sweep/samples/diffusers/stable_diffusion_15/euler/cfg_5/GPDE/seed_001/nfe_010/000030.jpg,outputs/gpde_diffusers_sd15_nfe10_cfg_seed_sweep/schedules/GPDE/diffusers/stable_diffusion_15/euler/cfg_5/seed_1/nfe_010,outputs/gpde_diffusers_sd15_nfe10_cfg_seed_sweep/samples/diffusers/stable_diffusion_15/euler/cfg_5/GPDE/seed_001/nfe_010,27.026033401489258,-1.1013779640197754
diffusers,hf_stable_diffusion_15,euler,GPDE,10,1,5.0,31,a claymation style village bakery with tiny loaves and painted signs,outputs/gpde_diffusers_sd15_nfe10_cfg_seed_sweep/samples/diffusers/stable_diffusion_15/euler/cfg_5/GPDE/seed_001/nfe_010/000031.jpg,outputs/gpde_diffusers_sd15_nfe10_cfg_seed_sweep/schedules/GPDE/diffusers/stable_diffusion_15/euler/cfg_5/seed_1/nfe_010,outputs/gpde_diffusers_sd15_nfe10_cfg_seed_sweep/samples/diffusers/stable_diffusion_15/euler/cfg_5/GPDE/seed_001/nfe_010,31.249252319335938,-0.6564434170722961
diffusers,hf_stable_diffusion_15,euler,GPDE,10,1,5.0,32,a realistic underwater photograph of a diver inspecting an ancient marble column,outputs/gpde_diffusers_sd15_nfe10_cfg_seed_sweep/samples/diffusers/stable_diffusion_15/euler/cfg_5/GPDE/seed_001/nfe_010/000032.jpg,outputs/gpde_diffusers_sd15_nfe10_cfg_seed_sweep/schedules/GPDE/diffusers/stable_diffusion_15/euler/cfg_5/seed_1/nfe_010,outputs/gpde_diffusers_sd15_nfe10_cfg_seed_sweep/samples/diffusers/stable_diffusion_15/euler/cfg_5/GPDE/seed_001/nfe_010,31.65397071838379,-0.7286199927330017
diffusers,hf_stable_diffusion_15,euler,GPDE,10,1,5.0,33,"a minimalist poster of a jazz quartet in deep red, cream, and black",outputs/gpde_diffusers_sd15_nfe10_cfg_seed_sweep/samples/diffusers/stable_diffusion_15/euler/cfg_5/GPDE/seed_001/nfe_010/000033.jpg,outputs/gpde_diffusers_sd15_nfe10_cfg_seed_sweep/schedules/GPDE/diffusers/stable_diffusion_15/euler/cfg_5/seed_1/nfe_010,outputs/gpde_diffusers_sd15_nfe10_cfg_seed_sweep/samples/diffusers/stable_diffusion_15/euler/cfg_5/GPDE/seed_001/nfe_010,24.964279174804688,-2.2079458236694336
diffusers,hf_stable_diffusion_15,euler,GPDE,10,1,5.0,34,a high detail portrait of a queen wearing armor made of mother of pearl,outputs/gpde_diffusers_sd15_nfe10_cfg_seed_sweep/samples/diffusers/stable_diffusion_15/euler/cfg_5/GPDE/seed_001/nfe_010/000034.jpg,outputs/gpde_diffusers_sd15_nfe10_cfg_seed_sweep/schedules/GPDE/diffusers/stable_diffusion_15/euler/cfg_5/seed_1/nfe_010,outputs/gpde_diffusers_sd15_nfe10_cfg_seed_sweep/samples/diffusers/stable_diffusion_15/euler/cfg_5/GPDE/seed_001/nfe_010,27.60366439819336,1.114495873451233
diffusers,hf_stable_diffusion_15,euler,GPDE,10,1,5.0,35,"a top-down board game map of an island with forests, cliffs, and hidden ruins",outputs/gpde_diffusers_sd15_nfe10_cfg_seed_sweep/samples/diffusers/stable_diffusion_15/euler/cfg_5/GPDE/seed_001/nfe_010/000035.jpg,outputs/gpde_diffusers_sd15_nfe10_cfg_seed_sweep/schedules/GPDE/diffusers/stable_diffusion_15/euler/cfg_5/seed_1/nfe_010,outputs/gpde_diffusers_sd15_nfe10_cfg_seed_sweep/samples/diffusers/stable_diffusion_15/euler/cfg_5/GPDE/seed_001/nfe_010,27.297466278076172,-1.6169143915176392
diffusers,hf_stable_diffusion_15,euler,GPDE,10,1,5.0,36,"a luxury watch exploded view on a dark background, precise gears and screws",outputs/gpde_diffusers_sd15_nfe10_cfg_seed_sweep/samples/diffusers/stable_diffusion_15/euler/cfg_5/GPDE/seed_001/nfe_010/000036.jpg,outputs/gpde_diffusers_sd15_nfe10_cfg_seed_sweep/schedules/GPDE/diffusers/stable_diffusion_15/euler/cfg_5/seed_1/nfe_010,outputs/gpde_diffusers_sd15_nfe10_cfg_seed_sweep/samples/diffusers/stable_diffusion_15/euler/cfg_5/GPDE/seed_001/nfe_010,26.588302612304688,-0.8517143130302429
diffusers,hf_stable_diffusion_15,euler,GPDE,10,1,5.0,37,"a sunlit greenhouse filled with tomatoes, watering cans, and terracotta pots",outputs/gpde_diffusers_sd15_nfe10_cfg_seed_sweep/samples/diffusers/stable_diffusion_15/euler/cfg_5/GPDE/seed_001/nfe_010/000037.jpg,outputs/gpde_diffusers_sd15_nfe10_cfg_seed_sweep/schedules/GPDE/diffusers/stable_diffusion_15/euler/cfg_5/seed_1/nfe_010,outputs/gpde_diffusers_sd15_nfe10_cfg_seed_sweep/samples/diffusers/stable_diffusion_15/euler/cfg_5/GPDE/seed_001/nfe_010,25.931941986083984,-0.5648136734962463
diffusers,hf_stable_diffusion_15,euler,GPDE,10,1,5.0,38,a night landscape of fireflies over a meadow beside a quiet river,outputs/gpde_diffusers_sd15_nfe10_cfg_seed_sweep/samples/diffusers/stable_diffusion_15/euler/cfg_5/GPDE/seed_001/nfe_010/000038.jpg,outputs/gpde_diffusers_sd15_nfe10_cfg_seed_sweep/schedules/GPDE/diffusers/stable_diffusion_15/euler/cfg_5/seed_1/nfe_010,outputs/gpde_diffusers_sd15_nfe10_cfg_seed_sweep/samples/diffusers/stable_diffusion_15/euler/cfg_5/GPDE/seed_001/nfe_010,26.7300968170166,-1.0996149778366089
diffusers,hf_stable_diffusion_15,euler,GPDE,10,1,5.0,39,a realistic photo of a rescue helicopter landing on a snowy mountain ridge,outputs/gpde_diffusers_sd15_nfe10_cfg_seed_sweep/samples/diffusers/stable_diffusion_15/euler/cfg_5/GPDE/seed_001/nfe_010/000039.jpg,outputs/gpde_diffusers_sd15_nfe10_cfg_seed_sweep/schedules/GPDE/diffusers/stable_diffusion_15/euler/cfg_5/seed_1/nfe_010,outputs/gpde_diffusers_sd15_nfe10_cfg_seed_sweep/samples/diffusers/stable_diffusion_15/euler/cfg_5/GPDE/seed_001/nfe_010,32.5539665222168,0.7818092107772827
diffusers,hf_stable_diffusion_15,euler,GPDE,10,1,5.0,40,a concept art scene of a floating research station above Jupiter's clouds,outputs/gpde_diffusers_sd15_nfe10_cfg_seed_sweep/samples/diffusers/stable_diffusion_15/euler/cfg_5/GPDE/seed_001/nfe_010/000040.jpg,outputs/gpde_diffusers_sd15_nfe10_cfg_seed_sweep/schedules/GPDE/diffusers/stable_diffusion_15/euler/cfg_5/seed_1/nfe_010,outputs/gpde_diffusers_sd15_nfe10_cfg_seed_sweep/samples/diffusers/stable_diffusion_15/euler/cfg_5/GPDE/seed_001/nfe_010,28.722888946533203,-0.6062971353530884
diffusers,hf_stable_diffusion_15,euler,GPDE,10,1,5.0,41,a detailed pencil drawing of an old bicycle leaning against a brick wall,outputs/gpde_diffusers_sd15_nfe10_cfg_seed_sweep/samples/diffusers/stable_diffusion_15/euler/cfg_5/GPDE/seed_001/nfe_010/000041.jpg,outputs/gpde_diffusers_sd15_nfe10_cfg_seed_sweep/schedules/GPDE/diffusers/stable_diffusion_15/euler/cfg_5/seed_1/nfe_010,outputs/gpde_diffusers_sd15_nfe10_cfg_seed_sweep/samples/diffusers/stable_diffusion_15/euler/cfg_5/GPDE/seed_001/nfe_010,33.63067626953125,0.6559631824493408
diffusers,hf_stable_diffusion_15,euler,GPDE,10,1,5.0,42,"a museum diorama of prehistoric sea creatures, dramatic educational lighting",outputs/gpde_diffusers_sd15_nfe10_cfg_seed_sweep/samples/diffusers/stable_diffusion_15/euler/cfg_5/GPDE/seed_001/nfe_010/000042.jpg,outputs/gpde_diffusers_sd15_nfe10_cfg_seed_sweep/schedules/GPDE/diffusers/stable_diffusion_15/euler/cfg_5/seed_1/nfe_010,outputs/gpde_diffusers_sd15_nfe10_cfg_seed_sweep/samples/diffusers/stable_diffusion_15/euler/cfg_5/GPDE/seed_001/nfe_010,27.04667091369629,-0.19842664897441864
diffusers,hf_stable_diffusion_15,euler,GPDE,10,1,5.0,43,"a peaceful Japanese garden with koi pond, stone bridge, and maple leaves",outputs/gpde_diffusers_sd15_nfe10_cfg_seed_sweep/samples/diffusers/stable_diffusion_15/euler/cfg_5/GPDE/seed_001/nfe_010/000043.jpg,outputs/gpde_diffusers_sd15_nfe10_cfg_seed_sweep/schedules/GPDE/diffusers/stable_diffusion_15/euler/cfg_5/seed_1/nfe_010,outputs/gpde_diffusers_sd15_nfe10_cfg_seed_sweep/samples/diffusers/stable_diffusion_15/euler/cfg_5/GPDE/seed_001/nfe_010,25.876813888549805,-0.6605103015899658
diffusers,hf_stable_diffusion_15,euler,GPDE,10,1,5.0,44,"a close-up food photograph of ramen with soft egg, steam, and ceramic bowl",outputs/gpde_diffusers_sd15_nfe10_cfg_seed_sweep/samples/diffusers/stable_diffusion_15/euler/cfg_5/GPDE/seed_001/nfe_010/000044.jpg,outputs/gpde_diffusers_sd15_nfe10_cfg_seed_sweep/schedules/GPDE/diffusers/stable_diffusion_15/euler/cfg_5/seed_1/nfe_010,outputs/gpde_diffusers_sd15_nfe10_cfg_seed_sweep/samples/diffusers/stable_diffusion_15/euler/cfg_5/GPDE/seed_001/nfe_010,33.64687728881836,0.19848684966564178
diffusers,hf_stable_diffusion_15,euler,GPDE,10,1,5.0,45,a vibrant parade costume covered with mirrors and embroidered flowers,outputs/gpde_diffusers_sd15_nfe10_cfg_seed_sweep/samples/diffusers/stable_diffusion_15/euler/cfg_5/GPDE/seed_001/nfe_010/000045.jpg,outputs/gpde_diffusers_sd15_nfe10_cfg_seed_sweep/schedules/GPDE/diffusers/stable_diffusion_15/euler/cfg_5/seed_1/nfe_010,outputs/gpde_diffusers_sd15_nfe10_cfg_seed_sweep/samples/diffusers/stable_diffusion_15/euler/cfg_5/GPDE/seed_001/nfe_010,29.825071334838867,-0.3308473527431488
diffusers,hf_stable_diffusion_15,euler,GPDE,10,1,5.0,46,a realistic image of a hand-crafted wooden chess set mid game by candlelight,outputs/gpde_diffusers_sd15_nfe10_cfg_seed_sweep/samples/diffusers/stable_diffusion_15/euler/cfg_5/GPDE/seed_001/nfe_010/000046.jpg,outputs/gpde_diffusers_sd15_nfe10_cfg_seed_sweep/schedules/GPDE/diffusers/stable_diffusion_15/euler/cfg_5/seed_1/nfe_010,outputs/gpde_diffusers_sd15_nfe10_cfg_seed_sweep/samples/diffusers/stable_diffusion_15/euler/cfg_5/GPDE/seed_001/nfe_010,27.80948257446289,-0.6410488486289978
diffusers,hf_stable_diffusion_15,euler,GPDE,10,1,5.0,47,a wide angle view of a data center corridor with blue status lights,outputs/gpde_diffusers_sd15_nfe10_cfg_seed_sweep/samples/diffusers/stable_diffusion_15/euler/cfg_5/GPDE/seed_001/nfe_010/000047.jpg,outputs/gpde_diffusers_sd15_nfe10_cfg_seed_sweep/schedules/GPDE/diffusers/stable_diffusion_15/euler/cfg_5/seed_1/nfe_010,outputs/gpde_diffusers_sd15_nfe10_cfg_seed_sweep/samples/diffusers/stable_diffusion_15/euler/cfg_5/GPDE/seed_001/nfe_010,22.507164001464844,1.482729196548462
diffusers,hf_stable_diffusion_15,euler,GPDE,10,1,5.0,48,a magical realism scene of books flying through an old train carriage,outputs/gpde_diffusers_sd15_nfe10_cfg_seed_sweep/samples/diffusers/stable_diffusion_15/euler/cfg_5/GPDE/seed_001/nfe_010/000048.jpg,outputs/gpde_diffusers_sd15_nfe10_cfg_seed_sweep/schedules/GPDE/diffusers/stable_diffusion_15/euler/cfg_5/seed_1/nfe_010,outputs/gpde_diffusers_sd15_nfe10_cfg_seed_sweep/samples/diffusers/stable_diffusion_15/euler/cfg_5/GPDE/seed_001/nfe_010,30.467575073242188,-0.8073501586914062
diffusers,hf_stable_diffusion_15,euler,GPDE,10,1,5.0,49,a studio portrait of a golden retriever wearing aviator goggles and a red scarf,outputs/gpde_diffusers_sd15_nfe10_cfg_seed_sweep/samples/diffusers/stable_diffusion_15/euler/cfg_5/GPDE/seed_001/nfe_010/000049.jpg,outputs/gpde_diffusers_sd15_nfe10_cfg_seed_sweep/schedules/GPDE/diffusers/stable_diffusion_15/euler/cfg_5/seed_1/nfe_010,outputs/gpde_diffusers_sd15_nfe10_cfg_seed_sweep/samples/diffusers/stable_diffusion_15/euler/cfg_5/GPDE/seed_001/nfe_010,35.817317962646484,1.5126395225524902
diffusers,hf_stable_diffusion_15,euler,GPDE,10,2,5.0,0,"a cinematic portrait of an astronaut botanist in a glass greenhouse on Mars, detailed fabric, soft rim light",outputs/gpde_diffusers_sd15_nfe10_cfg_seed_sweep/samples/diffusers/stable_diffusion_15/euler/cfg_5/GPDE/seed_002/nfe_010/000000.jpg,outputs/gpde_diffusers_sd15_nfe10_cfg_seed_sweep/schedules/GPDE/diffusers/stable_diffusion_15/euler/cfg_5/seed_2/nfe_010,outputs/gpde_diffusers_sd15_nfe10_cfg_seed_sweep/samples/diffusers/stable_diffusion_15/euler/cfg_5/GPDE/seed_002/nfe_010,26.750919342041016,-1.7819920778274536
diffusers,hf_stable_diffusion_15,euler,GPDE,10,2,5.0,1,"a small brass robot repairing an antique clock in a sunlit workshop, shallow depth of field",outputs/gpde_diffusers_sd15_nfe10_cfg_seed_sweep/samples/diffusers/stable_diffusion_15/euler/cfg_5/GPDE/seed_002/nfe_010/000001.jpg,outputs/gpde_diffusers_sd15_nfe10_cfg_seed_sweep/schedules/GPDE/diffusers/stable_diffusion_15/euler/cfg_5/seed_2/nfe_010,outputs/gpde_diffusers_sd15_nfe10_cfg_seed_sweep/samples/diffusers/stable_diffusion_15/euler/cfg_5/GPDE/seed_002/nfe_010,24.40167808532715,-1.914980411529541
diffusers,hf_stable_diffusion_15,euler,GPDE,10,2,5.0,2,"a watercolor city street after rain with neon signs reflected in puddles, evening atmosphere",outputs/gpde_diffusers_sd15_nfe10_cfg_seed_sweep/samples/diffusers/stable_diffusion_15/euler/cfg_5/GPDE/seed_002/nfe_010/000002.jpg,outputs/gpde_diffusers_sd15_nfe10_cfg_seed_sweep/schedules/GPDE/diffusers/stable_diffusion_15/euler/cfg_5/seed_2/nfe_010,outputs/gpde_diffusers_sd15_nfe10_cfg_seed_sweep/samples/diffusers/stable_diffusion_15/euler/cfg_5/GPDE/seed_002/nfe_010,27.326213836669922,0.8082655668258667
diffusers,hf_stable_diffusion_15,euler,GPDE,10,2,5.0,3,a high resolution studio photo of a ceramic teapot shaped like a seashell on a slate table,outputs/gpde_diffusers_sd15_nfe10_cfg_seed_sweep/samples/diffusers/stable_diffusion_15/euler/cfg_5/GPDE/seed_002/nfe_010/000003.jpg,outputs/gpde_diffusers_sd15_nfe10_cfg_seed_sweep/schedules/GPDE/diffusers/stable_diffusion_15/euler/cfg_5/seed_2/nfe_010,outputs/gpde_diffusers_sd15_nfe10_cfg_seed_sweep/samples/diffusers/stable_diffusion_15/euler/cfg_5/GPDE/seed_002/nfe_010,32.76459503173828,1.0992339849472046
diffusers,hf_stable_diffusion_15,euler,GPDE,10,2,5.0,4,"a fantasy library carved inside a giant tree, spiral stairs, warm lanterns, intricate shelves",outputs/gpde_diffusers_sd15_nfe10_cfg_seed_sweep/samples/diffusers/stable_diffusion_15/euler/cfg_5/GPDE/seed_002/nfe_010/000004.jpg,outputs/gpde_diffusers_sd15_nfe10_cfg_seed_sweep/schedules/GPDE/diffusers/stable_diffusion_15/euler/cfg_5/seed_2/nfe_010,outputs/gpde_diffusers_sd15_nfe10_cfg_seed_sweep/samples/diffusers/stable_diffusion_15/euler/cfg_5/GPDE/seed_002/nfe_010,25.823944091796875,-0.6017223596572876
diffusers,hf_stable_diffusion_15,euler,GPDE,10,2,5.0,5,"a macro photograph of a snowflake resting on dark wool, crisp crystalline detail",outputs/gpde_diffusers_sd15_nfe10_cfg_seed_sweep/samples/diffusers/stable_diffusion_15/euler/cfg_5/GPDE/seed_002/nfe_010/000005.jpg,outputs/gpde_diffusers_sd15_nfe10_cfg_seed_sweep/schedules/GPDE/diffusers/stable_diffusion_15/euler/cfg_5/seed_2/nfe_010,outputs/gpde_diffusers_sd15_nfe10_cfg_seed_sweep/samples/diffusers/stable_diffusion_15/euler/cfg_5/GPDE/seed_002/nfe_010,28.142696380615234,-0.8172170519828796
diffusers,hf_stable_diffusion_15,euler,GPDE,10,2,5.0,6,"a retro futuristic train crossing a desert at sunset, chrome surfaces, long shadows",outputs/gpde_diffusers_sd15_nfe10_cfg_seed_sweep/samples/diffusers/stable_diffusion_15/euler/cfg_5/GPDE/seed_002/nfe_010/000006.jpg,outputs/gpde_diffusers_sd15_nfe10_cfg_seed_sweep/schedules/GPDE/diffusers/stable_diffusion_15/euler/cfg_5/seed_2/nfe_010,outputs/gpde_diffusers_sd15_nfe10_cfg_seed_sweep/samples/diffusers/stable_diffusion_15/euler/cfg_5/GPDE/seed_002/nfe_010,26.95029640197754,1.4882738590240479
diffusers,hf_stable_diffusion_15,euler,GPDE,10,2,5.0,7,"a chef plating a colorful molecular gastronomy dessert, clean restaurant lighting",outputs/gpde_diffusers_sd15_nfe10_cfg_seed_sweep/samples/diffusers/stable_diffusion_15/euler/cfg_5/GPDE/seed_002/nfe_010/000007.jpg,outputs/gpde_diffusers_sd15_nfe10_cfg_seed_sweep/schedules/GPDE/diffusers/stable_diffusion_15/euler/cfg_5/seed_2/nfe_010,outputs/gpde_diffusers_sd15_nfe10_cfg_seed_sweep/samples/diffusers/stable_diffusion_15/euler/cfg_5/GPDE/seed_002/nfe_010,25.53508949279785,0.43322592973709106
diffusers,hf_stable_diffusion_15,euler,GPDE,10,2,5.0,8,"an isometric cozy bedroom with plants, books, a desk lamp, and a rainy window",outputs/gpde_diffusers_sd15_nfe10_cfg_seed_sweep/samples/diffusers/stable_diffusion_15/euler/cfg_5/GPDE/seed_002/nfe_010/000008.jpg,outputs/gpde_diffusers_sd15_nfe10_cfg_seed_sweep/schedules/GPDE/diffusers/stable_diffusion_15/euler/cfg_5/seed_2/nfe_010,outputs/gpde_diffusers_sd15_nfe10_cfg_seed_sweep/samples/diffusers/stable_diffusion_15/euler/cfg_5/GPDE/seed_002/nfe_010,28.010665893554688,-1.1347615718841553
diffusers,hf_stable_diffusion_15,euler,GPDE,10,2,5.0,9,"a dramatic mountain monastery above clouds, sunrise, detailed stone architecture",outputs/gpde_diffusers_sd15_nfe10_cfg_seed_sweep/samples/diffusers/stable_diffusion_15/euler/cfg_5/GPDE/seed_002/nfe_010/000009.jpg,outputs/gpde_diffusers_sd15_nfe10_cfg_seed_sweep/schedules/GPDE/diffusers/stable_diffusion_15/euler/cfg_5/seed_2/nfe_010,outputs/gpde_diffusers_sd15_nfe10_cfg_seed_sweep/samples/diffusers/stable_diffusion_15/euler/cfg_5/GPDE/seed_002/nfe_010,30.566967010498047,1.6609625816345215
diffusers,hf_stable_diffusion_15,euler,GPDE,10,2,5.0,10,a fashion editorial photo of a model wearing a translucent raincoat in Tokyo at night,outputs/gpde_diffusers_sd15_nfe10_cfg_seed_sweep/samples/diffusers/stable_diffusion_15/euler/cfg_5/GPDE/seed_002/nfe_010/000010.jpg,outputs/gpde_diffusers_sd15_nfe10_cfg_seed_sweep/schedules/GPDE/diffusers/stable_diffusion_15/euler/cfg_5/seed_2/nfe_010,outputs/gpde_diffusers_sd15_nfe10_cfg_seed_sweep/samples/diffusers/stable_diffusion_15/euler/cfg_5/GPDE/seed_002/nfe_010,35.81127166748047,0.40704450011253357
diffusers,hf_stable_diffusion_15,euler,GPDE,10,2,5.0,11,a realistic red fox statue made of folded paper on a white museum pedestal,outputs/gpde_diffusers_sd15_nfe10_cfg_seed_sweep/samples/diffusers/stable_diffusion_15/euler/cfg_5/GPDE/seed_002/nfe_010/000011.jpg,outputs/gpde_diffusers_sd15_nfe10_cfg_seed_sweep/schedules/GPDE/diffusers/stable_diffusion_15/euler/cfg_5/seed_2/nfe_010,outputs/gpde_diffusers_sd15_nfe10_cfg_seed_sweep/samples/diffusers/stable_diffusion_15/euler/cfg_5/GPDE/seed_002/nfe_010,33.10901641845703,0.44370007514953613
diffusers,hf_stable_diffusion_15,euler,GPDE,10,2,5.0,12,a detailed cutaway illustration of a tiny submarine exploring a coral reef,outputs/gpde_diffusers_sd15_nfe10_cfg_seed_sweep/samples/diffusers/stable_diffusion_15/euler/cfg_5/GPDE/seed_002/nfe_010/000012.jpg,outputs/gpde_diffusers_sd15_nfe10_cfg_seed_sweep/schedules/GPDE/diffusers/stable_diffusion_15/euler/cfg_5/seed_2/nfe_010,outputs/gpde_diffusers_sd15_nfe10_cfg_seed_sweep/samples/diffusers/stable_diffusion_15/euler/cfg_5/GPDE/seed_002/nfe_010,37.09407424926758,0.6155281066894531
diffusers,hf_stable_diffusion_15,euler,GPDE,10,2,5.0,13,a product photo of wireless headphones on brushed aluminum with blue accent lighting,outputs/gpde_diffusers_sd15_nfe10_cfg_seed_sweep/samples/diffusers/stable_diffusion_15/euler/cfg_5/GPDE/seed_002/nfe_010/000013.jpg,outputs/gpde_diffusers_sd15_nfe10_cfg_seed_sweep/schedules/GPDE/diffusers/stable_diffusion_15/euler/cfg_5/seed_2/nfe_010,outputs/gpde_diffusers_sd15_nfe10_cfg_seed_sweep/samples/diffusers/stable_diffusion_15/euler/cfg_5/GPDE/seed_002/nfe_010,21.531349182128906,-1.9489182233810425
diffusers,hf_stable_diffusion_15,euler,GPDE,10,2,5.0,14,"a medieval market square during a festival, banners, musicians, detailed crowd",outputs/gpde_diffusers_sd15_nfe10_cfg_seed_sweep/samples/diffusers/stable_diffusion_15/euler/cfg_5/GPDE/seed_002/nfe_010/000014.jpg,outputs/gpde_diffusers_sd15_nfe10_cfg_seed_sweep/schedules/GPDE/diffusers/stable_diffusion_15/euler/cfg_5/seed_2/nfe_010,outputs/gpde_diffusers_sd15_nfe10_cfg_seed_sweep/samples/diffusers/stable_diffusion_15/euler/cfg_5/GPDE/seed_002/nfe_010,30.649250030517578,0.023128796368837357
diffusers,hf_stable_diffusion_15,euler,GPDE,10,2,5.0,15,an oil painting of a violinist performing in an empty subway station,outputs/gpde_diffusers_sd15_nfe10_cfg_seed_sweep/samples/diffusers/stable_diffusion_15/euler/cfg_5/GPDE/seed_002/nfe_010/000015.jpg,outputs/gpde_diffusers_sd15_nfe10_cfg_seed_sweep/schedules/GPDE/diffusers/stable_diffusion_15/euler/cfg_5/seed_2/nfe_010,outputs/gpde_diffusers_sd15_nfe10_cfg_seed_sweep/samples/diffusers/stable_diffusion_15/euler/cfg_5/GPDE/seed_002/nfe_010,39.37127685546875,1.5243586301803589
diffusers,hf_stable_diffusion_15,euler,GPDE,10,2,5.0,16,"a close-up portrait of an elderly sailor, weathered skin, navy coat, overcast harbor",outputs/gpde_diffusers_sd15_nfe10_cfg_seed_sweep/samples/diffusers/stable_diffusion_15/euler/cfg_5/GPDE/seed_002/nfe_010/000016.jpg,outputs/gpde_diffusers_sd15_nfe10_cfg_seed_sweep/schedules/GPDE/diffusers/stable_diffusion_15/euler/cfg_5/seed_2/nfe_010,outputs/gpde_diffusers_sd15_nfe10_cfg_seed_sweep/samples/diffusers/stable_diffusion_15/euler/cfg_5/GPDE/seed_002/nfe_010,29.681241989135742,0.9730657339096069
diffusers,hf_stable_diffusion_15,euler,GPDE,10,2,5.0,17,a clean architectural rendering of a modern cabin beside a frozen lake,outputs/gpde_diffusers_sd15_nfe10_cfg_seed_sweep/samples/diffusers/stable_diffusion_15/euler/cfg_5/GPDE/seed_002/nfe_010/000017.jpg,outputs/gpde_diffusers_sd15_nfe10_cfg_seed_sweep/schedules/GPDE/diffusers/stable_diffusion_15/euler/cfg_5/seed_2/nfe_010,outputs/gpde_diffusers_sd15_nfe10_cfg_seed_sweep/samples/diffusers/stable_diffusion_15/euler/cfg_5/GPDE/seed_002/nfe_010,33.428035736083984,0.07182304561138153
diffusers,hf_stable_diffusion_15,euler,GPDE,10,2,5.0,18,a surreal desert filled with floating glass spheres and distant black mountains,outputs/gpde_diffusers_sd15_nfe10_cfg_seed_sweep/samples/diffusers/stable_diffusion_15/euler/cfg_5/GPDE/seed_002/nfe_010/000018.jpg,outputs/gpde_diffusers_sd15_nfe10_cfg_seed_sweep/schedules/GPDE/diffusers/stable_diffusion_15/euler/cfg_5/seed_2/nfe_010,outputs/gpde_diffusers_sd15_nfe10_cfg_seed_sweep/samples/diffusers/stable_diffusion_15/euler/cfg_5/GPDE/seed_002/nfe_010,26.89313507080078,-1.0762791633605957
diffusers,hf_stable_diffusion_15,euler,GPDE,10,2,5.0,19,a documentary photo of a scientist collecting ice cores in Antarctica,outputs/gpde_diffusers_sd15_nfe10_cfg_seed_sweep/samples/diffusers/stable_diffusion_15/euler/cfg_5/GPDE/seed_002/nfe_010/000019.jpg,outputs/gpde_diffusers_sd15_nfe10_cfg_seed_sweep/schedules/GPDE/diffusers/stable_diffusion_15/euler/cfg_5/seed_2/nfe_010,outputs/gpde_diffusers_sd15_nfe10_cfg_seed_sweep/samples/diffusers/stable_diffusion_15/euler/cfg_5/GPDE/seed_002/nfe_010,29.636987686157227,0.6049725413322449
diffusers,hf_stable_diffusion_15,euler,GPDE,10,2,5.0,20,a detailed 3D render of a mechanical hummingbird with copper wings,outputs/gpde_diffusers_sd15_nfe10_cfg_seed_sweep/samples/diffusers/stable_diffusion_15/euler/cfg_5/GPDE/seed_002/nfe_010/000020.jpg,outputs/gpde_diffusers_sd15_nfe10_cfg_seed_sweep/schedules/GPDE/diffusers/stable_diffusion_15/euler/cfg_5/seed_2/nfe_010,outputs/gpde_diffusers_sd15_nfe10_cfg_seed_sweep/samples/diffusers/stable_diffusion_15/euler/cfg_5/GPDE/seed_002/nfe_010,28.604995727539062,-0.2955608367919922
diffusers,hf_stable_diffusion_15,euler,GPDE,10,2,5.0,21,"a cozy cafe interior in autumn, pastries, espresso machine, soft morning light",outputs/gpde_diffusers_sd15_nfe10_cfg_seed_sweep/samples/diffusers/stable_diffusion_15/euler/cfg_5/GPDE/seed_002/nfe_010/000021.jpg,outputs/gpde_diffusers_sd15_nfe10_cfg_seed_sweep/schedules/GPDE/diffusers/stable_diffusion_15/euler/cfg_5/seed_2/nfe_010,outputs/gpde_diffusers_sd15_nfe10_cfg_seed_sweep/samples/diffusers/stable_diffusion_15/euler/cfg_5/GPDE/seed_002/nfe_010,30.11518669128418,-0.7971833348274231
diffusers,hf_stable_diffusion_15,euler,GPDE,10,2,5.0,22,"a panoramic view of terraced rice fields under mist, workers in colorful clothing",outputs/gpde_diffusers_sd15_nfe10_cfg_seed_sweep/samples/diffusers/stable_diffusion_15/euler/cfg_5/GPDE/seed_002/nfe_010/000022.jpg,outputs/gpde_diffusers_sd15_nfe10_cfg_seed_sweep/schedules/GPDE/diffusers/stable_diffusion_15/euler/cfg_5/seed_2/nfe_010,outputs/gpde_diffusers_sd15_nfe10_cfg_seed_sweep/samples/diffusers/stable_diffusion_15/euler/cfg_5/GPDE/seed_002/nfe_010,29.345502853393555,1.0703798532485962
diffusers,hf_stable_diffusion_15,euler,GPDE,10,2,5.0,23,a children's book illustration of a moonlit boat parade on a quiet canal,outputs/gpde_diffusers_sd15_nfe10_cfg_seed_sweep/samples/diffusers/stable_diffusion_15/euler/cfg_5/GPDE/seed_002/nfe_010/000023.jpg,outputs/gpde_diffusers_sd15_nfe10_cfg_seed_sweep/schedules/GPDE/diffusers/stable_diffusion_15/euler/cfg_5/seed_2/nfe_010,outputs/gpde_diffusers_sd15_nfe10_cfg_seed_sweep/samples/diffusers/stable_diffusion_15/euler/cfg_5/GPDE/seed_002/nfe_010,30.82674217224121,0.31017327308654785
diffusers,hf_stable_diffusion_15,euler,GPDE,10,2,5.0,24,"a realistic sports car parked in a concrete tunnel, reflections, low angle",outputs/gpde_diffusers_sd15_nfe10_cfg_seed_sweep/samples/diffusers/stable_diffusion_15/euler/cfg_5/GPDE/seed_002/nfe_010/000024.jpg,outputs/gpde_diffusers_sd15_nfe10_cfg_seed_sweep/schedules/GPDE/diffusers/stable_diffusion_15/euler/cfg_5/seed_2/nfe_010,outputs/gpde_diffusers_sd15_nfe10_cfg_seed_sweep/samples/diffusers/stable_diffusion_15/euler/cfg_5/GPDE/seed_002/nfe_010,29.4932804107666,1.0408689975738525
diffusers,hf_stable_diffusion_15,euler,GPDE,10,2,5.0,25,"a botanical diagram of rare orchids with labeled roots and petals, archival paper",outputs/gpde_diffusers_sd15_nfe10_cfg_seed_sweep/samples/diffusers/stable_diffusion_15/euler/cfg_5/GPDE/seed_002/nfe_010/000025.jpg,outputs/gpde_diffusers_sd15_nfe10_cfg_seed_sweep/schedules/GPDE/diffusers/stable_diffusion_15/euler/cfg_5/seed_2/nfe_010,outputs/gpde_diffusers_sd15_nfe10_cfg_seed_sweep/samples/diffusers/stable_diffusion_15/euler/cfg_5/GPDE/seed_002/nfe_010,27.833599090576172,-0.10832785069942474
diffusers,hf_stable_diffusion_15,euler,GPDE,10,2,5.0,26,"a cyberpunk street food stall with steam, lanterns, and dense urban signage",outputs/gpde_diffusers_sd15_nfe10_cfg_seed_sweep/samples/diffusers/stable_diffusion_15/euler/cfg_5/GPDE/seed_002/nfe_010/000026.jpg,outputs/gpde_diffusers_sd15_nfe10_cfg_seed_sweep/schedules/GPDE/diffusers/stable_diffusion_15/euler/cfg_5/seed_2/nfe_010,outputs/gpde_diffusers_sd15_nfe10_cfg_seed_sweep/samples/diffusers/stable_diffusion_15/euler/cfg_5/GPDE/seed_002/nfe_010,28.813016891479492,-0.12126988172531128
diffusers,hf_stable_diffusion_15,euler,GPDE,10,2,5.0,27,"a still life of glass fruit bowls, linen cloth, and silver cutlery, natural light",outputs/gpde_diffusers_sd15_nfe10_cfg_seed_sweep/samples/diffusers/stable_diffusion_15/euler/cfg_5/GPDE/seed_002/nfe_010/000027.jpg,outputs/gpde_diffusers_sd15_nfe10_cfg_seed_sweep/schedules/GPDE/diffusers/stable_diffusion_15/euler/cfg_5/seed_2/nfe_010,outputs/gpde_diffusers_sd15_nfe10_cfg_seed_sweep/samples/diffusers/stable_diffusion_15/euler/cfg_5/GPDE/seed_002/nfe_010,30.67428970336914,-1.4850974082946777
diffusers,hf_stable_diffusion_15,euler,GPDE,10,2,5.0,28,a heroic statue covered in vines in an abandoned futuristic plaza,outputs/gpde_diffusers_sd15_nfe10_cfg_seed_sweep/samples/diffusers/stable_diffusion_15/euler/cfg_5/GPDE/seed_002/nfe_010/000028.jpg,outputs/gpde_diffusers_sd15_nfe10_cfg_seed_sweep/schedules/GPDE/diffusers/stable_diffusion_15/euler/cfg_5/seed_2/nfe_010,outputs/gpde_diffusers_sd15_nfe10_cfg_seed_sweep/samples/diffusers/stable_diffusion_15/euler/cfg_5/GPDE/seed_002/nfe_010,31.415546417236328,-1.1675161123275757
diffusers,hf_stable_diffusion_15,euler,GPDE,10,2,5.0,29,a black and white film photograph of dancers rehearsing in a mirror-lined studio,outputs/gpde_diffusers_sd15_nfe10_cfg_seed_sweep/samples/diffusers/stable_diffusion_15/euler/cfg_5/GPDE/seed_002/nfe_010/000029.jpg,outputs/gpde_diffusers_sd15_nfe10_cfg_seed_sweep/schedules/GPDE/diffusers/stable_diffusion_15/euler/cfg_5/seed_2/nfe_010,outputs/gpde_diffusers_sd15_nfe10_cfg_seed_sweep/samples/diffusers/stable_diffusion_15/euler/cfg_5/GPDE/seed_002/nfe_010,31.418025970458984,1.0004178285598755
diffusers,hf_stable_diffusion_15,euler,GPDE,10,2,5.0,30,"a detailed scene of a spacecraft cockpit during reentry, glowing controls, tense mood",outputs/gpde_diffusers_sd15_nfe10_cfg_seed_sweep/samples/diffusers/stable_diffusion_15/euler/cfg_5/GPDE/seed_002/nfe_010/000030.jpg,outputs/gpde_diffusers_sd15_nfe10_cfg_seed_sweep/schedules/GPDE/diffusers/stable_diffusion_15/euler/cfg_5/seed_2/nfe_010,outputs/gpde_diffusers_sd15_nfe10_cfg_seed_sweep/samples/diffusers/stable_diffusion_15/euler/cfg_5/GPDE/seed_002/nfe_010,27.646013259887695,-1.1301414966583252
diffusers,hf_stable_diffusion_15,euler,GPDE,10,2,5.0,31,a claymation style village bakery with tiny loaves and painted signs,outputs/gpde_diffusers_sd15_nfe10_cfg_seed_sweep/samples/diffusers/stable_diffusion_15/euler/cfg_5/GPDE/seed_002/nfe_010/000031.jpg,outputs/gpde_diffusers_sd15_nfe10_cfg_seed_sweep/schedules/GPDE/diffusers/stable_diffusion_15/euler/cfg_5/seed_2/nfe_010,outputs/gpde_diffusers_sd15_nfe10_cfg_seed_sweep/samples/diffusers/stable_diffusion_15/euler/cfg_5/GPDE/seed_002/nfe_010,30.46675682067871,-1.5844132900238037
diffusers,hf_stable_diffusion_15,euler,GPDE,10,2,5.0,32,a realistic underwater photograph of a diver inspecting an ancient marble column,outputs/gpde_diffusers_sd15_nfe10_cfg_seed_sweep/samples/diffusers/stable_diffusion_15/euler/cfg_5/GPDE/seed_002/nfe_010/000032.jpg,outputs/gpde_diffusers_sd15_nfe10_cfg_seed_sweep/schedules/GPDE/diffusers/stable_diffusion_15/euler/cfg_5/seed_2/nfe_010,outputs/gpde_diffusers_sd15_nfe10_cfg_seed_sweep/samples/diffusers/stable_diffusion_15/euler/cfg_5/GPDE/seed_002/nfe_010,27.8389835357666,0.3986586928367615
diffusers,hf_stable_diffusion_15,euler,GPDE,10,2,5.0,33,"a minimalist poster of a jazz quartet in deep red, cream, and black",outputs/gpde_diffusers_sd15_nfe10_cfg_seed_sweep/samples/diffusers/stable_diffusion_15/euler/cfg_5/GPDE/seed_002/nfe_010/000033.jpg,outputs/gpde_diffusers_sd15_nfe10_cfg_seed_sweep/schedules/GPDE/diffusers/stable_diffusion_15/euler/cfg_5/seed_2/nfe_010,outputs/gpde_diffusers_sd15_nfe10_cfg_seed_sweep/samples/diffusers/stable_diffusion_15/euler/cfg_5/GPDE/seed_002/nfe_010,31.524826049804688,0.004545855801552534
diffusers,hf_stable_diffusion_15,euler,GPDE,10,2,5.0,34,a high detail portrait of a queen wearing armor made of mother of pearl,outputs/gpde_diffusers_sd15_nfe10_cfg_seed_sweep/samples/diffusers/stable_diffusion_15/euler/cfg_5/GPDE/seed_002/nfe_010/000034.jpg,outputs/gpde_diffusers_sd15_nfe10_cfg_seed_sweep/schedules/GPDE/diffusers/stable_diffusion_15/euler/cfg_5/seed_2/nfe_010,outputs/gpde_diffusers_sd15_nfe10_cfg_seed_sweep/samples/diffusers/stable_diffusion_15/euler/cfg_5/GPDE/seed_002/nfe_010,27.730697631835938,1.4230350255966187
diffusers,hf_stable_diffusion_15,euler,GPDE,10,2,5.0,35,"a top-down board game map of an island with forests, cliffs, and hidden ruins",outputs/gpde_diffusers_sd15_nfe10_cfg_seed_sweep/samples/diffusers/stable_diffusion_15/euler/cfg_5/GPDE/seed_002/nfe_010/000035.jpg,outputs/gpde_diffusers_sd15_nfe10_cfg_seed_sweep/schedules/GPDE/diffusers/stable_diffusion_15/euler/cfg_5/seed_2/nfe_010,outputs/gpde_diffusers_sd15_nfe10_cfg_seed_sweep/samples/diffusers/stable_diffusion_15/euler/cfg_5/GPDE/seed_002/nfe_010,28.380447387695312,-0.43680450320243835
diffusers,hf_stable_diffusion_15,euler,GPDE,10,2,5.0,36,"a luxury watch exploded view on a dark background, precise gears and screws",outputs/gpde_diffusers_sd15_nfe10_cfg_seed_sweep/samples/diffusers/stable_diffusion_15/euler/cfg_5/GPDE/seed_002/nfe_010/000036.jpg,outputs/gpde_diffusers_sd15_nfe10_cfg_seed_sweep/schedules/GPDE/diffusers/stable_diffusion_15/euler/cfg_5/seed_2/nfe_010,outputs/gpde_diffusers_sd15_nfe10_cfg_seed_sweep/samples/diffusers/stable_diffusion_15/euler/cfg_5/GPDE/seed_002/nfe_010,28.72256088256836,0.4893394112586975
diffusers,hf_stable_diffusion_15,euler,GPDE,10,2,5.0,37,"a sunlit greenhouse filled with tomatoes, watering cans, and terracotta pots",outputs/gpde_diffusers_sd15_nfe10_cfg_seed_sweep/samples/diffusers/stable_diffusion_15/euler/cfg_5/GPDE/seed_002/nfe_010/000037.jpg,outputs/gpde_diffusers_sd15_nfe10_cfg_seed_sweep/schedules/GPDE/diffusers/stable_diffusion_15/euler/cfg_5/seed_2/nfe_010,outputs/gpde_diffusers_sd15_nfe10_cfg_seed_sweep/samples/diffusers/stable_diffusion_15/euler/cfg_5/GPDE/seed_002/nfe_010,28.31937599182129,-0.0899747759103775
diffusers,hf_stable_diffusion_15,euler,GPDE,10,2,5.0,38,a night landscape of fireflies over a meadow beside a quiet river,outputs/gpde_diffusers_sd15_nfe10_cfg_seed_sweep/samples/diffusers/stable_diffusion_15/euler/cfg_5/GPDE/seed_002/nfe_010/000038.jpg,outputs/gpde_diffusers_sd15_nfe10_cfg_seed_sweep/schedules/GPDE/diffusers/stable_diffusion_15/euler/cfg_5/seed_2/nfe_010,outputs/gpde_diffusers_sd15_nfe10_cfg_seed_sweep/samples/diffusers/stable_diffusion_15/euler/cfg_5/GPDE/seed_002/nfe_010,27.102941513061523,0.6943977475166321
diffusers,hf_stable_diffusion_15,euler,GPDE,10,2,5.0,39,a realistic photo of a rescue helicopter landing on a snowy mountain ridge,outputs/gpde_diffusers_sd15_nfe10_cfg_seed_sweep/samples/diffusers/stable_diffusion_15/euler/cfg_5/GPDE/seed_002/nfe_010/000039.jpg,outputs/gpde_diffusers_sd15_nfe10_cfg_seed_sweep/schedules/GPDE/diffusers/stable_diffusion_15/euler/cfg_5/seed_2/nfe_010,outputs/gpde_diffusers_sd15_nfe10_cfg_seed_sweep/samples/diffusers/stable_diffusion_15/euler/cfg_5/GPDE/seed_002/nfe_010,31.55011558532715,0.7139787077903748
diffusers,hf_stable_diffusion_15,euler,GPDE,10,2,5.0,40,a concept art scene of a floating research station above Jupiter's clouds,outputs/gpde_diffusers_sd15_nfe10_cfg_seed_sweep/samples/diffusers/stable_diffusion_15/euler/cfg_5/GPDE/seed_002/nfe_010/000040.jpg,outputs/gpde_diffusers_sd15_nfe10_cfg_seed_sweep/schedules/GPDE/diffusers/stable_diffusion_15/euler/cfg_5/seed_2/nfe_010,outputs/gpde_diffusers_sd15_nfe10_cfg_seed_sweep/samples/diffusers/stable_diffusion_15/euler/cfg_5/GPDE/seed_002/nfe_010,28.245323181152344,0.007885820232331753
diffusers,hf_stable_diffusion_15,euler,GPDE,10,2,5.0,41,a detailed pencil drawing of an old bicycle leaning against a brick wall,outputs/gpde_diffusers_sd15_nfe10_cfg_seed_sweep/samples/diffusers/stable_diffusion_15/euler/cfg_5/GPDE/seed_002/nfe_010/000041.jpg,outputs/gpde_diffusers_sd15_nfe10_cfg_seed_sweep/schedules/GPDE/diffusers/stable_diffusion_15/euler/cfg_5/seed_2/nfe_010,outputs/gpde_diffusers_sd15_nfe10_cfg_seed_sweep/samples/diffusers/stable_diffusion_15/euler/cfg_5/GPDE/seed_002/nfe_010,33.4773063659668,0.8209328651428223
diffusers,hf_stable_diffusion_15,euler,GPDE,10,2,5.0,42,"a museum diorama of prehistoric sea creatures, dramatic educational lighting",outputs/gpde_diffusers_sd15_nfe10_cfg_seed_sweep/samples/diffusers/stable_diffusion_15/euler/cfg_5/GPDE/seed_002/nfe_010/000042.jpg,outputs/gpde_diffusers_sd15_nfe10_cfg_seed_sweep/schedules/GPDE/diffusers/stable_diffusion_15/euler/cfg_5/seed_2/nfe_010,outputs/gpde_diffusers_sd15_nfe10_cfg_seed_sweep/samples/diffusers/stable_diffusion_15/euler/cfg_5/GPDE/seed_002/nfe_010,27.942747116088867,-0.5372289419174194
diffusers,hf_stable_diffusion_15,euler,GPDE,10,2,5.0,43,"a peaceful Japanese garden with koi pond, stone bridge, and maple leaves",outputs/gpde_diffusers_sd15_nfe10_cfg_seed_sweep/samples/diffusers/stable_diffusion_15/euler/cfg_5/GPDE/seed_002/nfe_010/000043.jpg,outputs/gpde_diffusers_sd15_nfe10_cfg_seed_sweep/schedules/GPDE/diffusers/stable_diffusion_15/euler/cfg_5/seed_2/nfe_010,outputs/gpde_diffusers_sd15_nfe10_cfg_seed_sweep/samples/diffusers/stable_diffusion_15/euler/cfg_5/GPDE/seed_002/nfe_010,26.091333389282227,-1.7179032564163208
diffusers,hf_stable_diffusion_15,euler,GPDE,10,2,5.0,44,"a close-up food photograph of ramen with soft egg, steam, and ceramic bowl",outputs/gpde_diffusers_sd15_nfe10_cfg_seed_sweep/samples/diffusers/stable_diffusion_15/euler/cfg_5/GPDE/seed_002/nfe_010/000044.jpg,outputs/gpde_diffusers_sd15_nfe10_cfg_seed_sweep/schedules/GPDE/diffusers/stable_diffusion_15/euler/cfg_5/seed_2/nfe_010,outputs/gpde_diffusers_sd15_nfe10_cfg_seed_sweep/samples/diffusers/stable_diffusion_15/euler/cfg_5/GPDE/seed_002/nfe_010,31.78605079650879,0.4592331051826477
diffusers,hf_stable_diffusion_15,euler,GPDE,10,2,5.0,45,a vibrant parade costume covered with mirrors and embroidered flowers,outputs/gpde_diffusers_sd15_nfe10_cfg_seed_sweep/samples/diffusers/stable_diffusion_15/euler/cfg_5/GPDE/seed_002/nfe_010/000045.jpg,outputs/gpde_diffusers_sd15_nfe10_cfg_seed_sweep/schedules/GPDE/diffusers/stable_diffusion_15/euler/cfg_5/seed_2/nfe_010,outputs/gpde_diffusers_sd15_nfe10_cfg_seed_sweep/samples/diffusers/stable_diffusion_15/euler/cfg_5/GPDE/seed_002/nfe_010,29.734256744384766,-0.4661867916584015
diffusers,hf_stable_diffusion_15,euler,GPDE,10,2,5.0,46,a realistic image of a hand-crafted wooden chess set mid game by candlelight,outputs/gpde_diffusers_sd15_nfe10_cfg_seed_sweep/samples/diffusers/stable_diffusion_15/euler/cfg_5/GPDE/seed_002/nfe_010/000046.jpg,outputs/gpde_diffusers_sd15_nfe10_cfg_seed_sweep/schedules/GPDE/diffusers/stable_diffusion_15/euler/cfg_5/seed_2/nfe_010,outputs/gpde_diffusers_sd15_nfe10_cfg_seed_sweep/samples/diffusers/stable_diffusion_15/euler/cfg_5/GPDE/seed_002/nfe_010,26.611316680908203,-0.5139944553375244
diffusers,hf_stable_diffusion_15,euler,GPDE,10,2,5.0,47,a wide angle view of a data center corridor with blue status lights,outputs/gpde_diffusers_sd15_nfe10_cfg_seed_sweep/samples/diffusers/stable_diffusion_15/euler/cfg_5/GPDE/seed_002/nfe_010/000047.jpg,outputs/gpde_diffusers_sd15_nfe10_cfg_seed_sweep/schedules/GPDE/diffusers/stable_diffusion_15/euler/cfg_5/seed_2/nfe_010,outputs/gpde_diffusers_sd15_nfe10_cfg_seed_sweep/samples/diffusers/stable_diffusion_15/euler/cfg_5/GPDE/seed_002/nfe_010,19.685792922973633,1.084498643875122
diffusers,hf_stable_diffusion_15,euler,GPDE,10,2,5.0,48,a magical realism scene of books flying through an old train carriage,outputs/gpde_diffusers_sd15_nfe10_cfg_seed_sweep/samples/diffusers/stable_diffusion_15/euler/cfg_5/GPDE/seed_002/nfe_010/000048.jpg,outputs/gpde_diffusers_sd15_nfe10_cfg_seed_sweep/schedules/GPDE/diffusers/stable_diffusion_15/euler/cfg_5/seed_2/nfe_010,outputs/gpde_diffusers_sd15_nfe10_cfg_seed_sweep/samples/diffusers/stable_diffusion_15/euler/cfg_5/GPDE/seed_002/nfe_010,30.902057647705078,-0.3787383437156677
diffusers,hf_stable_diffusion_15,euler,GPDE,10,2,5.0,49,a studio portrait of a golden retriever wearing aviator goggles and a red scarf,outputs/gpde_diffusers_sd15_nfe10_cfg_seed_sweep/samples/diffusers/stable_diffusion_15/euler/cfg_5/GPDE/seed_002/nfe_010/000049.jpg,outputs/gpde_diffusers_sd15_nfe10_cfg_seed_sweep/schedules/GPDE/diffusers/stable_diffusion_15/euler/cfg_5/seed_2/nfe_010,outputs/gpde_diffusers_sd15_nfe10_cfg_seed_sweep/samples/diffusers/stable_diffusion_15/euler/cfg_5/GPDE/seed_002/nfe_010,28.083595275878906,1.8172181844711304
diffusers,hf_stable_diffusion_15,euler,ays,10,0,5.0,0,"a cinematic portrait of an astronaut botanist in a glass greenhouse on Mars, detailed fabric, soft rim light",outputs/gpde_diffusers_sd15_nfe10_cfg_seed_sweep/samples/diffusers/stable_diffusion_15/euler/cfg_5/ays/seed_000/nfe_010/000000.jpg,schedules/ays_like/published/stable_diffusion_15/nfe_010,outputs/gpde_diffusers_sd15_nfe10_cfg_seed_sweep/samples/diffusers/stable_diffusion_15/euler/cfg_5/ays/seed_000/nfe_010,24.468141555786133,-1.5924469232559204
diffusers,hf_stable_diffusion_15,euler,ays,10,0,5.0,1,"a small brass robot repairing an antique clock in a sunlit workshop, shallow depth of field",outputs/gpde_diffusers_sd15_nfe10_cfg_seed_sweep/samples/diffusers/stable_diffusion_15/euler/cfg_5/ays/seed_000/nfe_010/000001.jpg,schedules/ays_like/published/stable_diffusion_15/nfe_010,outputs/gpde_diffusers_sd15_nfe10_cfg_seed_sweep/samples/diffusers/stable_diffusion_15/euler/cfg_5/ays/seed_000/nfe_010,30.7916202545166,-1.4322961568832397
diffusers,hf_stable_diffusion_15,euler,ays,10,0,5.0,2,"a watercolor city street after rain with neon signs reflected in puddles, evening atmosphere",outputs/gpde_diffusers_sd15_nfe10_cfg_seed_sweep/samples/diffusers/stable_diffusion_15/euler/cfg_5/ays/seed_000/nfe_010/000002.jpg,schedules/ays_like/published/stable_diffusion_15/nfe_010,outputs/gpde_diffusers_sd15_nfe10_cfg_seed_sweep/samples/diffusers/stable_diffusion_15/euler/cfg_5/ays/seed_000/nfe_010,25.41266632080078,0.7787775993347168
diffusers,hf_stable_diffusion_15,euler,ays,10,0,5.0,3,a high resolution studio photo of a ceramic teapot shaped like a seashell on a slate table,outputs/gpde_diffusers_sd15_nfe10_cfg_seed_sweep/samples/diffusers/stable_diffusion_15/euler/cfg_5/ays/seed_000/nfe_010/000003.jpg,schedules/ays_like/published/stable_diffusion_15/nfe_010,outputs/gpde_diffusers_sd15_nfe10_cfg_seed_sweep/samples/diffusers/stable_diffusion_15/euler/cfg_5/ays/seed_000/nfe_010,28.332794189453125,-1.5103249549865723
diffusers,hf_stable_diffusion_15,euler,ays,10,0,5.0,4,"a fantasy library carved inside a giant tree, spiral stairs, warm lanterns, intricate shelves",outputs/gpde_diffusers_sd15_nfe10_cfg_seed_sweep/samples/diffusers/stable_diffusion_15/euler/cfg_5/ays/seed_000/nfe_010/000004.jpg,schedules/ays_like/published/stable_diffusion_15/nfe_010,outputs/gpde_diffusers_sd15_nfe10_cfg_seed_sweep/samples/diffusers/stable_diffusion_15/euler/cfg_5/ays/seed_000/nfe_010,33.36832809448242,1.589074730873108
diffusers,hf_stable_diffusion_15,euler,ays,10,0,5.0,5,"a macro photograph of a snowflake resting on dark wool, crisp crystalline detail",outputs/gpde_diffusers_sd15_nfe10_cfg_seed_sweep/samples/diffusers/stable_diffusion_15/euler/cfg_5/ays/seed_000/nfe_010/000005.jpg,schedules/ays_like/published/stable_diffusion_15/nfe_010,outputs/gpde_diffusers_sd15_nfe10_cfg_seed_sweep/samples/diffusers/stable_diffusion_15/euler/cfg_5/ays/seed_000/nfe_010,27.22467803955078,-0.35688579082489014
diffusers,hf_stable_diffusion_15,euler,ays,10,0,5.0,6,"a retro futuristic train crossing a desert at sunset, chrome surfaces, long shadows",outputs/gpde_diffusers_sd15_nfe10_cfg_seed_sweep/samples/diffusers/stable_diffusion_15/euler/cfg_5/ays/seed_000/nfe_010/000006.jpg,schedules/ays_like/published/stable_diffusion_15/nfe_010,outputs/gpde_diffusers_sd15_nfe10_cfg_seed_sweep/samples/diffusers/stable_diffusion_15/euler/cfg_5/ays/seed_000/nfe_010,29.606569290161133,1.6759719848632812
diffusers,hf_stable_diffusion_15,euler,ays,10,0,5.0,7,"a chef plating a colorful molecular gastronomy dessert, clean restaurant lighting",outputs/gpde_diffusers_sd15_nfe10_cfg_seed_sweep/samples/diffusers/stable_diffusion_15/euler/cfg_5/ays/seed_000/nfe_010/000007.jpg,schedules/ays_like/published/stable_diffusion_15/nfe_010,outputs/gpde_diffusers_sd15_nfe10_cfg_seed_sweep/samples/diffusers/stable_diffusion_15/euler/cfg_5/ays/seed_000/nfe_010,34.21308898925781,0.7075220942497253
diffusers,hf_stable_diffusion_15,euler,ays,10,0,5.0,8,"an isometric cozy bedroom with plants, books, a desk lamp, and a rainy window",outputs/gpde_diffusers_sd15_nfe10_cfg_seed_sweep/samples/diffusers/stable_diffusion_15/euler/cfg_5/ays/seed_000/nfe_010/000008.jpg,schedules/ays_like/published/stable_diffusion_15/nfe_010,outputs/gpde_diffusers_sd15_nfe10_cfg_seed_sweep/samples/diffusers/stable_diffusion_15/euler/cfg_5/ays/seed_000/nfe_010,28.92972755432129,-0.8520735502243042
diffusers,hf_stable_diffusion_15,euler,ays,10,0,5.0,9,"a dramatic mountain monastery above clouds, sunrise, detailed stone architecture",outputs/gpde_diffusers_sd15_nfe10_cfg_seed_sweep/samples/diffusers/stable_diffusion_15/euler/cfg_5/ays/seed_000/nfe_010/000009.jpg,schedules/ays_like/published/stable_diffusion_15/nfe_010,outputs/gpde_diffusers_sd15_nfe10_cfg_seed_sweep/samples/diffusers/stable_diffusion_15/euler/cfg_5/ays/seed_000/nfe_010,32.549434661865234,1.5241285562515259
diffusers,hf_stable_diffusion_15,euler,ays,10,0,5.0,10,a fashion editorial photo of a model wearing a translucent raincoat in Tokyo at night,outputs/gpde_diffusers_sd15_nfe10_cfg_seed_sweep/samples/diffusers/stable_diffusion_15/euler/cfg_5/ays/seed_000/nfe_010/000010.jpg,schedules/ays_like/published/stable_diffusion_15/nfe_010,outputs/gpde_diffusers_sd15_nfe10_cfg_seed_sweep/samples/diffusers/stable_diffusion_15/euler/cfg_5/ays/seed_000/nfe_010,33.882816314697266,1.875049114227295
diffusers,hf_stable_diffusion_15,euler,ays,10,0,5.0,11,a realistic red fox statue made of folded paper on a white museum pedestal,outputs/gpde_diffusers_sd15_nfe10_cfg_seed_sweep/samples/diffusers/stable_diffusion_15/euler/cfg_5/ays/seed_000/nfe_010/000011.jpg,schedules/ays_like/published/stable_diffusion_15/nfe_010,outputs/gpde_diffusers_sd15_nfe10_cfg_seed_sweep/samples/diffusers/stable_diffusion_15/euler/cfg_5/ays/seed_000/nfe_010,33.78069305419922,0.7162559628486633
diffusers,hf_stable_diffusion_15,euler,ays,10,0,5.0,12,a detailed cutaway illustration of a tiny submarine exploring a coral reef,outputs/gpde_diffusers_sd15_nfe10_cfg_seed_sweep/samples/diffusers/stable_diffusion_15/euler/cfg_5/ays/seed_000/nfe_010/000012.jpg,schedules/ays_like/published/stable_diffusion_15/nfe_010,outputs/gpde_diffusers_sd15_nfe10_cfg_seed_sweep/samples/diffusers/stable_diffusion_15/euler/cfg_5/ays/seed_000/nfe_010,26.34351348876953,-1.6885275840759277
diffusers,hf_stable_diffusion_15,euler,ays,10,0,5.0,13,a product photo of wireless headphones on brushed aluminum with blue accent lighting,outputs/gpde_diffusers_sd15_nfe10_cfg_seed_sweep/samples/diffusers/stable_diffusion_15/euler/cfg_5/ays/seed_000/nfe_010/000013.jpg,schedules/ays_like/published/stable_diffusion_15/nfe_010,outputs/gpde_diffusers_sd15_nfe10_cfg_seed_sweep/samples/diffusers/stable_diffusion_15/euler/cfg_5/ays/seed_000/nfe_010,29.20680046081543,0.7638358473777771
diffusers,hf_stable_diffusion_15,euler,ays,10,0,5.0,14,"a medieval market square during a festival, banners, musicians, detailed crowd",outputs/gpde_diffusers_sd15_nfe10_cfg_seed_sweep/samples/diffusers/stable_diffusion_15/euler/cfg_5/ays/seed_000/nfe_010/000014.jpg,schedules/ays_like/published/stable_diffusion_15/nfe_010,outputs/gpde_diffusers_sd15_nfe10_cfg_seed_sweep/samples/diffusers/stable_diffusion_15/euler/cfg_5/ays/seed_000/nfe_010,25.528188705444336,0.05201974883675575
diffusers,hf_stable_diffusion_15,euler,ays,10,0,5.0,15,an oil painting of a violinist performing in an empty subway station,outputs/gpde_diffusers_sd15_nfe10_cfg_seed_sweep/samples/diffusers/stable_diffusion_15/euler/cfg_5/ays/seed_000/nfe_010/000015.jpg,schedules/ays_like/published/stable_diffusion_15/nfe_010,outputs/gpde_diffusers_sd15_nfe10_cfg_seed_sweep/samples/diffusers/stable_diffusion_15/euler/cfg_5/ays/seed_000/nfe_010,36.25174331665039,1.516284704208374
diffusers,hf_stable_diffusion_15,euler,ays,10,0,5.0,16,"a close-up portrait of an elderly sailor, weathered skin, navy coat, overcast harbor",outputs/gpde_diffusers_sd15_nfe10_cfg_seed_sweep/samples/diffusers/stable_diffusion_15/euler/cfg_5/ays/seed_000/nfe_010/000016.jpg,schedules/ays_like/published/stable_diffusion_15/nfe_010,outputs/gpde_diffusers_sd15_nfe10_cfg_seed_sweep/samples/diffusers/stable_diffusion_15/euler/cfg_5/ays/seed_000/nfe_010,31.716188430786133,0.3859008550643921
diffusers,hf_stable_diffusion_15,euler,ays,10,0,5.0,17,a clean architectural rendering of a modern cabin beside a frozen lake,outputs/gpde_diffusers_sd15_nfe10_cfg_seed_sweep/samples/diffusers/stable_diffusion_15/euler/cfg_5/ays/seed_000/nfe_010/000017.jpg,schedules/ays_like/published/stable_diffusion_15/nfe_010,outputs/gpde_diffusers_sd15_nfe10_cfg_seed_sweep/samples/diffusers/stable_diffusion_15/euler/cfg_5/ays/seed_000/nfe_010,32.353065490722656,0.8042751550674438
diffusers,hf_stable_diffusion_15,euler,ays,10,0,5.0,18,a surreal desert filled with floating glass spheres and distant black mountains,outputs/gpde_diffusers_sd15_nfe10_cfg_seed_sweep/samples/diffusers/stable_diffusion_15/euler/cfg_5/ays/seed_000/nfe_010/000018.jpg,schedules/ays_like/published/stable_diffusion_15/nfe_010,outputs/gpde_diffusers_sd15_nfe10_cfg_seed_sweep/samples/diffusers/stable_diffusion_15/euler/cfg_5/ays/seed_000/nfe_010,30.744726181030273,0.7594680786132812
diffusers,hf_stable_diffusion_15,euler,ays,10,0,5.0,19,a documentary photo of a scientist collecting ice cores in Antarctica,outputs/gpde_diffusers_sd15_nfe10_cfg_seed_sweep/samples/diffusers/stable_diffusion_15/euler/cfg_5/ays/seed_000/nfe_010/000019.jpg,schedules/ays_like/published/stable_diffusion_15/nfe_010,outputs/gpde_diffusers_sd15_nfe10_cfg_seed_sweep/samples/diffusers/stable_diffusion_15/euler/cfg_5/ays/seed_000/nfe_010,26.620662689208984,0.29435333609580994
diffusers,hf_stable_diffusion_15,euler,ays,10,0,5.0,20,a detailed 3D render of a mechanical hummingbird with copper wings,outputs/gpde_diffusers_sd15_nfe10_cfg_seed_sweep/samples/diffusers/stable_diffusion_15/euler/cfg_5/ays/seed_000/nfe_010/000020.jpg,schedules/ays_like/published/stable_diffusion_15/nfe_010,outputs/gpde_diffusers_sd15_nfe10_cfg_seed_sweep/samples/diffusers/stable_diffusion_15/euler/cfg_5/ays/seed_000/nfe_010,35.826541900634766,0.6917539834976196
diffusers,hf_stable_diffusion_15,euler,ays,10,0,5.0,21,"a cozy cafe interior in autumn, pastries, espresso machine, soft morning light",outputs/gpde_diffusers_sd15_nfe10_cfg_seed_sweep/samples/diffusers/stable_diffusion_15/euler/cfg_5/ays/seed_000/nfe_010/000021.jpg,schedules/ays_like/published/stable_diffusion_15/nfe_010,outputs/gpde_diffusers_sd15_nfe10_cfg_seed_sweep/samples/diffusers/stable_diffusion_15/euler/cfg_5/ays/seed_000/nfe_010,24.22380256652832,-0.8807945847511292
diffusers,hf_stable_diffusion_15,euler,ays,10,0,5.0,22,"a panoramic view of terraced rice fields under mist, workers in colorful clothing",outputs/gpde_diffusers_sd15_nfe10_cfg_seed_sweep/samples/diffusers/stable_diffusion_15/euler/cfg_5/ays/seed_000/nfe_010/000022.jpg,schedules/ays_like/published/stable_diffusion_15/nfe_010,outputs/gpde_diffusers_sd15_nfe10_cfg_seed_sweep/samples/diffusers/stable_diffusion_15/euler/cfg_5/ays/seed_000/nfe_010,27.945220947265625,-0.7799563407897949
diffusers,hf_stable_diffusion_15,euler,ays,10,0,5.0,23,a children's book illustration of a moonlit boat parade on a quiet canal,outputs/gpde_diffusers_sd15_nfe10_cfg_seed_sweep/samples/diffusers/stable_diffusion_15/euler/cfg_5/ays/seed_000/nfe_010/000023.jpg,schedules/ays_like/published/stable_diffusion_15/nfe_010,outputs/gpde_diffusers_sd15_nfe10_cfg_seed_sweep/samples/diffusers/stable_diffusion_15/euler/cfg_5/ays/seed_000/nfe_010,24.382232666015625,-0.642078697681427
diffusers,hf_stable_diffusion_15,euler,ays,10,0,5.0,24,"a realistic sports car parked in a concrete tunnel, reflections, low angle",outputs/gpde_diffusers_sd15_nfe10_cfg_seed_sweep/samples/diffusers/stable_diffusion_15/euler/cfg_5/ays/seed_000/nfe_010/000024.jpg,schedules/ays_like/published/stable_diffusion_15/nfe_010,outputs/gpde_diffusers_sd15_nfe10_cfg_seed_sweep/samples/diffusers/stable_diffusion_15/euler/cfg_5/ays/seed_000/nfe_010,24.876535415649414,0.9845982193946838
diffusers,hf_stable_diffusion_15,euler,ays,10,0,5.0,25,"a botanical diagram of rare orchids with labeled roots and petals, archival paper",outputs/gpde_diffusers_sd15_nfe10_cfg_seed_sweep/samples/diffusers/stable_diffusion_15/euler/cfg_5/ays/seed_000/nfe_010/000025.jpg,schedules/ays_like/published/stable_diffusion_15/nfe_010,outputs/gpde_diffusers_sd15_nfe10_cfg_seed_sweep/samples/diffusers/stable_diffusion_15/euler/cfg_5/ays/seed_000/nfe_010,30.0072021484375,1.0038762092590332
diffusers,hf_stable_diffusion_15,euler,ays,10,0,5.0,26,"a cyberpunk street food stall with steam, lanterns, and dense urban signage",outputs/gpde_diffusers_sd15_nfe10_cfg_seed_sweep/samples/diffusers/stable_diffusion_15/euler/cfg_5/ays/seed_000/nfe_010/000026.jpg,schedules/ays_like/published/stable_diffusion_15/nfe_010,outputs/gpde_diffusers_sd15_nfe10_cfg_seed_sweep/samples/diffusers/stable_diffusion_15/euler/cfg_5/ays/seed_000/nfe_010,26.856544494628906,-0.7258074283599854
diffusers,hf_stable_diffusion_15,euler,ays,10,0,5.0,27,"a still life of glass fruit bowls, linen cloth, and silver cutlery, natural light",outputs/gpde_diffusers_sd15_nfe10_cfg_seed_sweep/samples/diffusers/stable_diffusion_15/euler/cfg_5/ays/seed_000/nfe_010/000027.jpg,schedules/ays_like/published/stable_diffusion_15/nfe_010,outputs/gpde_diffusers_sd15_nfe10_cfg_seed_sweep/samples/diffusers/stable_diffusion_15/euler/cfg_5/ays/seed_000/nfe_010,27.13512420654297,-1.172823429107666
diffusers,hf_stable_diffusion_15,euler,ays,10,0,5.0,28,a heroic statue covered in vines in an abandoned futuristic plaza,outputs/gpde_diffusers_sd15_nfe10_cfg_seed_sweep/samples/diffusers/stable_diffusion_15/euler/cfg_5/ays/seed_000/nfe_010/000028.jpg,schedules/ays_like/published/stable_diffusion_15/nfe_010,outputs/gpde_diffusers_sd15_nfe10_cfg_seed_sweep/samples/diffusers/stable_diffusion_15/euler/cfg_5/ays/seed_000/nfe_010,33.270721435546875,-0.22862575948238373
diffusers,hf_stable_diffusion_15,euler,ays,10,0,5.0,29,a black and white film photograph of dancers rehearsing in a mirror-lined studio,outputs/gpde_diffusers_sd15_nfe10_cfg_seed_sweep/samples/diffusers/stable_diffusion_15/euler/cfg_5/ays/seed_000/nfe_010/000029.jpg,schedules/ays_like/published/stable_diffusion_15/nfe_010,outputs/gpde_diffusers_sd15_nfe10_cfg_seed_sweep/samples/diffusers/stable_diffusion_15/euler/cfg_5/ays/seed_000/nfe_010,31.384244918823242,0.7429934144020081
diffusers,hf_stable_diffusion_15,euler,ays,10,0,5.0,30,"a detailed scene of a spacecraft cockpit during reentry, glowing controls, tense mood",outputs/gpde_diffusers_sd15_nfe10_cfg_seed_sweep/samples/diffusers/stable_diffusion_15/euler/cfg_5/ays/seed_000/nfe_010/000030.jpg,schedules/ays_like/published/stable_diffusion_15/nfe_010,outputs/gpde_diffusers_sd15_nfe10_cfg_seed_sweep/samples/diffusers/stable_diffusion_15/euler/cfg_5/ays/seed_000/nfe_010,23.443979263305664,-1.6204204559326172
diffusers,hf_stable_diffusion_15,euler,ays,10,0,5.0,31,a claymation style village bakery with tiny loaves and painted signs,outputs/gpde_diffusers_sd15_nfe10_cfg_seed_sweep/samples/diffusers/stable_diffusion_15/euler/cfg_5/ays/seed_000/nfe_010/000031.jpg,schedules/ays_like/published/stable_diffusion_15/nfe_010,outputs/gpde_diffusers_sd15_nfe10_cfg_seed_sweep/samples/diffusers/stable_diffusion_15/euler/cfg_5/ays/seed_000/nfe_010,33.658958435058594,-0.506168782711029
diffusers,hf_stable_diffusion_15,euler,ays,10,0,5.0,32,a realistic underwater photograph of a diver inspecting an ancient marble column,outputs/gpde_diffusers_sd15_nfe10_cfg_seed_sweep/samples/diffusers/stable_diffusion_15/euler/cfg_5/ays/seed_000/nfe_010/000032.jpg,schedules/ays_like/published/stable_diffusion_15/nfe_010,outputs/gpde_diffusers_sd15_nfe10_cfg_seed_sweep/samples/diffusers/stable_diffusion_15/euler/cfg_5/ays/seed_000/nfe_010,26.72818946838379,1.6257468461990356
diffusers,hf_stable_diffusion_15,euler,ays,10,0,5.0,33,"a minimalist poster of a jazz quartet in deep red, cream, and black",outputs/gpde_diffusers_sd15_nfe10_cfg_seed_sweep/samples/diffusers/stable_diffusion_15/euler/cfg_5/ays/seed_000/nfe_010/000033.jpg,schedules/ays_like/published/stable_diffusion_15/nfe_010,outputs/gpde_diffusers_sd15_nfe10_cfg_seed_sweep/samples/diffusers/stable_diffusion_15/euler/cfg_5/ays/seed_000/nfe_010,30.912960052490234,-1.1614277362823486
diffusers,hf_stable_diffusion_15,euler,ays,10,0,5.0,34,a high detail portrait of a queen wearing armor made of mother of pearl,outputs/gpde_diffusers_sd15_nfe10_cfg_seed_sweep/samples/diffusers/stable_diffusion_15/euler/cfg_5/ays/seed_000/nfe_010/000034.jpg,schedules/ays_like/published/stable_diffusion_15/nfe_010,outputs/gpde_diffusers_sd15_nfe10_cfg_seed_sweep/samples/diffusers/stable_diffusion_15/euler/cfg_5/ays/seed_000/nfe_010,21.798206329345703,0.45109930634498596
diffusers,hf_stable_diffusion_15,euler,ays,10,0,5.0,35,"a top-down board game map of an island with forests, cliffs, and hidden ruins",outputs/gpde_diffusers_sd15_nfe10_cfg_seed_sweep/samples/diffusers/stable_diffusion_15/euler/cfg_5/ays/seed_000/nfe_010/000035.jpg,schedules/ays_like/published/stable_diffusion_15/nfe_010,outputs/gpde_diffusers_sd15_nfe10_cfg_seed_sweep/samples/diffusers/stable_diffusion_15/euler/cfg_5/ays/seed_000/nfe_010,26.446544647216797,-1.5660184621810913
diffusers,hf_stable_diffusion_15,euler,ays,10,0,5.0,36,"a luxury watch exploded view on a dark background, precise gears and screws",outputs/gpde_diffusers_sd15_nfe10_cfg_seed_sweep/samples/diffusers/stable_diffusion_15/euler/cfg_5/ays/seed_000/nfe_010/000036.jpg,schedules/ays_like/published/stable_diffusion_15/nfe_010,outputs/gpde_diffusers_sd15_nfe10_cfg_seed_sweep/samples/diffusers/stable_diffusion_15/euler/cfg_5/ays/seed_000/nfe_010,30.565828323364258,0.7485906481742859
diffusers,hf_stable_diffusion_15,euler,ays,10,0,5.0,37,"a sunlit greenhouse filled with tomatoes, watering cans, and terracotta pots",outputs/gpde_diffusers_sd15_nfe10_cfg_seed_sweep/samples/diffusers/stable_diffusion_15/euler/cfg_5/ays/seed_000/nfe_010/000037.jpg,schedules/ays_like/published/stable_diffusion_15/nfe_010,outputs/gpde_diffusers_sd15_nfe10_cfg_seed_sweep/samples/diffusers/stable_diffusion_15/euler/cfg_5/ays/seed_000/nfe_010,28.74859619140625,-0.45372241735458374
diffusers,hf_stable_diffusion_15,euler,ays,10,0,5.0,38,a night landscape of fireflies over a meadow beside a quiet river,outputs/gpde_diffusers_sd15_nfe10_cfg_seed_sweep/samples/diffusers/stable_diffusion_15/euler/cfg_5/ays/seed_000/nfe_010/000038.jpg,schedules/ays_like/published/stable_diffusion_15/nfe_010,outputs/gpde_diffusers_sd15_nfe10_cfg_seed_sweep/samples/diffusers/stable_diffusion_15/euler/cfg_5/ays/seed_000/nfe_010,26.345062255859375,-1.4205468893051147
diffusers,hf_stable_diffusion_15,euler,ays,10,0,5.0,39,a realistic photo of a rescue helicopter landing on a snowy mountain ridge,outputs/gpde_diffusers_sd15_nfe10_cfg_seed_sweep/samples/diffusers/stable_diffusion_15/euler/cfg_5/ays/seed_000/nfe_010/000039.jpg,schedules/ays_like/published/stable_diffusion_15/nfe_010,outputs/gpde_diffusers_sd15_nfe10_cfg_seed_sweep/samples/diffusers/stable_diffusion_15/euler/cfg_5/ays/seed_000/nfe_010,36.246368408203125,0.8317881226539612
diffusers,hf_stable_diffusion_15,euler,ays,10,0,5.0,40,a concept art scene of a floating research station above Jupiter's clouds,outputs/gpde_diffusers_sd15_nfe10_cfg_seed_sweep/samples/diffusers/stable_diffusion_15/euler/cfg_5/ays/seed_000/nfe_010/000040.jpg,schedules/ays_like/published/stable_diffusion_15/nfe_010,outputs/gpde_diffusers_sd15_nfe10_cfg_seed_sweep/samples/diffusers/stable_diffusion_15/euler/cfg_5/ays/seed_000/nfe_010,25.60911750793457,0.07686357945203781
diffusers,hf_stable_diffusion_15,euler,ays,10,0,5.0,41,a detailed pencil drawing of an old bicycle leaning against a brick wall,outputs/gpde_diffusers_sd15_nfe10_cfg_seed_sweep/samples/diffusers/stable_diffusion_15/euler/cfg_5/ays/seed_000/nfe_010/000041.jpg,schedules/ays_like/published/stable_diffusion_15/nfe_010,outputs/gpde_diffusers_sd15_nfe10_cfg_seed_sweep/samples/diffusers/stable_diffusion_15/euler/cfg_5/ays/seed_000/nfe_010,34.310062408447266,0.9133239984512329
diffusers,hf_stable_diffusion_15,euler,ays,10,0,5.0,42,"a museum diorama of prehistoric sea creatures, dramatic educational lighting",outputs/gpde_diffusers_sd15_nfe10_cfg_seed_sweep/samples/diffusers/stable_diffusion_15/euler/cfg_5/ays/seed_000/nfe_010/000042.jpg,schedules/ays_like/published/stable_diffusion_15/nfe_010,outputs/gpde_diffusers_sd15_nfe10_cfg_seed_sweep/samples/diffusers/stable_diffusion_15/euler/cfg_5/ays/seed_000/nfe_010,31.732755661010742,0.33942466974258423
diffusers,hf_stable_diffusion_15,euler,ays,10,0,5.0,43,"a peaceful Japanese garden with koi pond, stone bridge, and maple leaves",outputs/gpde_diffusers_sd15_nfe10_cfg_seed_sweep/samples/diffusers/stable_diffusion_15/euler/cfg_5/ays/seed_000/nfe_010/000043.jpg,schedules/ays_like/published/stable_diffusion_15/nfe_010,outputs/gpde_diffusers_sd15_nfe10_cfg_seed_sweep/samples/diffusers/stable_diffusion_15/euler/cfg_5/ays/seed_000/nfe_010,23.449289321899414,-0.9648047685623169
diffusers,hf_stable_diffusion_15,euler,ays,10,0,5.0,44,"a close-up food photograph of ramen with soft egg, steam, and ceramic bowl",outputs/gpde_diffusers_sd15_nfe10_cfg_seed_sweep/samples/diffusers/stable_diffusion_15/euler/cfg_5/ays/seed_000/nfe_010/000044.jpg,schedules/ays_like/published/stable_diffusion_15/nfe_010,outputs/gpde_diffusers_sd15_nfe10_cfg_seed_sweep/samples/diffusers/stable_diffusion_15/euler/cfg_5/ays/seed_000/nfe_010,29.89712905883789,0.14755211770534515
diffusers,hf_stable_diffusion_15,euler,ays,10,0,5.0,45,a vibrant parade costume covered with mirrors and embroidered flowers,outputs/gpde_diffusers_sd15_nfe10_cfg_seed_sweep/samples/diffusers/stable_diffusion_15/euler/cfg_5/ays/seed_000/nfe_010/000045.jpg,schedules/ays_like/published/stable_diffusion_15/nfe_010,outputs/gpde_diffusers_sd15_nfe10_cfg_seed_sweep/samples/diffusers/stable_diffusion_15/euler/cfg_5/ays/seed_000/nfe_010,26.612768173217773,-0.8089232444763184
diffusers,hf_stable_diffusion_15,euler,ays,10,0,5.0,46,a realistic image of a hand-crafted wooden chess set mid game by candlelight,outputs/gpde_diffusers_sd15_nfe10_cfg_seed_sweep/samples/diffusers/stable_diffusion_15/euler/cfg_5/ays/seed_000/nfe_010/000046.jpg,schedules/ays_like/published/stable_diffusion_15/nfe_010,outputs/gpde_diffusers_sd15_nfe10_cfg_seed_sweep/samples/diffusers/stable_diffusion_15/euler/cfg_5/ays/seed_000/nfe_010,26.31294059753418,-1.327694296836853
diffusers,hf_stable_diffusion_15,euler,ays,10,0,5.0,47,a wide angle view of a data center corridor with blue status lights,outputs/gpde_diffusers_sd15_nfe10_cfg_seed_sweep/samples/diffusers/stable_diffusion_15/euler/cfg_5/ays/seed_000/nfe_010/000047.jpg,schedules/ays_like/published/stable_diffusion_15/nfe_010,outputs/gpde_diffusers_sd15_nfe10_cfg_seed_sweep/samples/diffusers/stable_diffusion_15/euler/cfg_5/ays/seed_000/nfe_010,23.085208892822266,1.1962517499923706
diffusers,hf_stable_diffusion_15,euler,ays,10,0,5.0,48,a magical realism scene of books flying through an old train carriage,outputs/gpde_diffusers_sd15_nfe10_cfg_seed_sweep/samples/diffusers/stable_diffusion_15/euler/cfg_5/ays/seed_000/nfe_010/000048.jpg,schedules/ays_like/published/stable_diffusion_15/nfe_010,outputs/gpde_diffusers_sd15_nfe10_cfg_seed_sweep/samples/diffusers/stable_diffusion_15/euler/cfg_5/ays/seed_000/nfe_010,33.56291580200195,-1.139923095703125
diffusers,hf_stable_diffusion_15,euler,ays,10,0,5.0,49,a studio portrait of a golden retriever wearing aviator goggles and a red scarf,outputs/gpde_diffusers_sd15_nfe10_cfg_seed_sweep/samples/diffusers/stable_diffusion_15/euler/cfg_5/ays/seed_000/nfe_010/000049.jpg,schedules/ays_like/published/stable_diffusion_15/nfe_010,outputs/gpde_diffusers_sd15_nfe10_cfg_seed_sweep/samples/diffusers/stable_diffusion_15/euler/cfg_5/ays/seed_000/nfe_010,35.14546585083008,1.0714985132217407
diffusers,hf_stable_diffusion_15,euler,ays,10,1,5.0,0,"a cinematic portrait of an astronaut botanist in a glass greenhouse on Mars, detailed fabric, soft rim light",outputs/gpde_diffusers_sd15_nfe10_cfg_seed_sweep/samples/diffusers/stable_diffusion_15/euler/cfg_5/ays/seed_001/nfe_010/000000.jpg,schedules/ays_like/published/stable_diffusion_15/nfe_010,outputs/gpde_diffusers_sd15_nfe10_cfg_seed_sweep/samples/diffusers/stable_diffusion_15/euler/cfg_5/ays/seed_001/nfe_010,30.962011337280273,-0.5054168701171875
diffusers,hf_stable_diffusion_15,euler,ays,10,1,5.0,1,"a small brass robot repairing an antique clock in a sunlit workshop, shallow depth of field",outputs/gpde_diffusers_sd15_nfe10_cfg_seed_sweep/samples/diffusers/stable_diffusion_15/euler/cfg_5/ays/seed_001/nfe_010/000001.jpg,schedules/ays_like/published/stable_diffusion_15/nfe_010,outputs/gpde_diffusers_sd15_nfe10_cfg_seed_sweep/samples/diffusers/stable_diffusion_15/euler/cfg_5/ays/seed_001/nfe_010,29.181926727294922,-1.2500275373458862
diffusers,hf_stable_diffusion_15,euler,ays,10,1,5.0,2,"a watercolor city street after rain with neon signs reflected in puddles, evening atmosphere",outputs/gpde_diffusers_sd15_nfe10_cfg_seed_sweep/samples/diffusers/stable_diffusion_15/euler/cfg_5/ays/seed_001/nfe_010/000002.jpg,schedules/ays_like/published/stable_diffusion_15/nfe_010,outputs/gpde_diffusers_sd15_nfe10_cfg_seed_sweep/samples/diffusers/stable_diffusion_15/euler/cfg_5/ays/seed_001/nfe_010,26.80423927307129,0.42975926399230957
diffusers,hf_stable_diffusion_15,euler,ays,10,1,5.0,3,a high resolution studio photo of a ceramic teapot shaped like a seashell on a slate table,outputs/gpde_diffusers_sd15_nfe10_cfg_seed_sweep/samples/diffusers/stable_diffusion_15/euler/cfg_5/ays/seed_001/nfe_010/000003.jpg,schedules/ays_like/published/stable_diffusion_15/nfe_010,outputs/gpde_diffusers_sd15_nfe10_cfg_seed_sweep/samples/diffusers/stable_diffusion_15/euler/cfg_5/ays/seed_001/nfe_010,31.873220443725586,0.8310911059379578
diffusers,hf_stable_diffusion_15,euler,ays,10,1,5.0,4,"a fantasy library carved inside a giant tree, spiral stairs, warm lanterns, intricate shelves",outputs/gpde_diffusers_sd15_nfe10_cfg_seed_sweep/samples/diffusers/stable_diffusion_15/euler/cfg_5/ays/seed_001/nfe_010/000004.jpg,schedules/ays_like/published/stable_diffusion_15/nfe_010,outputs/gpde_diffusers_sd15_nfe10_cfg_seed_sweep/samples/diffusers/stable_diffusion_15/euler/cfg_5/ays/seed_001/nfe_010,31.333053588867188,-0.13785378634929657
diffusers,hf_stable_diffusion_15,euler,ays,10,1,5.0,5,"a macro photograph of a snowflake resting on dark wool, crisp crystalline detail",outputs/gpde_diffusers_sd15_nfe10_cfg_seed_sweep/samples/diffusers/stable_diffusion_15/euler/cfg_5/ays/seed_001/nfe_010/000005.jpg,schedules/ays_like/published/stable_diffusion_15/nfe_010,outputs/gpde_diffusers_sd15_nfe10_cfg_seed_sweep/samples/diffusers/stable_diffusion_15/euler/cfg_5/ays/seed_001/nfe_010,27.91242027282715,0.12525027990341187
diffusers,hf_stable_diffusion_15,euler,ays,10,1,5.0,6,"a retro futuristic train crossing a desert at sunset, chrome surfaces, long shadows",outputs/gpde_diffusers_sd15_nfe10_cfg_seed_sweep/samples/diffusers/stable_diffusion_15/euler/cfg_5/ays/seed_001/nfe_010/000006.jpg,schedules/ays_like/published/stable_diffusion_15/nfe_010,outputs/gpde_diffusers_sd15_nfe10_cfg_seed_sweep/samples/diffusers/stable_diffusion_15/euler/cfg_5/ays/seed_001/nfe_010,27.321773529052734,1.401995301246643
diffusers,hf_stable_diffusion_15,euler,ays,10,1,5.0,7,"a chef plating a colorful molecular gastronomy dessert, clean restaurant lighting",outputs/gpde_diffusers_sd15_nfe10_cfg_seed_sweep/samples/diffusers/stable_diffusion_15/euler/cfg_5/ays/seed_001/nfe_010/000007.jpg,schedules/ays_like/published/stable_diffusion_15/nfe_010,outputs/gpde_diffusers_sd15_nfe10_cfg_seed_sweep/samples/diffusers/stable_diffusion_15/euler/cfg_5/ays/seed_001/nfe_010,33.585655212402344,0.2579624354839325
diffusers,hf_stable_diffusion_15,euler,ays,10,1,5.0,8,"an isometric cozy bedroom with plants, books, a desk lamp, and a rainy window",outputs/gpde_diffusers_sd15_nfe10_cfg_seed_sweep/samples/diffusers/stable_diffusion_15/euler/cfg_5/ays/seed_001/nfe_010/000008.jpg,schedules/ays_like/published/stable_diffusion_15/nfe_010,outputs/gpde_diffusers_sd15_nfe10_cfg_seed_sweep/samples/diffusers/stable_diffusion_15/euler/cfg_5/ays/seed_001/nfe_010,29.486873626708984,0.48428744077682495
diffusers,hf_stable_diffusion_15,euler,ays,10,1,5.0,9,"a dramatic mountain monastery above clouds, sunrise, detailed stone architecture",outputs/gpde_diffusers_sd15_nfe10_cfg_seed_sweep/samples/diffusers/stable_diffusion_15/euler/cfg_5/ays/seed_001/nfe_010/000009.jpg,schedules/ays_like/published/stable_diffusion_15/nfe_010,outputs/gpde_diffusers_sd15_nfe10_cfg_seed_sweep/samples/diffusers/stable_diffusion_15/euler/cfg_5/ays/seed_001/nfe_010,30.91059684753418,1.5381699800491333
diffusers,hf_stable_diffusion_15,euler,ays,10,1,5.0,10,a fashion editorial photo of a model wearing a translucent raincoat in Tokyo at night,outputs/gpde_diffusers_sd15_nfe10_cfg_seed_sweep/samples/diffusers/stable_diffusion_15/euler/cfg_5/ays/seed_001/nfe_010/000010.jpg,schedules/ays_like/published/stable_diffusion_15/nfe_010,outputs/gpde_diffusers_sd15_nfe10_cfg_seed_sweep/samples/diffusers/stable_diffusion_15/euler/cfg_5/ays/seed_001/nfe_010,32.77693176269531,1.9456310272216797
diffusers,hf_stable_diffusion_15,euler,ays,10,1,5.0,11,a realistic red fox statue made of folded paper on a white museum pedestal,outputs/gpde_diffusers_sd15_nfe10_cfg_seed_sweep/samples/diffusers/stable_diffusion_15/euler/cfg_5/ays/seed_001/nfe_010/000011.jpg,schedules/ays_like/published/stable_diffusion_15/nfe_010,outputs/gpde_diffusers_sd15_nfe10_cfg_seed_sweep/samples/diffusers/stable_diffusion_15/euler/cfg_5/ays/seed_001/nfe_010,31.767234802246094,0.855620265007019
diffusers,hf_stable_diffusion_15,euler,ays,10,1,5.0,12,a detailed cutaway illustration of a tiny submarine exploring a coral reef,outputs/gpde_diffusers_sd15_nfe10_cfg_seed_sweep/samples/diffusers/stable_diffusion_15/euler/cfg_5/ays/seed_001/nfe_010/000012.jpg,schedules/ays_like/published/stable_diffusion_15/nfe_010,outputs/gpde_diffusers_sd15_nfe10_cfg_seed_sweep/samples/diffusers/stable_diffusion_15/euler/cfg_5/ays/seed_001/nfe_010,34.8774528503418,0.6581118702888489
diffusers,hf_stable_diffusion_15,euler,ays,10,1,5.0,13,a product photo of wireless headphones on brushed aluminum with blue accent lighting,outputs/gpde_diffusers_sd15_nfe10_cfg_seed_sweep/samples/diffusers/stable_diffusion_15/euler/cfg_5/ays/seed_001/nfe_010/000013.jpg,schedules/ays_like/published/stable_diffusion_15/nfe_010,outputs/gpde_diffusers_sd15_nfe10_cfg_seed_sweep/samples/diffusers/stable_diffusion_15/euler/cfg_5/ays/seed_001/nfe_010,29.946386337280273,-0.8087431788444519
diffusers,hf_stable_diffusion_15,euler,ays,10,1,5.0,14,"a medieval market square during a festival, banners, musicians, detailed crowd",outputs/gpde_diffusers_sd15_nfe10_cfg_seed_sweep/samples/diffusers/stable_diffusion_15/euler/cfg_5/ays/seed_001/nfe_010/000014.jpg,schedules/ays_like/published/stable_diffusion_15/nfe_010,outputs/gpde_diffusers_sd15_nfe10_cfg_seed_sweep/samples/diffusers/stable_diffusion_15/euler/cfg_5/ays/seed_001/nfe_010,29.779296875,0.051462169736623764
diffusers,hf_stable_diffusion_15,euler,ays,10,1,5.0,15,an oil painting of a violinist performing in an empty subway station,outputs/gpde_diffusers_sd15_nfe10_cfg_seed_sweep/samples/diffusers/stable_diffusion_15/euler/cfg_5/ays/seed_001/nfe_010/000015.jpg,schedules/ays_like/published/stable_diffusion_15/nfe_010,outputs/gpde_diffusers_sd15_nfe10_cfg_seed_sweep/samples/diffusers/stable_diffusion_15/euler/cfg_5/ays/seed_001/nfe_010,33.254493713378906,0.34944406151771545
diffusers,hf_stable_diffusion_15,euler,ays,10,1,5.0,16,"a close-up portrait of an elderly sailor, weathered skin, navy coat, overcast harbor",outputs/gpde_diffusers_sd15_nfe10_cfg_seed_sweep/samples/diffusers/stable_diffusion_15/euler/cfg_5/ays/seed_001/nfe_010/000016.jpg,schedules/ays_like/published/stable_diffusion_15/nfe_010,outputs/gpde_diffusers_sd15_nfe10_cfg_seed_sweep/samples/diffusers/stable_diffusion_15/euler/cfg_5/ays/seed_001/nfe_010,28.200071334838867,0.4237929582595825
diffusers,hf_stable_diffusion_15,euler,ays,10,1,5.0,17,a clean architectural rendering of a modern cabin beside a frozen lake,outputs/gpde_diffusers_sd15_nfe10_cfg_seed_sweep/samples/diffusers/stable_diffusion_15/euler/cfg_5/ays/seed_001/nfe_010/000017.jpg,schedules/ays_like/published/stable_diffusion_15/nfe_010,outputs/gpde_diffusers_sd15_nfe10_cfg_seed_sweep/samples/diffusers/stable_diffusion_15/euler/cfg_5/ays/seed_001/nfe_010,33.17213821411133,-0.13666588068008423
diffusers,hf_stable_diffusion_15,euler,ays,10,1,5.0,18,a surreal desert filled with floating glass spheres and distant black mountains,outputs/gpde_diffusers_sd15_nfe10_cfg_seed_sweep/samples/diffusers/stable_diffusion_15/euler/cfg_5/ays/seed_001/nfe_010/000018.jpg,schedules/ays_like/published/stable_diffusion_15/nfe_010,outputs/gpde_diffusers_sd15_nfe10_cfg_seed_sweep/samples/diffusers/stable_diffusion_15/euler/cfg_5/ays/seed_001/nfe_010,26.585372924804688,1.5048723220825195
diffusers,hf_stable_diffusion_15,euler,ays,10,1,5.0,19,a documentary photo of a scientist collecting ice cores in Antarctica,outputs/gpde_diffusers_sd15_nfe10_cfg_seed_sweep/samples/diffusers/stable_diffusion_15/euler/cfg_5/ays/seed_001/nfe_010/000019.jpg,schedules/ays_like/published/stable_diffusion_15/nfe_010,outputs/gpde_diffusers_sd15_nfe10_cfg_seed_sweep/samples/diffusers/stable_diffusion_15/euler/cfg_5/ays/seed_001/nfe_010,31.176254272460938,0.15417318046092987
diffusers,hf_stable_diffusion_15,euler,ays,10,1,5.0,20,a detailed 3D render of a mechanical hummingbird with copper wings,outputs/gpde_diffusers_sd15_nfe10_cfg_seed_sweep/samples/diffusers/stable_diffusion_15/euler/cfg_5/ays/seed_001/nfe_010/000020.jpg,schedules/ays_like/published/stable_diffusion_15/nfe_010,outputs/gpde_diffusers_sd15_nfe10_cfg_seed_sweep/samples/diffusers/stable_diffusion_15/euler/cfg_5/ays/seed_001/nfe_010,31.96016502380371,1.2036577463150024
diffusers,hf_stable_diffusion_15,euler,ays,10,1,5.0,21,"a cozy cafe interior in autumn, pastries, espresso machine, soft morning light",outputs/gpde_diffusers_sd15_nfe10_cfg_seed_sweep/samples/diffusers/stable_diffusion_15/euler/cfg_5/ays/seed_001/nfe_010/000021.jpg,schedules/ays_like/published/stable_diffusion_15/nfe_010,outputs/gpde_diffusers_sd15_nfe10_cfg_seed_sweep/samples/diffusers/stable_diffusion_15/euler/cfg_5/ays/seed_001/nfe_010,28.122562408447266,-0.5705810189247131
diffusers,hf_stable_diffusion_15,euler,ays,10,1,5.0,22,"a panoramic view of terraced rice fields under mist, workers in colorful clothing",outputs/gpde_diffusers_sd15_nfe10_cfg_seed_sweep/samples/diffusers/stable_diffusion_15/euler/cfg_5/ays/seed_001/nfe_010/000022.jpg,schedules/ays_like/published/stable_diffusion_15/nfe_010,outputs/gpde_diffusers_sd15_nfe10_cfg_seed_sweep/samples/diffusers/stable_diffusion_15/euler/cfg_5/ays/seed_001/nfe_010,27.697490692138672,0.08029834181070328
diffusers,hf_stable_diffusion_15,euler,ays,10,1,5.0,23,a children's book illustration of a moonlit boat parade on a quiet canal,outputs/gpde_diffusers_sd15_nfe10_cfg_seed_sweep/samples/diffusers/stable_diffusion_15/euler/cfg_5/ays/seed_001/nfe_010/000023.jpg,schedules/ays_like/published/stable_diffusion_15/nfe_010,outputs/gpde_diffusers_sd15_nfe10_cfg_seed_sweep/samples/diffusers/stable_diffusion_15/euler/cfg_5/ays/seed_001/nfe_010,27.018796920776367,-0.712864339351654
diffusers,hf_stable_diffusion_15,euler,ays,10,1,5.0,24,"a realistic sports car parked in a concrete tunnel, reflections, low angle",outputs/gpde_diffusers_sd15_nfe10_cfg_seed_sweep/samples/diffusers/stable_diffusion_15/euler/cfg_5/ays/seed_001/nfe_010/000024.jpg,schedules/ays_like/published/stable_diffusion_15/nfe_010,outputs/gpde_diffusers_sd15_nfe10_cfg_seed_sweep/samples/diffusers/stable_diffusion_15/euler/cfg_5/ays/seed_001/nfe_010,27.809268951416016,1.3395665884017944
diffusers,hf_stable_diffusion_15,euler,ays,10,1,5.0,25,"a botanical diagram of rare orchids with labeled roots and petals, archival paper",outputs/gpde_diffusers_sd15_nfe10_cfg_seed_sweep/samples/diffusers/stable_diffusion_15/euler/cfg_5/ays/seed_001/nfe_010/000025.jpg,schedules/ays_like/published/stable_diffusion_15/nfe_010,outputs/gpde_diffusers_sd15_nfe10_cfg_seed_sweep/samples/diffusers/stable_diffusion_15/euler/cfg_5/ays/seed_001/nfe_010,29.049238204956055,0.35115134716033936
diffusers,hf_stable_diffusion_15,euler,ays,10,1,5.0,26,"a cyberpunk street food stall with steam, lanterns, and dense urban signage",outputs/gpde_diffusers_sd15_nfe10_cfg_seed_sweep/samples/diffusers/stable_diffusion_15/euler/cfg_5/ays/seed_001/nfe_010/000026.jpg,schedules/ays_like/published/stable_diffusion_15/nfe_010,outputs/gpde_diffusers_sd15_nfe10_cfg_seed_sweep/samples/diffusers/stable_diffusion_15/euler/cfg_5/ays/seed_001/nfe_010,29.825889587402344,1.44282865524292
diffusers,hf_stable_diffusion_15,euler,ays,10,1,5.0,27,"a still life of glass fruit bowls, linen cloth, and silver cutlery, natural light",outputs/gpde_diffusers_sd15_nfe10_cfg_seed_sweep/samples/diffusers/stable_diffusion_15/euler/cfg_5/ays/seed_001/nfe_010/000027.jpg,schedules/ays_like/published/stable_diffusion_15/nfe_010,outputs/gpde_diffusers_sd15_nfe10_cfg_seed_sweep/samples/diffusers/stable_diffusion_15/euler/cfg_5/ays/seed_001/nfe_010,32.57300567626953,0.36486634612083435
diffusers,hf_stable_diffusion_15,euler,ays,10,1,5.0,28,a heroic statue covered in vines in an abandoned futuristic plaza,outputs/gpde_diffusers_sd15_nfe10_cfg_seed_sweep/samples/diffusers/stable_diffusion_15/euler/cfg_5/ays/seed_001/nfe_010/000028.jpg,schedules/ays_like/published/stable_diffusion_15/nfe_010,outputs/gpde_diffusers_sd15_nfe10_cfg_seed_sweep/samples/diffusers/stable_diffusion_15/euler/cfg_5/ays/seed_001/nfe_010,30.26910400390625,-0.5408785939216614
diffusers,hf_stable_diffusion_15,euler,ays,10,1,5.0,29,a black and white film photograph of dancers rehearsing in a mirror-lined studio,outputs/gpde_diffusers_sd15_nfe10_cfg_seed_sweep/samples/diffusers/stable_diffusion_15/euler/cfg_5/ays/seed_001/nfe_010/000029.jpg,schedules/ays_like/published/stable_diffusion_15/nfe_010,outputs/gpde_diffusers_sd15_nfe10_cfg_seed_sweep/samples/diffusers/stable_diffusion_15/euler/cfg_5/ays/seed_001/nfe_010,29.93073844909668,0.9496780633926392
diffusers,hf_stable_diffusion_15,euler,ays,10,1,5.0,30,"a detailed scene of a spacecraft cockpit during reentry, glowing controls, tense mood",outputs/gpde_diffusers_sd15_nfe10_cfg_seed_sweep/samples/diffusers/stable_diffusion_15/euler/cfg_5/ays/seed_001/nfe_010/000030.jpg,schedules/ays_like/published/stable_diffusion_15/nfe_010,outputs/gpde_diffusers_sd15_nfe10_cfg_seed_sweep/samples/diffusers/stable_diffusion_15/euler/cfg_5/ays/seed_001/nfe_010,26.860767364501953,-0.34222933650016785
diffusers,hf_stable_diffusion_15,euler,ays,10,1,5.0,31,a claymation style village bakery with tiny loaves and painted signs,outputs/gpde_diffusers_sd15_nfe10_cfg_seed_sweep/samples/diffusers/stable_diffusion_15/euler/cfg_5/ays/seed_001/nfe_010/000031.jpg,schedules/ays_like/published/stable_diffusion_15/nfe_010,outputs/gpde_diffusers_sd15_nfe10_cfg_seed_sweep/samples/diffusers/stable_diffusion_15/euler/cfg_5/ays/seed_001/nfe_010,29.730833053588867,-0.6704256534576416
diffusers,hf_stable_diffusion_15,euler,ays,10,1,5.0,32,a realistic underwater photograph of a diver inspecting an ancient marble column,outputs/gpde_diffusers_sd15_nfe10_cfg_seed_sweep/samples/diffusers/stable_diffusion_15/euler/cfg_5/ays/seed_001/nfe_010/000032.jpg,schedules/ays_like/published/stable_diffusion_15/nfe_010,outputs/gpde_diffusers_sd15_nfe10_cfg_seed_sweep/samples/diffusers/stable_diffusion_15/euler/cfg_5/ays/seed_001/nfe_010,31.45250701904297,-0.026617679744958878
diffusers,hf_stable_diffusion_15,euler,ays,10,1,5.0,33,"a minimalist poster of a jazz quartet in deep red, cream, and black",outputs/gpde_diffusers_sd15_nfe10_cfg_seed_sweep/samples/diffusers/stable_diffusion_15/euler/cfg_5/ays/seed_001/nfe_010/000033.jpg,schedules/ays_like/published/stable_diffusion_15/nfe_010,outputs/gpde_diffusers_sd15_nfe10_cfg_seed_sweep/samples/diffusers/stable_diffusion_15/euler/cfg_5/ays/seed_001/nfe_010,28.971172332763672,-1.4682440757751465
diffusers,hf_stable_diffusion_15,euler,ays,10,1,5.0,34,a high detail portrait of a queen wearing armor made of mother of pearl,outputs/gpde_diffusers_sd15_nfe10_cfg_seed_sweep/samples/diffusers/stable_diffusion_15/euler/cfg_5/ays/seed_001/nfe_010/000034.jpg,schedules/ays_like/published/stable_diffusion_15/nfe_010,outputs/gpde_diffusers_sd15_nfe10_cfg_seed_sweep/samples/diffusers/stable_diffusion_15/euler/cfg_5/ays/seed_001/nfe_010,29.387737274169922,0.998199999332428
diffusers,hf_stable_diffusion_15,euler,ays,10,1,5.0,35,"a top-down board game map of an island with forests, cliffs, and hidden ruins",outputs/gpde_diffusers_sd15_nfe10_cfg_seed_sweep/samples/diffusers/stable_diffusion_15/euler/cfg_5/ays/seed_001/nfe_010/000035.jpg,schedules/ays_like/published/stable_diffusion_15/nfe_010,outputs/gpde_diffusers_sd15_nfe10_cfg_seed_sweep/samples/diffusers/stable_diffusion_15/euler/cfg_5/ays/seed_001/nfe_010,29.142728805541992,-0.685752809047699
diffusers,hf_stable_diffusion_15,euler,ays,10,1,5.0,36,"a luxury watch exploded view on a dark background, precise gears and screws",outputs/gpde_diffusers_sd15_nfe10_cfg_seed_sweep/samples/diffusers/stable_diffusion_15/euler/cfg_5/ays/seed_001/nfe_010/000036.jpg,schedules/ays_like/published/stable_diffusion_15/nfe_010,outputs/gpde_diffusers_sd15_nfe10_cfg_seed_sweep/samples/diffusers/stable_diffusion_15/euler/cfg_5/ays/seed_001/nfe_010,31.797138214111328,0.3056694269180298
diffusers,hf_stable_diffusion_15,euler,ays,10,1,5.0,37,"a sunlit greenhouse filled with tomatoes, watering cans, and terracotta pots",outputs/gpde_diffusers_sd15_nfe10_cfg_seed_sweep/samples/diffusers/stable_diffusion_15/euler/cfg_5/ays/seed_001/nfe_010/000037.jpg,schedules/ays_like/published/stable_diffusion_15/nfe_010,outputs/gpde_diffusers_sd15_nfe10_cfg_seed_sweep/samples/diffusers/stable_diffusion_15/euler/cfg_5/ays/seed_001/nfe_010,26.663223266601562,-0.40981945395469666
diffusers,hf_stable_diffusion_15,euler,ays,10,1,5.0,38,a night landscape of fireflies over a meadow beside a quiet river,outputs/gpde_diffusers_sd15_nfe10_cfg_seed_sweep/samples/diffusers/stable_diffusion_15/euler/cfg_5/ays/seed_001/nfe_010/000038.jpg,schedules/ays_like/published/stable_diffusion_15/nfe_010,outputs/gpde_diffusers_sd15_nfe10_cfg_seed_sweep/samples/diffusers/stable_diffusion_15/euler/cfg_5/ays/seed_001/nfe_010,29.984119415283203,1.2395946979522705
diffusers,hf_stable_diffusion_15,euler,ays,10,1,5.0,39,a realistic photo of a rescue helicopter landing on a snowy mountain ridge,outputs/gpde_diffusers_sd15_nfe10_cfg_seed_sweep/samples/diffusers/stable_diffusion_15/euler/cfg_5/ays/seed_001/nfe_010/000039.jpg,schedules/ays_like/published/stable_diffusion_15/nfe_010,outputs/gpde_diffusers_sd15_nfe10_cfg_seed_sweep/samples/diffusers/stable_diffusion_15/euler/cfg_5/ays/seed_001/nfe_010,31.039857864379883,1.022193431854248
diffusers,hf_stable_diffusion_15,euler,ays,10,1,5.0,40,a concept art scene of a floating research station above Jupiter's clouds,outputs/gpde_diffusers_sd15_nfe10_cfg_seed_sweep/samples/diffusers/stable_diffusion_15/euler/cfg_5/ays/seed_001/nfe_010/000040.jpg,schedules/ays_like/published/stable_diffusion_15/nfe_010,outputs/gpde_diffusers_sd15_nfe10_cfg_seed_sweep/samples/diffusers/stable_diffusion_15/euler/cfg_5/ays/seed_001/nfe_010,31.265365600585938,0.006708568427711725
diffusers,hf_stable_diffusion_15,euler,ays,10,1,5.0,41,a detailed pencil drawing of an old bicycle leaning against a brick wall,outputs/gpde_diffusers_sd15_nfe10_cfg_seed_sweep/samples/diffusers/stable_diffusion_15/euler/cfg_5/ays/seed_001/nfe_010/000041.jpg,schedules/ays_like/published/stable_diffusion_15/nfe_010,outputs/gpde_diffusers_sd15_nfe10_cfg_seed_sweep/samples/diffusers/stable_diffusion_15/euler/cfg_5/ays/seed_001/nfe_010,35.438602447509766,0.8648024797439575
diffusers,hf_stable_diffusion_15,euler,ays,10,1,5.0,42,"a museum diorama of prehistoric sea creatures, dramatic educational lighting",outputs/gpde_diffusers_sd15_nfe10_cfg_seed_sweep/samples/diffusers/stable_diffusion_15/euler/cfg_5/ays/seed_001/nfe_010/000042.jpg,schedules/ays_like/published/stable_diffusion_15/nfe_010,outputs/gpde_diffusers_sd15_nfe10_cfg_seed_sweep/samples/diffusers/stable_diffusion_15/euler/cfg_5/ays/seed_001/nfe_010,27.17963218688965,0.07621520757675171
diffusers,hf_stable_diffusion_15,euler,ays,10,1,5.0,43,"a peaceful Japanese garden with koi pond, stone bridge, and maple leaves",outputs/gpde_diffusers_sd15_nfe10_cfg_seed_sweep/samples/diffusers/stable_diffusion_15/euler/cfg_5/ays/seed_001/nfe_010/000043.jpg,schedules/ays_like/published/stable_diffusion_15/nfe_010,outputs/gpde_diffusers_sd15_nfe10_cfg_seed_sweep/samples/diffusers/stable_diffusion_15/euler/cfg_5/ays/seed_001/nfe_010,26.436843872070312,-0.33057069778442383
diffusers,hf_stable_diffusion_15,euler,ays,10,1,5.0,44,"a close-up food photograph of ramen with soft egg, steam, and ceramic bowl",outputs/gpde_diffusers_sd15_nfe10_cfg_seed_sweep/samples/diffusers/stable_diffusion_15/euler/cfg_5/ays/seed_001/nfe_010/000044.jpg,schedules/ays_like/published/stable_diffusion_15/nfe_010,outputs/gpde_diffusers_sd15_nfe10_cfg_seed_sweep/samples/diffusers/stable_diffusion_15/euler/cfg_5/ays/seed_001/nfe_010,31.753366470336914,-0.3252543807029724
diffusers,hf_stable_diffusion_15,euler,ays,10,1,5.0,45,a vibrant parade costume covered with mirrors and embroidered flowers,outputs/gpde_diffusers_sd15_nfe10_cfg_seed_sweep/samples/diffusers/stable_diffusion_15/euler/cfg_5/ays/seed_001/nfe_010/000045.jpg,schedules/ays_like/published/stable_diffusion_15/nfe_010,outputs/gpde_diffusers_sd15_nfe10_cfg_seed_sweep/samples/diffusers/stable_diffusion_15/euler/cfg_5/ays/seed_001/nfe_010,29.536067962646484,0.18723343312740326
diffusers,hf_stable_diffusion_15,euler,ays,10,1,5.0,46,a realistic image of a hand-crafted wooden chess set mid game by candlelight,outputs/gpde_diffusers_sd15_nfe10_cfg_seed_sweep/samples/diffusers/stable_diffusion_15/euler/cfg_5/ays/seed_001/nfe_010/000046.jpg,schedules/ays_like/published/stable_diffusion_15/nfe_010,outputs/gpde_diffusers_sd15_nfe10_cfg_seed_sweep/samples/diffusers/stable_diffusion_15/euler/cfg_5/ays/seed_001/nfe_010,28.224212646484375,-0.9066503047943115
diffusers,hf_stable_diffusion_15,euler,ays,10,1,5.0,47,a wide angle view of a data center corridor with blue status lights,outputs/gpde_diffusers_sd15_nfe10_cfg_seed_sweep/samples/diffusers/stable_diffusion_15/euler/cfg_5/ays/seed_001/nfe_010/000047.jpg,schedules/ays_like/published/stable_diffusion_15/nfe_010,outputs/gpde_diffusers_sd15_nfe10_cfg_seed_sweep/samples/diffusers/stable_diffusion_15/euler/cfg_5/ays/seed_001/nfe_010,21.977205276489258,1.575435757637024
diffusers,hf_stable_diffusion_15,euler,ays,10,1,5.0,48,a magical realism scene of books flying through an old train carriage,outputs/gpde_diffusers_sd15_nfe10_cfg_seed_sweep/samples/diffusers/stable_diffusion_15/euler/cfg_5/ays/seed_001/nfe_010/000048.jpg,schedules/ays_like/published/stable_diffusion_15/nfe_010,outputs/gpde_diffusers_sd15_nfe10_cfg_seed_sweep/samples/diffusers/stable_diffusion_15/euler/cfg_5/ays/seed_001/nfe_010,29.687753677368164,-0.495857834815979
diffusers,hf_stable_diffusion_15,euler,ays,10,1,5.0,49,a studio portrait of a golden retriever wearing aviator goggles and a red scarf,outputs/gpde_diffusers_sd15_nfe10_cfg_seed_sweep/samples/diffusers/stable_diffusion_15/euler/cfg_5/ays/seed_001/nfe_010/000049.jpg,schedules/ays_like/published/stable_diffusion_15/nfe_010,outputs/gpde_diffusers_sd15_nfe10_cfg_seed_sweep/samples/diffusers/stable_diffusion_15/euler/cfg_5/ays/seed_001/nfe_010,34.102813720703125,1.7536907196044922
diffusers,hf_stable_diffusion_15,euler,ays,10,2,5.0,0,"a cinematic portrait of an astronaut botanist in a glass greenhouse on Mars, detailed fabric, soft rim light",outputs/gpde_diffusers_sd15_nfe10_cfg_seed_sweep/samples/diffusers/stable_diffusion_15/euler/cfg_5/ays/seed_002/nfe_010/000000.jpg,schedules/ays_like/published/stable_diffusion_15/nfe_010,outputs/gpde_diffusers_sd15_nfe10_cfg_seed_sweep/samples/diffusers/stable_diffusion_15/euler/cfg_5/ays/seed_002/nfe_010,25.952306747436523,-0.7490395307540894
diffusers,hf_stable_diffusion_15,euler,ays,10,2,5.0,1,"a small brass robot repairing an antique clock in a sunlit workshop, shallow depth of field",outputs/gpde_diffusers_sd15_nfe10_cfg_seed_sweep/samples/diffusers/stable_diffusion_15/euler/cfg_5/ays/seed_002/nfe_010/000001.jpg,schedules/ays_like/published/stable_diffusion_15/nfe_010,outputs/gpde_diffusers_sd15_nfe10_cfg_seed_sweep/samples/diffusers/stable_diffusion_15/euler/cfg_5/ays/seed_002/nfe_010,26.167667388916016,-2.0891005992889404
diffusers,hf_stable_diffusion_15,euler,ays,10,2,5.0,2,"a watercolor city street after rain with neon signs reflected in puddles, evening atmosphere",outputs/gpde_diffusers_sd15_nfe10_cfg_seed_sweep/samples/diffusers/stable_diffusion_15/euler/cfg_5/ays/seed_002/nfe_010/000002.jpg,schedules/ays_like/published/stable_diffusion_15/nfe_010,outputs/gpde_diffusers_sd15_nfe10_cfg_seed_sweep/samples/diffusers/stable_diffusion_15/euler/cfg_5/ays/seed_002/nfe_010,27.104610443115234,1.0382498502731323
diffusers,hf_stable_diffusion_15,euler,ays,10,2,5.0,3,a high resolution studio photo of a ceramic teapot shaped like a seashell on a slate table,outputs/gpde_diffusers_sd15_nfe10_cfg_seed_sweep/samples/diffusers/stable_diffusion_15/euler/cfg_5/ays/seed_002/nfe_010/000003.jpg,schedules/ays_like/published/stable_diffusion_15/nfe_010,outputs/gpde_diffusers_sd15_nfe10_cfg_seed_sweep/samples/diffusers/stable_diffusion_15/euler/cfg_5/ays/seed_002/nfe_010,33.78123092651367,1.4346438646316528
diffusers,hf_stable_diffusion_15,euler,ays,10,2,5.0,4,"a fantasy library carved inside a giant tree, spiral stairs, warm lanterns, intricate shelves",outputs/gpde_diffusers_sd15_nfe10_cfg_seed_sweep/samples/diffusers/stable_diffusion_15/euler/cfg_5/ays/seed_002/nfe_010/000004.jpg,schedules/ays_like/published/stable_diffusion_15/nfe_010,outputs/gpde_diffusers_sd15_nfe10_cfg_seed_sweep/samples/diffusers/stable_diffusion_15/euler/cfg_5/ays/seed_002/nfe_010,28.14080810546875,-0.12144869565963745
diffusers,hf_stable_diffusion_15,euler,ays,10,2,5.0,5,"a macro photograph of a snowflake resting on dark wool, crisp crystalline detail",outputs/gpde_diffusers_sd15_nfe10_cfg_seed_sweep/samples/diffusers/stable_diffusion_15/euler/cfg_5/ays/seed_002/nfe_010/000005.jpg,schedules/ays_like/published/stable_diffusion_15/nfe_010,outputs/gpde_diffusers_sd15_nfe10_cfg_seed_sweep/samples/diffusers/stable_diffusion_15/euler/cfg_5/ays/seed_002/nfe_010,28.384790420532227,-0.5723078846931458
diffusers,hf_stable_diffusion_15,euler,ays,10,2,5.0,6,"a retro futuristic train crossing a desert at sunset, chrome surfaces, long shadows",outputs/gpde_diffusers_sd15_nfe10_cfg_seed_sweep/samples/diffusers/stable_diffusion_15/euler/cfg_5/ays/seed_002/nfe_010/000006.jpg,schedules/ays_like/published/stable_diffusion_15/nfe_010,outputs/gpde_diffusers_sd15_nfe10_cfg_seed_sweep/samples/diffusers/stable_diffusion_15/euler/cfg_5/ays/seed_002/nfe_010,28.487789154052734,1.456381916999817
diffusers,hf_stable_diffusion_15,euler,ays,10,2,5.0,7,"a chef plating a colorful molecular gastronomy dessert, clean restaurant lighting",outputs/gpde_diffusers_sd15_nfe10_cfg_seed_sweep/samples/diffusers/stable_diffusion_15/euler/cfg_5/ays/seed_002/nfe_010/000007.jpg,schedules/ays_like/published/stable_diffusion_15/nfe_010,outputs/gpde_diffusers_sd15_nfe10_cfg_seed_sweep/samples/diffusers/stable_diffusion_15/euler/cfg_5/ays/seed_002/nfe_010,28.940185546875,0.8289474248886108
diffusers,hf_stable_diffusion_15,euler,ays,10,2,5.0,8,"an isometric cozy bedroom with plants, books, a desk lamp, and a rainy window",outputs/gpde_diffusers_sd15_nfe10_cfg_seed_sweep/samples/diffusers/stable_diffusion_15/euler/cfg_5/ays/seed_002/nfe_010/000008.jpg,schedules/ays_like/published/stable_diffusion_15/nfe_010,outputs/gpde_diffusers_sd15_nfe10_cfg_seed_sweep/samples/diffusers/stable_diffusion_15/euler/cfg_5/ays/seed_002/nfe_010,29.654207229614258,-0.5667806267738342
diffusers,hf_stable_diffusion_15,euler,ays,10,2,5.0,9,"a dramatic mountain monastery above clouds, sunrise, detailed stone architecture",outputs/gpde_diffusers_sd15_nfe10_cfg_seed_sweep/samples/diffusers/stable_diffusion_15/euler/cfg_5/ays/seed_002/nfe_010/000009.jpg,schedules/ays_like/published/stable_diffusion_15/nfe_010,outputs/gpde_diffusers_sd15_nfe10_cfg_seed_sweep/samples/diffusers/stable_diffusion_15/euler/cfg_5/ays/seed_002/nfe_010,31.577756881713867,1.7715646028518677
diffusers,hf_stable_diffusion_15,euler,ays,10,2,5.0,10,a fashion editorial photo of a model wearing a translucent raincoat in Tokyo at night,outputs/gpde_diffusers_sd15_nfe10_cfg_seed_sweep/samples/diffusers/stable_diffusion_15/euler/cfg_5/ays/seed_002/nfe_010/000010.jpg,schedules/ays_like/published/stable_diffusion_15/nfe_010,outputs/gpde_diffusers_sd15_nfe10_cfg_seed_sweep/samples/diffusers/stable_diffusion_15/euler/cfg_5/ays/seed_002/nfe_010,36.3717155456543,1.3140265941619873
diffusers,hf_stable_diffusion_15,euler,ays,10,2,5.0,11,a realistic red fox statue made of folded paper on a white museum pedestal,outputs/gpde_diffusers_sd15_nfe10_cfg_seed_sweep/samples/diffusers/stable_diffusion_15/euler/cfg_5/ays/seed_002/nfe_010/000011.jpg,schedules/ays_like/published/stable_diffusion_15/nfe_010,outputs/gpde_diffusers_sd15_nfe10_cfg_seed_sweep/samples/diffusers/stable_diffusion_15/euler/cfg_5/ays/seed_002/nfe_010,33.91128921508789,0.6589846014976501
diffusers,hf_stable_diffusion_15,euler,ays,10,2,5.0,12,a detailed cutaway illustration of a tiny submarine exploring a coral reef,outputs/gpde_diffusers_sd15_nfe10_cfg_seed_sweep/samples/diffusers/stable_diffusion_15/euler/cfg_5/ays/seed_002/nfe_010/000012.jpg,schedules/ays_like/published/stable_diffusion_15/nfe_010,outputs/gpde_diffusers_sd15_nfe10_cfg_seed_sweep/samples/diffusers/stable_diffusion_15/euler/cfg_5/ays/seed_002/nfe_010,32.09992980957031,0.9156966805458069
diffusers,hf_stable_diffusion_15,euler,ays,10,2,5.0,13,a product photo of wireless headphones on brushed aluminum with blue accent lighting,outputs/gpde_diffusers_sd15_nfe10_cfg_seed_sweep/samples/diffusers/stable_diffusion_15/euler/cfg_5/ays/seed_002/nfe_010/000013.jpg,schedules/ays_like/published/stable_diffusion_15/nfe_010,outputs/gpde_diffusers_sd15_nfe10_cfg_seed_sweep/samples/diffusers/stable_diffusion_15/euler/cfg_5/ays/seed_002/nfe_010,24.282276153564453,-0.9697385430335999
diffusers,hf_stable_diffusion_15,euler,ays,10,2,5.0,14,"a medieval market square during a festival, banners, musicians, detailed crowd",outputs/gpde_diffusers_sd15_nfe10_cfg_seed_sweep/samples/diffusers/stable_diffusion_15/euler/cfg_5/ays/seed_002/nfe_010/000014.jpg,schedules/ays_like/published/stable_diffusion_15/nfe_010,outputs/gpde_diffusers_sd15_nfe10_cfg_seed_sweep/samples/diffusers/stable_diffusion_15/euler/cfg_5/ays/seed_002/nfe_010,28.026914596557617,0.008607301861047745
diffusers,hf_stable_diffusion_15,euler,ays,10,2,5.0,15,an oil painting of a violinist performing in an empty subway station,outputs/gpde_diffusers_sd15_nfe10_cfg_seed_sweep/samples/diffusers/stable_diffusion_15/euler/cfg_5/ays/seed_002/nfe_010/000015.jpg,schedules/ays_like/published/stable_diffusion_15/nfe_010,outputs/gpde_diffusers_sd15_nfe10_cfg_seed_sweep/samples/diffusers/stable_diffusion_15/euler/cfg_5/ays/seed_002/nfe_010,41.1771240234375,1.7289047241210938
diffusers,hf_stable_diffusion_15,euler,ays,10,2,5.0,16,"a close-up portrait of an elderly sailor, weathered skin, navy coat, overcast harbor",outputs/gpde_diffusers_sd15_nfe10_cfg_seed_sweep/samples/diffusers/stable_diffusion_15/euler/cfg_5/ays/seed_002/nfe_010/000016.jpg,schedules/ays_like/published/stable_diffusion_15/nfe_010,outputs/gpde_diffusers_sd15_nfe10_cfg_seed_sweep/samples/diffusers/stable_diffusion_15/euler/cfg_5/ays/seed_002/nfe_010,28.896331787109375,1.0944539308547974
diffusers,hf_stable_diffusion_15,euler,ays,10,2,5.0,17,a clean architectural rendering of a modern cabin beside a frozen lake,outputs/gpde_diffusers_sd15_nfe10_cfg_seed_sweep/samples/diffusers/stable_diffusion_15/euler/cfg_5/ays/seed_002/nfe_010/000017.jpg,schedules/ays_like/published/stable_diffusion_15/nfe_010,outputs/gpde_diffusers_sd15_nfe10_cfg_seed_sweep/samples/diffusers/stable_diffusion_15/euler/cfg_5/ays/seed_002/nfe_010,33.185367584228516,0.5261358618736267
diffusers,hf_stable_diffusion_15,euler,ays,10,2,5.0,18,a surreal desert filled with floating glass spheres and distant black mountains,outputs/gpde_diffusers_sd15_nfe10_cfg_seed_sweep/samples/diffusers/stable_diffusion_15/euler/cfg_5/ays/seed_002/nfe_010/000018.jpg,schedules/ays_like/published/stable_diffusion_15/nfe_010,outputs/gpde_diffusers_sd15_nfe10_cfg_seed_sweep/samples/diffusers/stable_diffusion_15/euler/cfg_5/ays/seed_002/nfe_010,26.528305053710938,-0.2125679850578308
diffusers,hf_stable_diffusion_15,euler,ays,10,2,5.0,19,a documentary photo of a scientist collecting ice cores in Antarctica,outputs/gpde_diffusers_sd15_nfe10_cfg_seed_sweep/samples/diffusers/stable_diffusion_15/euler/cfg_5/ays/seed_002/nfe_010/000019.jpg,schedules/ays_like/published/stable_diffusion_15/nfe_010,outputs/gpde_diffusers_sd15_nfe10_cfg_seed_sweep/samples/diffusers/stable_diffusion_15/euler/cfg_5/ays/seed_002/nfe_010,29.386859893798828,1.0318548679351807
diffusers,hf_stable_diffusion_15,euler,ays,10,2,5.0,20,a detailed 3D render of a mechanical hummingbird with copper wings,outputs/gpde_diffusers_sd15_nfe10_cfg_seed_sweep/samples/diffusers/stable_diffusion_15/euler/cfg_5/ays/seed_002/nfe_010/000020.jpg,schedules/ays_like/published/stable_diffusion_15/nfe_010,outputs/gpde_diffusers_sd15_nfe10_cfg_seed_sweep/samples/diffusers/stable_diffusion_15/euler/cfg_5/ays/seed_002/nfe_010,29.10584831237793,0.1848641335964203
diffusers,hf_stable_diffusion_15,euler,ays,10,2,5.0,21,"a cozy cafe interior in autumn, pastries, espresso machine, soft morning light",outputs/gpde_diffusers_sd15_nfe10_cfg_seed_sweep/samples/diffusers/stable_diffusion_15/euler/cfg_5/ays/seed_002/nfe_010/000021.jpg,schedules/ays_like/published/stable_diffusion_15/nfe_010,outputs/gpde_diffusers_sd15_nfe10_cfg_seed_sweep/samples/diffusers/stable_diffusion_15/euler/cfg_5/ays/seed_002/nfe_010,30.23988914489746,-0.7074248790740967
diffusers,hf_stable_diffusion_15,euler,ays,10,2,5.0,22,"a panoramic view of terraced rice fields under mist, workers in colorful clothing",outputs/gpde_diffusers_sd15_nfe10_cfg_seed_sweep/samples/diffusers/stable_diffusion_15/euler/cfg_5/ays/seed_002/nfe_010/000022.jpg,schedules/ays_like/published/stable_diffusion_15/nfe_010,outputs/gpde_diffusers_sd15_nfe10_cfg_seed_sweep/samples/diffusers/stable_diffusion_15/euler/cfg_5/ays/seed_002/nfe_010,28.481388092041016,0.5592564940452576
diffusers,hf_stable_diffusion_15,euler,ays,10,2,5.0,23,a children's book illustration of a moonlit boat parade on a quiet canal,outputs/gpde_diffusers_sd15_nfe10_cfg_seed_sweep/samples/diffusers/stable_diffusion_15/euler/cfg_5/ays/seed_002/nfe_010/000023.jpg,schedules/ays_like/published/stable_diffusion_15/nfe_010,outputs/gpde_diffusers_sd15_nfe10_cfg_seed_sweep/samples/diffusers/stable_diffusion_15/euler/cfg_5/ays/seed_002/nfe_010,30.877471923828125,-0.4456549882888794
diffusers,hf_stable_diffusion_15,euler,ays,10,2,5.0,24,"a realistic sports car parked in a concrete tunnel, reflections, low angle",outputs/gpde_diffusers_sd15_nfe10_cfg_seed_sweep/samples/diffusers/stable_diffusion_15/euler/cfg_5/ays/seed_002/nfe_010/000024.jpg,schedules/ays_like/published/stable_diffusion_15/nfe_010,outputs/gpde_diffusers_sd15_nfe10_cfg_seed_sweep/samples/diffusers/stable_diffusion_15/euler/cfg_5/ays/seed_002/nfe_010,27.89972496032715,1.0428205728530884
diffusers,hf_stable_diffusion_15,euler,ays,10,2,5.0,25,"a botanical diagram of rare orchids with labeled roots and petals, archival paper",outputs/gpde_diffusers_sd15_nfe10_cfg_seed_sweep/samples/diffusers/stable_diffusion_15/euler/cfg_5/ays/seed_002/nfe_010/000025.jpg,schedules/ays_like/published/stable_diffusion_15/nfe_010,outputs/gpde_diffusers_sd15_nfe10_cfg_seed_sweep/samples/diffusers/stable_diffusion_15/euler/cfg_5/ays/seed_002/nfe_010,30.174753189086914,0.22854983806610107
diffusers,hf_stable_diffusion_15,euler,ays,10,2,5.0,26,"a cyberpunk street food stall with steam, lanterns, and dense urban signage",outputs/gpde_diffusers_sd15_nfe10_cfg_seed_sweep/samples/diffusers/stable_diffusion_15/euler/cfg_5/ays/seed_002/nfe_010/000026.jpg,schedules/ays_like/published/stable_diffusion_15/nfe_010,outputs/gpde_diffusers_sd15_nfe10_cfg_seed_sweep/samples/diffusers/stable_diffusion_15/euler/cfg_5/ays/seed_002/nfe_010,30.959819793701172,-0.1982506364583969
diffusers,hf_stable_diffusion_15,euler,ays,10,2,5.0,27,"a still life of glass fruit bowls, linen cloth, and silver cutlery, natural light",outputs/gpde_diffusers_sd15_nfe10_cfg_seed_sweep/samples/diffusers/stable_diffusion_15/euler/cfg_5/ays/seed_002/nfe_010/000027.jpg,schedules/ays_like/published/stable_diffusion_15/nfe_010,outputs/gpde_diffusers_sd15_nfe10_cfg_seed_sweep/samples/diffusers/stable_diffusion_15/euler/cfg_5/ays/seed_002/nfe_010,29.97490692138672,-1.1432416439056396
diffusers,hf_stable_diffusion_15,euler,ays,10,2,5.0,28,a heroic statue covered in vines in an abandoned futuristic plaza,outputs/gpde_diffusers_sd15_nfe10_cfg_seed_sweep/samples/diffusers/stable_diffusion_15/euler/cfg_5/ays/seed_002/nfe_010/000028.jpg,schedules/ays_like/published/stable_diffusion_15/nfe_010,outputs/gpde_diffusers_sd15_nfe10_cfg_seed_sweep/samples/diffusers/stable_diffusion_15/euler/cfg_5/ays/seed_002/nfe_010,33.585784912109375,-1.3056366443634033
diffusers,hf_stable_diffusion_15,euler,ays,10,2,5.0,29,a black and white film photograph of dancers rehearsing in a mirror-lined studio,outputs/gpde_diffusers_sd15_nfe10_cfg_seed_sweep/samples/diffusers/stable_diffusion_15/euler/cfg_5/ays/seed_002/nfe_010/000029.jpg,schedules/ays_like/published/stable_diffusion_15/nfe_010,outputs/gpde_diffusers_sd15_nfe10_cfg_seed_sweep/samples/diffusers/stable_diffusion_15/euler/cfg_5/ays/seed_002/nfe_010,35.11499786376953,1.087231159210205
diffusers,hf_stable_diffusion_15,euler,ays,10,2,5.0,30,"a detailed scene of a spacecraft cockpit during reentry, glowing controls, tense mood",outputs/gpde_diffusers_sd15_nfe10_cfg_seed_sweep/samples/diffusers/stable_diffusion_15/euler/cfg_5/ays/seed_002/nfe_010/000030.jpg,schedules/ays_like/published/stable_diffusion_15/nfe_010,outputs/gpde_diffusers_sd15_nfe10_cfg_seed_sweep/samples/diffusers/stable_diffusion_15/euler/cfg_5/ays/seed_002/nfe_010,27.009105682373047,-0.6493364572525024
diffusers,hf_stable_diffusion_15,euler,ays,10,2,5.0,31,a claymation style village bakery with tiny loaves and painted signs,outputs/gpde_diffusers_sd15_nfe10_cfg_seed_sweep/samples/diffusers/stable_diffusion_15/euler/cfg_5/ays/seed_002/nfe_010/000031.jpg,schedules/ays_like/published/stable_diffusion_15/nfe_010,outputs/gpde_diffusers_sd15_nfe10_cfg_seed_sweep/samples/diffusers/stable_diffusion_15/euler/cfg_5/ays/seed_002/nfe_010,32.105751037597656,-1.3840229511260986
diffusers,hf_stable_diffusion_15,euler,ays,10,2,5.0,32,a realistic underwater photograph of a diver inspecting an ancient marble column,outputs/gpde_diffusers_sd15_nfe10_cfg_seed_sweep/samples/diffusers/stable_diffusion_15/euler/cfg_5/ays/seed_002/nfe_010/000032.jpg,schedules/ays_like/published/stable_diffusion_15/nfe_010,outputs/gpde_diffusers_sd15_nfe10_cfg_seed_sweep/samples/diffusers/stable_diffusion_15/euler/cfg_5/ays/seed_002/nfe_010,30.249374389648438,0.6501631140708923
diffusers,hf_stable_diffusion_15,euler,ays,10,2,5.0,33,"a minimalist poster of a jazz quartet in deep red, cream, and black",outputs/gpde_diffusers_sd15_nfe10_cfg_seed_sweep/samples/diffusers/stable_diffusion_15/euler/cfg_5/ays/seed_002/nfe_010/000033.jpg,schedules/ays_like/published/stable_diffusion_15/nfe_010,outputs/gpde_diffusers_sd15_nfe10_cfg_seed_sweep/samples/diffusers/stable_diffusion_15/euler/cfg_5/ays/seed_002/nfe_010,25.15389633178711,-1.0366630554199219
diffusers,hf_stable_diffusion_15,euler,ays,10,2,5.0,34,a high detail portrait of a queen wearing armor made of mother of pearl,outputs/gpde_diffusers_sd15_nfe10_cfg_seed_sweep/samples/diffusers/stable_diffusion_15/euler/cfg_5/ays/seed_002/nfe_010/000034.jpg,schedules/ays_like/published/stable_diffusion_15/nfe_010,outputs/gpde_diffusers_sd15_nfe10_cfg_seed_sweep/samples/diffusers/stable_diffusion_15/euler/cfg_5/ays/seed_002/nfe_010,26.864826202392578,1.4644843339920044
diffusers,hf_stable_diffusion_15,euler,ays,10,2,5.0,35,"a top-down board game map of an island with forests, cliffs, and hidden ruins",outputs/gpde_diffusers_sd15_nfe10_cfg_seed_sweep/samples/diffusers/stable_diffusion_15/euler/cfg_5/ays/seed_002/nfe_010/000035.jpg,schedules/ays_like/published/stable_diffusion_15/nfe_010,outputs/gpde_diffusers_sd15_nfe10_cfg_seed_sweep/samples/diffusers/stable_diffusion_15/euler/cfg_5/ays/seed_002/nfe_010,28.70130157470703,0.07733310759067535
diffusers,hf_stable_diffusion_15,euler,ays,10,2,5.0,36,"a luxury watch exploded view on a dark background, precise gears and screws",outputs/gpde_diffusers_sd15_nfe10_cfg_seed_sweep/samples/diffusers/stable_diffusion_15/euler/cfg_5/ays/seed_002/nfe_010/000036.jpg,schedules/ays_like/published/stable_diffusion_15/nfe_010,outputs/gpde_diffusers_sd15_nfe10_cfg_seed_sweep/samples/diffusers/stable_diffusion_15/euler/cfg_5/ays/seed_002/nfe_010,31.17356300354004,0.7301114201545715
diffusers,hf_stable_diffusion_15,euler,ays,10,2,5.0,37,"a sunlit greenhouse filled with tomatoes, watering cans, and terracotta pots",outputs/gpde_diffusers_sd15_nfe10_cfg_seed_sweep/samples/diffusers/stable_diffusion_15/euler/cfg_5/ays/seed_002/nfe_010/000037.jpg,schedules/ays_like/published/stable_diffusion_15/nfe_010,outputs/gpde_diffusers_sd15_nfe10_cfg_seed_sweep/samples/diffusers/stable_diffusion_15/euler/cfg_5/ays/seed_002/nfe_010,27.682954788208008,0.32870858907699585
diffusers,hf_stable_diffusion_15,euler,ays,10,2,5.0,38,a night landscape of fireflies over a meadow beside a quiet river,outputs/gpde_diffusers_sd15_nfe10_cfg_seed_sweep/samples/diffusers/stable_diffusion_15/euler/cfg_5/ays/seed_002/nfe_010/000038.jpg,schedules/ays_like/published/stable_diffusion_15/nfe_010,outputs/gpde_diffusers_sd15_nfe10_cfg_seed_sweep/samples/diffusers/stable_diffusion_15/euler/cfg_5/ays/seed_002/nfe_010,28.044614791870117,1.4136549234390259
diffusers,hf_stable_diffusion_15,euler,ays,10,2,5.0,39,a realistic photo of a rescue helicopter landing on a snowy mountain ridge,outputs/gpde_diffusers_sd15_nfe10_cfg_seed_sweep/samples/diffusers/stable_diffusion_15/euler/cfg_5/ays/seed_002/nfe_010/000039.jpg,schedules/ays_like/published/stable_diffusion_15/nfe_010,outputs/gpde_diffusers_sd15_nfe10_cfg_seed_sweep/samples/diffusers/stable_diffusion_15/euler/cfg_5/ays/seed_002/nfe_010,28.99588394165039,0.670296311378479
diffusers,hf_stable_diffusion_15,euler,ays,10,2,5.0,40,a concept art scene of a floating research station above Jupiter's clouds,outputs/gpde_diffusers_sd15_nfe10_cfg_seed_sweep/samples/diffusers/stable_diffusion_15/euler/cfg_5/ays/seed_002/nfe_010/000040.jpg,schedules/ays_like/published/stable_diffusion_15/nfe_010,outputs/gpde_diffusers_sd15_nfe10_cfg_seed_sweep/samples/diffusers/stable_diffusion_15/euler/cfg_5/ays/seed_002/nfe_010,27.650493621826172,0.11119841784238815
diffusers,hf_stable_diffusion_15,euler,ays,10,2,5.0,41,a detailed pencil drawing of an old bicycle leaning against a brick wall,outputs/gpde_diffusers_sd15_nfe10_cfg_seed_sweep/samples/diffusers/stable_diffusion_15/euler/cfg_5/ays/seed_002/nfe_010/000041.jpg,schedules/ays_like/published/stable_diffusion_15/nfe_010,outputs/gpde_diffusers_sd15_nfe10_cfg_seed_sweep/samples/diffusers/stable_diffusion_15/euler/cfg_5/ays/seed_002/nfe_010,34.72593688964844,0.9393137097358704
diffusers,hf_stable_diffusion_15,euler,ays,10,2,5.0,42,"a museum diorama of prehistoric sea creatures, dramatic educational lighting",outputs/gpde_diffusers_sd15_nfe10_cfg_seed_sweep/samples/diffusers/stable_diffusion_15/euler/cfg_5/ays/seed_002/nfe_010/000042.jpg,schedules/ays_like/published/stable_diffusion_15/nfe_010,outputs/gpde_diffusers_sd15_nfe10_cfg_seed_sweep/samples/diffusers/stable_diffusion_15/euler/cfg_5/ays/seed_002/nfe_010,25.15001678466797,0.005523500964045525
diffusers,hf_stable_diffusion_15,euler,ays,10,2,5.0,43,"a peaceful Japanese garden with koi pond, stone bridge, and maple leaves",outputs/gpde_diffusers_sd15_nfe10_cfg_seed_sweep/samples/diffusers/stable_diffusion_15/euler/cfg_5/ays/seed_002/nfe_010/000043.jpg,schedules/ays_like/published/stable_diffusion_15/nfe_010,outputs/gpde_diffusers_sd15_nfe10_cfg_seed_sweep/samples/diffusers/stable_diffusion_15/euler/cfg_5/ays/seed_002/nfe_010,27.51326560974121,0.3766762316226959
diffusers,hf_stable_diffusion_15,euler,ays,10,2,5.0,44,"a close-up food photograph of ramen with soft egg, steam, and ceramic bowl",outputs/gpde_diffusers_sd15_nfe10_cfg_seed_sweep/samples/diffusers/stable_diffusion_15/euler/cfg_5/ays/seed_002/nfe_010/000044.jpg,schedules/ays_like/published/stable_diffusion_15/nfe_010,outputs/gpde_diffusers_sd15_nfe10_cfg_seed_sweep/samples/diffusers/stable_diffusion_15/euler/cfg_5/ays/seed_002/nfe_010,31.654739379882812,0.6150618195533752
diffusers,hf_stable_diffusion_15,euler,ays,10,2,5.0,45,a vibrant parade costume covered with mirrors and embroidered flowers,outputs/gpde_diffusers_sd15_nfe10_cfg_seed_sweep/samples/diffusers/stable_diffusion_15/euler/cfg_5/ays/seed_002/nfe_010/000045.jpg,schedules/ays_like/published/stable_diffusion_15/nfe_010,outputs/gpde_diffusers_sd15_nfe10_cfg_seed_sweep/samples/diffusers/stable_diffusion_15/euler/cfg_5/ays/seed_002/nfe_010,31.074546813964844,-0.45014554262161255
diffusers,hf_stable_diffusion_15,euler,ays,10,2,5.0,46,a realistic image of a hand-crafted wooden chess set mid game by candlelight,outputs/gpde_diffusers_sd15_nfe10_cfg_seed_sweep/samples/diffusers/stable_diffusion_15/euler/cfg_5/ays/seed_002/nfe_010/000046.jpg,schedules/ays_like/published/stable_diffusion_15/nfe_010,outputs/gpde_diffusers_sd15_nfe10_cfg_seed_sweep/samples/diffusers/stable_diffusion_15/euler/cfg_5/ays/seed_002/nfe_010,27.754711151123047,-0.7785440683364868
diffusers,hf_stable_diffusion_15,euler,ays,10,2,5.0,47,a wide angle view of a data center corridor with blue status lights,outputs/gpde_diffusers_sd15_nfe10_cfg_seed_sweep/samples/diffusers/stable_diffusion_15/euler/cfg_5/ays/seed_002/nfe_010/000047.jpg,schedules/ays_like/published/stable_diffusion_15/nfe_010,outputs/gpde_diffusers_sd15_nfe10_cfg_seed_sweep/samples/diffusers/stable_diffusion_15/euler/cfg_5/ays/seed_002/nfe_010,23.629453659057617,0.47386690974235535
diffusers,hf_stable_diffusion_15,euler,ays,10,2,5.0,48,a magical realism scene of books flying through an old train carriage,outputs/gpde_diffusers_sd15_nfe10_cfg_seed_sweep/samples/diffusers/stable_diffusion_15/euler/cfg_5/ays/seed_002/nfe_010/000048.jpg,schedules/ays_like/published/stable_diffusion_15/nfe_010,outputs/gpde_diffusers_sd15_nfe10_cfg_seed_sweep/samples/diffusers/stable_diffusion_15/euler/cfg_5/ays/seed_002/nfe_010,35.15248107910156,-0.33000826835632324
diffusers,hf_stable_diffusion_15,euler,ays,10,2,5.0,49,a studio portrait of a golden retriever wearing aviator goggles and a red scarf,outputs/gpde_diffusers_sd15_nfe10_cfg_seed_sweep/samples/diffusers/stable_diffusion_15/euler/cfg_5/ays/seed_002/nfe_010/000049.jpg,schedules/ays_like/published/stable_diffusion_15/nfe_010,outputs/gpde_diffusers_sd15_nfe10_cfg_seed_sweep/samples/diffusers/stable_diffusion_15/euler/cfg_5/ays/seed_002/nfe_010,30.23186683654785,1.3557028770446777
diffusers,hf_stable_diffusion_15,euler,base,10,0,5.0,0,"a cinematic portrait of an astronaut botanist in a glass greenhouse on Mars, detailed fabric, soft rim light",outputs/gpde_diffusers_sd15_nfe10_cfg_seed_sweep/samples/diffusers/stable_diffusion_15/euler/cfg_5/base/seed_000/nfe_010/000000.jpg,,outputs/gpde_diffusers_sd15_nfe10_cfg_seed_sweep/samples/diffusers/stable_diffusion_15/euler/cfg_5/base/seed_000/nfe_010,24.58122444152832,-1.798019528388977
diffusers,hf_stable_diffusion_15,euler,base,10,0,5.0,1,"a small brass robot repairing an antique clock in a sunlit workshop, shallow depth of field",outputs/gpde_diffusers_sd15_nfe10_cfg_seed_sweep/samples/diffusers/stable_diffusion_15/euler/cfg_5/base/seed_000/nfe_010/000001.jpg,,outputs/gpde_diffusers_sd15_nfe10_cfg_seed_sweep/samples/diffusers/stable_diffusion_15/euler/cfg_5/base/seed_000/nfe_010,32.0294303894043,-1.620909571647644
diffusers,hf_stable_diffusion_15,euler,base,10,0,5.0,2,"a watercolor city street after rain with neon signs reflected in puddles, evening atmosphere",outputs/gpde_diffusers_sd15_nfe10_cfg_seed_sweep/samples/diffusers/stable_diffusion_15/euler/cfg_5/base/seed_000/nfe_010/000002.jpg,,outputs/gpde_diffusers_sd15_nfe10_cfg_seed_sweep/samples/diffusers/stable_diffusion_15/euler/cfg_5/base/seed_000/nfe_010,27.066993713378906,1.056816816329956
diffusers,hf_stable_diffusion_15,euler,base,10,0,5.0,3,a high resolution studio photo of a ceramic teapot shaped like a seashell on a slate table,outputs/gpde_diffusers_sd15_nfe10_cfg_seed_sweep/samples/diffusers/stable_diffusion_15/euler/cfg_5/base/seed_000/nfe_010/000003.jpg,,outputs/gpde_diffusers_sd15_nfe10_cfg_seed_sweep/samples/diffusers/stable_diffusion_15/euler/cfg_5/base/seed_000/nfe_010,25.650728225708008,0.14687533676624298
diffusers,hf_stable_diffusion_15,euler,base,10,0,5.0,4,"a fantasy library carved inside a giant tree, spiral stairs, warm lanterns, intricate shelves",outputs/gpde_diffusers_sd15_nfe10_cfg_seed_sweep/samples/diffusers/stable_diffusion_15/euler/cfg_5/base/seed_000/nfe_010/000004.jpg,,outputs/gpde_diffusers_sd15_nfe10_cfg_seed_sweep/samples/diffusers/stable_diffusion_15/euler/cfg_5/base/seed_000/nfe_010,28.651216506958008,1.3444019556045532
diffusers,hf_stable_diffusion_15,euler,base,10,0,5.0,5,"a macro photograph of a snowflake resting on dark wool, crisp crystalline detail",outputs/gpde_diffusers_sd15_nfe10_cfg_seed_sweep/samples/diffusers/stable_diffusion_15/euler/cfg_5/base/seed_000/nfe_010/000005.jpg,,outputs/gpde_diffusers_sd15_nfe10_cfg_seed_sweep/samples/diffusers/stable_diffusion_15/euler/cfg_5/base/seed_000/nfe_010,28.86125373840332,0.002562994137406349
diffusers,hf_stable_diffusion_15,euler,base,10,0,5.0,6,"a retro futuristic train crossing a desert at sunset, chrome surfaces, long shadows",outputs/gpde_diffusers_sd15_nfe10_cfg_seed_sweep/samples/diffusers/stable_diffusion_15/euler/cfg_5/base/seed_000/nfe_010/000006.jpg,,outputs/gpde_diffusers_sd15_nfe10_cfg_seed_sweep/samples/diffusers/stable_diffusion_15/euler/cfg_5/base/seed_000/nfe_010,30.87833595275879,1.574192762374878
diffusers,hf_stable_diffusion_15,euler,base,10,0,5.0,7,"a chef plating a colorful molecular gastronomy dessert, clean restaurant lighting",outputs/gpde_diffusers_sd15_nfe10_cfg_seed_sweep/samples/diffusers/stable_diffusion_15/euler/cfg_5/base/seed_000/nfe_010/000007.jpg,,outputs/gpde_diffusers_sd15_nfe10_cfg_seed_sweep/samples/diffusers/stable_diffusion_15/euler/cfg_5/base/seed_000/nfe_010,33.899696350097656,0.8315094113349915
diffusers,hf_stable_diffusion_15,euler,base,10,0,5.0,8,"an isometric cozy bedroom with plants, books, a desk lamp, and a rainy window",outputs/gpde_diffusers_sd15_nfe10_cfg_seed_sweep/samples/diffusers/stable_diffusion_15/euler/cfg_5/base/seed_000/nfe_010/000008.jpg,,outputs/gpde_diffusers_sd15_nfe10_cfg_seed_sweep/samples/diffusers/stable_diffusion_15/euler/cfg_5/base/seed_000/nfe_010,28.131372451782227,-0.5611924529075623
diffusers,hf_stable_diffusion_15,euler,base,10,0,5.0,9,"a dramatic mountain monastery above clouds, sunrise, detailed stone architecture",outputs/gpde_diffusers_sd15_nfe10_cfg_seed_sweep/samples/diffusers/stable_diffusion_15/euler/cfg_5/base/seed_000/nfe_010/000009.jpg,,outputs/gpde_diffusers_sd15_nfe10_cfg_seed_sweep/samples/diffusers/stable_diffusion_15/euler/cfg_5/base/seed_000/nfe_010,32.018070220947266,1.3730056285858154
diffusers,hf_stable_diffusion_15,euler,base,10,0,5.0,10,a fashion editorial photo of a model wearing a translucent raincoat in Tokyo at night,outputs/gpde_diffusers_sd15_nfe10_cfg_seed_sweep/samples/diffusers/stable_diffusion_15/euler/cfg_5/base/seed_000/nfe_010/000010.jpg,,outputs/gpde_diffusers_sd15_nfe10_cfg_seed_sweep/samples/diffusers/stable_diffusion_15/euler/cfg_5/base/seed_000/nfe_010,35.50068664550781,1.7338030338287354
diffusers,hf_stable_diffusion_15,euler,base,10,0,5.0,11,a realistic red fox statue made of folded paper on a white museum pedestal,outputs/gpde_diffusers_sd15_nfe10_cfg_seed_sweep/samples/diffusers/stable_diffusion_15/euler/cfg_5/base/seed_000/nfe_010/000011.jpg,,outputs/gpde_diffusers_sd15_nfe10_cfg_seed_sweep/samples/diffusers/stable_diffusion_15/euler/cfg_5/base/seed_000/nfe_010,33.4461555480957,-1.1450797319412231
diffusers,hf_stable_diffusion_15,euler,base,10,0,5.0,12,a detailed cutaway illustration of a tiny submarine exploring a coral reef,outputs/gpde_diffusers_sd15_nfe10_cfg_seed_sweep/samples/diffusers/stable_diffusion_15/euler/cfg_5/base/seed_000/nfe_010/000012.jpg,,outputs/gpde_diffusers_sd15_nfe10_cfg_seed_sweep/samples/diffusers/stable_diffusion_15/euler/cfg_5/base/seed_000/nfe_010,25.636165618896484,-1.6934188604354858
diffusers,hf_stable_diffusion_15,euler,base,10,0,5.0,13,a product photo of wireless headphones on brushed aluminum with blue accent lighting,outputs/gpde_diffusers_sd15_nfe10_cfg_seed_sweep/samples/diffusers/stable_diffusion_15/euler/cfg_5/base/seed_000/nfe_010/000013.jpg,,outputs/gpde_diffusers_sd15_nfe10_cfg_seed_sweep/samples/diffusers/stable_diffusion_15/euler/cfg_5/base/seed_000/nfe_010,31.062339782714844,1.2799136638641357
diffusers,hf_stable_diffusion_15,euler,base,10,0,5.0,14,"a medieval market square during a festival, banners, musicians, detailed crowd",outputs/gpde_diffusers_sd15_nfe10_cfg_seed_sweep/samples/diffusers/stable_diffusion_15/euler/cfg_5/base/seed_000/nfe_010/000014.jpg,,outputs/gpde_diffusers_sd15_nfe10_cfg_seed_sweep/samples/diffusers/stable_diffusion_15/euler/cfg_5/base/seed_000/nfe_010,25.953609466552734,-0.05094069242477417
diffusers,hf_stable_diffusion_15,euler,base,10,0,5.0,15,an oil painting of a violinist performing in an empty subway station,outputs/gpde_diffusers_sd15_nfe10_cfg_seed_sweep/samples/diffusers/stable_diffusion_15/euler/cfg_5/base/seed_000/nfe_010/000015.jpg,,outputs/gpde_diffusers_sd15_nfe10_cfg_seed_sweep/samples/diffusers/stable_diffusion_15/euler/cfg_5/base/seed_000/nfe_010,36.93333435058594,1.4316073656082153
diffusers,hf_stable_diffusion_15,euler,base,10,0,5.0,16,"a close-up portrait of an elderly sailor, weathered skin, navy coat, overcast harbor",outputs/gpde_diffusers_sd15_nfe10_cfg_seed_sweep/samples/diffusers/stable_diffusion_15/euler/cfg_5/base/seed_000/nfe_010/000016.jpg,,outputs/gpde_diffusers_sd15_nfe10_cfg_seed_sweep/samples/diffusers/stable_diffusion_15/euler/cfg_5/base/seed_000/nfe_010,27.959781646728516,0.9310096502304077
diffusers,hf_stable_diffusion_15,euler,base,10,0,5.0,17,a clean architectural rendering of a modern cabin beside a frozen lake,outputs/gpde_diffusers_sd15_nfe10_cfg_seed_sweep/samples/diffusers/stable_diffusion_15/euler/cfg_5/base/seed_000/nfe_010/000017.jpg,,outputs/gpde_diffusers_sd15_nfe10_cfg_seed_sweep/samples/diffusers/stable_diffusion_15/euler/cfg_5/base/seed_000/nfe_010,32.457969665527344,0.7184352874755859
diffusers,hf_stable_diffusion_15,euler,base,10,0,5.0,18,a surreal desert filled with floating glass spheres and distant black mountains,outputs/gpde_diffusers_sd15_nfe10_cfg_seed_sweep/samples/diffusers/stable_diffusion_15/euler/cfg_5/base/seed_000/nfe_010/000018.jpg,,outputs/gpde_diffusers_sd15_nfe10_cfg_seed_sweep/samples/diffusers/stable_diffusion_15/euler/cfg_5/base/seed_000/nfe_010,33.39685821533203,0.2862256169319153
diffusers,hf_stable_diffusion_15,euler,base,10,0,5.0,19,a documentary photo of a scientist collecting ice cores in Antarctica,outputs/gpde_diffusers_sd15_nfe10_cfg_seed_sweep/samples/diffusers/stable_diffusion_15/euler/cfg_5/base/seed_000/nfe_010/000019.jpg,,outputs/gpde_diffusers_sd15_nfe10_cfg_seed_sweep/samples/diffusers/stable_diffusion_15/euler/cfg_5/base/seed_000/nfe_010,30.81960105895996,0.22500993311405182
diffusers,hf_stable_diffusion_15,euler,base,10,0,5.0,20,a detailed 3D render of a mechanical hummingbird with copper wings,outputs/gpde_diffusers_sd15_nfe10_cfg_seed_sweep/samples/diffusers/stable_diffusion_15/euler/cfg_5/base/seed_000/nfe_010/000020.jpg,,outputs/gpde_diffusers_sd15_nfe10_cfg_seed_sweep/samples/diffusers/stable_diffusion_15/euler/cfg_5/base/seed_000/nfe_010,34.152732849121094,0.9120949506759644
diffusers,hf_stable_diffusion_15,euler,base,10,0,5.0,21,"a cozy cafe interior in autumn, pastries, espresso machine, soft morning light",outputs/gpde_diffusers_sd15_nfe10_cfg_seed_sweep/samples/diffusers/stable_diffusion_15/euler/cfg_5/base/seed_000/nfe_010/000021.jpg,,outputs/gpde_diffusers_sd15_nfe10_cfg_seed_sweep/samples/diffusers/stable_diffusion_15/euler/cfg_5/base/seed_000/nfe_010,22.767663955688477,-1.0206412076950073
diffusers,hf_stable_diffusion_15,euler,base,10,0,5.0,22,"a panoramic view of terraced rice fields under mist, workers in colorful clothing",outputs/gpde_diffusers_sd15_nfe10_cfg_seed_sweep/samples/diffusers/stable_diffusion_15/euler/cfg_5/base/seed_000/nfe_010/000022.jpg,,outputs/gpde_diffusers_sd15_nfe10_cfg_seed_sweep/samples/diffusers/stable_diffusion_15/euler/cfg_5/base/seed_000/nfe_010,28.385662078857422,-0.8094468116760254
diffusers,hf_stable_diffusion_15,euler,base,10,0,5.0,23,a children's book illustration of a moonlit boat parade on a quiet canal,outputs/gpde_diffusers_sd15_nfe10_cfg_seed_sweep/samples/diffusers/stable_diffusion_15/euler/cfg_5/base/seed_000/nfe_010/000023.jpg,,outputs/gpde_diffusers_sd15_nfe10_cfg_seed_sweep/samples/diffusers/stable_diffusion_15/euler/cfg_5/base/seed_000/nfe_010,25.004709243774414,-0.7795923352241516
diffusers,hf_stable_diffusion_15,euler,base,10,0,5.0,24,"a realistic sports car parked in a concrete tunnel, reflections, low angle",outputs/gpde_diffusers_sd15_nfe10_cfg_seed_sweep/samples/diffusers/stable_diffusion_15/euler/cfg_5/base/seed_000/nfe_010/000024.jpg,,outputs/gpde_diffusers_sd15_nfe10_cfg_seed_sweep/samples/diffusers/stable_diffusion_15/euler/cfg_5/base/seed_000/nfe_010,25.462406158447266,0.9414433240890503
diffusers,hf_stable_diffusion_15,euler,base,10,0,5.0,25,"a botanical diagram of rare orchids with labeled roots and petals, archival paper",outputs/gpde_diffusers_sd15_nfe10_cfg_seed_sweep/samples/diffusers/stable_diffusion_15/euler/cfg_5/base/seed_000/nfe_010/000025.jpg,,outputs/gpde_diffusers_sd15_nfe10_cfg_seed_sweep/samples/diffusers/stable_diffusion_15/euler/cfg_5/base/seed_000/nfe_010,30.67449951171875,0.850230872631073
diffusers,hf_stable_diffusion_15,euler,base,10,0,5.0,26,"a cyberpunk street food stall with steam, lanterns, and dense urban signage",outputs/gpde_diffusers_sd15_nfe10_cfg_seed_sweep/samples/diffusers/stable_diffusion_15/euler/cfg_5/base/seed_000/nfe_010/000026.jpg,,outputs/gpde_diffusers_sd15_nfe10_cfg_seed_sweep/samples/diffusers/stable_diffusion_15/euler/cfg_5/base/seed_000/nfe_010,25.313716888427734,-0.720608115196228
diffusers,hf_stable_diffusion_15,euler,base,10,0,5.0,27,"a still life of glass fruit bowls, linen cloth, and silver cutlery, natural light",outputs/gpde_diffusers_sd15_nfe10_cfg_seed_sweep/samples/diffusers/stable_diffusion_15/euler/cfg_5/base/seed_000/nfe_010/000027.jpg,,outputs/gpde_diffusers_sd15_nfe10_cfg_seed_sweep/samples/diffusers/stable_diffusion_15/euler/cfg_5/base/seed_000/nfe_010,27.966075897216797,-0.04035872966051102
diffusers,hf_stable_diffusion_15,euler,base,10,0,5.0,28,a heroic statue covered in vines in an abandoned futuristic plaza,outputs/gpde_diffusers_sd15_nfe10_cfg_seed_sweep/samples/diffusers/stable_diffusion_15/euler/cfg_5/base/seed_000/nfe_010/000028.jpg,,outputs/gpde_diffusers_sd15_nfe10_cfg_seed_sweep/samples/diffusers/stable_diffusion_15/euler/cfg_5/base/seed_000/nfe_010,32.56066131591797,-0.4460661709308624
diffusers,hf_stable_diffusion_15,euler,base,10,0,5.0,29,a black and white film photograph of dancers rehearsing in a mirror-lined studio,outputs/gpde_diffusers_sd15_nfe10_cfg_seed_sweep/samples/diffusers/stable_diffusion_15/euler/cfg_5/base/seed_000/nfe_010/000029.jpg,,outputs/gpde_diffusers_sd15_nfe10_cfg_seed_sweep/samples/diffusers/stable_diffusion_15/euler/cfg_5/base/seed_000/nfe_010,29.648775100708008,0.7895975112915039
diffusers,hf_stable_diffusion_15,euler,base,10,0,5.0,30,"a detailed scene of a spacecraft cockpit during reentry, glowing controls, tense mood",outputs/gpde_diffusers_sd15_nfe10_cfg_seed_sweep/samples/diffusers/stable_diffusion_15/euler/cfg_5/base/seed_000/nfe_010/000030.jpg,,outputs/gpde_diffusers_sd15_nfe10_cfg_seed_sweep/samples/diffusers/stable_diffusion_15/euler/cfg_5/base/seed_000/nfe_010,22.815710067749023,-1.706890344619751
diffusers,hf_stable_diffusion_15,euler,base,10,0,5.0,31,a claymation style village bakery with tiny loaves and painted signs,outputs/gpde_diffusers_sd15_nfe10_cfg_seed_sweep/samples/diffusers/stable_diffusion_15/euler/cfg_5/base/seed_000/nfe_010/000031.jpg,,outputs/gpde_diffusers_sd15_nfe10_cfg_seed_sweep/samples/diffusers/stable_diffusion_15/euler/cfg_5/base/seed_000/nfe_010,35.01803970336914,-0.49995294213294983
diffusers,hf_stable_diffusion_15,euler,base,10,0,5.0,32,a realistic underwater photograph of a diver inspecting an ancient marble column,outputs/gpde_diffusers_sd15_nfe10_cfg_seed_sweep/samples/diffusers/stable_diffusion_15/euler/cfg_5/base/seed_000/nfe_010/000032.jpg,,outputs/gpde_diffusers_sd15_nfe10_cfg_seed_sweep/samples/diffusers/stable_diffusion_15/euler/cfg_5/base/seed_000/nfe_010,27.87896728515625,1.7093544006347656
diffusers,hf_stable_diffusion_15,euler,base,10,0,5.0,33,"a minimalist poster of a jazz quartet in deep red, cream, and black",outputs/gpde_diffusers_sd15_nfe10_cfg_seed_sweep/samples/diffusers/stable_diffusion_15/euler/cfg_5/base/seed_000/nfe_010/000033.jpg,,outputs/gpde_diffusers_sd15_nfe10_cfg_seed_sweep/samples/diffusers/stable_diffusion_15/euler/cfg_5/base/seed_000/nfe_010,28.40597915649414,-1.4344218969345093
diffusers,hf_stable_diffusion_15,euler,base,10,0,5.0,34,a high detail portrait of a queen wearing armor made of mother of pearl,outputs/gpde_diffusers_sd15_nfe10_cfg_seed_sweep/samples/diffusers/stable_diffusion_15/euler/cfg_5/base/seed_000/nfe_010/000034.jpg,,outputs/gpde_diffusers_sd15_nfe10_cfg_seed_sweep/samples/diffusers/stable_diffusion_15/euler/cfg_5/base/seed_000/nfe_010,23.987489700317383,0.5294155478477478
diffusers,hf_stable_diffusion_15,euler,base,10,0,5.0,35,"a top-down board game map of an island with forests, cliffs, and hidden ruins",outputs/gpde_diffusers_sd15_nfe10_cfg_seed_sweep/samples/diffusers/stable_diffusion_15/euler/cfg_5/base/seed_000/nfe_010/000035.jpg,,outputs/gpde_diffusers_sd15_nfe10_cfg_seed_sweep/samples/diffusers/stable_diffusion_15/euler/cfg_5/base/seed_000/nfe_010,24.83743667602539,-1.5929096937179565
diffusers,hf_stable_diffusion_15,euler,base,10,0,5.0,36,"a luxury watch exploded view on a dark background, precise gears and screws",outputs/gpde_diffusers_sd15_nfe10_cfg_seed_sweep/samples/diffusers/stable_diffusion_15/euler/cfg_5/base/seed_000/nfe_010/000036.jpg,,outputs/gpde_diffusers_sd15_nfe10_cfg_seed_sweep/samples/diffusers/stable_diffusion_15/euler/cfg_5/base/seed_000/nfe_010,30.65869140625,0.7931917309761047
diffusers,hf_stable_diffusion_15,euler,base,10,0,5.0,37,"a sunlit greenhouse filled with tomatoes, watering cans, and terracotta pots",outputs/gpde_diffusers_sd15_nfe10_cfg_seed_sweep/samples/diffusers/stable_diffusion_15/euler/cfg_5/base/seed_000/nfe_010/000037.jpg,,outputs/gpde_diffusers_sd15_nfe10_cfg_seed_sweep/samples/diffusers/stable_diffusion_15/euler/cfg_5/base/seed_000/nfe_010,28.231460571289062,-0.285846471786499
diffusers,hf_stable_diffusion_15,euler,base,10,0,5.0,38,a night landscape of fireflies over a meadow beside a quiet river,outputs/gpde_diffusers_sd15_nfe10_cfg_seed_sweep/samples/diffusers/stable_diffusion_15/euler/cfg_5/base/seed_000/nfe_010/000038.jpg,,outputs/gpde_diffusers_sd15_nfe10_cfg_seed_sweep/samples/diffusers/stable_diffusion_15/euler/cfg_5/base/seed_000/nfe_010,26.13576889038086,-1.2681050300598145
diffusers,hf_stable_diffusion_15,euler,base,10,0,5.0,39,a realistic photo of a rescue helicopter landing on a snowy mountain ridge,outputs/gpde_diffusers_sd15_nfe10_cfg_seed_sweep/samples/diffusers/stable_diffusion_15/euler/cfg_5/base/seed_000/nfe_010/000039.jpg,,outputs/gpde_diffusers_sd15_nfe10_cfg_seed_sweep/samples/diffusers/stable_diffusion_15/euler/cfg_5/base/seed_000/nfe_010,33.395965576171875,0.849441409111023
diffusers,hf_stable_diffusion_15,euler,base,10,0,5.0,40,a concept art scene of a floating research station above Jupiter's clouds,outputs/gpde_diffusers_sd15_nfe10_cfg_seed_sweep/samples/diffusers/stable_diffusion_15/euler/cfg_5/base/seed_000/nfe_010/000040.jpg,,outputs/gpde_diffusers_sd15_nfe10_cfg_seed_sweep/samples/diffusers/stable_diffusion_15/euler/cfg_5/base/seed_000/nfe_010,27.137550354003906,0.1864282786846161
diffusers,hf_stable_diffusion_15,euler,base,10,0,5.0,41,a detailed pencil drawing of an old bicycle leaning against a brick wall,outputs/gpde_diffusers_sd15_nfe10_cfg_seed_sweep/samples/diffusers/stable_diffusion_15/euler/cfg_5/base/seed_000/nfe_010/000041.jpg,,outputs/gpde_diffusers_sd15_nfe10_cfg_seed_sweep/samples/diffusers/stable_diffusion_15/euler/cfg_5/base/seed_000/nfe_010,33.88131332397461,1.1190786361694336
diffusers,hf_stable_diffusion_15,euler,base,10,0,5.0,42,"a museum diorama of prehistoric sea creatures, dramatic educational lighting",outputs/gpde_diffusers_sd15_nfe10_cfg_seed_sweep/samples/diffusers/stable_diffusion_15/euler/cfg_5/base/seed_000/nfe_010/000042.jpg,,outputs/gpde_diffusers_sd15_nfe10_cfg_seed_sweep/samples/diffusers/stable_diffusion_15/euler/cfg_5/base/seed_000/nfe_010,32.612205505371094,0.2807254195213318
diffusers,hf_stable_diffusion_15,euler,base,10,0,5.0,43,"a peaceful Japanese garden with koi pond, stone bridge, and maple leaves",outputs/gpde_diffusers_sd15_nfe10_cfg_seed_sweep/samples/diffusers/stable_diffusion_15/euler/cfg_5/base/seed_000/nfe_010/000043.jpg,,outputs/gpde_diffusers_sd15_nfe10_cfg_seed_sweep/samples/diffusers/stable_diffusion_15/euler/cfg_5/base/seed_000/nfe_010,25.43654441833496,-1.0328402519226074
diffusers,hf_stable_diffusion_15,euler,base,10,0,5.0,44,"a close-up food photograph of ramen with soft egg, steam, and ceramic bowl",outputs/gpde_diffusers_sd15_nfe10_cfg_seed_sweep/samples/diffusers/stable_diffusion_15/euler/cfg_5/base/seed_000/nfe_010/000044.jpg,,outputs/gpde_diffusers_sd15_nfe10_cfg_seed_sweep/samples/diffusers/stable_diffusion_15/euler/cfg_5/base/seed_000/nfe_010,29.80879783630371,0.5902573466300964
diffusers,hf_stable_diffusion_15,euler,base,10,0,5.0,45,a vibrant parade costume covered with mirrors and embroidered flowers,outputs/gpde_diffusers_sd15_nfe10_cfg_seed_sweep/samples/diffusers/stable_diffusion_15/euler/cfg_5/base/seed_000/nfe_010/000045.jpg,,outputs/gpde_diffusers_sd15_nfe10_cfg_seed_sweep/samples/diffusers/stable_diffusion_15/euler/cfg_5/base/seed_000/nfe_010,25.720172882080078,-0.9657244682312012
diffusers,hf_stable_diffusion_15,euler,base,10,0,5.0,46,a realistic image of a hand-crafted wooden chess set mid game by candlelight,outputs/gpde_diffusers_sd15_nfe10_cfg_seed_sweep/samples/diffusers/stable_diffusion_15/euler/cfg_5/base/seed_000/nfe_010/000046.jpg,,outputs/gpde_diffusers_sd15_nfe10_cfg_seed_sweep/samples/diffusers/stable_diffusion_15/euler/cfg_5/base/seed_000/nfe_010,25.785070419311523,-1.4023518562316895
diffusers,hf_stable_diffusion_15,euler,base,10,0,5.0,47,a wide angle view of a data center corridor with blue status lights,outputs/gpde_diffusers_sd15_nfe10_cfg_seed_sweep/samples/diffusers/stable_diffusion_15/euler/cfg_5/base/seed_000/nfe_010/000047.jpg,,outputs/gpde_diffusers_sd15_nfe10_cfg_seed_sweep/samples/diffusers/stable_diffusion_15/euler/cfg_5/base/seed_000/nfe_010,21.6181697845459,1.0401554107666016
diffusers,hf_stable_diffusion_15,euler,base,10,0,5.0,48,a magical realism scene of books flying through an old train carriage,outputs/gpde_diffusers_sd15_nfe10_cfg_seed_sweep/samples/diffusers/stable_diffusion_15/euler/cfg_5/base/seed_000/nfe_010/000048.jpg,,outputs/gpde_diffusers_sd15_nfe10_cfg_seed_sweep/samples/diffusers/stable_diffusion_15/euler/cfg_5/base/seed_000/nfe_010,30.1214542388916,-0.4162997305393219
diffusers,hf_stable_diffusion_15,euler,base,10,0,5.0,49,a studio portrait of a golden retriever wearing aviator goggles and a red scarf,outputs/gpde_diffusers_sd15_nfe10_cfg_seed_sweep/samples/diffusers/stable_diffusion_15/euler/cfg_5/base/seed_000/nfe_010/000049.jpg,,outputs/gpde_diffusers_sd15_nfe10_cfg_seed_sweep/samples/diffusers/stable_diffusion_15/euler/cfg_5/base/seed_000/nfe_010,27.22278594970703,0.7666348218917847
diffusers,hf_stable_diffusion_15,euler,base,10,1,5.0,0,"a cinematic portrait of an astronaut botanist in a glass greenhouse on Mars, detailed fabric, soft rim light",outputs/gpde_diffusers_sd15_nfe10_cfg_seed_sweep/samples/diffusers/stable_diffusion_15/euler/cfg_5/base/seed_001/nfe_010/000000.jpg,,outputs/gpde_diffusers_sd15_nfe10_cfg_seed_sweep/samples/diffusers/stable_diffusion_15/euler/cfg_5/base/seed_001/nfe_010,30.168622970581055,-0.7651675939559937
diffusers,hf_stable_diffusion_15,euler,base,10,1,5.0,1,"a small brass robot repairing an antique clock in a sunlit workshop, shallow depth of field",outputs/gpde_diffusers_sd15_nfe10_cfg_seed_sweep/samples/diffusers/stable_diffusion_15/euler/cfg_5/base/seed_001/nfe_010/000001.jpg,,outputs/gpde_diffusers_sd15_nfe10_cfg_seed_sweep/samples/diffusers/stable_diffusion_15/euler/cfg_5/base/seed_001/nfe_010,27.49869155883789,-1.2171944379806519
diffusers,hf_stable_diffusion_15,euler,base,10,1,5.0,2,"a watercolor city street after rain with neon signs reflected in puddles, evening atmosphere",outputs/gpde_diffusers_sd15_nfe10_cfg_seed_sweep/samples/diffusers/stable_diffusion_15/euler/cfg_5/base/seed_001/nfe_010/000002.jpg,,outputs/gpde_diffusers_sd15_nfe10_cfg_seed_sweep/samples/diffusers/stable_diffusion_15/euler/cfg_5/base/seed_001/nfe_010,27.323532104492188,0.400068074464798
diffusers,hf_stable_diffusion_15,euler,base,10,1,5.0,3,a high resolution studio photo of a ceramic teapot shaped like a seashell on a slate table,outputs/gpde_diffusers_sd15_nfe10_cfg_seed_sweep/samples/diffusers/stable_diffusion_15/euler/cfg_5/base/seed_001/nfe_010/000003.jpg,,outputs/gpde_diffusers_sd15_nfe10_cfg_seed_sweep/samples/diffusers/stable_diffusion_15/euler/cfg_5/base/seed_001/nfe_010,32.651954650878906,0.7628653645515442
diffusers,hf_stable_diffusion_15,euler,base,10,1,5.0,4,"a fantasy library carved inside a giant tree, spiral stairs, warm lanterns, intricate shelves",outputs/gpde_diffusers_sd15_nfe10_cfg_seed_sweep/samples/diffusers/stable_diffusion_15/euler/cfg_5/base/seed_001/nfe_010/000004.jpg,,outputs/gpde_diffusers_sd15_nfe10_cfg_seed_sweep/samples/diffusers/stable_diffusion_15/euler/cfg_5/base/seed_001/nfe_010,28.65968132019043,-0.028895698487758636
diffusers,hf_stable_diffusion_15,euler,base,10,1,5.0,5,"a macro photograph of a snowflake resting on dark wool, crisp crystalline detail",outputs/gpde_diffusers_sd15_nfe10_cfg_seed_sweep/samples/diffusers/stable_diffusion_15/euler/cfg_5/base/seed_001/nfe_010/000005.jpg,,outputs/gpde_diffusers_sd15_nfe10_cfg_seed_sweep/samples/diffusers/stable_diffusion_15/euler/cfg_5/base/seed_001/nfe_010,28.79286766052246,-0.08806157112121582
diffusers,hf_stable_diffusion_15,euler,base,10,1,5.0,6,"a retro futuristic train crossing a desert at sunset, chrome surfaces, long shadows",outputs/gpde_diffusers_sd15_nfe10_cfg_seed_sweep/samples/diffusers/stable_diffusion_15/euler/cfg_5/base/seed_001/nfe_010/000006.jpg,,outputs/gpde_diffusers_sd15_nfe10_cfg_seed_sweep/samples/diffusers/stable_diffusion_15/euler/cfg_5/base/seed_001/nfe_010,26.924701690673828,1.2170404195785522
diffusers,hf_stable_diffusion_15,euler,base,10,1,5.0,7,"a chef plating a colorful molecular gastronomy dessert, clean restaurant lighting",outputs/gpde_diffusers_sd15_nfe10_cfg_seed_sweep/samples/diffusers/stable_diffusion_15/euler/cfg_5/base/seed_001/nfe_010/000007.jpg,,outputs/gpde_diffusers_sd15_nfe10_cfg_seed_sweep/samples/diffusers/stable_diffusion_15/euler/cfg_5/base/seed_001/nfe_010,34.022178649902344,-0.24319995939731598
diffusers,hf_stable_diffusion_15,euler,base,10,1,5.0,8,"an isometric cozy bedroom with plants, books, a desk lamp, and a rainy window",outputs/gpde_diffusers_sd15_nfe10_cfg_seed_sweep/samples/diffusers/stable_diffusion_15/euler/cfg_5/base/seed_001/nfe_010/000008.jpg,,outputs/gpde_diffusers_sd15_nfe10_cfg_seed_sweep/samples/diffusers/stable_diffusion_15/euler/cfg_5/base/seed_001/nfe_010,31.086196899414062,0.2909749150276184
diffusers,hf_stable_diffusion_15,euler,base,10,1,5.0,9,"a dramatic mountain monastery above clouds, sunrise, detailed stone architecture",outputs/gpde_diffusers_sd15_nfe10_cfg_seed_sweep/samples/diffusers/stable_diffusion_15/euler/cfg_5/base/seed_001/nfe_010/000009.jpg,,outputs/gpde_diffusers_sd15_nfe10_cfg_seed_sweep/samples/diffusers/stable_diffusion_15/euler/cfg_5/base/seed_001/nfe_010,32.0882568359375,1.0624574422836304
diffusers,hf_stable_diffusion_15,euler,base,10,1,5.0,10,a fashion editorial photo of a model wearing a translucent raincoat in Tokyo at night,outputs/gpde_diffusers_sd15_nfe10_cfg_seed_sweep/samples/diffusers/stable_diffusion_15/euler/cfg_5/base/seed_001/nfe_010/000010.jpg,,outputs/gpde_diffusers_sd15_nfe10_cfg_seed_sweep/samples/diffusers/stable_diffusion_15/euler/cfg_5/base/seed_001/nfe_010,33.238616943359375,1.9159215688705444
diffusers,hf_stable_diffusion_15,euler,base,10,1,5.0,11,a realistic red fox statue made of folded paper on a white museum pedestal,outputs/gpde_diffusers_sd15_nfe10_cfg_seed_sweep/samples/diffusers/stable_diffusion_15/euler/cfg_5/base/seed_001/nfe_010/000011.jpg,,outputs/gpde_diffusers_sd15_nfe10_cfg_seed_sweep/samples/diffusers/stable_diffusion_15/euler/cfg_5/base/seed_001/nfe_010,31.124019622802734,0.26512789726257324
diffusers,hf_stable_diffusion_15,euler,base,10,1,5.0,12,a detailed cutaway illustration of a tiny submarine exploring a coral reef,outputs/gpde_diffusers_sd15_nfe10_cfg_seed_sweep/samples/diffusers/stable_diffusion_15/euler/cfg_5/base/seed_001/nfe_010/000012.jpg,,outputs/gpde_diffusers_sd15_nfe10_cfg_seed_sweep/samples/diffusers/stable_diffusion_15/euler/cfg_5/base/seed_001/nfe_010,34.89155197143555,0.7543755173683167
diffusers,hf_stable_diffusion_15,euler,base,10,1,5.0,13,a product photo of wireless headphones on brushed aluminum with blue accent lighting,outputs/gpde_diffusers_sd15_nfe10_cfg_seed_sweep/samples/diffusers/stable_diffusion_15/euler/cfg_5/base/seed_001/nfe_010/000013.jpg,,outputs/gpde_diffusers_sd15_nfe10_cfg_seed_sweep/samples/diffusers/stable_diffusion_15/euler/cfg_5/base/seed_001/nfe_010,28.921485900878906,-0.6475512385368347
diffusers,hf_stable_diffusion_15,euler,base,10,1,5.0,14,"a medieval market square during a festival, banners, musicians, detailed crowd",outputs/gpde_diffusers_sd15_nfe10_cfg_seed_sweep/samples/diffusers/stable_diffusion_15/euler/cfg_5/base/seed_001/nfe_010/000014.jpg,,outputs/gpde_diffusers_sd15_nfe10_cfg_seed_sweep/samples/diffusers/stable_diffusion_15/euler/cfg_5/base/seed_001/nfe_010,29.495281219482422,0.13528546690940857
diffusers,hf_stable_diffusion_15,euler,base,10,1,5.0,15,an oil painting of a violinist performing in an empty subway station,outputs/gpde_diffusers_sd15_nfe10_cfg_seed_sweep/samples/diffusers/stable_diffusion_15/euler/cfg_5/base/seed_001/nfe_010/000015.jpg,,outputs/gpde_diffusers_sd15_nfe10_cfg_seed_sweep/samples/diffusers/stable_diffusion_15/euler/cfg_5/base/seed_001/nfe_010,30.6254825592041,0.16521801054477692
diffusers,hf_stable_diffusion_15,euler,base,10,1,5.0,16,"a close-up portrait of an elderly sailor, weathered skin, navy coat, overcast harbor",outputs/gpde_diffusers_sd15_nfe10_cfg_seed_sweep/samples/diffusers/stable_diffusion_15/euler/cfg_5/base/seed_001/nfe_010/000016.jpg,,outputs/gpde_diffusers_sd15_nfe10_cfg_seed_sweep/samples/diffusers/stable_diffusion_15/euler/cfg_5/base/seed_001/nfe_010,28.50124740600586,0.20903654396533966
diffusers,hf_stable_diffusion_15,euler,base,10,1,5.0,17,a clean architectural rendering of a modern cabin beside a frozen lake,outputs/gpde_diffusers_sd15_nfe10_cfg_seed_sweep/samples/diffusers/stable_diffusion_15/euler/cfg_5/base/seed_001/nfe_010/000017.jpg,,outputs/gpde_diffusers_sd15_nfe10_cfg_seed_sweep/samples/diffusers/stable_diffusion_15/euler/cfg_5/base/seed_001/nfe_010,33.95111846923828,1.2488558292388916
diffusers,hf_stable_diffusion_15,euler,base,10,1,5.0,18,a surreal desert filled with floating glass spheres and distant black mountains,outputs/gpde_diffusers_sd15_nfe10_cfg_seed_sweep/samples/diffusers/stable_diffusion_15/euler/cfg_5/base/seed_001/nfe_010/000018.jpg,,outputs/gpde_diffusers_sd15_nfe10_cfg_seed_sweep/samples/diffusers/stable_diffusion_15/euler/cfg_5/base/seed_001/nfe_010,25.638216018676758,1.2893743515014648
diffusers,hf_stable_diffusion_15,euler,base,10,1,5.0,19,a documentary photo of a scientist collecting ice cores in Antarctica,outputs/gpde_diffusers_sd15_nfe10_cfg_seed_sweep/samples/diffusers/stable_diffusion_15/euler/cfg_5/base/seed_001/nfe_010/000019.jpg,,outputs/gpde_diffusers_sd15_nfe10_cfg_seed_sweep/samples/diffusers/stable_diffusion_15/euler/cfg_5/base/seed_001/nfe_010,31.082963943481445,-0.8955396413803101
diffusers,hf_stable_diffusion_15,euler,base,10,1,5.0,20,a detailed 3D render of a mechanical hummingbird with copper wings,outputs/gpde_diffusers_sd15_nfe10_cfg_seed_sweep/samples/diffusers/stable_diffusion_15/euler/cfg_5/base/seed_001/nfe_010/000020.jpg,,outputs/gpde_diffusers_sd15_nfe10_cfg_seed_sweep/samples/diffusers/stable_diffusion_15/euler/cfg_5/base/seed_001/nfe_010,32.95634841918945,0.9992420673370361
diffusers,hf_stable_diffusion_15,euler,base,10,1,5.0,21,"a cozy cafe interior in autumn, pastries, espresso machine, soft morning light",outputs/gpde_diffusers_sd15_nfe10_cfg_seed_sweep/samples/diffusers/stable_diffusion_15/euler/cfg_5/base/seed_001/nfe_010/000021.jpg,,outputs/gpde_diffusers_sd15_nfe10_cfg_seed_sweep/samples/diffusers/stable_diffusion_15/euler/cfg_5/base/seed_001/nfe_010,27.684492111206055,-0.8986008167266846
diffusers,hf_stable_diffusion_15,euler,base,10,1,5.0,22,"a panoramic view of terraced rice fields under mist, workers in colorful clothing",outputs/gpde_diffusers_sd15_nfe10_cfg_seed_sweep/samples/diffusers/stable_diffusion_15/euler/cfg_5/base/seed_001/nfe_010/000022.jpg,,outputs/gpde_diffusers_sd15_nfe10_cfg_seed_sweep/samples/diffusers/stable_diffusion_15/euler/cfg_5/base/seed_001/nfe_010,26.082378387451172,-0.5480776429176331
diffusers,hf_stable_diffusion_15,euler,base,10,1,5.0,23,a children's book illustration of a moonlit boat parade on a quiet canal,outputs/gpde_diffusers_sd15_nfe10_cfg_seed_sweep/samples/diffusers/stable_diffusion_15/euler/cfg_5/base/seed_001/nfe_010/000023.jpg,,outputs/gpde_diffusers_sd15_nfe10_cfg_seed_sweep/samples/diffusers/stable_diffusion_15/euler/cfg_5/base/seed_001/nfe_010,28.083919525146484,-0.5298911929130554
diffusers,hf_stable_diffusion_15,euler,base,10,1,5.0,24,"a realistic sports car parked in a concrete tunnel, reflections, low angle",outputs/gpde_diffusers_sd15_nfe10_cfg_seed_sweep/samples/diffusers/stable_diffusion_15/euler/cfg_5/base/seed_001/nfe_010/000024.jpg,,outputs/gpde_diffusers_sd15_nfe10_cfg_seed_sweep/samples/diffusers/stable_diffusion_15/euler/cfg_5/base/seed_001/nfe_010,28.48367691040039,1.2413418292999268
diffusers,hf_stable_diffusion_15,euler,base,10,1,5.0,25,"a botanical diagram of rare orchids with labeled roots and petals, archival paper",outputs/gpde_diffusers_sd15_nfe10_cfg_seed_sweep/samples/diffusers/stable_diffusion_15/euler/cfg_5/base/seed_001/nfe_010/000025.jpg,,outputs/gpde_diffusers_sd15_nfe10_cfg_seed_sweep/samples/diffusers/stable_diffusion_15/euler/cfg_5/base/seed_001/nfe_010,29.555870056152344,0.09410171210765839
diffusers,hf_stable_diffusion_15,euler,base,10,1,5.0,26,"a cyberpunk street food stall with steam, lanterns, and dense urban signage",outputs/gpde_diffusers_sd15_nfe10_cfg_seed_sweep/samples/diffusers/stable_diffusion_15/euler/cfg_5/base/seed_001/nfe_010/000026.jpg,,outputs/gpde_diffusers_sd15_nfe10_cfg_seed_sweep/samples/diffusers/stable_diffusion_15/euler/cfg_5/base/seed_001/nfe_010,29.112403869628906,1.3597468137741089
diffusers,hf_stable_diffusion_15,euler,base,10,1,5.0,27,"a still life of glass fruit bowls, linen cloth, and silver cutlery, natural light",outputs/gpde_diffusers_sd15_nfe10_cfg_seed_sweep/samples/diffusers/stable_diffusion_15/euler/cfg_5/base/seed_001/nfe_010/000027.jpg,,outputs/gpde_diffusers_sd15_nfe10_cfg_seed_sweep/samples/diffusers/stable_diffusion_15/euler/cfg_5/base/seed_001/nfe_010,29.187070846557617,-0.9605944752693176
diffusers,hf_stable_diffusion_15,euler,base,10,1,5.0,28,a heroic statue covered in vines in an abandoned futuristic plaza,outputs/gpde_diffusers_sd15_nfe10_cfg_seed_sweep/samples/diffusers/stable_diffusion_15/euler/cfg_5/base/seed_001/nfe_010/000028.jpg,,outputs/gpde_diffusers_sd15_nfe10_cfg_seed_sweep/samples/diffusers/stable_diffusion_15/euler/cfg_5/base/seed_001/nfe_010,31.19393539428711,-1.107778787612915
diffusers,hf_stable_diffusion_15,euler,base,10,1,5.0,29,a black and white film photograph of dancers rehearsing in a mirror-lined studio,outputs/gpde_diffusers_sd15_nfe10_cfg_seed_sweep/samples/diffusers/stable_diffusion_15/euler/cfg_5/base/seed_001/nfe_010/000029.jpg,,outputs/gpde_diffusers_sd15_nfe10_cfg_seed_sweep/samples/diffusers/stable_diffusion_15/euler/cfg_5/base/seed_001/nfe_010,29.216129302978516,0.23685425519943237
diffusers,hf_stable_diffusion_15,euler,base,10,1,5.0,30,"a detailed scene of a spacecraft cockpit during reentry, glowing controls, tense mood",outputs/gpde_diffusers_sd15_nfe10_cfg_seed_sweep/samples/diffusers/stable_diffusion_15/euler/cfg_5/base/seed_001/nfe_010/000030.jpg,,outputs/gpde_diffusers_sd15_nfe10_cfg_seed_sweep/samples/diffusers/stable_diffusion_15/euler/cfg_5/base/seed_001/nfe_010,26.19951057434082,-0.9685778617858887
diffusers,hf_stable_diffusion_15,euler,base,10,1,5.0,31,a claymation style village bakery with tiny loaves and painted signs,outputs/gpde_diffusers_sd15_nfe10_cfg_seed_sweep/samples/diffusers/stable_diffusion_15/euler/cfg_5/base/seed_001/nfe_010/000031.jpg,,outputs/gpde_diffusers_sd15_nfe10_cfg_seed_sweep/samples/diffusers/stable_diffusion_15/euler/cfg_5/base/seed_001/nfe_010,29.9189510345459,-0.586919367313385
diffusers,hf_stable_diffusion_15,euler,base,10,1,5.0,32,a realistic underwater photograph of a diver inspecting an ancient marble column,outputs/gpde_diffusers_sd15_nfe10_cfg_seed_sweep/samples/diffusers/stable_diffusion_15/euler/cfg_5/base/seed_001/nfe_010/000032.jpg,,outputs/gpde_diffusers_sd15_nfe10_cfg_seed_sweep/samples/diffusers/stable_diffusion_15/euler/cfg_5/base/seed_001/nfe_010,27.96286964416504,-1.3588738441467285
diffusers,hf_stable_diffusion_15,euler,base,10,1,5.0,33,"a minimalist poster of a jazz quartet in deep red, cream, and black",outputs/gpde_diffusers_sd15_nfe10_cfg_seed_sweep/samples/diffusers/stable_diffusion_15/euler/cfg_5/base/seed_001/nfe_010/000033.jpg,,outputs/gpde_diffusers_sd15_nfe10_cfg_seed_sweep/samples/diffusers/stable_diffusion_15/euler/cfg_5/base/seed_001/nfe_010,24.694807052612305,-1.5577361583709717
diffusers,hf_stable_diffusion_15,euler,base,10,1,5.0,34,a high detail portrait of a queen wearing armor made of mother of pearl,outputs/gpde_diffusers_sd15_nfe10_cfg_seed_sweep/samples/diffusers/stable_diffusion_15/euler/cfg_5/base/seed_001/nfe_010/000034.jpg,,outputs/gpde_diffusers_sd15_nfe10_cfg_seed_sweep/samples/diffusers/stable_diffusion_15/euler/cfg_5/base/seed_001/nfe_010,29.316694259643555,1.116058349609375
diffusers,hf_stable_diffusion_15,euler,base,10,1,5.0,35,"a top-down board game map of an island with forests, cliffs, and hidden ruins",outputs/gpde_diffusers_sd15_nfe10_cfg_seed_sweep/samples/diffusers/stable_diffusion_15/euler/cfg_5/base/seed_001/nfe_010/000035.jpg,,outputs/gpde_diffusers_sd15_nfe10_cfg_seed_sweep/samples/diffusers/stable_diffusion_15/euler/cfg_5/base/seed_001/nfe_010,29.62583351135254,-1.0080491304397583
diffusers,hf_stable_diffusion_15,euler,base,10,1,5.0,36,"a luxury watch exploded view on a dark background, precise gears and screws",outputs/gpde_diffusers_sd15_nfe10_cfg_seed_sweep/samples/diffusers/stable_diffusion_15/euler/cfg_5/base/seed_001/nfe_010/000036.jpg,,outputs/gpde_diffusers_sd15_nfe10_cfg_seed_sweep/samples/diffusers/stable_diffusion_15/euler/cfg_5/base/seed_001/nfe_010,27.269166946411133,0.1121358871459961
diffusers,hf_stable_diffusion_15,euler,base,10,1,5.0,37,"a sunlit greenhouse filled with tomatoes, watering cans, and terracotta pots",outputs/gpde_diffusers_sd15_nfe10_cfg_seed_sweep/samples/diffusers/stable_diffusion_15/euler/cfg_5/base/seed_001/nfe_010/000037.jpg,,outputs/gpde_diffusers_sd15_nfe10_cfg_seed_sweep/samples/diffusers/stable_diffusion_15/euler/cfg_5/base/seed_001/nfe_010,26.3710880279541,-0.5787996649742126
diffusers,hf_stable_diffusion_15,euler,base,10,1,5.0,38,a night landscape of fireflies over a meadow beside a quiet river,outputs/gpde_diffusers_sd15_nfe10_cfg_seed_sweep/samples/diffusers/stable_diffusion_15/euler/cfg_5/base/seed_001/nfe_010/000038.jpg,,outputs/gpde_diffusers_sd15_nfe10_cfg_seed_sweep/samples/diffusers/stable_diffusion_15/euler/cfg_5/base/seed_001/nfe_010,29.048824310302734,0.9726702570915222
diffusers,hf_stable_diffusion_15,euler,base,10,1,5.0,39,a realistic photo of a rescue helicopter landing on a snowy mountain ridge,outputs/gpde_diffusers_sd15_nfe10_cfg_seed_sweep/samples/diffusers/stable_diffusion_15/euler/cfg_5/base/seed_001/nfe_010/000039.jpg,,outputs/gpde_diffusers_sd15_nfe10_cfg_seed_sweep/samples/diffusers/stable_diffusion_15/euler/cfg_5/base/seed_001/nfe_010,30.293487548828125,0.807603120803833
diffusers,hf_stable_diffusion_15,euler,base,10,1,5.0,40,a concept art scene of a floating research station above Jupiter's clouds,outputs/gpde_diffusers_sd15_nfe10_cfg_seed_sweep/samples/diffusers/stable_diffusion_15/euler/cfg_5/base/seed_001/nfe_010/000040.jpg,,outputs/gpde_diffusers_sd15_nfe10_cfg_seed_sweep/samples/diffusers/stable_diffusion_15/euler/cfg_5/base/seed_001/nfe_010,31.48394775390625,-0.48837199807167053
diffusers,hf_stable_diffusion_15,euler,base,10,1,5.0,41,a detailed pencil drawing of an old bicycle leaning against a brick wall,outputs/gpde_diffusers_sd15_nfe10_cfg_seed_sweep/samples/diffusers/stable_diffusion_15/euler/cfg_5/base/seed_001/nfe_010/000041.jpg,,outputs/gpde_diffusers_sd15_nfe10_cfg_seed_sweep/samples/diffusers/stable_diffusion_15/euler/cfg_5/base/seed_001/nfe_010,34.73060607910156,1.1206310987472534
diffusers,hf_stable_diffusion_15,euler,base,10,1,5.0,42,"a museum diorama of prehistoric sea creatures, dramatic educational lighting",outputs/gpde_diffusers_sd15_nfe10_cfg_seed_sweep/samples/diffusers/stable_diffusion_15/euler/cfg_5/base/seed_001/nfe_010/000042.jpg,,outputs/gpde_diffusers_sd15_nfe10_cfg_seed_sweep/samples/diffusers/stable_diffusion_15/euler/cfg_5/base/seed_001/nfe_010,26.6054630279541,0.07331174612045288
diffusers,hf_stable_diffusion_15,euler,base,10,1,5.0,43,"a peaceful Japanese garden with koi pond, stone bridge, and maple leaves",outputs/gpde_diffusers_sd15_nfe10_cfg_seed_sweep/samples/diffusers/stable_diffusion_15/euler/cfg_5/base/seed_001/nfe_010/000043.jpg,,outputs/gpde_diffusers_sd15_nfe10_cfg_seed_sweep/samples/diffusers/stable_diffusion_15/euler/cfg_5/base/seed_001/nfe_010,26.364166259765625,-0.11473499238491058
diffusers,hf_stable_diffusion_15,euler,base,10,1,5.0,44,"a close-up food photograph of ramen with soft egg, steam, and ceramic bowl",outputs/gpde_diffusers_sd15_nfe10_cfg_seed_sweep/samples/diffusers/stable_diffusion_15/euler/cfg_5/base/seed_001/nfe_010/000044.jpg,,outputs/gpde_diffusers_sd15_nfe10_cfg_seed_sweep/samples/diffusers/stable_diffusion_15/euler/cfg_5/base/seed_001/nfe_010,31.221311569213867,-0.7890069484710693
diffusers,hf_stable_diffusion_15,euler,base,10,1,5.0,45,a vibrant parade costume covered with mirrors and embroidered flowers,outputs/gpde_diffusers_sd15_nfe10_cfg_seed_sweep/samples/diffusers/stable_diffusion_15/euler/cfg_5/base/seed_001/nfe_010/000045.jpg,,outputs/gpde_diffusers_sd15_nfe10_cfg_seed_sweep/samples/diffusers/stable_diffusion_15/euler/cfg_5/base/seed_001/nfe_010,30.268251419067383,-0.115164615213871
diffusers,hf_stable_diffusion_15,euler,base,10,1,5.0,46,a realistic image of a hand-crafted wooden chess set mid game by candlelight,outputs/gpde_diffusers_sd15_nfe10_cfg_seed_sweep/samples/diffusers/stable_diffusion_15/euler/cfg_5/base/seed_001/nfe_010/000046.jpg,,outputs/gpde_diffusers_sd15_nfe10_cfg_seed_sweep/samples/diffusers/stable_diffusion_15/euler/cfg_5/base/seed_001/nfe_010,26.37843132019043,-0.3599916994571686
diffusers,hf_stable_diffusion_15,euler,base,10,1,5.0,47,a wide angle view of a data center corridor with blue status lights,outputs/gpde_diffusers_sd15_nfe10_cfg_seed_sweep/samples/diffusers/stable_diffusion_15/euler/cfg_5/base/seed_001/nfe_010/000047.jpg,,outputs/gpde_diffusers_sd15_nfe10_cfg_seed_sweep/samples/diffusers/stable_diffusion_15/euler/cfg_5/base/seed_001/nfe_010,21.955533981323242,1.5982269048690796
diffusers,hf_stable_diffusion_15,euler,base,10,1,5.0,48,a magical realism scene of books flying through an old train carriage,outputs/gpde_diffusers_sd15_nfe10_cfg_seed_sweep/samples/diffusers/stable_diffusion_15/euler/cfg_5/base/seed_001/nfe_010/000048.jpg,,outputs/gpde_diffusers_sd15_nfe10_cfg_seed_sweep/samples/diffusers/stable_diffusion_15/euler/cfg_5/base/seed_001/nfe_010,30.99800682067871,-0.6816424131393433
diffusers,hf_stable_diffusion_15,euler,base,10,1,5.0,49,a studio portrait of a golden retriever wearing aviator goggles and a red scarf,outputs/gpde_diffusers_sd15_nfe10_cfg_seed_sweep/samples/diffusers/stable_diffusion_15/euler/cfg_5/base/seed_001/nfe_010/000049.jpg,,outputs/gpde_diffusers_sd15_nfe10_cfg_seed_sweep/samples/diffusers/stable_diffusion_15/euler/cfg_5/base/seed_001/nfe_010,33.50917053222656,1.648582935333252
diffusers,hf_stable_diffusion_15,euler,base,10,2,5.0,0,"a cinematic portrait of an astronaut botanist in a glass greenhouse on Mars, detailed fabric, soft rim light",outputs/gpde_diffusers_sd15_nfe10_cfg_seed_sweep/samples/diffusers/stable_diffusion_15/euler/cfg_5/base/seed_002/nfe_010/000000.jpg,,outputs/gpde_diffusers_sd15_nfe10_cfg_seed_sweep/samples/diffusers/stable_diffusion_15/euler/cfg_5/base/seed_002/nfe_010,26.9140682220459,-1.1715844869613647
diffusers,hf_stable_diffusion_15,euler,base,10,2,5.0,1,"a small brass robot repairing an antique clock in a sunlit workshop, shallow depth of field",outputs/gpde_diffusers_sd15_nfe10_cfg_seed_sweep/samples/diffusers/stable_diffusion_15/euler/cfg_5/base/seed_002/nfe_010/000001.jpg,,outputs/gpde_diffusers_sd15_nfe10_cfg_seed_sweep/samples/diffusers/stable_diffusion_15/euler/cfg_5/base/seed_002/nfe_010,27.412900924682617,-2.1634373664855957
diffusers,hf_stable_diffusion_15,euler,base,10,2,5.0,2,"a watercolor city street after rain with neon signs reflected in puddles, evening atmosphere",outputs/gpde_diffusers_sd15_nfe10_cfg_seed_sweep/samples/diffusers/stable_diffusion_15/euler/cfg_5/base/seed_002/nfe_010/000002.jpg,,outputs/gpde_diffusers_sd15_nfe10_cfg_seed_sweep/samples/diffusers/stable_diffusion_15/euler/cfg_5/base/seed_002/nfe_010,27.374065399169922,0.541986882686615
diffusers,hf_stable_diffusion_15,euler,base,10,2,5.0,3,a high resolution studio photo of a ceramic teapot shaped like a seashell on a slate table,outputs/gpde_diffusers_sd15_nfe10_cfg_seed_sweep/samples/diffusers/stable_diffusion_15/euler/cfg_5/base/seed_002/nfe_010/000003.jpg,,outputs/gpde_diffusers_sd15_nfe10_cfg_seed_sweep/samples/diffusers/stable_diffusion_15/euler/cfg_5/base/seed_002/nfe_010,33.70097351074219,1.3705297708511353
diffusers,hf_stable_diffusion_15,euler,base,10,2,5.0,4,"a fantasy library carved inside a giant tree, spiral stairs, warm lanterns, intricate shelves",outputs/gpde_diffusers_sd15_nfe10_cfg_seed_sweep/samples/diffusers/stable_diffusion_15/euler/cfg_5/base/seed_002/nfe_010/000004.jpg,,outputs/gpde_diffusers_sd15_nfe10_cfg_seed_sweep/samples/diffusers/stable_diffusion_15/euler/cfg_5/base/seed_002/nfe_010,30.058908462524414,-0.36661648750305176
diffusers,hf_stable_diffusion_15,euler,base,10,2,5.0,5,"a macro photograph of a snowflake resting on dark wool, crisp crystalline detail",outputs/gpde_diffusers_sd15_nfe10_cfg_seed_sweep/samples/diffusers/stable_diffusion_15/euler/cfg_5/base/seed_002/nfe_010/000005.jpg,,outputs/gpde_diffusers_sd15_nfe10_cfg_seed_sweep/samples/diffusers/stable_diffusion_15/euler/cfg_5/base/seed_002/nfe_010,28.461036682128906,-0.5645360946655273
diffusers,hf_stable_diffusion_15,euler,base,10,2,5.0,6,"a retro futuristic train crossing a desert at sunset, chrome surfaces, long shadows",outputs/gpde_diffusers_sd15_nfe10_cfg_seed_sweep/samples/diffusers/stable_diffusion_15/euler/cfg_5/base/seed_002/nfe_010/000006.jpg,,outputs/gpde_diffusers_sd15_nfe10_cfg_seed_sweep/samples/diffusers/stable_diffusion_15/euler/cfg_5/base/seed_002/nfe_010,28.499034881591797,1.2695461511611938
diffusers,hf_stable_diffusion_15,euler,base,10,2,5.0,7,"a chef plating a colorful molecular gastronomy dessert, clean restaurant lighting",outputs/gpde_diffusers_sd15_nfe10_cfg_seed_sweep/samples/diffusers/stable_diffusion_15/euler/cfg_5/base/seed_002/nfe_010/000007.jpg,,outputs/gpde_diffusers_sd15_nfe10_cfg_seed_sweep/samples/diffusers/stable_diffusion_15/euler/cfg_5/base/seed_002/nfe_010,25.251842498779297,0.26741811633110046
diffusers,hf_stable_diffusion_15,euler,base,10,2,5.0,8,"an isometric cozy bedroom with plants, books, a desk lamp, and a rainy window",outputs/gpde_diffusers_sd15_nfe10_cfg_seed_sweep/samples/diffusers/stable_diffusion_15/euler/cfg_5/base/seed_002/nfe_010/000008.jpg,,outputs/gpde_diffusers_sd15_nfe10_cfg_seed_sweep/samples/diffusers/stable_diffusion_15/euler/cfg_5/base/seed_002/nfe_010,29.489534378051758,-0.5920227766036987
diffusers,hf_stable_diffusion_15,euler,base,10,2,5.0,9,"a dramatic mountain monastery above clouds, sunrise, detailed stone architecture",outputs/gpde_diffusers_sd15_nfe10_cfg_seed_sweep/samples/diffusers/stable_diffusion_15/euler/cfg_5/base/seed_002/nfe_010/000009.jpg,,outputs/gpde_diffusers_sd15_nfe10_cfg_seed_sweep/samples/diffusers/stable_diffusion_15/euler/cfg_5/base/seed_002/nfe_010,30.788469314575195,1.7547550201416016
diffusers,hf_stable_diffusion_15,euler,base,10,2,5.0,10,a fashion editorial photo of a model wearing a translucent raincoat in Tokyo at night,outputs/gpde_diffusers_sd15_nfe10_cfg_seed_sweep/samples/diffusers/stable_diffusion_15/euler/cfg_5/base/seed_002/nfe_010/000010.jpg,,outputs/gpde_diffusers_sd15_nfe10_cfg_seed_sweep/samples/diffusers/stable_diffusion_15/euler/cfg_5/base/seed_002/nfe_010,36.02647018432617,1.2660059928894043
diffusers,hf_stable_diffusion_15,euler,base,10,2,5.0,11,a realistic red fox statue made of folded paper on a white museum pedestal,outputs/gpde_diffusers_sd15_nfe10_cfg_seed_sweep/samples/diffusers/stable_diffusion_15/euler/cfg_5/base/seed_002/nfe_010/000011.jpg,,outputs/gpde_diffusers_sd15_nfe10_cfg_seed_sweep/samples/diffusers/stable_diffusion_15/euler/cfg_5/base/seed_002/nfe_010,33.04381561279297,0.6673753261566162
diffusers,hf_stable_diffusion_15,euler,base,10,2,5.0,12,a detailed cutaway illustration of a tiny submarine exploring a coral reef,outputs/gpde_diffusers_sd15_nfe10_cfg_seed_sweep/samples/diffusers/stable_diffusion_15/euler/cfg_5/base/seed_002/nfe_010/000012.jpg,,outputs/gpde_diffusers_sd15_nfe10_cfg_seed_sweep/samples/diffusers/stable_diffusion_15/euler/cfg_5/base/seed_002/nfe_010,33.83667755126953,0.4303586781024933
diffusers,hf_stable_diffusion_15,euler,base,10,2,5.0,13,a product photo of wireless headphones on brushed aluminum with blue accent lighting,outputs/gpde_diffusers_sd15_nfe10_cfg_seed_sweep/samples/diffusers/stable_diffusion_15/euler/cfg_5/base/seed_002/nfe_010/000013.jpg,,outputs/gpde_diffusers_sd15_nfe10_cfg_seed_sweep/samples/diffusers/stable_diffusion_15/euler/cfg_5/base/seed_002/nfe_010,23.152240753173828,-0.9525430202484131
diffusers,hf_stable_diffusion_15,euler,base,10,2,5.0,14,"a medieval market square during a festival, banners, musicians, detailed crowd",outputs/gpde_diffusers_sd15_nfe10_cfg_seed_sweep/samples/diffusers/stable_diffusion_15/euler/cfg_5/base/seed_002/nfe_010/000014.jpg,,outputs/gpde_diffusers_sd15_nfe10_cfg_seed_sweep/samples/diffusers/stable_diffusion_15/euler/cfg_5/base/seed_002/nfe_010,28.735340118408203,0.14844095706939697
diffusers,hf_stable_diffusion_15,euler,base,10,2,5.0,15,an oil painting of a violinist performing in an empty subway station,outputs/gpde_diffusers_sd15_nfe10_cfg_seed_sweep/samples/diffusers/stable_diffusion_15/euler/cfg_5/base/seed_002/nfe_010/000015.jpg,,outputs/gpde_diffusers_sd15_nfe10_cfg_seed_sweep/samples/diffusers/stable_diffusion_15/euler/cfg_5/base/seed_002/nfe_010,40.493080139160156,1.3754487037658691
diffusers,hf_stable_diffusion_15,euler,base,10,2,5.0,16,"a close-up portrait of an elderly sailor, weathered skin, navy coat, overcast harbor",outputs/gpde_diffusers_sd15_nfe10_cfg_seed_sweep/samples/diffusers/stable_diffusion_15/euler/cfg_5/base/seed_002/nfe_010/000016.jpg,,outputs/gpde_diffusers_sd15_nfe10_cfg_seed_sweep/samples/diffusers/stable_diffusion_15/euler/cfg_5/base/seed_002/nfe_010,29.557865142822266,0.8193179368972778
diffusers,hf_stable_diffusion_15,euler,base,10,2,5.0,17,a clean architectural rendering of a modern cabin beside a frozen lake,outputs/gpde_diffusers_sd15_nfe10_cfg_seed_sweep/samples/diffusers/stable_diffusion_15/euler/cfg_5/base/seed_002/nfe_010/000017.jpg,,outputs/gpde_diffusers_sd15_nfe10_cfg_seed_sweep/samples/diffusers/stable_diffusion_15/euler/cfg_5/base/seed_002/nfe_010,32.06521987915039,0.499568909406662
diffusers,hf_stable_diffusion_15,euler,base,10,2,5.0,18,a surreal desert filled with floating glass spheres and distant black mountains,outputs/gpde_diffusers_sd15_nfe10_cfg_seed_sweep/samples/diffusers/stable_diffusion_15/euler/cfg_5/base/seed_002/nfe_010/000018.jpg,,outputs/gpde_diffusers_sd15_nfe10_cfg_seed_sweep/samples/diffusers/stable_diffusion_15/euler/cfg_5/base/seed_002/nfe_010,26.4215087890625,-0.4395020306110382
diffusers,hf_stable_diffusion_15,euler,base,10,2,5.0,19,a documentary photo of a scientist collecting ice cores in Antarctica,outputs/gpde_diffusers_sd15_nfe10_cfg_seed_sweep/samples/diffusers/stable_diffusion_15/euler/cfg_5/base/seed_002/nfe_010/000019.jpg,,outputs/gpde_diffusers_sd15_nfe10_cfg_seed_sweep/samples/diffusers/stable_diffusion_15/euler/cfg_5/base/seed_002/nfe_010,28.5008487701416,0.7026651501655579
diffusers,hf_stable_diffusion_15,euler,base,10,2,5.0,20,a detailed 3D render of a mechanical hummingbird with copper wings,outputs/gpde_diffusers_sd15_nfe10_cfg_seed_sweep/samples/diffusers/stable_diffusion_15/euler/cfg_5/base/seed_002/nfe_010/000020.jpg,,outputs/gpde_diffusers_sd15_nfe10_cfg_seed_sweep/samples/diffusers/stable_diffusion_15/euler/cfg_5/base/seed_002/nfe_010,32.690101623535156,0.14415420591831207
diffusers,hf_stable_diffusion_15,euler,base,10,2,5.0,21,"a cozy cafe interior in autumn, pastries, espresso machine, soft morning light",outputs/gpde_diffusers_sd15_nfe10_cfg_seed_sweep/samples/diffusers/stable_diffusion_15/euler/cfg_5/base/seed_002/nfe_010/000021.jpg,,outputs/gpde_diffusers_sd15_nfe10_cfg_seed_sweep/samples/diffusers/stable_diffusion_15/euler/cfg_5/base/seed_002/nfe_010,31.239730834960938,-0.4723864197731018
diffusers,hf_stable_diffusion_15,euler,base,10,2,5.0,22,"a panoramic view of terraced rice fields under mist, workers in colorful clothing",outputs/gpde_diffusers_sd15_nfe10_cfg_seed_sweep/samples/diffusers/stable_diffusion_15/euler/cfg_5/base/seed_002/nfe_010/000022.jpg,,outputs/gpde_diffusers_sd15_nfe10_cfg_seed_sweep/samples/diffusers/stable_diffusion_15/euler/cfg_5/base/seed_002/nfe_010,30.513805389404297,0.13321784138679504
diffusers,hf_stable_diffusion_15,euler,base,10,2,5.0,23,a children's book illustration of a moonlit boat parade on a quiet canal,outputs/gpde_diffusers_sd15_nfe10_cfg_seed_sweep/samples/diffusers/stable_diffusion_15/euler/cfg_5/base/seed_002/nfe_010/000023.jpg,,outputs/gpde_diffusers_sd15_nfe10_cfg_seed_sweep/samples/diffusers/stable_diffusion_15/euler/cfg_5/base/seed_002/nfe_010,32.41034698486328,-0.07370442152023315
diffusers,hf_stable_diffusion_15,euler,base,10,2,5.0,24,"a realistic sports car parked in a concrete tunnel, reflections, low angle",outputs/gpde_diffusers_sd15_nfe10_cfg_seed_sweep/samples/diffusers/stable_diffusion_15/euler/cfg_5/base/seed_002/nfe_010/000024.jpg,,outputs/gpde_diffusers_sd15_nfe10_cfg_seed_sweep/samples/diffusers/stable_diffusion_15/euler/cfg_5/base/seed_002/nfe_010,31.621545791625977,1.1265835762023926
diffusers,hf_stable_diffusion_15,euler,base,10,2,5.0,25,"a botanical diagram of rare orchids with labeled roots and petals, archival paper",outputs/gpde_diffusers_sd15_nfe10_cfg_seed_sweep/samples/diffusers/stable_diffusion_15/euler/cfg_5/base/seed_002/nfe_010/000025.jpg,,outputs/gpde_diffusers_sd15_nfe10_cfg_seed_sweep/samples/diffusers/stable_diffusion_15/euler/cfg_5/base/seed_002/nfe_010,29.225936889648438,0.03562961891293526
diffusers,hf_stable_diffusion_15,euler,base,10,2,5.0,26,"a cyberpunk street food stall with steam, lanterns, and dense urban signage",outputs/gpde_diffusers_sd15_nfe10_cfg_seed_sweep/samples/diffusers/stable_diffusion_15/euler/cfg_5/base/seed_002/nfe_010/000026.jpg,,outputs/gpde_diffusers_sd15_nfe10_cfg_seed_sweep/samples/diffusers/stable_diffusion_15/euler/cfg_5/base/seed_002/nfe_010,28.670001983642578,-0.20123401284217834
diffusers,hf_stable_diffusion_15,euler,base,10,2,5.0,27,"a still life of glass fruit bowls, linen cloth, and silver cutlery, natural light",outputs/gpde_diffusers_sd15_nfe10_cfg_seed_sweep/samples/diffusers/stable_diffusion_15/euler/cfg_5/base/seed_002/nfe_010/000027.jpg,,outputs/gpde_diffusers_sd15_nfe10_cfg_seed_sweep/samples/diffusers/stable_diffusion_15/euler/cfg_5/base/seed_002/nfe_010,33.30388259887695,-1.72622549533844
diffusers,hf_stable_diffusion_15,euler,base,10,2,5.0,28,a heroic statue covered in vines in an abandoned futuristic plaza,outputs/gpde_diffusers_sd15_nfe10_cfg_seed_sweep/samples/diffusers/stable_diffusion_15/euler/cfg_5/base/seed_002/nfe_010/000028.jpg,,outputs/gpde_diffusers_sd15_nfe10_cfg_seed_sweep/samples/diffusers/stable_diffusion_15/euler/cfg_5/base/seed_002/nfe_010,32.995391845703125,-1.603888750076294
diffusers,hf_stable_diffusion_15,euler,base,10,2,5.0,29,a black and white film photograph of dancers rehearsing in a mirror-lined studio,outputs/gpde_diffusers_sd15_nfe10_cfg_seed_sweep/samples/diffusers/stable_diffusion_15/euler/cfg_5/base/seed_002/nfe_010/000029.jpg,,outputs/gpde_diffusers_sd15_nfe10_cfg_seed_sweep/samples/diffusers/stable_diffusion_15/euler/cfg_5/base/seed_002/nfe_010,32.54197311401367,0.8304418325424194
diffusers,hf_stable_diffusion_15,euler,base,10,2,5.0,30,"a detailed scene of a spacecraft cockpit during reentry, glowing controls, tense mood",outputs/gpde_diffusers_sd15_nfe10_cfg_seed_sweep/samples/diffusers/stable_diffusion_15/euler/cfg_5/base/seed_002/nfe_010/000030.jpg,,outputs/gpde_diffusers_sd15_nfe10_cfg_seed_sweep/samples/diffusers/stable_diffusion_15/euler/cfg_5/base/seed_002/nfe_010,27.79610824584961,-0.6945918798446655
diffusers,hf_stable_diffusion_15,euler,base,10,2,5.0,31,a claymation style village bakery with tiny loaves and painted signs,outputs/gpde_diffusers_sd15_nfe10_cfg_seed_sweep/samples/diffusers/stable_diffusion_15/euler/cfg_5/base/seed_002/nfe_010/000031.jpg,,outputs/gpde_diffusers_sd15_nfe10_cfg_seed_sweep/samples/diffusers/stable_diffusion_15/euler/cfg_5/base/seed_002/nfe_010,31.547706604003906,-1.6179397106170654
diffusers,hf_stable_diffusion_15,euler,base,10,2,5.0,32,a realistic underwater photograph of a diver inspecting an ancient marble column,outputs/gpde_diffusers_sd15_nfe10_cfg_seed_sweep/samples/diffusers/stable_diffusion_15/euler/cfg_5/base/seed_002/nfe_010/000032.jpg,,outputs/gpde_diffusers_sd15_nfe10_cfg_seed_sweep/samples/diffusers/stable_diffusion_15/euler/cfg_5/base/seed_002/nfe_010,28.75506591796875,-0.13970787823200226
diffusers,hf_stable_diffusion_15,euler,base,10,2,5.0,33,"a minimalist poster of a jazz quartet in deep red, cream, and black",outputs/gpde_diffusers_sd15_nfe10_cfg_seed_sweep/samples/diffusers/stable_diffusion_15/euler/cfg_5/base/seed_002/nfe_010/000033.jpg,,outputs/gpde_diffusers_sd15_nfe10_cfg_seed_sweep/samples/diffusers/stable_diffusion_15/euler/cfg_5/base/seed_002/nfe_010,30.920690536499023,-1.338815450668335
diffusers,hf_stable_diffusion_15,euler,base,10,2,5.0,34,a high detail portrait of a queen wearing armor made of mother of pearl,outputs/gpde_diffusers_sd15_nfe10_cfg_seed_sweep/samples/diffusers/stable_diffusion_15/euler/cfg_5/base/seed_002/nfe_010/000034.jpg,,outputs/gpde_diffusers_sd15_nfe10_cfg_seed_sweep/samples/diffusers/stable_diffusion_15/euler/cfg_5/base/seed_002/nfe_010,27.773231506347656,1.632409691810608
diffusers,hf_stable_diffusion_15,euler,base,10,2,5.0,35,"a top-down board game map of an island with forests, cliffs, and hidden ruins",outputs/gpde_diffusers_sd15_nfe10_cfg_seed_sweep/samples/diffusers/stable_diffusion_15/euler/cfg_5/base/seed_002/nfe_010/000035.jpg,,outputs/gpde_diffusers_sd15_nfe10_cfg_seed_sweep/samples/diffusers/stable_diffusion_15/euler/cfg_5/base/seed_002/nfe_010,29.90695571899414,-0.20214296877384186
diffusers,hf_stable_diffusion_15,euler,base,10,2,5.0,36,"a luxury watch exploded view on a dark background, precise gears and screws",outputs/gpde_diffusers_sd15_nfe10_cfg_seed_sweep/samples/diffusers/stable_diffusion_15/euler/cfg_5/base/seed_002/nfe_010/000036.jpg,,outputs/gpde_diffusers_sd15_nfe10_cfg_seed_sweep/samples/diffusers/stable_diffusion_15/euler/cfg_5/base/seed_002/nfe_010,31.220495223999023,0.4751669466495514
diffusers,hf_stable_diffusion_15,euler,base,10,2,5.0,37,"a sunlit greenhouse filled with tomatoes, watering cans, and terracotta pots",outputs/gpde_diffusers_sd15_nfe10_cfg_seed_sweep/samples/diffusers/stable_diffusion_15/euler/cfg_5/base/seed_002/nfe_010/000037.jpg,,outputs/gpde_diffusers_sd15_nfe10_cfg_seed_sweep/samples/diffusers/stable_diffusion_15/euler/cfg_5/base/seed_002/nfe_010,29.34148406982422,0.40569421648979187
diffusers,hf_stable_diffusion_15,euler,base,10,2,5.0,38,a night landscape of fireflies over a meadow beside a quiet river,outputs/gpde_diffusers_sd15_nfe10_cfg_seed_sweep/samples/diffusers/stable_diffusion_15/euler/cfg_5/base/seed_002/nfe_010/000038.jpg,,outputs/gpde_diffusers_sd15_nfe10_cfg_seed_sweep/samples/diffusers/stable_diffusion_15/euler/cfg_5/base/seed_002/nfe_010,29.986608505249023,1.1059536933898926
diffusers,hf_stable_diffusion_15,euler,base,10,2,5.0,39,a realistic photo of a rescue helicopter landing on a snowy mountain ridge,outputs/gpde_diffusers_sd15_nfe10_cfg_seed_sweep/samples/diffusers/stable_diffusion_15/euler/cfg_5/base/seed_002/nfe_010/000039.jpg,,outputs/gpde_diffusers_sd15_nfe10_cfg_seed_sweep/samples/diffusers/stable_diffusion_15/euler/cfg_5/base/seed_002/nfe_010,29.675132751464844,0.8445402383804321
diffusers,hf_stable_diffusion_15,euler,base,10,2,5.0,40,a concept art scene of a floating research station above Jupiter's clouds,outputs/gpde_diffusers_sd15_nfe10_cfg_seed_sweep/samples/diffusers/stable_diffusion_15/euler/cfg_5/base/seed_002/nfe_010/000040.jpg,,outputs/gpde_diffusers_sd15_nfe10_cfg_seed_sweep/samples/diffusers/stable_diffusion_15/euler/cfg_5/base/seed_002/nfe_010,29.69537925720215,-0.3064587414264679
diffusers,hf_stable_diffusion_15,euler,base,10,2,5.0,41,a detailed pencil drawing of an old bicycle leaning against a brick wall,outputs/gpde_diffusers_sd15_nfe10_cfg_seed_sweep/samples/diffusers/stable_diffusion_15/euler/cfg_5/base/seed_002/nfe_010/000041.jpg,,outputs/gpde_diffusers_sd15_nfe10_cfg_seed_sweep/samples/diffusers/stable_diffusion_15/euler/cfg_5/base/seed_002/nfe_010,33.134788513183594,0.8585230708122253
diffusers,hf_stable_diffusion_15,euler,base,10,2,5.0,42,"a museum diorama of prehistoric sea creatures, dramatic educational lighting",outputs/gpde_diffusers_sd15_nfe10_cfg_seed_sweep/samples/diffusers/stable_diffusion_15/euler/cfg_5/base/seed_002/nfe_010/000042.jpg,,outputs/gpde_diffusers_sd15_nfe10_cfg_seed_sweep/samples/diffusers/stable_diffusion_15/euler/cfg_5/base/seed_002/nfe_010,24.20099639892578,0.06830677390098572
diffusers,hf_stable_diffusion_15,euler,base,10,2,5.0,43,"a peaceful Japanese garden with koi pond, stone bridge, and maple leaves",outputs/gpde_diffusers_sd15_nfe10_cfg_seed_sweep/samples/diffusers/stable_diffusion_15/euler/cfg_5/base/seed_002/nfe_010/000043.jpg,,outputs/gpde_diffusers_sd15_nfe10_cfg_seed_sweep/samples/diffusers/stable_diffusion_15/euler/cfg_5/base/seed_002/nfe_010,25.89214515686035,-1.346696138381958
diffusers,hf_stable_diffusion_15,euler,base,10,2,5.0,44,"a close-up food photograph of ramen with soft egg, steam, and ceramic bowl",outputs/gpde_diffusers_sd15_nfe10_cfg_seed_sweep/samples/diffusers/stable_diffusion_15/euler/cfg_5/base/seed_002/nfe_010/000044.jpg,,outputs/gpde_diffusers_sd15_nfe10_cfg_seed_sweep/samples/diffusers/stable_diffusion_15/euler/cfg_5/base/seed_002/nfe_010,31.214641571044922,0.5707108378410339
diffusers,hf_stable_diffusion_15,euler,base,10,2,5.0,45,a vibrant parade costume covered with mirrors and embroidered flowers,outputs/gpde_diffusers_sd15_nfe10_cfg_seed_sweep/samples/diffusers/stable_diffusion_15/euler/cfg_5/base/seed_002/nfe_010/000045.jpg,,outputs/gpde_diffusers_sd15_nfe10_cfg_seed_sweep/samples/diffusers/stable_diffusion_15/euler/cfg_5/base/seed_002/nfe_010,30.505481719970703,-0.37158486247062683
diffusers,hf_stable_diffusion_15,euler,base,10,2,5.0,46,a realistic image of a hand-crafted wooden chess set mid game by candlelight,outputs/gpde_diffusers_sd15_nfe10_cfg_seed_sweep/samples/diffusers/stable_diffusion_15/euler/cfg_5/base/seed_002/nfe_010/000046.jpg,,outputs/gpde_diffusers_sd15_nfe10_cfg_seed_sweep/samples/diffusers/stable_diffusion_15/euler/cfg_5/base/seed_002/nfe_010,27.87410545349121,-0.43538323044776917
diffusers,hf_stable_diffusion_15,euler,base,10,2,5.0,47,a wide angle view of a data center corridor with blue status lights,outputs/gpde_diffusers_sd15_nfe10_cfg_seed_sweep/samples/diffusers/stable_diffusion_15/euler/cfg_5/base/seed_002/nfe_010/000047.jpg,,outputs/gpde_diffusers_sd15_nfe10_cfg_seed_sweep/samples/diffusers/stable_diffusion_15/euler/cfg_5/base/seed_002/nfe_010,20.054256439208984,0.9187753796577454
diffusers,hf_stable_diffusion_15,euler,base,10,2,5.0,48,a magical realism scene of books flying through an old train carriage,outputs/gpde_diffusers_sd15_nfe10_cfg_seed_sweep/samples/diffusers/stable_diffusion_15/euler/cfg_5/base/seed_002/nfe_010/000048.jpg,,outputs/gpde_diffusers_sd15_nfe10_cfg_seed_sweep/samples/diffusers/stable_diffusion_15/euler/cfg_5/base/seed_002/nfe_010,33.91518783569336,-0.11441566050052643
diffusers,hf_stable_diffusion_15,euler,base,10,2,5.0,49,a studio portrait of a golden retriever wearing aviator goggles and a red scarf,outputs/gpde_diffusers_sd15_nfe10_cfg_seed_sweep/samples/diffusers/stable_diffusion_15/euler/cfg_5/base/seed_002/nfe_010/000049.jpg,,outputs/gpde_diffusers_sd15_nfe10_cfg_seed_sweep/samples/diffusers/stable_diffusion_15/euler/cfg_5/base/seed_002/nfe_010,30.48025894165039,1.4951071739196777
diffusers,hf_stable_diffusion_15,euler,GPDE,10,0,7.5,0,"a cinematic portrait of an astronaut botanist in a glass greenhouse on Mars, detailed fabric, soft rim light",outputs/gpde_diffusers_sd15_nfe10_cfg_seed_sweep/samples/diffusers/stable_diffusion_15/euler/cfg_7.5/GPDE/seed_000/nfe_010/000000.jpg,outputs/gpde_diffusers_sd15_nfe10_cfg_seed_sweep/schedules/GPDE/diffusers/stable_diffusion_15/euler/cfg_7.5/seed_0/nfe_010,outputs/gpde_diffusers_sd15_nfe10_cfg_seed_sweep/samples/diffusers/stable_diffusion_15/euler/cfg_7.5/GPDE/seed_000/nfe_010,25.948650360107422,-2.1931071281433105
diffusers,hf_stable_diffusion_15,euler,GPDE,10,0,7.5,1,"a small brass robot repairing an antique clock in a sunlit workshop, shallow depth of field",outputs/gpde_diffusers_sd15_nfe10_cfg_seed_sweep/samples/diffusers/stable_diffusion_15/euler/cfg_7.5/GPDE/seed_000/nfe_010/000001.jpg,outputs/gpde_diffusers_sd15_nfe10_cfg_seed_sweep/schedules/GPDE/diffusers/stable_diffusion_15/euler/cfg_7.5/seed_0/nfe_010,outputs/gpde_diffusers_sd15_nfe10_cfg_seed_sweep/samples/diffusers/stable_diffusion_15/euler/cfg_7.5/GPDE/seed_000/nfe_010,28.2016544342041,-1.6447441577911377
diffusers,hf_stable_diffusion_15,euler,GPDE,10,0,7.5,2,"a watercolor city street after rain with neon signs reflected in puddles, evening atmosphere",outputs/gpde_diffusers_sd15_nfe10_cfg_seed_sweep/samples/diffusers/stable_diffusion_15/euler/cfg_7.5/GPDE/seed_000/nfe_010/000002.jpg,outputs/gpde_diffusers_sd15_nfe10_cfg_seed_sweep/schedules/GPDE/diffusers/stable_diffusion_15/euler/cfg_7.5/seed_0/nfe_010,outputs/gpde_diffusers_sd15_nfe10_cfg_seed_sweep/samples/diffusers/stable_diffusion_15/euler/cfg_7.5/GPDE/seed_000/nfe_010,26.439254760742188,0.9121858477592468
diffusers,hf_stable_diffusion_15,euler,GPDE,10,0,7.5,3,a high resolution studio photo of a ceramic teapot shaped like a seashell on a slate table,outputs/gpde_diffusers_sd15_nfe10_cfg_seed_sweep/samples/diffusers/stable_diffusion_15/euler/cfg_7.5/GPDE/seed_000/nfe_010/000003.jpg,outputs/gpde_diffusers_sd15_nfe10_cfg_seed_sweep/schedules/GPDE/diffusers/stable_diffusion_15/euler/cfg_7.5/seed_0/nfe_010,outputs/gpde_diffusers_sd15_nfe10_cfg_seed_sweep/samples/diffusers/stable_diffusion_15/euler/cfg_7.5/GPDE/seed_000/nfe_010,31.76009750366211,0.22882893681526184
diffusers,hf_stable_diffusion_15,euler,GPDE,10,0,7.5,4,"a fantasy library carved inside a giant tree, spiral stairs, warm lanterns, intricate shelves",outputs/gpde_diffusers_sd15_nfe10_cfg_seed_sweep/samples/diffusers/stable_diffusion_15/euler/cfg_7.5/GPDE/seed_000/nfe_010/000004.jpg,outputs/gpde_diffusers_sd15_nfe10_cfg_seed_sweep/schedules/GPDE/diffusers/stable_diffusion_15/euler/cfg_7.5/seed_0/nfe_010,outputs/gpde_diffusers_sd15_nfe10_cfg_seed_sweep/samples/diffusers/stable_diffusion_15/euler/cfg_7.5/GPDE/seed_000/nfe_010,28.691226959228516,0.03552861884236336
diffusers,hf_stable_diffusion_15,euler,GPDE,10,0,7.5,5,"a macro photograph of a snowflake resting on dark wool, crisp crystalline detail",outputs/gpde_diffusers_sd15_nfe10_cfg_seed_sweep/samples/diffusers/stable_diffusion_15/euler/cfg_7.5/GPDE/seed_000/nfe_010/000005.jpg,outputs/gpde_diffusers_sd15_nfe10_cfg_seed_sweep/schedules/GPDE/diffusers/stable_diffusion_15/euler/cfg_7.5/seed_0/nfe_010,outputs/gpde_diffusers_sd15_nfe10_cfg_seed_sweep/samples/diffusers/stable_diffusion_15/euler/cfg_7.5/GPDE/seed_000/nfe_010,27.188692092895508,0.5096423029899597
diffusers,hf_stable_diffusion_15,euler,GPDE,10,0,7.5,6,"a retro futuristic train crossing a desert at sunset, chrome surfaces, long shadows",outputs/gpde_diffusers_sd15_nfe10_cfg_seed_sweep/samples/diffusers/stable_diffusion_15/euler/cfg_7.5/GPDE/seed_000/nfe_010/000006.jpg,outputs/gpde_diffusers_sd15_nfe10_cfg_seed_sweep/schedules/GPDE/diffusers/stable_diffusion_15/euler/cfg_7.5/seed_0/nfe_010,outputs/gpde_diffusers_sd15_nfe10_cfg_seed_sweep/samples/diffusers/stable_diffusion_15/euler/cfg_7.5/GPDE/seed_000/nfe_010,30.703697204589844,1.6400607824325562
diffusers,hf_stable_diffusion_15,euler,GPDE,10,0,7.5,7,"a chef plating a colorful molecular gastronomy dessert, clean restaurant lighting",outputs/gpde_diffusers_sd15_nfe10_cfg_seed_sweep/samples/diffusers/stable_diffusion_15/euler/cfg_7.5/GPDE/seed_000/nfe_010/000007.jpg,outputs/gpde_diffusers_sd15_nfe10_cfg_seed_sweep/schedules/GPDE/diffusers/stable_diffusion_15/euler/cfg_7.5/seed_0/nfe_010,outputs/gpde_diffusers_sd15_nfe10_cfg_seed_sweep/samples/diffusers/stable_diffusion_15/euler/cfg_7.5/GPDE/seed_000/nfe_010,32.78657913208008,0.8029568791389465
diffusers,hf_stable_diffusion_15,euler,GPDE,10,0,7.5,8,"an isometric cozy bedroom with plants, books, a desk lamp, and a rainy window",outputs/gpde_diffusers_sd15_nfe10_cfg_seed_sweep/samples/diffusers/stable_diffusion_15/euler/cfg_7.5/GPDE/seed_000/nfe_010/000008.jpg,outputs/gpde_diffusers_sd15_nfe10_cfg_seed_sweep/schedules/GPDE/diffusers/stable_diffusion_15/euler/cfg_7.5/seed_0/nfe_010,outputs/gpde_diffusers_sd15_nfe10_cfg_seed_sweep/samples/diffusers/stable_diffusion_15/euler/cfg_7.5/GPDE/seed_000/nfe_010,29.339292526245117,-0.6111220121383667
diffusers,hf_stable_diffusion_15,euler,GPDE,10,0,7.5,9,"a dramatic mountain monastery above clouds, sunrise, detailed stone architecture",outputs/gpde_diffusers_sd15_nfe10_cfg_seed_sweep/samples/diffusers/stable_diffusion_15/euler/cfg_7.5/GPDE/seed_000/nfe_010/000009.jpg,outputs/gpde_diffusers_sd15_nfe10_cfg_seed_sweep/schedules/GPDE/diffusers/stable_diffusion_15/euler/cfg_7.5/seed_0/nfe_010,outputs/gpde_diffusers_sd15_nfe10_cfg_seed_sweep/samples/diffusers/stable_diffusion_15/euler/cfg_7.5/GPDE/seed_000/nfe_010,31.681257247924805,1.448372721672058
diffusers,hf_stable_diffusion_15,euler,GPDE,10,0,7.5,10,a fashion editorial photo of a model wearing a translucent raincoat in Tokyo at night,outputs/gpde_diffusers_sd15_nfe10_cfg_seed_sweep/samples/diffusers/stable_diffusion_15/euler/cfg_7.5/GPDE/seed_000/nfe_010/000010.jpg,outputs/gpde_diffusers_sd15_nfe10_cfg_seed_sweep/schedules/GPDE/diffusers/stable_diffusion_15/euler/cfg_7.5/seed_0/nfe_010,outputs/gpde_diffusers_sd15_nfe10_cfg_seed_sweep/samples/diffusers/stable_diffusion_15/euler/cfg_7.5/GPDE/seed_000/nfe_010,33.397377014160156,1.7342374324798584
diffusers,hf_stable_diffusion_15,euler,GPDE,10,0,7.5,11,a realistic red fox statue made of folded paper on a white museum pedestal,outputs/gpde_diffusers_sd15_nfe10_cfg_seed_sweep/samples/diffusers/stable_diffusion_15/euler/cfg_7.5/GPDE/seed_000/nfe_010/000011.jpg,outputs/gpde_diffusers_sd15_nfe10_cfg_seed_sweep/schedules/GPDE/diffusers/stable_diffusion_15/euler/cfg_7.5/seed_0/nfe_010,outputs/gpde_diffusers_sd15_nfe10_cfg_seed_sweep/samples/diffusers/stable_diffusion_15/euler/cfg_7.5/GPDE/seed_000/nfe_010,33.008853912353516,1.2099727392196655
diffusers,hf_stable_diffusion_15,euler,GPDE,10,0,7.5,12,a detailed cutaway illustration of a tiny submarine exploring a coral reef,outputs/gpde_diffusers_sd15_nfe10_cfg_seed_sweep/samples/diffusers/stable_diffusion_15/euler/cfg_7.5/GPDE/seed_000/nfe_010/000012.jpg,outputs/gpde_diffusers_sd15_nfe10_cfg_seed_sweep/schedules/GPDE/diffusers/stable_diffusion_15/euler/cfg_7.5/seed_0/nfe_010,outputs/gpde_diffusers_sd15_nfe10_cfg_seed_sweep/samples/diffusers/stable_diffusion_15/euler/cfg_7.5/GPDE/seed_000/nfe_010,26.468839645385742,-1.033584713935852
diffusers,hf_stable_diffusion_15,euler,GPDE,10,0,7.5,13,a product photo of wireless headphones on brushed aluminum with blue accent lighting,outputs/gpde_diffusers_sd15_nfe10_cfg_seed_sweep/samples/diffusers/stable_diffusion_15/euler/cfg_7.5/GPDE/seed_000/nfe_010/000013.jpg,outputs/gpde_diffusers_sd15_nfe10_cfg_seed_sweep/schedules/GPDE/diffusers/stable_diffusion_15/euler/cfg_7.5/seed_0/nfe_010,outputs/gpde_diffusers_sd15_nfe10_cfg_seed_sweep/samples/diffusers/stable_diffusion_15/euler/cfg_7.5/GPDE/seed_000/nfe_010,28.875755310058594,0.31567901372909546
diffusers,hf_stable_diffusion_15,euler,GPDE,10,0,7.5,14,"a medieval market square during a festival, banners, musicians, detailed crowd",outputs/gpde_diffusers_sd15_nfe10_cfg_seed_sweep/samples/diffusers/stable_diffusion_15/euler/cfg_7.5/GPDE/seed_000/nfe_010/000014.jpg,outputs/gpde_diffusers_sd15_nfe10_cfg_seed_sweep/schedules/GPDE/diffusers/stable_diffusion_15/euler/cfg_7.5/seed_0/nfe_010,outputs/gpde_diffusers_sd15_nfe10_cfg_seed_sweep/samples/diffusers/stable_diffusion_15/euler/cfg_7.5/GPDE/seed_000/nfe_010,27.25442123413086,-0.01781175285577774
diffusers,hf_stable_diffusion_15,euler,GPDE,10,0,7.5,15,an oil painting of a violinist performing in an empty subway station,outputs/gpde_diffusers_sd15_nfe10_cfg_seed_sweep/samples/diffusers/stable_diffusion_15/euler/cfg_7.5/GPDE/seed_000/nfe_010/000015.jpg,outputs/gpde_diffusers_sd15_nfe10_cfg_seed_sweep/schedules/GPDE/diffusers/stable_diffusion_15/euler/cfg_7.5/seed_0/nfe_010,outputs/gpde_diffusers_sd15_nfe10_cfg_seed_sweep/samples/diffusers/stable_diffusion_15/euler/cfg_7.5/GPDE/seed_000/nfe_010,36.27018737792969,1.030517578125
diffusers,hf_stable_diffusion_15,euler,GPDE,10,0,7.5,16,"a close-up portrait of an elderly sailor, weathered skin, navy coat, overcast harbor",outputs/gpde_diffusers_sd15_nfe10_cfg_seed_sweep/samples/diffusers/stable_diffusion_15/euler/cfg_7.5/GPDE/seed_000/nfe_010/000016.jpg,outputs/gpde_diffusers_sd15_nfe10_cfg_seed_sweep/schedules/GPDE/diffusers/stable_diffusion_15/euler/cfg_7.5/seed_0/nfe_010,outputs/gpde_diffusers_sd15_nfe10_cfg_seed_sweep/samples/diffusers/stable_diffusion_15/euler/cfg_7.5/GPDE/seed_000/nfe_010,32.28840255737305,0.9568896293640137
diffusers,hf_stable_diffusion_15,euler,GPDE,10,0,7.5,17,a clean architectural rendering of a modern cabin beside a frozen lake,outputs/gpde_diffusers_sd15_nfe10_cfg_seed_sweep/samples/diffusers/stable_diffusion_15/euler/cfg_7.5/GPDE/seed_000/nfe_010/000017.jpg,outputs/gpde_diffusers_sd15_nfe10_cfg_seed_sweep/schedules/GPDE/diffusers/stable_diffusion_15/euler/cfg_7.5/seed_0/nfe_010,outputs/gpde_diffusers_sd15_nfe10_cfg_seed_sweep/samples/diffusers/stable_diffusion_15/euler/cfg_7.5/GPDE/seed_000/nfe_010,33.05945587158203,0.43984469771385193
diffusers,hf_stable_diffusion_15,euler,GPDE,10,0,7.5,18,a surreal desert filled with floating glass spheres and distant black mountains,outputs/gpde_diffusers_sd15_nfe10_cfg_seed_sweep/samples/diffusers/stable_diffusion_15/euler/cfg_7.5/GPDE/seed_000/nfe_010/000018.jpg,outputs/gpde_diffusers_sd15_nfe10_cfg_seed_sweep/schedules/GPDE/diffusers/stable_diffusion_15/euler/cfg_7.5/seed_0/nfe_010,outputs/gpde_diffusers_sd15_nfe10_cfg_seed_sweep/samples/diffusers/stable_diffusion_15/euler/cfg_7.5/GPDE/seed_000/nfe_010,26.367982864379883,0.40509191155433655
diffusers,hf_stable_diffusion_15,euler,GPDE,10,0,7.5,19,a documentary photo of a scientist collecting ice cores in Antarctica,outputs/gpde_diffusers_sd15_nfe10_cfg_seed_sweep/samples/diffusers/stable_diffusion_15/euler/cfg_7.5/GPDE/seed_000/nfe_010/000019.jpg,outputs/gpde_diffusers_sd15_nfe10_cfg_seed_sweep/schedules/GPDE/diffusers/stable_diffusion_15/euler/cfg_7.5/seed_0/nfe_010,outputs/gpde_diffusers_sd15_nfe10_cfg_seed_sweep/samples/diffusers/stable_diffusion_15/euler/cfg_7.5/GPDE/seed_000/nfe_010,29.63389778137207,0.034455250948667526
diffusers,hf_stable_diffusion_15,euler,GPDE,10,0,7.5,20,a detailed 3D render of a mechanical hummingbird with copper wings,outputs/gpde_diffusers_sd15_nfe10_cfg_seed_sweep/samples/diffusers/stable_diffusion_15/euler/cfg_7.5/GPDE/seed_000/nfe_010/000020.jpg,outputs/gpde_diffusers_sd15_nfe10_cfg_seed_sweep/schedules/GPDE/diffusers/stable_diffusion_15/euler/cfg_7.5/seed_0/nfe_010,outputs/gpde_diffusers_sd15_nfe10_cfg_seed_sweep/samples/diffusers/stable_diffusion_15/euler/cfg_7.5/GPDE/seed_000/nfe_010,38.58135223388672,1.5585819482803345
diffusers,hf_stable_diffusion_15,euler,GPDE,10,0,7.5,21,"a cozy cafe interior in autumn, pastries, espresso machine, soft morning light",outputs/gpde_diffusers_sd15_nfe10_cfg_seed_sweep/samples/diffusers/stable_diffusion_15/euler/cfg_7.5/GPDE/seed_000/nfe_010/000021.jpg,outputs/gpde_diffusers_sd15_nfe10_cfg_seed_sweep/schedules/GPDE/diffusers/stable_diffusion_15/euler/cfg_7.5/seed_0/nfe_010,outputs/gpde_diffusers_sd15_nfe10_cfg_seed_sweep/samples/diffusers/stable_diffusion_15/euler/cfg_7.5/GPDE/seed_000/nfe_010,26.167423248291016,-0.9877708554267883
diffusers,hf_stable_diffusion_15,euler,GPDE,10,0,7.5,22,"a panoramic view of terraced rice fields under mist, workers in colorful clothing",outputs/gpde_diffusers_sd15_nfe10_cfg_seed_sweep/samples/diffusers/stable_diffusion_15/euler/cfg_7.5/GPDE/seed_000/nfe_010/000022.jpg,outputs/gpde_diffusers_sd15_nfe10_cfg_seed_sweep/schedules/GPDE/diffusers/stable_diffusion_15/euler/cfg_7.5/seed_0/nfe_010,outputs/gpde_diffusers_sd15_nfe10_cfg_seed_sweep/samples/diffusers/stable_diffusion_15/euler/cfg_7.5/GPDE/seed_000/nfe_010,29.267009735107422,-1.0027858018875122
diffusers,hf_stable_diffusion_15,euler,GPDE,10,0,7.5,23,a children's book illustration of a moonlit boat parade on a quiet canal,outputs/gpde_diffusers_sd15_nfe10_cfg_seed_sweep/samples/diffusers/stable_diffusion_15/euler/cfg_7.5/GPDE/seed_000/nfe_010/000023.jpg,outputs/gpde_diffusers_sd15_nfe10_cfg_seed_sweep/schedules/GPDE/diffusers/stable_diffusion_15/euler/cfg_7.5/seed_0/nfe_010,outputs/gpde_diffusers_sd15_nfe10_cfg_seed_sweep/samples/diffusers/stable_diffusion_15/euler/cfg_7.5/GPDE/seed_000/nfe_010,25.64185333251953,-0.4324857294559479
diffusers,hf_stable_diffusion_15,euler,GPDE,10,0,7.5,24,"a realistic sports car parked in a concrete tunnel, reflections, low angle",outputs/gpde_diffusers_sd15_nfe10_cfg_seed_sweep/samples/diffusers/stable_diffusion_15/euler/cfg_7.5/GPDE/seed_000/nfe_010/000024.jpg,outputs/gpde_diffusers_sd15_nfe10_cfg_seed_sweep/schedules/GPDE/diffusers/stable_diffusion_15/euler/cfg_7.5/seed_0/nfe_010,outputs/gpde_diffusers_sd15_nfe10_cfg_seed_sweep/samples/diffusers/stable_diffusion_15/euler/cfg_7.5/GPDE/seed_000/nfe_010,29.129850387573242,0.49529018998146057
diffusers,hf_stable_diffusion_15,euler,GPDE,10,0,7.5,25,"a botanical diagram of rare orchids with labeled roots and petals, archival paper",outputs/gpde_diffusers_sd15_nfe10_cfg_seed_sweep/samples/diffusers/stable_diffusion_15/euler/cfg_7.5/GPDE/seed_000/nfe_010/000025.jpg,outputs/gpde_diffusers_sd15_nfe10_cfg_seed_sweep/schedules/GPDE/diffusers/stable_diffusion_15/euler/cfg_7.5/seed_0/nfe_010,outputs/gpde_diffusers_sd15_nfe10_cfg_seed_sweep/samples/diffusers/stable_diffusion_15/euler/cfg_7.5/GPDE/seed_000/nfe_010,29.739627838134766,0.8425284028053284
diffusers,hf_stable_diffusion_15,euler,GPDE,10,0,7.5,26,"a cyberpunk street food stall with steam, lanterns, and dense urban signage",outputs/gpde_diffusers_sd15_nfe10_cfg_seed_sweep/samples/diffusers/stable_diffusion_15/euler/cfg_7.5/GPDE/seed_000/nfe_010/000026.jpg,outputs/gpde_diffusers_sd15_nfe10_cfg_seed_sweep/schedules/GPDE/diffusers/stable_diffusion_15/euler/cfg_7.5/seed_0/nfe_010,outputs/gpde_diffusers_sd15_nfe10_cfg_seed_sweep/samples/diffusers/stable_diffusion_15/euler/cfg_7.5/GPDE/seed_000/nfe_010,24.5827579498291,-0.5942756533622742
diffusers,hf_stable_diffusion_15,euler,GPDE,10,0,7.5,27,"a still life of glass fruit bowls, linen cloth, and silver cutlery, natural light",outputs/gpde_diffusers_sd15_nfe10_cfg_seed_sweep/samples/diffusers/stable_diffusion_15/euler/cfg_7.5/GPDE/seed_000/nfe_010/000027.jpg,outputs/gpde_diffusers_sd15_nfe10_cfg_seed_sweep/schedules/GPDE/diffusers/stable_diffusion_15/euler/cfg_7.5/seed_0/nfe_010,outputs/gpde_diffusers_sd15_nfe10_cfg_seed_sweep/samples/diffusers/stable_diffusion_15/euler/cfg_7.5/GPDE/seed_000/nfe_010,29.96324348449707,0.24585264921188354
diffusers,hf_stable_diffusion_15,euler,GPDE,10,0,7.5,28,a heroic statue covered in vines in an abandoned futuristic plaza,outputs/gpde_diffusers_sd15_nfe10_cfg_seed_sweep/samples/diffusers/stable_diffusion_15/euler/cfg_7.5/GPDE/seed_000/nfe_010/000028.jpg,outputs/gpde_diffusers_sd15_nfe10_cfg_seed_sweep/schedules/GPDE/diffusers/stable_diffusion_15/euler/cfg_7.5/seed_0/nfe_010,outputs/gpde_diffusers_sd15_nfe10_cfg_seed_sweep/samples/diffusers/stable_diffusion_15/euler/cfg_7.5/GPDE/seed_000/nfe_010,32.871829986572266,0.1694711148738861
diffusers,hf_stable_diffusion_15,euler,GPDE,10,0,7.5,29,a black and white film photograph of dancers rehearsing in a mirror-lined studio,outputs/gpde_diffusers_sd15_nfe10_cfg_seed_sweep/samples/diffusers/stable_diffusion_15/euler/cfg_7.5/GPDE/seed_000/nfe_010/000029.jpg,outputs/gpde_diffusers_sd15_nfe10_cfg_seed_sweep/schedules/GPDE/diffusers/stable_diffusion_15/euler/cfg_7.5/seed_0/nfe_010,outputs/gpde_diffusers_sd15_nfe10_cfg_seed_sweep/samples/diffusers/stable_diffusion_15/euler/cfg_7.5/GPDE/seed_000/nfe_010,33.10310363769531,0.6056483387947083
diffusers,hf_stable_diffusion_15,euler,GPDE,10,0,7.5,30,"a detailed scene of a spacecraft cockpit during reentry, glowing controls, tense mood",outputs/gpde_diffusers_sd15_nfe10_cfg_seed_sweep/samples/diffusers/stable_diffusion_15/euler/cfg_7.5/GPDE/seed_000/nfe_010/000030.jpg,outputs/gpde_diffusers_sd15_nfe10_cfg_seed_sweep/schedules/GPDE/diffusers/stable_diffusion_15/euler/cfg_7.5/seed_0/nfe_010,outputs/gpde_diffusers_sd15_nfe10_cfg_seed_sweep/samples/diffusers/stable_diffusion_15/euler/cfg_7.5/GPDE/seed_000/nfe_010,29.83488655090332,-1.8701577186584473
diffusers,hf_stable_diffusion_15,euler,GPDE,10,0,7.5,31,a claymation style village bakery with tiny loaves and painted signs,outputs/gpde_diffusers_sd15_nfe10_cfg_seed_sweep/samples/diffusers/stable_diffusion_15/euler/cfg_7.5/GPDE/seed_000/nfe_010/000031.jpg,outputs/gpde_diffusers_sd15_nfe10_cfg_seed_sweep/schedules/GPDE/diffusers/stable_diffusion_15/euler/cfg_7.5/seed_0/nfe_010,outputs/gpde_diffusers_sd15_nfe10_cfg_seed_sweep/samples/diffusers/stable_diffusion_15/euler/cfg_7.5/GPDE/seed_000/nfe_010,34.68953323364258,0.2610241770744324
diffusers,hf_stable_diffusion_15,euler,GPDE,10,0,7.5,32,a realistic underwater photograph of a diver inspecting an ancient marble column,outputs/gpde_diffusers_sd15_nfe10_cfg_seed_sweep/samples/diffusers/stable_diffusion_15/euler/cfg_7.5/GPDE/seed_000/nfe_010/000032.jpg,outputs/gpde_diffusers_sd15_nfe10_cfg_seed_sweep/schedules/GPDE/diffusers/stable_diffusion_15/euler/cfg_7.5/seed_0/nfe_010,outputs/gpde_diffusers_sd15_nfe10_cfg_seed_sweep/samples/diffusers/stable_diffusion_15/euler/cfg_7.5/GPDE/seed_000/nfe_010,27.22713279724121,1.5527191162109375
diffusers,hf_stable_diffusion_15,euler,GPDE,10,0,7.5,33,"a minimalist poster of a jazz quartet in deep red, cream, and black",outputs/gpde_diffusers_sd15_nfe10_cfg_seed_sweep/samples/diffusers/stable_diffusion_15/euler/cfg_7.5/GPDE/seed_000/nfe_010/000033.jpg,outputs/gpde_diffusers_sd15_nfe10_cfg_seed_sweep/schedules/GPDE/diffusers/stable_diffusion_15/euler/cfg_7.5/seed_0/nfe_010,outputs/gpde_diffusers_sd15_nfe10_cfg_seed_sweep/samples/diffusers/stable_diffusion_15/euler/cfg_7.5/GPDE/seed_000/nfe_010,26.662004470825195,-1.288266897201538
diffusers,hf_stable_diffusion_15,euler,GPDE,10,0,7.5,34,a high detail portrait of a queen wearing armor made of mother of pearl,outputs/gpde_diffusers_sd15_nfe10_cfg_seed_sweep/samples/diffusers/stable_diffusion_15/euler/cfg_7.5/GPDE/seed_000/nfe_010/000034.jpg,outputs/gpde_diffusers_sd15_nfe10_cfg_seed_sweep/schedules/GPDE/diffusers/stable_diffusion_15/euler/cfg_7.5/seed_0/nfe_010,outputs/gpde_diffusers_sd15_nfe10_cfg_seed_sweep/samples/diffusers/stable_diffusion_15/euler/cfg_7.5/GPDE/seed_000/nfe_010,24.059579849243164,0.8076959252357483
diffusers,hf_stable_diffusion_15,euler,GPDE,10,0,7.5,35,"a top-down board game map of an island with forests, cliffs, and hidden ruins",outputs/gpde_diffusers_sd15_nfe10_cfg_seed_sweep/samples/diffusers/stable_diffusion_15/euler/cfg_7.5/GPDE/seed_000/nfe_010/000035.jpg,outputs/gpde_diffusers_sd15_nfe10_cfg_seed_sweep/schedules/GPDE/diffusers/stable_diffusion_15/euler/cfg_7.5/seed_0/nfe_010,outputs/gpde_diffusers_sd15_nfe10_cfg_seed_sweep/samples/diffusers/stable_diffusion_15/euler/cfg_7.5/GPDE/seed_000/nfe_010,27.193891525268555,-1.4318054914474487
diffusers,hf_stable_diffusion_15,euler,GPDE,10,0,7.5,36,"a luxury watch exploded view on a dark background, precise gears and screws",outputs/gpde_diffusers_sd15_nfe10_cfg_seed_sweep/samples/diffusers/stable_diffusion_15/euler/cfg_7.5/GPDE/seed_000/nfe_010/000036.jpg,outputs/gpde_diffusers_sd15_nfe10_cfg_seed_sweep/schedules/GPDE/diffusers/stable_diffusion_15/euler/cfg_7.5/seed_0/nfe_010,outputs/gpde_diffusers_sd15_nfe10_cfg_seed_sweep/samples/diffusers/stable_diffusion_15/euler/cfg_7.5/GPDE/seed_000/nfe_010,29.88071060180664,1.0144529342651367
diffusers,hf_stable_diffusion_15,euler,GPDE,10,0,7.5,37,"a sunlit greenhouse filled with tomatoes, watering cans, and terracotta pots",outputs/gpde_diffusers_sd15_nfe10_cfg_seed_sweep/samples/diffusers/stable_diffusion_15/euler/cfg_7.5/GPDE/seed_000/nfe_010/000037.jpg,outputs/gpde_diffusers_sd15_nfe10_cfg_seed_sweep/schedules/GPDE/diffusers/stable_diffusion_15/euler/cfg_7.5/seed_0/nfe_010,outputs/gpde_diffusers_sd15_nfe10_cfg_seed_sweep/samples/diffusers/stable_diffusion_15/euler/cfg_7.5/GPDE/seed_000/nfe_010,27.16703987121582,-0.7430663108825684
diffusers,hf_stable_diffusion_15,euler,GPDE,10,0,7.5,38,a night landscape of fireflies over a meadow beside a quiet river,outputs/gpde_diffusers_sd15_nfe10_cfg_seed_sweep/samples/diffusers/stable_diffusion_15/euler/cfg_7.5/GPDE/seed_000/nfe_010/000038.jpg,outputs/gpde_diffusers_sd15_nfe10_cfg_seed_sweep/schedules/GPDE/diffusers/stable_diffusion_15/euler/cfg_7.5/seed_0/nfe_010,outputs/gpde_diffusers_sd15_nfe10_cfg_seed_sweep/samples/diffusers/stable_diffusion_15/euler/cfg_7.5/GPDE/seed_000/nfe_010,25.942758560180664,-1.5894794464111328
diffusers,hf_stable_diffusion_15,euler,GPDE,10,0,7.5,39,a realistic photo of a rescue helicopter landing on a snowy mountain ridge,outputs/gpde_diffusers_sd15_nfe10_cfg_seed_sweep/samples/diffusers/stable_diffusion_15/euler/cfg_7.5/GPDE/seed_000/nfe_010/000039.jpg,outputs/gpde_diffusers_sd15_nfe10_cfg_seed_sweep/schedules/GPDE/diffusers/stable_diffusion_15/euler/cfg_7.5/seed_0/nfe_010,outputs/gpde_diffusers_sd15_nfe10_cfg_seed_sweep/samples/diffusers/stable_diffusion_15/euler/cfg_7.5/GPDE/seed_000/nfe_010,36.4827766418457,0.9036774635314941
diffusers,hf_stable_diffusion_15,euler,GPDE,10,0,7.5,40,a concept art scene of a floating research station above Jupiter's clouds,outputs/gpde_diffusers_sd15_nfe10_cfg_seed_sweep/samples/diffusers/stable_diffusion_15/euler/cfg_7.5/GPDE/seed_000/nfe_010/000040.jpg,outputs/gpde_diffusers_sd15_nfe10_cfg_seed_sweep/schedules/GPDE/diffusers/stable_diffusion_15/euler/cfg_7.5/seed_0/nfe_010,outputs/gpde_diffusers_sd15_nfe10_cfg_seed_sweep/samples/diffusers/stable_diffusion_15/euler/cfg_7.5/GPDE/seed_000/nfe_010,24.937862396240234,-0.2519240081310272
diffusers,hf_stable_diffusion_15,euler,GPDE,10,0,7.5,41,a detailed pencil drawing of an old bicycle leaning against a brick wall,outputs/gpde_diffusers_sd15_nfe10_cfg_seed_sweep/samples/diffusers/stable_diffusion_15/euler/cfg_7.5/GPDE/seed_000/nfe_010/000041.jpg,outputs/gpde_diffusers_sd15_nfe10_cfg_seed_sweep/schedules/GPDE/diffusers/stable_diffusion_15/euler/cfg_7.5/seed_0/nfe_010,outputs/gpde_diffusers_sd15_nfe10_cfg_seed_sweep/samples/diffusers/stable_diffusion_15/euler/cfg_7.5/GPDE/seed_000/nfe_010,29.055326461791992,0.7366195321083069
diffusers,hf_stable_diffusion_15,euler,GPDE,10,0,7.5,42,"a museum diorama of prehistoric sea creatures, dramatic educational lighting",outputs/gpde_diffusers_sd15_nfe10_cfg_seed_sweep/samples/diffusers/stable_diffusion_15/euler/cfg_7.5/GPDE/seed_000/nfe_010/000042.jpg,outputs/gpde_diffusers_sd15_nfe10_cfg_seed_sweep/schedules/GPDE/diffusers/stable_diffusion_15/euler/cfg_7.5/seed_0/nfe_010,outputs/gpde_diffusers_sd15_nfe10_cfg_seed_sweep/samples/diffusers/stable_diffusion_15/euler/cfg_7.5/GPDE/seed_000/nfe_010,31.620878219604492,0.18935354053974152
diffusers,hf_stable_diffusion_15,euler,GPDE,10,0,7.5,43,"a peaceful Japanese garden with koi pond, stone bridge, and maple leaves",outputs/gpde_diffusers_sd15_nfe10_cfg_seed_sweep/samples/diffusers/stable_diffusion_15/euler/cfg_7.5/GPDE/seed_000/nfe_010/000043.jpg,outputs/gpde_diffusers_sd15_nfe10_cfg_seed_sweep/schedules/GPDE/diffusers/stable_diffusion_15/euler/cfg_7.5/seed_0/nfe_010,outputs/gpde_diffusers_sd15_nfe10_cfg_seed_sweep/samples/diffusers/stable_diffusion_15/euler/cfg_7.5/GPDE/seed_000/nfe_010,24.854413986206055,0.14244380593299866
diffusers,hf_stable_diffusion_15,euler,GPDE,10,0,7.5,44,"a close-up food photograph of ramen with soft egg, steam, and ceramic bowl",outputs/gpde_diffusers_sd15_nfe10_cfg_seed_sweep/samples/diffusers/stable_diffusion_15/euler/cfg_7.5/GPDE/seed_000/nfe_010/000044.jpg,outputs/gpde_diffusers_sd15_nfe10_cfg_seed_sweep/schedules/GPDE/diffusers/stable_diffusion_15/euler/cfg_7.5/seed_0/nfe_010,outputs/gpde_diffusers_sd15_nfe10_cfg_seed_sweep/samples/diffusers/stable_diffusion_15/euler/cfg_7.5/GPDE/seed_000/nfe_010,29.733789443969727,0.5190942883491516
diffusers,hf_stable_diffusion_15,euler,GPDE,10,0,7.5,45,a vibrant parade costume covered with mirrors and embroidered flowers,outputs/gpde_diffusers_sd15_nfe10_cfg_seed_sweep/samples/diffusers/stable_diffusion_15/euler/cfg_7.5/GPDE/seed_000/nfe_010/000045.jpg,outputs/gpde_diffusers_sd15_nfe10_cfg_seed_sweep/schedules/GPDE/diffusers/stable_diffusion_15/euler/cfg_7.5/seed_0/nfe_010,outputs/gpde_diffusers_sd15_nfe10_cfg_seed_sweep/samples/diffusers/stable_diffusion_15/euler/cfg_7.5/GPDE/seed_000/nfe_010,27.03915023803711,-1.7994163036346436
diffusers,hf_stable_diffusion_15,euler,GPDE,10,0,7.5,46,a realistic image of a hand-crafted wooden chess set mid game by candlelight,outputs/gpde_diffusers_sd15_nfe10_cfg_seed_sweep/samples/diffusers/stable_diffusion_15/euler/cfg_7.5/GPDE/seed_000/nfe_010/000046.jpg,outputs/gpde_diffusers_sd15_nfe10_cfg_seed_sweep/schedules/GPDE/diffusers/stable_diffusion_15/euler/cfg_7.5/seed_0/nfe_010,outputs/gpde_diffusers_sd15_nfe10_cfg_seed_sweep/samples/diffusers/stable_diffusion_15/euler/cfg_7.5/GPDE/seed_000/nfe_010,25.88075065612793,-0.7344252467155457
diffusers,hf_stable_diffusion_15,euler,GPDE,10,0,7.5,47,a wide angle view of a data center corridor with blue status lights,outputs/gpde_diffusers_sd15_nfe10_cfg_seed_sweep/samples/diffusers/stable_diffusion_15/euler/cfg_7.5/GPDE/seed_000/nfe_010/000047.jpg,outputs/gpde_diffusers_sd15_nfe10_cfg_seed_sweep/schedules/GPDE/diffusers/stable_diffusion_15/euler/cfg_7.5/seed_0/nfe_010,outputs/gpde_diffusers_sd15_nfe10_cfg_seed_sweep/samples/diffusers/stable_diffusion_15/euler/cfg_7.5/GPDE/seed_000/nfe_010,20.457508087158203,1.192326307296753
diffusers,hf_stable_diffusion_15,euler,GPDE,10,0,7.5,48,a magical realism scene of books flying through an old train carriage,outputs/gpde_diffusers_sd15_nfe10_cfg_seed_sweep/samples/diffusers/stable_diffusion_15/euler/cfg_7.5/GPDE/seed_000/nfe_010/000048.jpg,outputs/gpde_diffusers_sd15_nfe10_cfg_seed_sweep/schedules/GPDE/diffusers/stable_diffusion_15/euler/cfg_7.5/seed_0/nfe_010,outputs/gpde_diffusers_sd15_nfe10_cfg_seed_sweep/samples/diffusers/stable_diffusion_15/euler/cfg_7.5/GPDE/seed_000/nfe_010,31.889450073242188,-0.4985133707523346
diffusers,hf_stable_diffusion_15,euler,GPDE,10,0,7.5,49,a studio portrait of a golden retriever wearing aviator goggles and a red scarf,outputs/gpde_diffusers_sd15_nfe10_cfg_seed_sweep/samples/diffusers/stable_diffusion_15/euler/cfg_7.5/GPDE/seed_000/nfe_010/000049.jpg,outputs/gpde_diffusers_sd15_nfe10_cfg_seed_sweep/schedules/GPDE/diffusers/stable_diffusion_15/euler/cfg_7.5/seed_0/nfe_010,outputs/gpde_diffusers_sd15_nfe10_cfg_seed_sweep/samples/diffusers/stable_diffusion_15/euler/cfg_7.5/GPDE/seed_000/nfe_010,33.90744400024414,1.7426633834838867
diffusers,hf_stable_diffusion_15,euler,GPDE,10,1,7.5,0,"a cinematic portrait of an astronaut botanist in a glass greenhouse on Mars, detailed fabric, soft rim light",outputs/gpde_diffusers_sd15_nfe10_cfg_seed_sweep/samples/diffusers/stable_diffusion_15/euler/cfg_7.5/GPDE/seed_001/nfe_010/000000.jpg,outputs/gpde_diffusers_sd15_nfe10_cfg_seed_sweep/schedules/GPDE/diffusers/stable_diffusion_15/euler/cfg_7.5/seed_1/nfe_010,outputs/gpde_diffusers_sd15_nfe10_cfg_seed_sweep/samples/diffusers/stable_diffusion_15/euler/cfg_7.5/GPDE/seed_001/nfe_010,32.25410461425781,-0.9511287212371826
diffusers,hf_stable_diffusion_15,euler,GPDE,10,1,7.5,1,"a small brass robot repairing an antique clock in a sunlit workshop, shallow depth of field",outputs/gpde_diffusers_sd15_nfe10_cfg_seed_sweep/samples/diffusers/stable_diffusion_15/euler/cfg_7.5/GPDE/seed_001/nfe_010/000001.jpg,outputs/gpde_diffusers_sd15_nfe10_cfg_seed_sweep/schedules/GPDE/diffusers/stable_diffusion_15/euler/cfg_7.5/seed_1/nfe_010,outputs/gpde_diffusers_sd15_nfe10_cfg_seed_sweep/samples/diffusers/stable_diffusion_15/euler/cfg_7.5/GPDE/seed_001/nfe_010,30.13066864013672,-1.1555185317993164
diffusers,hf_stable_diffusion_15,euler,GPDE,10,1,7.5,2,"a watercolor city street after rain with neon signs reflected in puddles, evening atmosphere",outputs/gpde_diffusers_sd15_nfe10_cfg_seed_sweep/samples/diffusers/stable_diffusion_15/euler/cfg_7.5/GPDE/seed_001/nfe_010/000002.jpg,outputs/gpde_diffusers_sd15_nfe10_cfg_seed_sweep/schedules/GPDE/diffusers/stable_diffusion_15/euler/cfg_7.5/seed_1/nfe_010,outputs/gpde_diffusers_sd15_nfe10_cfg_seed_sweep/samples/diffusers/stable_diffusion_15/euler/cfg_7.5/GPDE/seed_001/nfe_010,27.13765525817871,0.002542214235290885
diffusers,hf_stable_diffusion_15,euler,GPDE,10,1,7.5,3,a high resolution studio photo of a ceramic teapot shaped like a seashell on a slate table,outputs/gpde_diffusers_sd15_nfe10_cfg_seed_sweep/samples/diffusers/stable_diffusion_15/euler/cfg_7.5/GPDE/seed_001/nfe_010/000003.jpg,outputs/gpde_diffusers_sd15_nfe10_cfg_seed_sweep/schedules/GPDE/diffusers/stable_diffusion_15/euler/cfg_7.5/seed_1/nfe_010,outputs/gpde_diffusers_sd15_nfe10_cfg_seed_sweep/samples/diffusers/stable_diffusion_15/euler/cfg_7.5/GPDE/seed_001/nfe_010,30.703840255737305,0.928161084651947
diffusers,hf_stable_diffusion_15,euler,GPDE,10,1,7.5,4,"a fantasy library carved inside a giant tree, spiral stairs, warm lanterns, intricate shelves",outputs/gpde_diffusers_sd15_nfe10_cfg_seed_sweep/samples/diffusers/stable_diffusion_15/euler/cfg_7.5/GPDE/seed_001/nfe_010/000004.jpg,outputs/gpde_diffusers_sd15_nfe10_cfg_seed_sweep/schedules/GPDE/diffusers/stable_diffusion_15/euler/cfg_7.5/seed_1/nfe_010,outputs/gpde_diffusers_sd15_nfe10_cfg_seed_sweep/samples/diffusers/stable_diffusion_15/euler/cfg_7.5/GPDE/seed_001/nfe_010,30.525365829467773,-0.3357209265232086
diffusers,hf_stable_diffusion_15,euler,GPDE,10,1,7.5,5,"a macro photograph of a snowflake resting on dark wool, crisp crystalline detail",outputs/gpde_diffusers_sd15_nfe10_cfg_seed_sweep/samples/diffusers/stable_diffusion_15/euler/cfg_7.5/GPDE/seed_001/nfe_010/000005.jpg,outputs/gpde_diffusers_sd15_nfe10_cfg_seed_sweep/schedules/GPDE/diffusers/stable_diffusion_15/euler/cfg_7.5/seed_1/nfe_010,outputs/gpde_diffusers_sd15_nfe10_cfg_seed_sweep/samples/diffusers/stable_diffusion_15/euler/cfg_7.5/GPDE/seed_001/nfe_010,27.697389602661133,0.3424901068210602
diffusers,hf_stable_diffusion_15,euler,GPDE,10,1,7.5,6,"a retro futuristic train crossing a desert at sunset, chrome surfaces, long shadows",outputs/gpde_diffusers_sd15_nfe10_cfg_seed_sweep/samples/diffusers/stable_diffusion_15/euler/cfg_7.5/GPDE/seed_001/nfe_010/000006.jpg,outputs/gpde_diffusers_sd15_nfe10_cfg_seed_sweep/schedules/GPDE/diffusers/stable_diffusion_15/euler/cfg_7.5/seed_1/nfe_010,outputs/gpde_diffusers_sd15_nfe10_cfg_seed_sweep/samples/diffusers/stable_diffusion_15/euler/cfg_7.5/GPDE/seed_001/nfe_010,30.610210418701172,1.0165355205535889
diffusers,hf_stable_diffusion_15,euler,GPDE,10,1,7.5,7,"a chef plating a colorful molecular gastronomy dessert, clean restaurant lighting",outputs/gpde_diffusers_sd15_nfe10_cfg_seed_sweep/samples/diffusers/stable_diffusion_15/euler/cfg_7.5/GPDE/seed_001/nfe_010/000007.jpg,outputs/gpde_diffusers_sd15_nfe10_cfg_seed_sweep/schedules/GPDE/diffusers/stable_diffusion_15/euler/cfg_7.5/seed_1/nfe_010,outputs/gpde_diffusers_sd15_nfe10_cfg_seed_sweep/samples/diffusers/stable_diffusion_15/euler/cfg_7.5/GPDE/seed_001/nfe_010,33.35477066040039,0.4038185179233551
diffusers,hf_stable_diffusion_15,euler,GPDE,10,1,7.5,8,"an isometric cozy bedroom with plants, books, a desk lamp, and a rainy window",outputs/gpde_diffusers_sd15_nfe10_cfg_seed_sweep/samples/diffusers/stable_diffusion_15/euler/cfg_7.5/GPDE/seed_001/nfe_010/000008.jpg,outputs/gpde_diffusers_sd15_nfe10_cfg_seed_sweep/schedules/GPDE/diffusers/stable_diffusion_15/euler/cfg_7.5/seed_1/nfe_010,outputs/gpde_diffusers_sd15_nfe10_cfg_seed_sweep/samples/diffusers/stable_diffusion_15/euler/cfg_7.5/GPDE/seed_001/nfe_010,29.25296401977539,-0.5118316411972046
diffusers,hf_stable_diffusion_15,euler,GPDE,10,1,7.5,9,"a dramatic mountain monastery above clouds, sunrise, detailed stone architecture",outputs/gpde_diffusers_sd15_nfe10_cfg_seed_sweep/samples/diffusers/stable_diffusion_15/euler/cfg_7.5/GPDE/seed_001/nfe_010/000009.jpg,outputs/gpde_diffusers_sd15_nfe10_cfg_seed_sweep/schedules/GPDE/diffusers/stable_diffusion_15/euler/cfg_7.5/seed_1/nfe_010,outputs/gpde_diffusers_sd15_nfe10_cfg_seed_sweep/samples/diffusers/stable_diffusion_15/euler/cfg_7.5/GPDE/seed_001/nfe_010,34.13166809082031,1.2983137369155884
diffusers,hf_stable_diffusion_15,euler,GPDE,10,1,7.5,10,a fashion editorial photo of a model wearing a translucent raincoat in Tokyo at night,outputs/gpde_diffusers_sd15_nfe10_cfg_seed_sweep/samples/diffusers/stable_diffusion_15/euler/cfg_7.5/GPDE/seed_001/nfe_010/000010.jpg,outputs/gpde_diffusers_sd15_nfe10_cfg_seed_sweep/schedules/GPDE/diffusers/stable_diffusion_15/euler/cfg_7.5/seed_1/nfe_010,outputs/gpde_diffusers_sd15_nfe10_cfg_seed_sweep/samples/diffusers/stable_diffusion_15/euler/cfg_7.5/GPDE/seed_001/nfe_010,38.200828552246094,1.9568147659301758
diffusers,hf_stable_diffusion_15,euler,GPDE,10,1,7.5,11,a realistic red fox statue made of folded paper on a white museum pedestal,outputs/gpde_diffusers_sd15_nfe10_cfg_seed_sweep/samples/diffusers/stable_diffusion_15/euler/cfg_7.5/GPDE/seed_001/nfe_010/000011.jpg,outputs/gpde_diffusers_sd15_nfe10_cfg_seed_sweep/schedules/GPDE/diffusers/stable_diffusion_15/euler/cfg_7.5/seed_1/nfe_010,outputs/gpde_diffusers_sd15_nfe10_cfg_seed_sweep/samples/diffusers/stable_diffusion_15/euler/cfg_7.5/GPDE/seed_001/nfe_010,34.20478820800781,1.6065473556518555
diffusers,hf_stable_diffusion_15,euler,GPDE,10,1,7.5,12,a detailed cutaway illustration of a tiny submarine exploring a coral reef,outputs/gpde_diffusers_sd15_nfe10_cfg_seed_sweep/samples/diffusers/stable_diffusion_15/euler/cfg_7.5/GPDE/seed_001/nfe_010/000012.jpg,outputs/gpde_diffusers_sd15_nfe10_cfg_seed_sweep/schedules/GPDE/diffusers/stable_diffusion_15/euler/cfg_7.5/seed_1/nfe_010,outputs/gpde_diffusers_sd15_nfe10_cfg_seed_sweep/samples/diffusers/stable_diffusion_15/euler/cfg_7.5/GPDE/seed_001/nfe_010,35.62494659423828,0.880082368850708
diffusers,hf_stable_diffusion_15,euler,GPDE,10,1,7.5,13,a product photo of wireless headphones on brushed aluminum with blue accent lighting,outputs/gpde_diffusers_sd15_nfe10_cfg_seed_sweep/samples/diffusers/stable_diffusion_15/euler/cfg_7.5/GPDE/seed_001/nfe_010/000013.jpg,outputs/gpde_diffusers_sd15_nfe10_cfg_seed_sweep/schedules/GPDE/diffusers/stable_diffusion_15/euler/cfg_7.5/seed_1/nfe_010,outputs/gpde_diffusers_sd15_nfe10_cfg_seed_sweep/samples/diffusers/stable_diffusion_15/euler/cfg_7.5/GPDE/seed_001/nfe_010,29.812204360961914,-0.49809300899505615
diffusers,hf_stable_diffusion_15,euler,GPDE,10,1,7.5,14,"a medieval market square during a festival, banners, musicians, detailed crowd",outputs/gpde_diffusers_sd15_nfe10_cfg_seed_sweep/samples/diffusers/stable_diffusion_15/euler/cfg_7.5/GPDE/seed_001/nfe_010/000014.jpg,outputs/gpde_diffusers_sd15_nfe10_cfg_seed_sweep/schedules/GPDE/diffusers/stable_diffusion_15/euler/cfg_7.5/seed_1/nfe_010,outputs/gpde_diffusers_sd15_nfe10_cfg_seed_sweep/samples/diffusers/stable_diffusion_15/euler/cfg_7.5/GPDE/seed_001/nfe_010,29.839736938476562,-0.0868908166885376
diffusers,hf_stable_diffusion_15,euler,GPDE,10,1,7.5,15,an oil painting of a violinist performing in an empty subway station,outputs/gpde_diffusers_sd15_nfe10_cfg_seed_sweep/samples/diffusers/stable_diffusion_15/euler/cfg_7.5/GPDE/seed_001/nfe_010/000015.jpg,outputs/gpde_diffusers_sd15_nfe10_cfg_seed_sweep/schedules/GPDE/diffusers/stable_diffusion_15/euler/cfg_7.5/seed_1/nfe_010,outputs/gpde_diffusers_sd15_nfe10_cfg_seed_sweep/samples/diffusers/stable_diffusion_15/euler/cfg_7.5/GPDE/seed_001/nfe_010,33.94097137451172,0.8511912822723389
diffusers,hf_stable_diffusion_15,euler,GPDE,10,1,7.5,16,"a close-up portrait of an elderly sailor, weathered skin, navy coat, overcast harbor",outputs/gpde_diffusers_sd15_nfe10_cfg_seed_sweep/samples/diffusers/stable_diffusion_15/euler/cfg_7.5/GPDE/seed_001/nfe_010/000016.jpg,outputs/gpde_diffusers_sd15_nfe10_cfg_seed_sweep/schedules/GPDE/diffusers/stable_diffusion_15/euler/cfg_7.5/seed_1/nfe_010,outputs/gpde_diffusers_sd15_nfe10_cfg_seed_sweep/samples/diffusers/stable_diffusion_15/euler/cfg_7.5/GPDE/seed_001/nfe_010,28.75931167602539,0.832162082195282
diffusers,hf_stable_diffusion_15,euler,GPDE,10,1,7.5,17,a clean architectural rendering of a modern cabin beside a frozen lake,outputs/gpde_diffusers_sd15_nfe10_cfg_seed_sweep/samples/diffusers/stable_diffusion_15/euler/cfg_7.5/GPDE/seed_001/nfe_010/000017.jpg,outputs/gpde_diffusers_sd15_nfe10_cfg_seed_sweep/schedules/GPDE/diffusers/stable_diffusion_15/euler/cfg_7.5/seed_1/nfe_010,outputs/gpde_diffusers_sd15_nfe10_cfg_seed_sweep/samples/diffusers/stable_diffusion_15/euler/cfg_7.5/GPDE/seed_001/nfe_010,34.05416488647461,0.927204966545105
diffusers,hf_stable_diffusion_15,euler,GPDE,10,1,7.5,18,a surreal desert filled with floating glass spheres and distant black mountains,outputs/gpde_diffusers_sd15_nfe10_cfg_seed_sweep/samples/diffusers/stable_diffusion_15/euler/cfg_7.5/GPDE/seed_001/nfe_010/000018.jpg,outputs/gpde_diffusers_sd15_nfe10_cfg_seed_sweep/schedules/GPDE/diffusers/stable_diffusion_15/euler/cfg_7.5/seed_1/nfe_010,outputs/gpde_diffusers_sd15_nfe10_cfg_seed_sweep/samples/diffusers/stable_diffusion_15/euler/cfg_7.5/GPDE/seed_001/nfe_010,30.563568115234375,0.4745834469795227
diffusers,hf_stable_diffusion_15,euler,GPDE,10,1,7.5,19,a documentary photo of a scientist collecting ice cores in Antarctica,outputs/gpde_diffusers_sd15_nfe10_cfg_seed_sweep/samples/diffusers/stable_diffusion_15/euler/cfg_7.5/GPDE/seed_001/nfe_010/000019.jpg,outputs/gpde_diffusers_sd15_nfe10_cfg_seed_sweep/schedules/GPDE/diffusers/stable_diffusion_15/euler/cfg_7.5/seed_1/nfe_010,outputs/gpde_diffusers_sd15_nfe10_cfg_seed_sweep/samples/diffusers/stable_diffusion_15/euler/cfg_7.5/GPDE/seed_001/nfe_010,30.192279815673828,0.11790191382169724
diffusers,hf_stable_diffusion_15,euler,GPDE,10,1,7.5,20,a detailed 3D render of a mechanical hummingbird with copper wings,outputs/gpde_diffusers_sd15_nfe10_cfg_seed_sweep/samples/diffusers/stable_diffusion_15/euler/cfg_7.5/GPDE/seed_001/nfe_010/000020.jpg,outputs/gpde_diffusers_sd15_nfe10_cfg_seed_sweep/schedules/GPDE/diffusers/stable_diffusion_15/euler/cfg_7.5/seed_1/nfe_010,outputs/gpde_diffusers_sd15_nfe10_cfg_seed_sweep/samples/diffusers/stable_diffusion_15/euler/cfg_7.5/GPDE/seed_001/nfe_010,35.08890151977539,0.8339740037918091
diffusers,hf_stable_diffusion_15,euler,GPDE,10,1,7.5,21,"a cozy cafe interior in autumn, pastries, espresso machine, soft morning light",outputs/gpde_diffusers_sd15_nfe10_cfg_seed_sweep/samples/diffusers/stable_diffusion_15/euler/cfg_7.5/GPDE/seed_001/nfe_010/000021.jpg,outputs/gpde_diffusers_sd15_nfe10_cfg_seed_sweep/schedules/GPDE/diffusers/stable_diffusion_15/euler/cfg_7.5/seed_1/nfe_010,outputs/gpde_diffusers_sd15_nfe10_cfg_seed_sweep/samples/diffusers/stable_diffusion_15/euler/cfg_7.5/GPDE/seed_001/nfe_010,28.5947265625,-0.786911129951477
diffusers,hf_stable_diffusion_15,euler,GPDE,10,1,7.5,22,"a panoramic view of terraced rice fields under mist, workers in colorful clothing",outputs/gpde_diffusers_sd15_nfe10_cfg_seed_sweep/samples/diffusers/stable_diffusion_15/euler/cfg_7.5/GPDE/seed_001/nfe_010/000022.jpg,outputs/gpde_diffusers_sd15_nfe10_cfg_seed_sweep/schedules/GPDE/diffusers/stable_diffusion_15/euler/cfg_7.5/seed_1/nfe_010,outputs/gpde_diffusers_sd15_nfe10_cfg_seed_sweep/samples/diffusers/stable_diffusion_15/euler/cfg_7.5/GPDE/seed_001/nfe_010,26.966434478759766,-1.3825721740722656
diffusers,hf_stable_diffusion_15,euler,GPDE,10,1,7.5,23,a children's book illustration of a moonlit boat parade on a quiet canal,outputs/gpde_diffusers_sd15_nfe10_cfg_seed_sweep/samples/diffusers/stable_diffusion_15/euler/cfg_7.5/GPDE/seed_001/nfe_010/000023.jpg,outputs/gpde_diffusers_sd15_nfe10_cfg_seed_sweep/schedules/GPDE/diffusers/stable_diffusion_15/euler/cfg_7.5/seed_1/nfe_010,outputs/gpde_diffusers_sd15_nfe10_cfg_seed_sweep/samples/diffusers/stable_diffusion_15/euler/cfg_7.5/GPDE/seed_001/nfe_010,30.76853370666504,-0.49436891078948975
diffusers,hf_stable_diffusion_15,euler,GPDE,10,1,7.5,24,"a realistic sports car parked in a concrete tunnel, reflections, low angle",outputs/gpde_diffusers_sd15_nfe10_cfg_seed_sweep/samples/diffusers/stable_diffusion_15/euler/cfg_7.5/GPDE/seed_001/nfe_010/000024.jpg,outputs/gpde_diffusers_sd15_nfe10_cfg_seed_sweep/schedules/GPDE/diffusers/stable_diffusion_15/euler/cfg_7.5/seed_1/nfe_010,outputs/gpde_diffusers_sd15_nfe10_cfg_seed_sweep/samples/diffusers/stable_diffusion_15/euler/cfg_7.5/GPDE/seed_001/nfe_010,26.974851608276367,1.2355061769485474
diffusers,hf_stable_diffusion_15,euler,GPDE,10,1,7.5,25,"a botanical diagram of rare orchids with labeled roots and petals, archival paper",outputs/gpde_diffusers_sd15_nfe10_cfg_seed_sweep/samples/diffusers/stable_diffusion_15/euler/cfg_7.5/GPDE/seed_001/nfe_010/000025.jpg,outputs/gpde_diffusers_sd15_nfe10_cfg_seed_sweep/schedules/GPDE/diffusers/stable_diffusion_15/euler/cfg_7.5/seed_1/nfe_010,outputs/gpde_diffusers_sd15_nfe10_cfg_seed_sweep/samples/diffusers/stable_diffusion_15/euler/cfg_7.5/GPDE/seed_001/nfe_010,25.488365173339844,-0.26245394349098206
diffusers,hf_stable_diffusion_15,euler,GPDE,10,1,7.5,26,"a cyberpunk street food stall with steam, lanterns, and dense urban signage",outputs/gpde_diffusers_sd15_nfe10_cfg_seed_sweep/samples/diffusers/stable_diffusion_15/euler/cfg_7.5/GPDE/seed_001/nfe_010/000026.jpg,outputs/gpde_diffusers_sd15_nfe10_cfg_seed_sweep/schedules/GPDE/diffusers/stable_diffusion_15/euler/cfg_7.5/seed_1/nfe_010,outputs/gpde_diffusers_sd15_nfe10_cfg_seed_sweep/samples/diffusers/stable_diffusion_15/euler/cfg_7.5/GPDE/seed_001/nfe_010,29.094684600830078,1.41928231716156
diffusers,hf_stable_diffusion_15,euler,GPDE,10,1,7.5,27,"a still life of glass fruit bowls, linen cloth, and silver cutlery, natural light",outputs/gpde_diffusers_sd15_nfe10_cfg_seed_sweep/samples/diffusers/stable_diffusion_15/euler/cfg_7.5/GPDE/seed_001/nfe_010/000027.jpg,outputs/gpde_diffusers_sd15_nfe10_cfg_seed_sweep/schedules/GPDE/diffusers/stable_diffusion_15/euler/cfg_7.5/seed_1/nfe_010,outputs/gpde_diffusers_sd15_nfe10_cfg_seed_sweep/samples/diffusers/stable_diffusion_15/euler/cfg_7.5/GPDE/seed_001/nfe_010,32.2786750793457,-0.705497145652771
diffusers,hf_stable_diffusion_15,euler,GPDE,10,1,7.5,28,a heroic statue covered in vines in an abandoned futuristic plaza,outputs/gpde_diffusers_sd15_nfe10_cfg_seed_sweep/samples/diffusers/stable_diffusion_15/euler/cfg_7.5/GPDE/seed_001/nfe_010/000028.jpg,outputs/gpde_diffusers_sd15_nfe10_cfg_seed_sweep/schedules/GPDE/diffusers/stable_diffusion_15/euler/cfg_7.5/seed_1/nfe_010,outputs/gpde_diffusers_sd15_nfe10_cfg_seed_sweep/samples/diffusers/stable_diffusion_15/euler/cfg_7.5/GPDE/seed_001/nfe_010,25.215864181518555,-1.6103767156600952
diffusers,hf_stable_diffusion_15,euler,GPDE,10,1,7.5,29,a black and white film photograph of dancers rehearsing in a mirror-lined studio,outputs/gpde_diffusers_sd15_nfe10_cfg_seed_sweep/samples/diffusers/stable_diffusion_15/euler/cfg_7.5/GPDE/seed_001/nfe_010/000029.jpg,outputs/gpde_diffusers_sd15_nfe10_cfg_seed_sweep/schedules/GPDE/diffusers/stable_diffusion_15/euler/cfg_7.5/seed_1/nfe_010,outputs/gpde_diffusers_sd15_nfe10_cfg_seed_sweep/samples/diffusers/stable_diffusion_15/euler/cfg_7.5/GPDE/seed_001/nfe_010,27.78635025024414,0.958045244216919
diffusers,hf_stable_diffusion_15,euler,GPDE,10,1,7.5,30,"a detailed scene of a spacecraft cockpit during reentry, glowing controls, tense mood",outputs/gpde_diffusers_sd15_nfe10_cfg_seed_sweep/samples/diffusers/stable_diffusion_15/euler/cfg_7.5/GPDE/seed_001/nfe_010/000030.jpg,outputs/gpde_diffusers_sd15_nfe10_cfg_seed_sweep/schedules/GPDE/diffusers/stable_diffusion_15/euler/cfg_7.5/seed_1/nfe_010,outputs/gpde_diffusers_sd15_nfe10_cfg_seed_sweep/samples/diffusers/stable_diffusion_15/euler/cfg_7.5/GPDE/seed_001/nfe_010,23.83776092529297,-1.943033218383789
diffusers,hf_stable_diffusion_15,euler,GPDE,10,1,7.5,31,a claymation style village bakery with tiny loaves and painted signs,outputs/gpde_diffusers_sd15_nfe10_cfg_seed_sweep/samples/diffusers/stable_diffusion_15/euler/cfg_7.5/GPDE/seed_001/nfe_010/000031.jpg,outputs/gpde_diffusers_sd15_nfe10_cfg_seed_sweep/schedules/GPDE/diffusers/stable_diffusion_15/euler/cfg_7.5/seed_1/nfe_010,outputs/gpde_diffusers_sd15_nfe10_cfg_seed_sweep/samples/diffusers/stable_diffusion_15/euler/cfg_7.5/GPDE/seed_001/nfe_010,28.927017211914062,-0.45102864503860474
diffusers,hf_stable_diffusion_15,euler,GPDE,10,1,7.5,32,a realistic underwater photograph of a diver inspecting an ancient marble column,outputs/gpde_diffusers_sd15_nfe10_cfg_seed_sweep/samples/diffusers/stable_diffusion_15/euler/cfg_7.5/GPDE/seed_001/nfe_010/000032.jpg,outputs/gpde_diffusers_sd15_nfe10_cfg_seed_sweep/schedules/GPDE/diffusers/stable_diffusion_15/euler/cfg_7.5/seed_1/nfe_010,outputs/gpde_diffusers_sd15_nfe10_cfg_seed_sweep/samples/diffusers/stable_diffusion_15/euler/cfg_7.5/GPDE/seed_001/nfe_010,32.091461181640625,0.4317101538181305
diffusers,hf_stable_diffusion_15,euler,GPDE,10,1,7.5,33,"a minimalist poster of a jazz quartet in deep red, cream, and black",outputs/gpde_diffusers_sd15_nfe10_cfg_seed_sweep/samples/diffusers/stable_diffusion_15/euler/cfg_7.5/GPDE/seed_001/nfe_010/000033.jpg,outputs/gpde_diffusers_sd15_nfe10_cfg_seed_sweep/schedules/GPDE/diffusers/stable_diffusion_15/euler/cfg_7.5/seed_1/nfe_010,outputs/gpde_diffusers_sd15_nfe10_cfg_seed_sweep/samples/diffusers/stable_diffusion_15/euler/cfg_7.5/GPDE/seed_001/nfe_010,27.834692001342773,-1.9001200199127197
diffusers,hf_stable_diffusion_15,euler,GPDE,10,1,7.5,34,a high detail portrait of a queen wearing armor made of mother of pearl,outputs/gpde_diffusers_sd15_nfe10_cfg_seed_sweep/samples/diffusers/stable_diffusion_15/euler/cfg_7.5/GPDE/seed_001/nfe_010/000034.jpg,outputs/gpde_diffusers_sd15_nfe10_cfg_seed_sweep/schedules/GPDE/diffusers/stable_diffusion_15/euler/cfg_7.5/seed_1/nfe_010,outputs/gpde_diffusers_sd15_nfe10_cfg_seed_sweep/samples/diffusers/stable_diffusion_15/euler/cfg_7.5/GPDE/seed_001/nfe_010,31.191974639892578,0.00842595100402832
diffusers,hf_stable_diffusion_15,euler,GPDE,10,1,7.5,35,"a top-down board game map of an island with forests, cliffs, and hidden ruins",outputs/gpde_diffusers_sd15_nfe10_cfg_seed_sweep/samples/diffusers/stable_diffusion_15/euler/cfg_7.5/GPDE/seed_001/nfe_010/000035.jpg,outputs/gpde_diffusers_sd15_nfe10_cfg_seed_sweep/schedules/GPDE/diffusers/stable_diffusion_15/euler/cfg_7.5/seed_1/nfe_010,outputs/gpde_diffusers_sd15_nfe10_cfg_seed_sweep/samples/diffusers/stable_diffusion_15/euler/cfg_7.5/GPDE/seed_001/nfe_010,26.371723175048828,-1.4286783933639526
diffusers,hf_stable_diffusion_15,euler,GPDE,10,1,7.5,36,"a luxury watch exploded view on a dark background, precise gears and screws",outputs/gpde_diffusers_sd15_nfe10_cfg_seed_sweep/samples/diffusers/stable_diffusion_15/euler/cfg_7.5/GPDE/seed_001/nfe_010/000036.jpg,outputs/gpde_diffusers_sd15_nfe10_cfg_seed_sweep/schedules/GPDE/diffusers/stable_diffusion_15/euler/cfg_7.5/seed_1/nfe_010,outputs/gpde_diffusers_sd15_nfe10_cfg_seed_sweep/samples/diffusers/stable_diffusion_15/euler/cfg_7.5/GPDE/seed_001/nfe_010,26.53533172607422,-0.1270986944437027
diffusers,hf_stable_diffusion_15,euler,GPDE,10,1,7.5,37,"a sunlit greenhouse filled with tomatoes, watering cans, and terracotta pots",outputs/gpde_diffusers_sd15_nfe10_cfg_seed_sweep/samples/diffusers/stable_diffusion_15/euler/cfg_7.5/GPDE/seed_001/nfe_010/000037.jpg,outputs/gpde_diffusers_sd15_nfe10_cfg_seed_sweep/schedules/GPDE/diffusers/stable_diffusion_15/euler/cfg_7.5/seed_1/nfe_010,outputs/gpde_diffusers_sd15_nfe10_cfg_seed_sweep/samples/diffusers/stable_diffusion_15/euler/cfg_7.5/GPDE/seed_001/nfe_010,25.378286361694336,-0.2794799506664276
diffusers,hf_stable_diffusion_15,euler,GPDE,10,1,7.5,38,a night landscape of fireflies over a meadow beside a quiet river,outputs/gpde_diffusers_sd15_nfe10_cfg_seed_sweep/samples/diffusers/stable_diffusion_15/euler/cfg_7.5/GPDE/seed_001/nfe_010/000038.jpg,outputs/gpde_diffusers_sd15_nfe10_cfg_seed_sweep/schedules/GPDE/diffusers/stable_diffusion_15/euler/cfg_7.5/seed_1/nfe_010,outputs/gpde_diffusers_sd15_nfe10_cfg_seed_sweep/samples/diffusers/stable_diffusion_15/euler/cfg_7.5/GPDE/seed_001/nfe_010,28.385744094848633,0.14209598302841187
diffusers,hf_stable_diffusion_15,euler,GPDE,10,1,7.5,39,a realistic photo of a rescue helicopter landing on a snowy mountain ridge,outputs/gpde_diffusers_sd15_nfe10_cfg_seed_sweep/samples/diffusers/stable_diffusion_15/euler/cfg_7.5/GPDE/seed_001/nfe_010/000039.jpg,outputs/gpde_diffusers_sd15_nfe10_cfg_seed_sweep/schedules/GPDE/diffusers/stable_diffusion_15/euler/cfg_7.5/seed_1/nfe_010,outputs/gpde_diffusers_sd15_nfe10_cfg_seed_sweep/samples/diffusers/stable_diffusion_15/euler/cfg_7.5/GPDE/seed_001/nfe_010,30.56139373779297,0.9176394939422607
diffusers,hf_stable_diffusion_15,euler,GPDE,10,1,7.5,40,a concept art scene of a floating research station above Jupiter's clouds,outputs/gpde_diffusers_sd15_nfe10_cfg_seed_sweep/samples/diffusers/stable_diffusion_15/euler/cfg_7.5/GPDE/seed_001/nfe_010/000040.jpg,outputs/gpde_diffusers_sd15_nfe10_cfg_seed_sweep/schedules/GPDE/diffusers/stable_diffusion_15/euler/cfg_7.5/seed_1/nfe_010,outputs/gpde_diffusers_sd15_nfe10_cfg_seed_sweep/samples/diffusers/stable_diffusion_15/euler/cfg_7.5/GPDE/seed_001/nfe_010,27.062564849853516,-0.16119568049907684
diffusers,hf_stable_diffusion_15,euler,GPDE,10,1,7.5,41,a detailed pencil drawing of an old bicycle leaning against a brick wall,outputs/gpde_diffusers_sd15_nfe10_cfg_seed_sweep/samples/diffusers/stable_diffusion_15/euler/cfg_7.5/GPDE/seed_001/nfe_010/000041.jpg,outputs/gpde_diffusers_sd15_nfe10_cfg_seed_sweep/schedules/GPDE/diffusers/stable_diffusion_15/euler/cfg_7.5/seed_1/nfe_010,outputs/gpde_diffusers_sd15_nfe10_cfg_seed_sweep/samples/diffusers/stable_diffusion_15/euler/cfg_7.5/GPDE/seed_001/nfe_010,34.03364562988281,1.1068493127822876
diffusers,hf_stable_diffusion_15,euler,GPDE,10,1,7.5,42,"a museum diorama of prehistoric sea creatures, dramatic educational lighting",outputs/gpde_diffusers_sd15_nfe10_cfg_seed_sweep/samples/diffusers/stable_diffusion_15/euler/cfg_7.5/GPDE/seed_001/nfe_010/000042.jpg,outputs/gpde_diffusers_sd15_nfe10_cfg_seed_sweep/schedules/GPDE/diffusers/stable_diffusion_15/euler/cfg_7.5/seed_1/nfe_010,outputs/gpde_diffusers_sd15_nfe10_cfg_seed_sweep/samples/diffusers/stable_diffusion_15/euler/cfg_7.5/GPDE/seed_001/nfe_010,31.803285598754883,0.37682414054870605
diffusers,hf_stable_diffusion_15,euler,GPDE,10,1,7.5,43,"a peaceful Japanese garden with koi pond, stone bridge, and maple leaves",outputs/gpde_diffusers_sd15_nfe10_cfg_seed_sweep/samples/diffusers/stable_diffusion_15/euler/cfg_7.5/GPDE/seed_001/nfe_010/000043.jpg,outputs/gpde_diffusers_sd15_nfe10_cfg_seed_sweep/schedules/GPDE/diffusers/stable_diffusion_15/euler/cfg_7.5/seed_1/nfe_010,outputs/gpde_diffusers_sd15_nfe10_cfg_seed_sweep/samples/diffusers/stable_diffusion_15/euler/cfg_7.5/GPDE/seed_001/nfe_010,24.301616668701172,-0.5068893432617188
diffusers,hf_stable_diffusion_15,euler,GPDE,10,1,7.5,44,"a close-up food photograph of ramen with soft egg, steam, and ceramic bowl",outputs/gpde_diffusers_sd15_nfe10_cfg_seed_sweep/samples/diffusers/stable_diffusion_15/euler/cfg_7.5/GPDE/seed_001/nfe_010/000044.jpg,outputs/gpde_diffusers_sd15_nfe10_cfg_seed_sweep/schedules/GPDE/diffusers/stable_diffusion_15/euler/cfg_7.5/seed_1/nfe_010,outputs/gpde_diffusers_sd15_nfe10_cfg_seed_sweep/samples/diffusers/stable_diffusion_15/euler/cfg_7.5/GPDE/seed_001/nfe_010,31.34569549560547,0.4192327857017517
diffusers,hf_stable_diffusion_15,euler,GPDE,10,1,7.5,45,a vibrant parade costume covered with mirrors and embroidered flowers,outputs/gpde_diffusers_sd15_nfe10_cfg_seed_sweep/samples/diffusers/stable_diffusion_15/euler/cfg_7.5/GPDE/seed_001/nfe_010/000045.jpg,outputs/gpde_diffusers_sd15_nfe10_cfg_seed_sweep/schedules/GPDE/diffusers/stable_diffusion_15/euler/cfg_7.5/seed_1/nfe_010,outputs/gpde_diffusers_sd15_nfe10_cfg_seed_sweep/samples/diffusers/stable_diffusion_15/euler/cfg_7.5/GPDE/seed_001/nfe_010,31.22932243347168,-0.20554687082767487
diffusers,hf_stable_diffusion_15,euler,GPDE,10,1,7.5,46,a realistic image of a hand-crafted wooden chess set mid game by candlelight,outputs/gpde_diffusers_sd15_nfe10_cfg_seed_sweep/samples/diffusers/stable_diffusion_15/euler/cfg_7.5/GPDE/seed_001/nfe_010/000046.jpg,outputs/gpde_diffusers_sd15_nfe10_cfg_seed_sweep/schedules/GPDE/diffusers/stable_diffusion_15/euler/cfg_7.5/seed_1/nfe_010,outputs/gpde_diffusers_sd15_nfe10_cfg_seed_sweep/samples/diffusers/stable_diffusion_15/euler/cfg_7.5/GPDE/seed_001/nfe_010,24.380374908447266,-1.4766615629196167
diffusers,hf_stable_diffusion_15,euler,GPDE,10,1,7.5,47,a wide angle view of a data center corridor with blue status lights,outputs/gpde_diffusers_sd15_nfe10_cfg_seed_sweep/samples/diffusers/stable_diffusion_15/euler/cfg_7.5/GPDE/seed_001/nfe_010/000047.jpg,outputs/gpde_diffusers_sd15_nfe10_cfg_seed_sweep/schedules/GPDE/diffusers/stable_diffusion_15/euler/cfg_7.5/seed_1/nfe_010,outputs/gpde_diffusers_sd15_nfe10_cfg_seed_sweep/samples/diffusers/stable_diffusion_15/euler/cfg_7.5/GPDE/seed_001/nfe_010,20.163494110107422,1.5852853059768677
diffusers,hf_stable_diffusion_15,euler,GPDE,10,1,7.5,48,a magical realism scene of books flying through an old train carriage,outputs/gpde_diffusers_sd15_nfe10_cfg_seed_sweep/samples/diffusers/stable_diffusion_15/euler/cfg_7.5/GPDE/seed_001/nfe_010/000048.jpg,outputs/gpde_diffusers_sd15_nfe10_cfg_seed_sweep/schedules/GPDE/diffusers/stable_diffusion_15/euler/cfg_7.5/seed_1/nfe_010,outputs/gpde_diffusers_sd15_nfe10_cfg_seed_sweep/samples/diffusers/stable_diffusion_15/euler/cfg_7.5/GPDE/seed_001/nfe_010,27.667301177978516,-1.424290657043457
diffusers,hf_stable_diffusion_15,euler,GPDE,10,1,7.5,49,a studio portrait of a golden retriever wearing aviator goggles and a red scarf,outputs/gpde_diffusers_sd15_nfe10_cfg_seed_sweep/samples/diffusers/stable_diffusion_15/euler/cfg_7.5/GPDE/seed_001/nfe_010/000049.jpg,outputs/gpde_diffusers_sd15_nfe10_cfg_seed_sweep/schedules/GPDE/diffusers/stable_diffusion_15/euler/cfg_7.5/seed_1/nfe_010,outputs/gpde_diffusers_sd15_nfe10_cfg_seed_sweep/samples/diffusers/stable_diffusion_15/euler/cfg_7.5/GPDE/seed_001/nfe_010,30.75311279296875,-0.08538947254419327
diffusers,hf_stable_diffusion_15,euler,GPDE,10,2,7.5,0,"a cinematic portrait of an astronaut botanist in a glass greenhouse on Mars, detailed fabric, soft rim light",outputs/gpde_diffusers_sd15_nfe10_cfg_seed_sweep/samples/diffusers/stable_diffusion_15/euler/cfg_7.5/GPDE/seed_002/nfe_010/000000.jpg,outputs/gpde_diffusers_sd15_nfe10_cfg_seed_sweep/schedules/GPDE/diffusers/stable_diffusion_15/euler/cfg_7.5/seed_2/nfe_010,outputs/gpde_diffusers_sd15_nfe10_cfg_seed_sweep/samples/diffusers/stable_diffusion_15/euler/cfg_7.5/GPDE/seed_002/nfe_010,25.906944274902344,-1.9306020736694336
diffusers,hf_stable_diffusion_15,euler,GPDE,10,2,7.5,1,"a small brass robot repairing an antique clock in a sunlit workshop, shallow depth of field",outputs/gpde_diffusers_sd15_nfe10_cfg_seed_sweep/samples/diffusers/stable_diffusion_15/euler/cfg_7.5/GPDE/seed_002/nfe_010/000001.jpg,outputs/gpde_diffusers_sd15_nfe10_cfg_seed_sweep/schedules/GPDE/diffusers/stable_diffusion_15/euler/cfg_7.5/seed_2/nfe_010,outputs/gpde_diffusers_sd15_nfe10_cfg_seed_sweep/samples/diffusers/stable_diffusion_15/euler/cfg_7.5/GPDE/seed_002/nfe_010,31.674293518066406,-1.7092231512069702
diffusers,hf_stable_diffusion_15,euler,GPDE,10,2,7.5,2,"a watercolor city street after rain with neon signs reflected in puddles, evening atmosphere",outputs/gpde_diffusers_sd15_nfe10_cfg_seed_sweep/samples/diffusers/stable_diffusion_15/euler/cfg_7.5/GPDE/seed_002/nfe_010/000002.jpg,outputs/gpde_diffusers_sd15_nfe10_cfg_seed_sweep/schedules/GPDE/diffusers/stable_diffusion_15/euler/cfg_7.5/seed_2/nfe_010,outputs/gpde_diffusers_sd15_nfe10_cfg_seed_sweep/samples/diffusers/stable_diffusion_15/euler/cfg_7.5/GPDE/seed_002/nfe_010,27.132585525512695,0.4673160910606384
diffusers,hf_stable_diffusion_15,euler,GPDE,10,2,7.5,3,a high resolution studio photo of a ceramic teapot shaped like a seashell on a slate table,outputs/gpde_diffusers_sd15_nfe10_cfg_seed_sweep/samples/diffusers/stable_diffusion_15/euler/cfg_7.5/GPDE/seed_002/nfe_010/000003.jpg,outputs/gpde_diffusers_sd15_nfe10_cfg_seed_sweep/schedules/GPDE/diffusers/stable_diffusion_15/euler/cfg_7.5/seed_2/nfe_010,outputs/gpde_diffusers_sd15_nfe10_cfg_seed_sweep/samples/diffusers/stable_diffusion_15/euler/cfg_7.5/GPDE/seed_002/nfe_010,33.90333557128906,1.2626228332519531
diffusers,hf_stable_diffusion_15,euler,GPDE,10,2,7.5,4,"a fantasy library carved inside a giant tree, spiral stairs, warm lanterns, intricate shelves",outputs/gpde_diffusers_sd15_nfe10_cfg_seed_sweep/samples/diffusers/stable_diffusion_15/euler/cfg_7.5/GPDE/seed_002/nfe_010/000004.jpg,outputs/gpde_diffusers_sd15_nfe10_cfg_seed_sweep/schedules/GPDE/diffusers/stable_diffusion_15/euler/cfg_7.5/seed_2/nfe_010,outputs/gpde_diffusers_sd15_nfe10_cfg_seed_sweep/samples/diffusers/stable_diffusion_15/euler/cfg_7.5/GPDE/seed_002/nfe_010,24.443084716796875,-0.5184798240661621
diffusers,hf_stable_diffusion_15,euler,GPDE,10,2,7.5,5,"a macro photograph of a snowflake resting on dark wool, crisp crystalline detail",outputs/gpde_diffusers_sd15_nfe10_cfg_seed_sweep/samples/diffusers/stable_diffusion_15/euler/cfg_7.5/GPDE/seed_002/nfe_010/000005.jpg,outputs/gpde_diffusers_sd15_nfe10_cfg_seed_sweep/schedules/GPDE/diffusers/stable_diffusion_15/euler/cfg_7.5/seed_2/nfe_010,outputs/gpde_diffusers_sd15_nfe10_cfg_seed_sweep/samples/diffusers/stable_diffusion_15/euler/cfg_7.5/GPDE/seed_002/nfe_010,26.811140060424805,-0.42197296023368835
diffusers,hf_stable_diffusion_15,euler,GPDE,10,2,7.5,6,"a retro futuristic train crossing a desert at sunset, chrome surfaces, long shadows",outputs/gpde_diffusers_sd15_nfe10_cfg_seed_sweep/samples/diffusers/stable_diffusion_15/euler/cfg_7.5/GPDE/seed_002/nfe_010/000006.jpg,outputs/gpde_diffusers_sd15_nfe10_cfg_seed_sweep/schedules/GPDE/diffusers/stable_diffusion_15/euler/cfg_7.5/seed_2/nfe_010,outputs/gpde_diffusers_sd15_nfe10_cfg_seed_sweep/samples/diffusers/stable_diffusion_15/euler/cfg_7.5/GPDE/seed_002/nfe_010,29.977052688598633,0.8664752840995789
diffusers,hf_stable_diffusion_15,euler,GPDE,10,2,7.5,7,"a chef plating a colorful molecular gastronomy dessert, clean restaurant lighting",outputs/gpde_diffusers_sd15_nfe10_cfg_seed_sweep/samples/diffusers/stable_diffusion_15/euler/cfg_7.5/GPDE/seed_002/nfe_010/000007.jpg,outputs/gpde_diffusers_sd15_nfe10_cfg_seed_sweep/schedules/GPDE/diffusers/stable_diffusion_15/euler/cfg_7.5/seed_2/nfe_010,outputs/gpde_diffusers_sd15_nfe10_cfg_seed_sweep/samples/diffusers/stable_diffusion_15/euler/cfg_7.5/GPDE/seed_002/nfe_010,26.23094940185547,1.1966884136199951
diffusers,hf_stable_diffusion_15,euler,GPDE,10,2,7.5,8,"an isometric cozy bedroom with plants, books, a desk lamp, and a rainy window",outputs/gpde_diffusers_sd15_nfe10_cfg_seed_sweep/samples/diffusers/stable_diffusion_15/euler/cfg_7.5/GPDE/seed_002/nfe_010/000008.jpg,outputs/gpde_diffusers_sd15_nfe10_cfg_seed_sweep/schedules/GPDE/diffusers/stable_diffusion_15/euler/cfg_7.5/seed_2/nfe_010,outputs/gpde_diffusers_sd15_nfe10_cfg_seed_sweep/samples/diffusers/stable_diffusion_15/euler/cfg_7.5/GPDE/seed_002/nfe_010,29.809062957763672,1.0643113851547241
diffusers,hf_stable_diffusion_15,euler,GPDE,10,2,7.5,9,"a dramatic mountain monastery above clouds, sunrise, detailed stone architecture",outputs/gpde_diffusers_sd15_nfe10_cfg_seed_sweep/samples/diffusers/stable_diffusion_15/euler/cfg_7.5/GPDE/seed_002/nfe_010/000009.jpg,outputs/gpde_diffusers_sd15_nfe10_cfg_seed_sweep/schedules/GPDE/diffusers/stable_diffusion_15/euler/cfg_7.5/seed_2/nfe_010,outputs/gpde_diffusers_sd15_nfe10_cfg_seed_sweep/samples/diffusers/stable_diffusion_15/euler/cfg_7.5/GPDE/seed_002/nfe_010,31.362497329711914,1.8040499687194824
diffusers,hf_stable_diffusion_15,euler,GPDE,10,2,7.5,10,a fashion editorial photo of a model wearing a translucent raincoat in Tokyo at night,outputs/gpde_diffusers_sd15_nfe10_cfg_seed_sweep/samples/diffusers/stable_diffusion_15/euler/cfg_7.5/GPDE/seed_002/nfe_010/000010.jpg,outputs/gpde_diffusers_sd15_nfe10_cfg_seed_sweep/schedules/GPDE/diffusers/stable_diffusion_15/euler/cfg_7.5/seed_2/nfe_010,outputs/gpde_diffusers_sd15_nfe10_cfg_seed_sweep/samples/diffusers/stable_diffusion_15/euler/cfg_7.5/GPDE/seed_002/nfe_010,37.521217346191406,0.9255818128585815
diffusers,hf_stable_diffusion_15,euler,GPDE,10,2,7.5,11,a realistic red fox statue made of folded paper on a white museum pedestal,outputs/gpde_diffusers_sd15_nfe10_cfg_seed_sweep/samples/diffusers/stable_diffusion_15/euler/cfg_7.5/GPDE/seed_002/nfe_010/000011.jpg,outputs/gpde_diffusers_sd15_nfe10_cfg_seed_sweep/schedules/GPDE/diffusers/stable_diffusion_15/euler/cfg_7.5/seed_2/nfe_010,outputs/gpde_diffusers_sd15_nfe10_cfg_seed_sweep/samples/diffusers/stable_diffusion_15/euler/cfg_7.5/GPDE/seed_002/nfe_010,33.360435485839844,1.1069296598434448
diffusers,hf_stable_diffusion_15,euler,GPDE,10,2,7.5,12,a detailed cutaway illustration of a tiny submarine exploring a coral reef,outputs/gpde_diffusers_sd15_nfe10_cfg_seed_sweep/samples/diffusers/stable_diffusion_15/euler/cfg_7.5/GPDE/seed_002/nfe_010/000012.jpg,outputs/gpde_diffusers_sd15_nfe10_cfg_seed_sweep/schedules/GPDE/diffusers/stable_diffusion_15/euler/cfg_7.5/seed_2/nfe_010,outputs/gpde_diffusers_sd15_nfe10_cfg_seed_sweep/samples/diffusers/stable_diffusion_15/euler/cfg_7.5/GPDE/seed_002/nfe_010,34.76249694824219,1.1140466928482056
diffusers,hf_stable_diffusion_15,euler,GPDE,10,2,7.5,13,a product photo of wireless headphones on brushed aluminum with blue accent lighting,outputs/gpde_diffusers_sd15_nfe10_cfg_seed_sweep/samples/diffusers/stable_diffusion_15/euler/cfg_7.5/GPDE/seed_002/nfe_010/000013.jpg,outputs/gpde_diffusers_sd15_nfe10_cfg_seed_sweep/schedules/GPDE/diffusers/stable_diffusion_15/euler/cfg_7.5/seed_2/nfe_010,outputs/gpde_diffusers_sd15_nfe10_cfg_seed_sweep/samples/diffusers/stable_diffusion_15/euler/cfg_7.5/GPDE/seed_002/nfe_010,24.285259246826172,-0.021869145333766937
diffusers,hf_stable_diffusion_15,euler,GPDE,10,2,7.5,14,"a medieval market square during a festival, banners, musicians, detailed crowd",outputs/gpde_diffusers_sd15_nfe10_cfg_seed_sweep/samples/diffusers/stable_diffusion_15/euler/cfg_7.5/GPDE/seed_002/nfe_010/000014.jpg,outputs/gpde_diffusers_sd15_nfe10_cfg_seed_sweep/schedules/GPDE/diffusers/stable_diffusion_15/euler/cfg_7.5/seed_2/nfe_010,outputs/gpde_diffusers_sd15_nfe10_cfg_seed_sweep/samples/diffusers/stable_diffusion_15/euler/cfg_7.5/GPDE/seed_002/nfe_010,28.64162254333496,0.06391317397356033
diffusers,hf_stable_diffusion_15,euler,GPDE,10,2,7.5,15,an oil painting of a violinist performing in an empty subway station,outputs/gpde_diffusers_sd15_nfe10_cfg_seed_sweep/samples/diffusers/stable_diffusion_15/euler/cfg_7.5/GPDE/seed_002/nfe_010/000015.jpg,outputs/gpde_diffusers_sd15_nfe10_cfg_seed_sweep/schedules/GPDE/diffusers/stable_diffusion_15/euler/cfg_7.5/seed_2/nfe_010,outputs/gpde_diffusers_sd15_nfe10_cfg_seed_sweep/samples/diffusers/stable_diffusion_15/euler/cfg_7.5/GPDE/seed_002/nfe_010,40.438114166259766,1.5133869647979736
diffusers,hf_stable_diffusion_15,euler,GPDE,10,2,7.5,16,"a close-up portrait of an elderly sailor, weathered skin, navy coat, overcast harbor",outputs/gpde_diffusers_sd15_nfe10_cfg_seed_sweep/samples/diffusers/stable_diffusion_15/euler/cfg_7.5/GPDE/seed_002/nfe_010/000016.jpg,outputs/gpde_diffusers_sd15_nfe10_cfg_seed_sweep/schedules/GPDE/diffusers/stable_diffusion_15/euler/cfg_7.5/seed_2/nfe_010,outputs/gpde_diffusers_sd15_nfe10_cfg_seed_sweep/samples/diffusers/stable_diffusion_15/euler/cfg_7.5/GPDE/seed_002/nfe_010,29.029157638549805,1.528829574584961
diffusers,hf_stable_diffusion_15,euler,GPDE,10,2,7.5,17,a clean architectural rendering of a modern cabin beside a frozen lake,outputs/gpde_diffusers_sd15_nfe10_cfg_seed_sweep/samples/diffusers/stable_diffusion_15/euler/cfg_7.5/GPDE/seed_002/nfe_010/000017.jpg,outputs/gpde_diffusers_sd15_nfe10_cfg_seed_sweep/schedules/GPDE/diffusers/stable_diffusion_15/euler/cfg_7.5/seed_2/nfe_010,outputs/gpde_diffusers_sd15_nfe10_cfg_seed_sweep/samples/diffusers/stable_diffusion_15/euler/cfg_7.5/GPDE/seed_002/nfe_010,34.196441650390625,-0.4147719442844391
diffusers,hf_stable_diffusion_15,euler,GPDE,10,2,7.5,18,a surreal desert filled with floating glass spheres and distant black mountains,outputs/gpde_diffusers_sd15_nfe10_cfg_seed_sweep/samples/diffusers/stable_diffusion_15/euler/cfg_7.5/GPDE/seed_002/nfe_010/000018.jpg,outputs/gpde_diffusers_sd15_nfe10_cfg_seed_sweep/schedules/GPDE/diffusers/stable_diffusion_15/euler/cfg_7.5/seed_2/nfe_010,outputs/gpde_diffusers_sd15_nfe10_cfg_seed_sweep/samples/diffusers/stable_diffusion_15/euler/cfg_7.5/GPDE/seed_002/nfe_010,25.418621063232422,0.39629891514778137
diffusers,hf_stable_diffusion_15,euler,GPDE,10,2,7.5,19,a documentary photo of a scientist collecting ice cores in Antarctica,outputs/gpde_diffusers_sd15_nfe10_cfg_seed_sweep/samples/diffusers/stable_diffusion_15/euler/cfg_7.5/GPDE/seed_002/nfe_010/000019.jpg,outputs/gpde_diffusers_sd15_nfe10_cfg_seed_sweep/schedules/GPDE/diffusers/stable_diffusion_15/euler/cfg_7.5/seed_2/nfe_010,outputs/gpde_diffusers_sd15_nfe10_cfg_seed_sweep/samples/diffusers/stable_diffusion_15/euler/cfg_7.5/GPDE/seed_002/nfe_010,29.741626739501953,0.6570171117782593
diffusers,hf_stable_diffusion_15,euler,GPDE,10,2,7.5,20,a detailed 3D render of a mechanical hummingbird with copper wings,outputs/gpde_diffusers_sd15_nfe10_cfg_seed_sweep/samples/diffusers/stable_diffusion_15/euler/cfg_7.5/GPDE/seed_002/nfe_010/000020.jpg,outputs/gpde_diffusers_sd15_nfe10_cfg_seed_sweep/schedules/GPDE/diffusers/stable_diffusion_15/euler/cfg_7.5/seed_2/nfe_010,outputs/gpde_diffusers_sd15_nfe10_cfg_seed_sweep/samples/diffusers/stable_diffusion_15/euler/cfg_7.5/GPDE/seed_002/nfe_010,33.32263946533203,0.3572627604007721
diffusers,hf_stable_diffusion_15,euler,GPDE,10,2,7.5,21,"a cozy cafe interior in autumn, pastries, espresso machine, soft morning light",outputs/gpde_diffusers_sd15_nfe10_cfg_seed_sweep/samples/diffusers/stable_diffusion_15/euler/cfg_7.5/GPDE/seed_002/nfe_010/000021.jpg,outputs/gpde_diffusers_sd15_nfe10_cfg_seed_sweep/schedules/GPDE/diffusers/stable_diffusion_15/euler/cfg_7.5/seed_2/nfe_010,outputs/gpde_diffusers_sd15_nfe10_cfg_seed_sweep/samples/diffusers/stable_diffusion_15/euler/cfg_7.5/GPDE/seed_002/nfe_010,29.77324104309082,-1.1430199146270752
diffusers,hf_stable_diffusion_15,euler,GPDE,10,2,7.5,22,"a panoramic view of terraced rice fields under mist, workers in colorful clothing",outputs/gpde_diffusers_sd15_nfe10_cfg_seed_sweep/samples/diffusers/stable_diffusion_15/euler/cfg_7.5/GPDE/seed_002/nfe_010/000022.jpg,outputs/gpde_diffusers_sd15_nfe10_cfg_seed_sweep/schedules/GPDE/diffusers/stable_diffusion_15/euler/cfg_7.5/seed_2/nfe_010,outputs/gpde_diffusers_sd15_nfe10_cfg_seed_sweep/samples/diffusers/stable_diffusion_15/euler/cfg_7.5/GPDE/seed_002/nfe_010,28.488296508789062,0.7744994163513184
diffusers,hf_stable_diffusion_15,euler,GPDE,10,2,7.5,23,a children's book illustration of a moonlit boat parade on a quiet canal,outputs/gpde_diffusers_sd15_nfe10_cfg_seed_sweep/samples/diffusers/stable_diffusion_15/euler/cfg_7.5/GPDE/seed_002/nfe_010/000023.jpg,outputs/gpde_diffusers_sd15_nfe10_cfg_seed_sweep/schedules/GPDE/diffusers/stable_diffusion_15/euler/cfg_7.5/seed_2/nfe_010,outputs/gpde_diffusers_sd15_nfe10_cfg_seed_sweep/samples/diffusers/stable_diffusion_15/euler/cfg_7.5/GPDE/seed_002/nfe_010,28.757291793823242,-0.0642596036195755
diffusers,hf_stable_diffusion_15,euler,GPDE,10,2,7.5,24,"a realistic sports car parked in a concrete tunnel, reflections, low angle",outputs/gpde_diffusers_sd15_nfe10_cfg_seed_sweep/samples/diffusers/stable_diffusion_15/euler/cfg_7.5/GPDE/seed_002/nfe_010/000024.jpg,outputs/gpde_diffusers_sd15_nfe10_cfg_seed_sweep/schedules/GPDE/diffusers/stable_diffusion_15/euler/cfg_7.5/seed_2/nfe_010,outputs/gpde_diffusers_sd15_nfe10_cfg_seed_sweep/samples/diffusers/stable_diffusion_15/euler/cfg_7.5/GPDE/seed_002/nfe_010,28.06895637512207,0.9529733657836914
diffusers,hf_stable_diffusion_15,euler,GPDE,10,2,7.5,25,"a botanical diagram of rare orchids with labeled roots and petals, archival paper",outputs/gpde_diffusers_sd15_nfe10_cfg_seed_sweep/samples/diffusers/stable_diffusion_15/euler/cfg_7.5/GPDE/seed_002/nfe_010/000025.jpg,outputs/gpde_diffusers_sd15_nfe10_cfg_seed_sweep/schedules/GPDE/diffusers/stable_diffusion_15/euler/cfg_7.5/seed_2/nfe_010,outputs/gpde_diffusers_sd15_nfe10_cfg_seed_sweep/samples/diffusers/stable_diffusion_15/euler/cfg_7.5/GPDE/seed_002/nfe_010,30.752357482910156,0.9290806651115417
diffusers,hf_stable_diffusion_15,euler,GPDE,10,2,7.5,26,"a cyberpunk street food stall with steam, lanterns, and dense urban signage",outputs/gpde_diffusers_sd15_nfe10_cfg_seed_sweep/samples/diffusers/stable_diffusion_15/euler/cfg_7.5/GPDE/seed_002/nfe_010/000026.jpg,outputs/gpde_diffusers_sd15_nfe10_cfg_seed_sweep/schedules/GPDE/diffusers/stable_diffusion_15/euler/cfg_7.5/seed_2/nfe_010,outputs/gpde_diffusers_sd15_nfe10_cfg_seed_sweep/samples/diffusers/stable_diffusion_15/euler/cfg_7.5/GPDE/seed_002/nfe_010,30.671348571777344,0.18073542416095734
diffusers,hf_stable_diffusion_15,euler,GPDE,10,2,7.5,27,"a still life of glass fruit bowls, linen cloth, and silver cutlery, natural light",outputs/gpde_diffusers_sd15_nfe10_cfg_seed_sweep/samples/diffusers/stable_diffusion_15/euler/cfg_7.5/GPDE/seed_002/nfe_010/000027.jpg,outputs/gpde_diffusers_sd15_nfe10_cfg_seed_sweep/schedules/GPDE/diffusers/stable_diffusion_15/euler/cfg_7.5/seed_2/nfe_010,outputs/gpde_diffusers_sd15_nfe10_cfg_seed_sweep/samples/diffusers/stable_diffusion_15/euler/cfg_7.5/GPDE/seed_002/nfe_010,30.06041717529297,-1.9498471021652222
diffusers,hf_stable_diffusion_15,euler,GPDE,10,2,7.5,28,a heroic statue covered in vines in an abandoned futuristic plaza,outputs/gpde_diffusers_sd15_nfe10_cfg_seed_sweep/samples/diffusers/stable_diffusion_15/euler/cfg_7.5/GPDE/seed_002/nfe_010/000028.jpg,outputs/gpde_diffusers_sd15_nfe10_cfg_seed_sweep/schedules/GPDE/diffusers/stable_diffusion_15/euler/cfg_7.5/seed_2/nfe_010,outputs/gpde_diffusers_sd15_nfe10_cfg_seed_sweep/samples/diffusers/stable_diffusion_15/euler/cfg_7.5/GPDE/seed_002/nfe_010,33.25470733642578,0.17949284613132477
diffusers,hf_stable_diffusion_15,euler,GPDE,10,2,7.5,29,a black and white film photograph of dancers rehearsing in a mirror-lined studio,outputs/gpde_diffusers_sd15_nfe10_cfg_seed_sweep/samples/diffusers/stable_diffusion_15/euler/cfg_7.5/GPDE/seed_002/nfe_010/000029.jpg,outputs/gpde_diffusers_sd15_nfe10_cfg_seed_sweep/schedules/GPDE/diffusers/stable_diffusion_15/euler/cfg_7.5/seed_2/nfe_010,outputs/gpde_diffusers_sd15_nfe10_cfg_seed_sweep/samples/diffusers/stable_diffusion_15/euler/cfg_7.5/GPDE/seed_002/nfe_010,28.517141342163086,0.8128097057342529
diffusers,hf_stable_diffusion_15,euler,GPDE,10,2,7.5,30,"a detailed scene of a spacecraft cockpit during reentry, glowing controls, tense mood",outputs/gpde_diffusers_sd15_nfe10_cfg_seed_sweep/samples/diffusers/stable_diffusion_15/euler/cfg_7.5/GPDE/seed_002/nfe_010/000030.jpg,outputs/gpde_diffusers_sd15_nfe10_cfg_seed_sweep/schedules/GPDE/diffusers/stable_diffusion_15/euler/cfg_7.5/seed_2/nfe_010,outputs/gpde_diffusers_sd15_nfe10_cfg_seed_sweep/samples/diffusers/stable_diffusion_15/euler/cfg_7.5/GPDE/seed_002/nfe_010,28.414838790893555,-1.1797757148742676
diffusers,hf_stable_diffusion_15,euler,GPDE,10,2,7.5,31,a claymation style village bakery with tiny loaves and painted signs,outputs/gpde_diffusers_sd15_nfe10_cfg_seed_sweep/samples/diffusers/stable_diffusion_15/euler/cfg_7.5/GPDE/seed_002/nfe_010/000031.jpg,outputs/gpde_diffusers_sd15_nfe10_cfg_seed_sweep/schedules/GPDE/diffusers/stable_diffusion_15/euler/cfg_7.5/seed_2/nfe_010,outputs/gpde_diffusers_sd15_nfe10_cfg_seed_sweep/samples/diffusers/stable_diffusion_15/euler/cfg_7.5/GPDE/seed_002/nfe_010,34.72467803955078,-0.4117347002029419
diffusers,hf_stable_diffusion_15,euler,GPDE,10,2,7.5,32,a realistic underwater photograph of a diver inspecting an ancient marble column,outputs/gpde_diffusers_sd15_nfe10_cfg_seed_sweep/samples/diffusers/stable_diffusion_15/euler/cfg_7.5/GPDE/seed_002/nfe_010/000032.jpg,outputs/gpde_diffusers_sd15_nfe10_cfg_seed_sweep/schedules/GPDE/diffusers/stable_diffusion_15/euler/cfg_7.5/seed_2/nfe_010,outputs/gpde_diffusers_sd15_nfe10_cfg_seed_sweep/samples/diffusers/stable_diffusion_15/euler/cfg_7.5/GPDE/seed_002/nfe_010,30.086750030517578,0.9738790392875671
diffusers,hf_stable_diffusion_15,euler,GPDE,10,2,7.5,33,"a minimalist poster of a jazz quartet in deep red, cream, and black",outputs/gpde_diffusers_sd15_nfe10_cfg_seed_sweep/samples/diffusers/stable_diffusion_15/euler/cfg_7.5/GPDE/seed_002/nfe_010/000033.jpg,outputs/gpde_diffusers_sd15_nfe10_cfg_seed_sweep/schedules/GPDE/diffusers/stable_diffusion_15/euler/cfg_7.5/seed_2/nfe_010,outputs/gpde_diffusers_sd15_nfe10_cfg_seed_sweep/samples/diffusers/stable_diffusion_15/euler/cfg_7.5/GPDE/seed_002/nfe_010,28.727895736694336,-0.5700498819351196
diffusers,hf_stable_diffusion_15,euler,GPDE,10,2,7.5,34,a high detail portrait of a queen wearing armor made of mother of pearl,outputs/gpde_diffusers_sd15_nfe10_cfg_seed_sweep/samples/diffusers/stable_diffusion_15/euler/cfg_7.5/GPDE/seed_002/nfe_010/000034.jpg,outputs/gpde_diffusers_sd15_nfe10_cfg_seed_sweep/schedules/GPDE/diffusers/stable_diffusion_15/euler/cfg_7.5/seed_2/nfe_010,outputs/gpde_diffusers_sd15_nfe10_cfg_seed_sweep/samples/diffusers/stable_diffusion_15/euler/cfg_7.5/GPDE/seed_002/nfe_010,27.871376037597656,1.598541021347046
diffusers,hf_stable_diffusion_15,euler,GPDE,10,2,7.5,35,"a top-down board game map of an island with forests, cliffs, and hidden ruins",outputs/gpde_diffusers_sd15_nfe10_cfg_seed_sweep/samples/diffusers/stable_diffusion_15/euler/cfg_7.5/GPDE/seed_002/nfe_010/000035.jpg,outputs/gpde_diffusers_sd15_nfe10_cfg_seed_sweep/schedules/GPDE/diffusers/stable_diffusion_15/euler/cfg_7.5/seed_2/nfe_010,outputs/gpde_diffusers_sd15_nfe10_cfg_seed_sweep/samples/diffusers/stable_diffusion_15/euler/cfg_7.5/GPDE/seed_002/nfe_010,28.39847755432129,-0.8330986499786377
diffusers,hf_stable_diffusion_15,euler,GPDE,10,2,7.5,36,"a luxury watch exploded view on a dark background, precise gears and screws",outputs/gpde_diffusers_sd15_nfe10_cfg_seed_sweep/samples/diffusers/stable_diffusion_15/euler/cfg_7.5/GPDE/seed_002/nfe_010/000036.jpg,outputs/gpde_diffusers_sd15_nfe10_cfg_seed_sweep/schedules/GPDE/diffusers/stable_diffusion_15/euler/cfg_7.5/seed_2/nfe_010,outputs/gpde_diffusers_sd15_nfe10_cfg_seed_sweep/samples/diffusers/stable_diffusion_15/euler/cfg_7.5/GPDE/seed_002/nfe_010,26.52405548095703,0.5148264765739441
diffusers,hf_stable_diffusion_15,euler,GPDE,10,2,7.5,37,"a sunlit greenhouse filled with tomatoes, watering cans, and terracotta pots",outputs/gpde_diffusers_sd15_nfe10_cfg_seed_sweep/samples/diffusers/stable_diffusion_15/euler/cfg_7.5/GPDE/seed_002/nfe_010/000037.jpg,outputs/gpde_diffusers_sd15_nfe10_cfg_seed_sweep/schedules/GPDE/diffusers/stable_diffusion_15/euler/cfg_7.5/seed_2/nfe_010,outputs/gpde_diffusers_sd15_nfe10_cfg_seed_sweep/samples/diffusers/stable_diffusion_15/euler/cfg_7.5/GPDE/seed_002/nfe_010,29.146427154541016,-0.24405577778816223
diffusers,hf_stable_diffusion_15,euler,GPDE,10,2,7.5,38,a night landscape of fireflies over a meadow beside a quiet river,outputs/gpde_diffusers_sd15_nfe10_cfg_seed_sweep/samples/diffusers/stable_diffusion_15/euler/cfg_7.5/GPDE/seed_002/nfe_010/000038.jpg,outputs/gpde_diffusers_sd15_nfe10_cfg_seed_sweep/schedules/GPDE/diffusers/stable_diffusion_15/euler/cfg_7.5/seed_2/nfe_010,outputs/gpde_diffusers_sd15_nfe10_cfg_seed_sweep/samples/diffusers/stable_diffusion_15/euler/cfg_7.5/GPDE/seed_002/nfe_010,27.99747657775879,0.0014857619535177946
diffusers,hf_stable_diffusion_15,euler,GPDE,10,2,7.5,39,a realistic photo of a rescue helicopter landing on a snowy mountain ridge,outputs/gpde_diffusers_sd15_nfe10_cfg_seed_sweep/samples/diffusers/stable_diffusion_15/euler/cfg_7.5/GPDE/seed_002/nfe_010/000039.jpg,outputs/gpde_diffusers_sd15_nfe10_cfg_seed_sweep/schedules/GPDE/diffusers/stable_diffusion_15/euler/cfg_7.5/seed_2/nfe_010,outputs/gpde_diffusers_sd15_nfe10_cfg_seed_sweep/samples/diffusers/stable_diffusion_15/euler/cfg_7.5/GPDE/seed_002/nfe_010,32.99869155883789,0.40463823080062866
diffusers,hf_stable_diffusion_15,euler,GPDE,10,2,7.5,40,a concept art scene of a floating research station above Jupiter's clouds,outputs/gpde_diffusers_sd15_nfe10_cfg_seed_sweep/samples/diffusers/stable_diffusion_15/euler/cfg_7.5/GPDE/seed_002/nfe_010/000040.jpg,outputs/gpde_diffusers_sd15_nfe10_cfg_seed_sweep/schedules/GPDE/diffusers/stable_diffusion_15/euler/cfg_7.5/seed_2/nfe_010,outputs/gpde_diffusers_sd15_nfe10_cfg_seed_sweep/samples/diffusers/stable_diffusion_15/euler/cfg_7.5/GPDE/seed_002/nfe_010,25.714101791381836,0.21935667097568512
diffusers,hf_stable_diffusion_15,euler,GPDE,10,2,7.5,41,a detailed pencil drawing of an old bicycle leaning against a brick wall,outputs/gpde_diffusers_sd15_nfe10_cfg_seed_sweep/samples/diffusers/stable_diffusion_15/euler/cfg_7.5/GPDE/seed_002/nfe_010/000041.jpg,outputs/gpde_diffusers_sd15_nfe10_cfg_seed_sweep/schedules/GPDE/diffusers/stable_diffusion_15/euler/cfg_7.5/seed_2/nfe_010,outputs/gpde_diffusers_sd15_nfe10_cfg_seed_sweep/samples/diffusers/stable_diffusion_15/euler/cfg_7.5/GPDE/seed_002/nfe_010,32.48580551147461,1.0925633907318115
diffusers,hf_stable_diffusion_15,euler,GPDE,10,2,7.5,42,"a museum diorama of prehistoric sea creatures, dramatic educational lighting",outputs/gpde_diffusers_sd15_nfe10_cfg_seed_sweep/samples/diffusers/stable_diffusion_15/euler/cfg_7.5/GPDE/seed_002/nfe_010/000042.jpg,outputs/gpde_diffusers_sd15_nfe10_cfg_seed_sweep/schedules/GPDE/diffusers/stable_diffusion_15/euler/cfg_7.5/seed_2/nfe_010,outputs/gpde_diffusers_sd15_nfe10_cfg_seed_sweep/samples/diffusers/stable_diffusion_15/euler/cfg_7.5/GPDE/seed_002/nfe_010,30.193492889404297,-0.6097466945648193
diffusers,hf_stable_diffusion_15,euler,GPDE,10,2,7.5,43,"a peaceful Japanese garden with koi pond, stone bridge, and maple leaves",outputs/gpde_diffusers_sd15_nfe10_cfg_seed_sweep/samples/diffusers/stable_diffusion_15/euler/cfg_7.5/GPDE/seed_002/nfe_010/000043.jpg,outputs/gpde_diffusers_sd15_nfe10_cfg_seed_sweep/schedules/GPDE/diffusers/stable_diffusion_15/euler/cfg_7.5/seed_2/nfe_010,outputs/gpde_diffusers_sd15_nfe10_cfg_seed_sweep/samples/diffusers/stable_diffusion_15/euler/cfg_7.5/GPDE/seed_002/nfe_010,26.134563446044922,-1.9063341617584229
diffusers,hf_stable_diffusion_15,euler,GPDE,10,2,7.5,44,"a close-up food photograph of ramen with soft egg, steam, and ceramic bowl",outputs/gpde_diffusers_sd15_nfe10_cfg_seed_sweep/samples/diffusers/stable_diffusion_15/euler/cfg_7.5/GPDE/seed_002/nfe_010/000044.jpg,outputs/gpde_diffusers_sd15_nfe10_cfg_seed_sweep/schedules/GPDE/diffusers/stable_diffusion_15/euler/cfg_7.5/seed_2/nfe_010,outputs/gpde_diffusers_sd15_nfe10_cfg_seed_sweep/samples/diffusers/stable_diffusion_15/euler/cfg_7.5/GPDE/seed_002/nfe_010,31.905344009399414,0.5514525771141052
diffusers,hf_stable_diffusion_15,euler,GPDE,10,2,7.5,45,a vibrant parade costume covered with mirrors and embroidered flowers,outputs/gpde_diffusers_sd15_nfe10_cfg_seed_sweep/samples/diffusers/stable_diffusion_15/euler/cfg_7.5/GPDE/seed_002/nfe_010/000045.jpg,outputs/gpde_diffusers_sd15_nfe10_cfg_seed_sweep/schedules/GPDE/diffusers/stable_diffusion_15/euler/cfg_7.5/seed_2/nfe_010,outputs/gpde_diffusers_sd15_nfe10_cfg_seed_sweep/samples/diffusers/stable_diffusion_15/euler/cfg_7.5/GPDE/seed_002/nfe_010,27.915281295776367,-0.608855664730072
diffusers,hf_stable_diffusion_15,euler,GPDE,10,2,7.5,46,a realistic image of a hand-crafted wooden chess set mid game by candlelight,outputs/gpde_diffusers_sd15_nfe10_cfg_seed_sweep/samples/diffusers/stable_diffusion_15/euler/cfg_7.5/GPDE/seed_002/nfe_010/000046.jpg,outputs/gpde_diffusers_sd15_nfe10_cfg_seed_sweep/schedules/GPDE/diffusers/stable_diffusion_15/euler/cfg_7.5/seed_2/nfe_010,outputs/gpde_diffusers_sd15_nfe10_cfg_seed_sweep/samples/diffusers/stable_diffusion_15/euler/cfg_7.5/GPDE/seed_002/nfe_010,25.39403533935547,-0.7197527289390564
diffusers,hf_stable_diffusion_15,euler,GPDE,10,2,7.5,47,a wide angle view of a data center corridor with blue status lights,outputs/gpde_diffusers_sd15_nfe10_cfg_seed_sweep/samples/diffusers/stable_diffusion_15/euler/cfg_7.5/GPDE/seed_002/nfe_010/000047.jpg,outputs/gpde_diffusers_sd15_nfe10_cfg_seed_sweep/schedules/GPDE/diffusers/stable_diffusion_15/euler/cfg_7.5/seed_2/nfe_010,outputs/gpde_diffusers_sd15_nfe10_cfg_seed_sweep/samples/diffusers/stable_diffusion_15/euler/cfg_7.5/GPDE/seed_002/nfe_010,20.854732513427734,1.120453953742981
diffusers,hf_stable_diffusion_15,euler,GPDE,10,2,7.5,48,a magical realism scene of books flying through an old train carriage,outputs/gpde_diffusers_sd15_nfe10_cfg_seed_sweep/samples/diffusers/stable_diffusion_15/euler/cfg_7.5/GPDE/seed_002/nfe_010/000048.jpg,outputs/gpde_diffusers_sd15_nfe10_cfg_seed_sweep/schedules/GPDE/diffusers/stable_diffusion_15/euler/cfg_7.5/seed_2/nfe_010,outputs/gpde_diffusers_sd15_nfe10_cfg_seed_sweep/samples/diffusers/stable_diffusion_15/euler/cfg_7.5/GPDE/seed_002/nfe_010,32.370845794677734,-1.8583743572235107
diffusers,hf_stable_diffusion_15,euler,GPDE,10,2,7.5,49,a studio portrait of a golden retriever wearing aviator goggles and a red scarf,outputs/gpde_diffusers_sd15_nfe10_cfg_seed_sweep/samples/diffusers/stable_diffusion_15/euler/cfg_7.5/GPDE/seed_002/nfe_010/000049.jpg,outputs/gpde_diffusers_sd15_nfe10_cfg_seed_sweep/schedules/GPDE/diffusers/stable_diffusion_15/euler/cfg_7.5/seed_2/nfe_010,outputs/gpde_diffusers_sd15_nfe10_cfg_seed_sweep/samples/diffusers/stable_diffusion_15/euler/cfg_7.5/GPDE/seed_002/nfe_010,30.812808990478516,1.780893325805664
diffusers,hf_stable_diffusion_15,euler,ays,10,0,7.5,0,"a cinematic portrait of an astronaut botanist in a glass greenhouse on Mars, detailed fabric, soft rim light",outputs/gpde_diffusers_sd15_nfe10_cfg_seed_sweep/samples/diffusers/stable_diffusion_15/euler/cfg_7.5/ays/seed_000/nfe_010/000000.jpg,schedules/ays_like/published/stable_diffusion_15/nfe_010,outputs/gpde_diffusers_sd15_nfe10_cfg_seed_sweep/samples/diffusers/stable_diffusion_15/euler/cfg_7.5/ays/seed_000/nfe_010,23.20724868774414,-2.2409555912017822
diffusers,hf_stable_diffusion_15,euler,ays,10,0,7.5,1,"a small brass robot repairing an antique clock in a sunlit workshop, shallow depth of field",outputs/gpde_diffusers_sd15_nfe10_cfg_seed_sweep/samples/diffusers/stable_diffusion_15/euler/cfg_7.5/ays/seed_000/nfe_010/000001.jpg,schedules/ays_like/published/stable_diffusion_15/nfe_010,outputs/gpde_diffusers_sd15_nfe10_cfg_seed_sweep/samples/diffusers/stable_diffusion_15/euler/cfg_7.5/ays/seed_000/nfe_010,29.628005981445312,-1.546560525894165
diffusers,hf_stable_diffusion_15,euler,ays,10,0,7.5,2,"a watercolor city street after rain with neon signs reflected in puddles, evening atmosphere",outputs/gpde_diffusers_sd15_nfe10_cfg_seed_sweep/samples/diffusers/stable_diffusion_15/euler/cfg_7.5/ays/seed_000/nfe_010/000002.jpg,schedules/ays_like/published/stable_diffusion_15/nfe_010,outputs/gpde_diffusers_sd15_nfe10_cfg_seed_sweep/samples/diffusers/stable_diffusion_15/euler/cfg_7.5/ays/seed_000/nfe_010,24.814517974853516,1.000650405883789
diffusers,hf_stable_diffusion_15,euler,ays,10,0,7.5,3,a high resolution studio photo of a ceramic teapot shaped like a seashell on a slate table,outputs/gpde_diffusers_sd15_nfe10_cfg_seed_sweep/samples/diffusers/stable_diffusion_15/euler/cfg_7.5/ays/seed_000/nfe_010/000003.jpg,schedules/ays_like/published/stable_diffusion_15/nfe_010,outputs/gpde_diffusers_sd15_nfe10_cfg_seed_sweep/samples/diffusers/stable_diffusion_15/euler/cfg_7.5/ays/seed_000/nfe_010,24.62714958190918,-2.1653378009796143
diffusers,hf_stable_diffusion_15,euler,ays,10,0,7.5,4,"a fantasy library carved inside a giant tree, spiral stairs, warm lanterns, intricate shelves",outputs/gpde_diffusers_sd15_nfe10_cfg_seed_sweep/samples/diffusers/stable_diffusion_15/euler/cfg_7.5/ays/seed_000/nfe_010/000004.jpg,schedules/ays_like/published/stable_diffusion_15/nfe_010,outputs/gpde_diffusers_sd15_nfe10_cfg_seed_sweep/samples/diffusers/stable_diffusion_15/euler/cfg_7.5/ays/seed_000/nfe_010,32.68231201171875,-0.3268066644668579
diffusers,hf_stable_diffusion_15,euler,ays,10,0,7.5,5,"a macro photograph of a snowflake resting on dark wool, crisp crystalline detail",outputs/gpde_diffusers_sd15_nfe10_cfg_seed_sweep/samples/diffusers/stable_diffusion_15/euler/cfg_7.5/ays/seed_000/nfe_010/000005.jpg,schedules/ays_like/published/stable_diffusion_15/nfe_010,outputs/gpde_diffusers_sd15_nfe10_cfg_seed_sweep/samples/diffusers/stable_diffusion_15/euler/cfg_7.5/ays/seed_000/nfe_010,26.896324157714844,0.41918012499809265
diffusers,hf_stable_diffusion_15,euler,ays,10,0,7.5,6,"a retro futuristic train crossing a desert at sunset, chrome surfaces, long shadows",outputs/gpde_diffusers_sd15_nfe10_cfg_seed_sweep/samples/diffusers/stable_diffusion_15/euler/cfg_7.5/ays/seed_000/nfe_010/000006.jpg,schedules/ays_like/published/stable_diffusion_15/nfe_010,outputs/gpde_diffusers_sd15_nfe10_cfg_seed_sweep/samples/diffusers/stable_diffusion_15/euler/cfg_7.5/ays/seed_000/nfe_010,31.848651885986328,1.5843180418014526
diffusers,hf_stable_diffusion_15,euler,ays,10,0,7.5,7,"a chef plating a colorful molecular gastronomy dessert, clean restaurant lighting",outputs/gpde_diffusers_sd15_nfe10_cfg_seed_sweep/samples/diffusers/stable_diffusion_15/euler/cfg_7.5/ays/seed_000/nfe_010/000007.jpg,schedules/ays_like/published/stable_diffusion_15/nfe_010,outputs/gpde_diffusers_sd15_nfe10_cfg_seed_sweep/samples/diffusers/stable_diffusion_15/euler/cfg_7.5/ays/seed_000/nfe_010,32.55470275878906,-1.5932482481002808
diffusers,hf_stable_diffusion_15,euler,ays,10,0,7.5,8,"an isometric cozy bedroom with plants, books, a desk lamp, and a rainy window",outputs/gpde_diffusers_sd15_nfe10_cfg_seed_sweep/samples/diffusers/stable_diffusion_15/euler/cfg_7.5/ays/seed_000/nfe_010/000008.jpg,schedules/ays_like/published/stable_diffusion_15/nfe_010,outputs/gpde_diffusers_sd15_nfe10_cfg_seed_sweep/samples/diffusers/stable_diffusion_15/euler/cfg_7.5/ays/seed_000/nfe_010,27.11835479736328,-0.8379408717155457
diffusers,hf_stable_diffusion_15,euler,ays,10,0,7.5,9,"a dramatic mountain monastery above clouds, sunrise, detailed stone architecture",outputs/gpde_diffusers_sd15_nfe10_cfg_seed_sweep/samples/diffusers/stable_diffusion_15/euler/cfg_7.5/ays/seed_000/nfe_010/000009.jpg,schedules/ays_like/published/stable_diffusion_15/nfe_010,outputs/gpde_diffusers_sd15_nfe10_cfg_seed_sweep/samples/diffusers/stable_diffusion_15/euler/cfg_7.5/ays/seed_000/nfe_010,32.038604736328125,1.4828672409057617
diffusers,hf_stable_diffusion_15,euler,ays,10,0,7.5,10,a fashion editorial photo of a model wearing a translucent raincoat in Tokyo at night,outputs/gpde_diffusers_sd15_nfe10_cfg_seed_sweep/samples/diffusers/stable_diffusion_15/euler/cfg_7.5/ays/seed_000/nfe_010/000010.jpg,schedules/ays_like/published/stable_diffusion_15/nfe_010,outputs/gpde_diffusers_sd15_nfe10_cfg_seed_sweep/samples/diffusers/stable_diffusion_15/euler/cfg_7.5/ays/seed_000/nfe_010,35.52809143066406,1.7694834470748901
diffusers,hf_stable_diffusion_15,euler,ays,10,0,7.5,11,a realistic red fox statue made of folded paper on a white museum pedestal,outputs/gpde_diffusers_sd15_nfe10_cfg_seed_sweep/samples/diffusers/stable_diffusion_15/euler/cfg_7.5/ays/seed_000/nfe_010/000011.jpg,schedules/ays_like/published/stable_diffusion_15/nfe_010,outputs/gpde_diffusers_sd15_nfe10_cfg_seed_sweep/samples/diffusers/stable_diffusion_15/euler/cfg_7.5/ays/seed_000/nfe_010,31.595420837402344,1.390350103378296
diffusers,hf_stable_diffusion_15,euler,ays,10,0,7.5,12,a detailed cutaway illustration of a tiny submarine exploring a coral reef,outputs/gpde_diffusers_sd15_nfe10_cfg_seed_sweep/samples/diffusers/stable_diffusion_15/euler/cfg_7.5/ays/seed_000/nfe_010/000012.jpg,schedules/ays_like/published/stable_diffusion_15/nfe_010,outputs/gpde_diffusers_sd15_nfe10_cfg_seed_sweep/samples/diffusers/stable_diffusion_15/euler/cfg_7.5/ays/seed_000/nfe_010,26.813533782958984,-0.1465442031621933
diffusers,hf_stable_diffusion_15,euler,ays,10,0,7.5,13,a product photo of wireless headphones on brushed aluminum with blue accent lighting,outputs/gpde_diffusers_sd15_nfe10_cfg_seed_sweep/samples/diffusers/stable_diffusion_15/euler/cfg_7.5/ays/seed_000/nfe_010/000013.jpg,schedules/ays_like/published/stable_diffusion_15/nfe_010,outputs/gpde_diffusers_sd15_nfe10_cfg_seed_sweep/samples/diffusers/stable_diffusion_15/euler/cfg_7.5/ays/seed_000/nfe_010,28.98731803894043,0.5834958553314209
diffusers,hf_stable_diffusion_15,euler,ays,10,0,7.5,14,"a medieval market square during a festival, banners, musicians, detailed crowd",outputs/gpde_diffusers_sd15_nfe10_cfg_seed_sweep/samples/diffusers/stable_diffusion_15/euler/cfg_7.5/ays/seed_000/nfe_010/000014.jpg,schedules/ays_like/published/stable_diffusion_15/nfe_010,outputs/gpde_diffusers_sd15_nfe10_cfg_seed_sweep/samples/diffusers/stable_diffusion_15/euler/cfg_7.5/ays/seed_000/nfe_010,26.411741256713867,0.18656405806541443
diffusers,hf_stable_diffusion_15,euler,ays,10,0,7.5,15,an oil painting of a violinist performing in an empty subway station,outputs/gpde_diffusers_sd15_nfe10_cfg_seed_sweep/samples/diffusers/stable_diffusion_15/euler/cfg_7.5/ays/seed_000/nfe_010/000015.jpg,schedules/ays_like/published/stable_diffusion_15/nfe_010,outputs/gpde_diffusers_sd15_nfe10_cfg_seed_sweep/samples/diffusers/stable_diffusion_15/euler/cfg_7.5/ays/seed_000/nfe_010,36.725830078125,1.8305225372314453
diffusers,hf_stable_diffusion_15,euler,ays,10,0,7.5,16,"a close-up portrait of an elderly sailor, weathered skin, navy coat, overcast harbor",outputs/gpde_diffusers_sd15_nfe10_cfg_seed_sweep/samples/diffusers/stable_diffusion_15/euler/cfg_7.5/ays/seed_000/nfe_010/000016.jpg,schedules/ays_like/published/stable_diffusion_15/nfe_010,outputs/gpde_diffusers_sd15_nfe10_cfg_seed_sweep/samples/diffusers/stable_diffusion_15/euler/cfg_7.5/ays/seed_000/nfe_010,27.677080154418945,1.5261967182159424
diffusers,hf_stable_diffusion_15,euler,ays,10,0,7.5,17,a clean architectural rendering of a modern cabin beside a frozen lake,outputs/gpde_diffusers_sd15_nfe10_cfg_seed_sweep/samples/diffusers/stable_diffusion_15/euler/cfg_7.5/ays/seed_000/nfe_010/000017.jpg,schedules/ays_like/published/stable_diffusion_15/nfe_010,outputs/gpde_diffusers_sd15_nfe10_cfg_seed_sweep/samples/diffusers/stable_diffusion_15/euler/cfg_7.5/ays/seed_000/nfe_010,28.453784942626953,-0.2377948760986328
diffusers,hf_stable_diffusion_15,euler,ays,10,0,7.5,18,a surreal desert filled with floating glass spheres and distant black mountains,outputs/gpde_diffusers_sd15_nfe10_cfg_seed_sweep/samples/diffusers/stable_diffusion_15/euler/cfg_7.5/ays/seed_000/nfe_010/000018.jpg,schedules/ays_like/published/stable_diffusion_15/nfe_010,outputs/gpde_diffusers_sd15_nfe10_cfg_seed_sweep/samples/diffusers/stable_diffusion_15/euler/cfg_7.5/ays/seed_000/nfe_010,33.495460510253906,1.5869897603988647
diffusers,hf_stable_diffusion_15,euler,ays,10,0,7.5,19,a documentary photo of a scientist collecting ice cores in Antarctica,outputs/gpde_diffusers_sd15_nfe10_cfg_seed_sweep/samples/diffusers/stable_diffusion_15/euler/cfg_7.5/ays/seed_000/nfe_010/000019.jpg,schedules/ays_like/published/stable_diffusion_15/nfe_010,outputs/gpde_diffusers_sd15_nfe10_cfg_seed_sweep/samples/diffusers/stable_diffusion_15/euler/cfg_7.5/ays/seed_000/nfe_010,29.621326446533203,-0.10248064249753952
diffusers,hf_stable_diffusion_15,euler,ays,10,0,7.5,20,a detailed 3D render of a mechanical hummingbird with copper wings,outputs/gpde_diffusers_sd15_nfe10_cfg_seed_sweep/samples/diffusers/stable_diffusion_15/euler/cfg_7.5/ays/seed_000/nfe_010/000020.jpg,schedules/ays_like/published/stable_diffusion_15/nfe_010,outputs/gpde_diffusers_sd15_nfe10_cfg_seed_sweep/samples/diffusers/stable_diffusion_15/euler/cfg_7.5/ays/seed_000/nfe_010,36.082489013671875,1.34638249874115
diffusers,hf_stable_diffusion_15,euler,ays,10,0,7.5,21,"a cozy cafe interior in autumn, pastries, espresso machine, soft morning light",outputs/gpde_diffusers_sd15_nfe10_cfg_seed_sweep/samples/diffusers/stable_diffusion_15/euler/cfg_7.5/ays/seed_000/nfe_010/000021.jpg,schedules/ays_like/published/stable_diffusion_15/nfe_010,outputs/gpde_diffusers_sd15_nfe10_cfg_seed_sweep/samples/diffusers/stable_diffusion_15/euler/cfg_7.5/ays/seed_000/nfe_010,25.143695831298828,-0.6905796527862549
diffusers,hf_stable_diffusion_15,euler,ays,10,0,7.5,22,"a panoramic view of terraced rice fields under mist, workers in colorful clothing",outputs/gpde_diffusers_sd15_nfe10_cfg_seed_sweep/samples/diffusers/stable_diffusion_15/euler/cfg_7.5/ays/seed_000/nfe_010/000022.jpg,schedules/ays_like/published/stable_diffusion_15/nfe_010,outputs/gpde_diffusers_sd15_nfe10_cfg_seed_sweep/samples/diffusers/stable_diffusion_15/euler/cfg_7.5/ays/seed_000/nfe_010,29.50911521911621,-0.4774306118488312
diffusers,hf_stable_diffusion_15,euler,ays,10,0,7.5,23,a children's book illustration of a moonlit boat parade on a quiet canal,outputs/gpde_diffusers_sd15_nfe10_cfg_seed_sweep/samples/diffusers/stable_diffusion_15/euler/cfg_7.5/ays/seed_000/nfe_010/000023.jpg,schedules/ays_like/published/stable_diffusion_15/nfe_010,outputs/gpde_diffusers_sd15_nfe10_cfg_seed_sweep/samples/diffusers/stable_diffusion_15/euler/cfg_7.5/ays/seed_000/nfe_010,25.529987335205078,-0.8946208953857422
diffusers,hf_stable_diffusion_15,euler,ays,10,0,7.5,24,"a realistic sports car parked in a concrete tunnel, reflections, low angle",outputs/gpde_diffusers_sd15_nfe10_cfg_seed_sweep/samples/diffusers/stable_diffusion_15/euler/cfg_7.5/ays/seed_000/nfe_010/000024.jpg,schedules/ays_like/published/stable_diffusion_15/nfe_010,outputs/gpde_diffusers_sd15_nfe10_cfg_seed_sweep/samples/diffusers/stable_diffusion_15/euler/cfg_7.5/ays/seed_000/nfe_010,24.83486557006836,0.6050910353660583
diffusers,hf_stable_diffusion_15,euler,ays,10,0,7.5,25,"a botanical diagram of rare orchids with labeled roots and petals, archival paper",outputs/gpde_diffusers_sd15_nfe10_cfg_seed_sweep/samples/diffusers/stable_diffusion_15/euler/cfg_7.5/ays/seed_000/nfe_010/000025.jpg,schedules/ays_like/published/stable_diffusion_15/nfe_010,outputs/gpde_diffusers_sd15_nfe10_cfg_seed_sweep/samples/diffusers/stable_diffusion_15/euler/cfg_7.5/ays/seed_000/nfe_010,30.663484573364258,1.1990259885787964
diffusers,hf_stable_diffusion_15,euler,ays,10,0,7.5,26,"a cyberpunk street food stall with steam, lanterns, and dense urban signage",outputs/gpde_diffusers_sd15_nfe10_cfg_seed_sweep/samples/diffusers/stable_diffusion_15/euler/cfg_7.5/ays/seed_000/nfe_010/000026.jpg,schedules/ays_like/published/stable_diffusion_15/nfe_010,outputs/gpde_diffusers_sd15_nfe10_cfg_seed_sweep/samples/diffusers/stable_diffusion_15/euler/cfg_7.5/ays/seed_000/nfe_010,26.38288688659668,-0.4142459034919739
diffusers,hf_stable_diffusion_15,euler,ays,10,0,7.5,27,"a still life of glass fruit bowls, linen cloth, and silver cutlery, natural light",outputs/gpde_diffusers_sd15_nfe10_cfg_seed_sweep/samples/diffusers/stable_diffusion_15/euler/cfg_7.5/ays/seed_000/nfe_010/000027.jpg,schedules/ays_like/published/stable_diffusion_15/nfe_010,outputs/gpde_diffusers_sd15_nfe10_cfg_seed_sweep/samples/diffusers/stable_diffusion_15/euler/cfg_7.5/ays/seed_000/nfe_010,29.133874893188477,-1.3139699697494507
diffusers,hf_stable_diffusion_15,euler,ays,10,0,7.5,28,a heroic statue covered in vines in an abandoned futuristic plaza,outputs/gpde_diffusers_sd15_nfe10_cfg_seed_sweep/samples/diffusers/stable_diffusion_15/euler/cfg_7.5/ays/seed_000/nfe_010/000028.jpg,schedules/ays_like/published/stable_diffusion_15/nfe_010,outputs/gpde_diffusers_sd15_nfe10_cfg_seed_sweep/samples/diffusers/stable_diffusion_15/euler/cfg_7.5/ays/seed_000/nfe_010,35.069705963134766,1.1756010055541992
diffusers,hf_stable_diffusion_15,euler,ays,10,0,7.5,29,a black and white film photograph of dancers rehearsing in a mirror-lined studio,outputs/gpde_diffusers_sd15_nfe10_cfg_seed_sweep/samples/diffusers/stable_diffusion_15/euler/cfg_7.5/ays/seed_000/nfe_010/000029.jpg,schedules/ays_like/published/stable_diffusion_15/nfe_010,outputs/gpde_diffusers_sd15_nfe10_cfg_seed_sweep/samples/diffusers/stable_diffusion_15/euler/cfg_7.5/ays/seed_000/nfe_010,31.043926239013672,0.5766935348510742
diffusers,hf_stable_diffusion_15,euler,ays,10,0,7.5,30,"a detailed scene of a spacecraft cockpit during reentry, glowing controls, tense mood",outputs/gpde_diffusers_sd15_nfe10_cfg_seed_sweep/samples/diffusers/stable_diffusion_15/euler/cfg_7.5/ays/seed_000/nfe_010/000030.jpg,schedules/ays_like/published/stable_diffusion_15/nfe_010,outputs/gpde_diffusers_sd15_nfe10_cfg_seed_sweep/samples/diffusers/stable_diffusion_15/euler/cfg_7.5/ays/seed_000/nfe_010,24.59752082824707,-1.4609125852584839
diffusers,hf_stable_diffusion_15,euler,ays,10,0,7.5,31,a claymation style village bakery with tiny loaves and painted signs,outputs/gpde_diffusers_sd15_nfe10_cfg_seed_sweep/samples/diffusers/stable_diffusion_15/euler/cfg_7.5/ays/seed_000/nfe_010/000031.jpg,schedules/ays_like/published/stable_diffusion_15/nfe_010,outputs/gpde_diffusers_sd15_nfe10_cfg_seed_sweep/samples/diffusers/stable_diffusion_15/euler/cfg_7.5/ays/seed_000/nfe_010,35.81536865234375,0.3001306653022766
diffusers,hf_stable_diffusion_15,euler,ays,10,0,7.5,32,a realistic underwater photograph of a diver inspecting an ancient marble column,outputs/gpde_diffusers_sd15_nfe10_cfg_seed_sweep/samples/diffusers/stable_diffusion_15/euler/cfg_7.5/ays/seed_000/nfe_010/000032.jpg,schedules/ays_like/published/stable_diffusion_15/nfe_010,outputs/gpde_diffusers_sd15_nfe10_cfg_seed_sweep/samples/diffusers/stable_diffusion_15/euler/cfg_7.5/ays/seed_000/nfe_010,27.820985794067383,1.1094982624053955
diffusers,hf_stable_diffusion_15,euler,ays,10,0,7.5,33,"a minimalist poster of a jazz quartet in deep red, cream, and black",outputs/gpde_diffusers_sd15_nfe10_cfg_seed_sweep/samples/diffusers/stable_diffusion_15/euler/cfg_7.5/ays/seed_000/nfe_010/000033.jpg,schedules/ays_like/published/stable_diffusion_15/nfe_010,outputs/gpde_diffusers_sd15_nfe10_cfg_seed_sweep/samples/diffusers/stable_diffusion_15/euler/cfg_7.5/ays/seed_000/nfe_010,29.132253646850586,-1.4066357612609863
diffusers,hf_stable_diffusion_15,euler,ays,10,0,7.5,34,a high detail portrait of a queen wearing armor made of mother of pearl,outputs/gpde_diffusers_sd15_nfe10_cfg_seed_sweep/samples/diffusers/stable_diffusion_15/euler/cfg_7.5/ays/seed_000/nfe_010/000034.jpg,schedules/ays_like/published/stable_diffusion_15/nfe_010,outputs/gpde_diffusers_sd15_nfe10_cfg_seed_sweep/samples/diffusers/stable_diffusion_15/euler/cfg_7.5/ays/seed_000/nfe_010,23.098424911499023,0.6272684931755066
diffusers,hf_stable_diffusion_15,euler,ays,10,0,7.5,35,"a top-down board game map of an island with forests, cliffs, and hidden ruins",outputs/gpde_diffusers_sd15_nfe10_cfg_seed_sweep/samples/diffusers/stable_diffusion_15/euler/cfg_7.5/ays/seed_000/nfe_010/000035.jpg,schedules/ays_like/published/stable_diffusion_15/nfe_010,outputs/gpde_diffusers_sd15_nfe10_cfg_seed_sweep/samples/diffusers/stable_diffusion_15/euler/cfg_7.5/ays/seed_000/nfe_010,26.808326721191406,-1.2046209573745728
diffusers,hf_stable_diffusion_15,euler,ays,10,0,7.5,36,"a luxury watch exploded view on a dark background, precise gears and screws",outputs/gpde_diffusers_sd15_nfe10_cfg_seed_sweep/samples/diffusers/stable_diffusion_15/euler/cfg_7.5/ays/seed_000/nfe_010/000036.jpg,schedules/ays_like/published/stable_diffusion_15/nfe_010,outputs/gpde_diffusers_sd15_nfe10_cfg_seed_sweep/samples/diffusers/stable_diffusion_15/euler/cfg_7.5/ays/seed_000/nfe_010,33.05588912963867,0.9043995141983032
diffusers,hf_stable_diffusion_15,euler,ays,10,0,7.5,37,"a sunlit greenhouse filled with tomatoes, watering cans, and terracotta pots",outputs/gpde_diffusers_sd15_nfe10_cfg_seed_sweep/samples/diffusers/stable_diffusion_15/euler/cfg_7.5/ays/seed_000/nfe_010/000037.jpg,schedules/ays_like/published/stable_diffusion_15/nfe_010,outputs/gpde_diffusers_sd15_nfe10_cfg_seed_sweep/samples/diffusers/stable_diffusion_15/euler/cfg_7.5/ays/seed_000/nfe_010,25.076221466064453,-0.9840812087059021
diffusers,hf_stable_diffusion_15,euler,ays,10,0,7.5,38,a night landscape of fireflies over a meadow beside a quiet river,outputs/gpde_diffusers_sd15_nfe10_cfg_seed_sweep/samples/diffusers/stable_diffusion_15/euler/cfg_7.5/ays/seed_000/nfe_010/000038.jpg,schedules/ays_like/published/stable_diffusion_15/nfe_010,outputs/gpde_diffusers_sd15_nfe10_cfg_seed_sweep/samples/diffusers/stable_diffusion_15/euler/cfg_7.5/ays/seed_000/nfe_010,27.206605911254883,-1.2634227275848389
diffusers,hf_stable_diffusion_15,euler,ays,10,0,7.5,39,a realistic photo of a rescue helicopter landing on a snowy mountain ridge,outputs/gpde_diffusers_sd15_nfe10_cfg_seed_sweep/samples/diffusers/stable_diffusion_15/euler/cfg_7.5/ays/seed_000/nfe_010/000039.jpg,schedules/ays_like/published/stable_diffusion_15/nfe_010,outputs/gpde_diffusers_sd15_nfe10_cfg_seed_sweep/samples/diffusers/stable_diffusion_15/euler/cfg_7.5/ays/seed_000/nfe_010,35.80329513549805,1.179231882095337
diffusers,hf_stable_diffusion_15,euler,ays,10,0,7.5,40,a concept art scene of a floating research station above Jupiter's clouds,outputs/gpde_diffusers_sd15_nfe10_cfg_seed_sweep/samples/diffusers/stable_diffusion_15/euler/cfg_7.5/ays/seed_000/nfe_010/000040.jpg,schedules/ays_like/published/stable_diffusion_15/nfe_010,outputs/gpde_diffusers_sd15_nfe10_cfg_seed_sweep/samples/diffusers/stable_diffusion_15/euler/cfg_7.5/ays/seed_000/nfe_010,25.170928955078125,0.6149060726165771
diffusers,hf_stable_diffusion_15,euler,ays,10,0,7.5,41,a detailed pencil drawing of an old bicycle leaning against a brick wall,outputs/gpde_diffusers_sd15_nfe10_cfg_seed_sweep/samples/diffusers/stable_diffusion_15/euler/cfg_7.5/ays/seed_000/nfe_010/000041.jpg,schedules/ays_like/published/stable_diffusion_15/nfe_010,outputs/gpde_diffusers_sd15_nfe10_cfg_seed_sweep/samples/diffusers/stable_diffusion_15/euler/cfg_7.5/ays/seed_000/nfe_010,36.12061309814453,1.065659761428833
diffusers,hf_stable_diffusion_15,euler,ays,10,0,7.5,42,"a museum diorama of prehistoric sea creatures, dramatic educational lighting",outputs/gpde_diffusers_sd15_nfe10_cfg_seed_sweep/samples/diffusers/stable_diffusion_15/euler/cfg_7.5/ays/seed_000/nfe_010/000042.jpg,schedules/ays_like/published/stable_diffusion_15/nfe_010,outputs/gpde_diffusers_sd15_nfe10_cfg_seed_sweep/samples/diffusers/stable_diffusion_15/euler/cfg_7.5/ays/seed_000/nfe_010,30.456453323364258,0.3181227445602417
diffusers,hf_stable_diffusion_15,euler,ays,10,0,7.5,43,"a peaceful Japanese garden with koi pond, stone bridge, and maple leaves",outputs/gpde_diffusers_sd15_nfe10_cfg_seed_sweep/samples/diffusers/stable_diffusion_15/euler/cfg_7.5/ays/seed_000/nfe_010/000043.jpg,schedules/ays_like/published/stable_diffusion_15/nfe_010,outputs/gpde_diffusers_sd15_nfe10_cfg_seed_sweep/samples/diffusers/stable_diffusion_15/euler/cfg_7.5/ays/seed_000/nfe_010,23.50069808959961,-1.1999303102493286
diffusers,hf_stable_diffusion_15,euler,ays,10,0,7.5,44,"a close-up food photograph of ramen with soft egg, steam, and ceramic bowl",outputs/gpde_diffusers_sd15_nfe10_cfg_seed_sweep/samples/diffusers/stable_diffusion_15/euler/cfg_7.5/ays/seed_000/nfe_010/000044.jpg,schedules/ays_like/published/stable_diffusion_15/nfe_010,outputs/gpde_diffusers_sd15_nfe10_cfg_seed_sweep/samples/diffusers/stable_diffusion_15/euler/cfg_7.5/ays/seed_000/nfe_010,31.891956329345703,0.34157395362854004
diffusers,hf_stable_diffusion_15,euler,ays,10,0,7.5,45,a vibrant parade costume covered with mirrors and embroidered flowers,outputs/gpde_diffusers_sd15_nfe10_cfg_seed_sweep/samples/diffusers/stable_diffusion_15/euler/cfg_7.5/ays/seed_000/nfe_010/000045.jpg,schedules/ays_like/published/stable_diffusion_15/nfe_010,outputs/gpde_diffusers_sd15_nfe10_cfg_seed_sweep/samples/diffusers/stable_diffusion_15/euler/cfg_7.5/ays/seed_000/nfe_010,25.515300750732422,-0.8183678984642029
diffusers,hf_stable_diffusion_15,euler,ays,10,0,7.5,46,a realistic image of a hand-crafted wooden chess set mid game by candlelight,outputs/gpde_diffusers_sd15_nfe10_cfg_seed_sweep/samples/diffusers/stable_diffusion_15/euler/cfg_7.5/ays/seed_000/nfe_010/000046.jpg,schedules/ays_like/published/stable_diffusion_15/nfe_010,outputs/gpde_diffusers_sd15_nfe10_cfg_seed_sweep/samples/diffusers/stable_diffusion_15/euler/cfg_7.5/ays/seed_000/nfe_010,26.48709487915039,-1.2767441272735596
diffusers,hf_stable_diffusion_15,euler,ays,10,0,7.5,47,a wide angle view of a data center corridor with blue status lights,outputs/gpde_diffusers_sd15_nfe10_cfg_seed_sweep/samples/diffusers/stable_diffusion_15/euler/cfg_7.5/ays/seed_000/nfe_010/000047.jpg,schedules/ays_like/published/stable_diffusion_15/nfe_010,outputs/gpde_diffusers_sd15_nfe10_cfg_seed_sweep/samples/diffusers/stable_diffusion_15/euler/cfg_7.5/ays/seed_000/nfe_010,24.364282608032227,1.1255725622177124
diffusers,hf_stable_diffusion_15,euler,ays,10,0,7.5,48,a magical realism scene of books flying through an old train carriage,outputs/gpde_diffusers_sd15_nfe10_cfg_seed_sweep/samples/diffusers/stable_diffusion_15/euler/cfg_7.5/ays/seed_000/nfe_010/000048.jpg,schedules/ays_like/published/stable_diffusion_15/nfe_010,outputs/gpde_diffusers_sd15_nfe10_cfg_seed_sweep/samples/diffusers/stable_diffusion_15/euler/cfg_7.5/ays/seed_000/nfe_010,32.58348083496094,-0.07031718641519547
diffusers,hf_stable_diffusion_15,euler,ays,10,0,7.5,49,a studio portrait of a golden retriever wearing aviator goggles and a red scarf,outputs/gpde_diffusers_sd15_nfe10_cfg_seed_sweep/samples/diffusers/stable_diffusion_15/euler/cfg_7.5/ays/seed_000/nfe_010/000049.jpg,schedules/ays_like/published/stable_diffusion_15/nfe_010,outputs/gpde_diffusers_sd15_nfe10_cfg_seed_sweep/samples/diffusers/stable_diffusion_15/euler/cfg_7.5/ays/seed_000/nfe_010,34.87836456298828,1.8002859354019165
diffusers,hf_stable_diffusion_15,euler,ays,10,1,7.5,0,"a cinematic portrait of an astronaut botanist in a glass greenhouse on Mars, detailed fabric, soft rim light",outputs/gpde_diffusers_sd15_nfe10_cfg_seed_sweep/samples/diffusers/stable_diffusion_15/euler/cfg_7.5/ays/seed_001/nfe_010/000000.jpg,schedules/ays_like/published/stable_diffusion_15/nfe_010,outputs/gpde_diffusers_sd15_nfe10_cfg_seed_sweep/samples/diffusers/stable_diffusion_15/euler/cfg_7.5/ays/seed_001/nfe_010,34.28791046142578,0.29586535692214966
diffusers,hf_stable_diffusion_15,euler,ays,10,1,7.5,1,"a small brass robot repairing an antique clock in a sunlit workshop, shallow depth of field",outputs/gpde_diffusers_sd15_nfe10_cfg_seed_sweep/samples/diffusers/stable_diffusion_15/euler/cfg_7.5/ays/seed_001/nfe_010/000001.jpg,schedules/ays_like/published/stable_diffusion_15/nfe_010,outputs/gpde_diffusers_sd15_nfe10_cfg_seed_sweep/samples/diffusers/stable_diffusion_15/euler/cfg_7.5/ays/seed_001/nfe_010,30.35765266418457,-0.6992772817611694
diffusers,hf_stable_diffusion_15,euler,ays,10,1,7.5,2,"a watercolor city street after rain with neon signs reflected in puddles, evening atmosphere",outputs/gpde_diffusers_sd15_nfe10_cfg_seed_sweep/samples/diffusers/stable_diffusion_15/euler/cfg_7.5/ays/seed_001/nfe_010/000002.jpg,schedules/ays_like/published/stable_diffusion_15/nfe_010,outputs/gpde_diffusers_sd15_nfe10_cfg_seed_sweep/samples/diffusers/stable_diffusion_15/euler/cfg_7.5/ays/seed_001/nfe_010,27.183610916137695,0.4308294355869293
diffusers,hf_stable_diffusion_15,euler,ays,10,1,7.5,3,a high resolution studio photo of a ceramic teapot shaped like a seashell on a slate table,outputs/gpde_diffusers_sd15_nfe10_cfg_seed_sweep/samples/diffusers/stable_diffusion_15/euler/cfg_7.5/ays/seed_001/nfe_010/000003.jpg,schedules/ays_like/published/stable_diffusion_15/nfe_010,outputs/gpde_diffusers_sd15_nfe10_cfg_seed_sweep/samples/diffusers/stable_diffusion_15/euler/cfg_7.5/ays/seed_001/nfe_010,33.58518600463867,1.1774272918701172
diffusers,hf_stable_diffusion_15,euler,ays,10,1,7.5,4,"a fantasy library carved inside a giant tree, spiral stairs, warm lanterns, intricate shelves",outputs/gpde_diffusers_sd15_nfe10_cfg_seed_sweep/samples/diffusers/stable_diffusion_15/euler/cfg_7.5/ays/seed_001/nfe_010/000004.jpg,schedules/ays_like/published/stable_diffusion_15/nfe_010,outputs/gpde_diffusers_sd15_nfe10_cfg_seed_sweep/samples/diffusers/stable_diffusion_15/euler/cfg_7.5/ays/seed_001/nfe_010,28.846845626831055,0.03314657136797905
diffusers,hf_stable_diffusion_15,euler,ays,10,1,7.5,5,"a macro photograph of a snowflake resting on dark wool, crisp crystalline detail",outputs/gpde_diffusers_sd15_nfe10_cfg_seed_sweep/samples/diffusers/stable_diffusion_15/euler/cfg_7.5/ays/seed_001/nfe_010/000005.jpg,schedules/ays_like/published/stable_diffusion_15/nfe_010,outputs/gpde_diffusers_sd15_nfe10_cfg_seed_sweep/samples/diffusers/stable_diffusion_15/euler/cfg_7.5/ays/seed_001/nfe_010,27.6007137298584,0.029665762558579445
diffusers,hf_stable_diffusion_15,euler,ays,10,1,7.5,6,"a retro futuristic train crossing a desert at sunset, chrome surfaces, long shadows",outputs/gpde_diffusers_sd15_nfe10_cfg_seed_sweep/samples/diffusers/stable_diffusion_15/euler/cfg_7.5/ays/seed_001/nfe_010/000006.jpg,schedules/ays_like/published/stable_diffusion_15/nfe_010,outputs/gpde_diffusers_sd15_nfe10_cfg_seed_sweep/samples/diffusers/stable_diffusion_15/euler/cfg_7.5/ays/seed_001/nfe_010,29.847332000732422,1.5054892301559448
diffusers,hf_stable_diffusion_15,euler,ays,10,1,7.5,7,"a chef plating a colorful molecular gastronomy dessert, clean restaurant lighting",outputs/gpde_diffusers_sd15_nfe10_cfg_seed_sweep/samples/diffusers/stable_diffusion_15/euler/cfg_7.5/ays/seed_001/nfe_010/000007.jpg,schedules/ays_like/published/stable_diffusion_15/nfe_010,outputs/gpde_diffusers_sd15_nfe10_cfg_seed_sweep/samples/diffusers/stable_diffusion_15/euler/cfg_7.5/ays/seed_001/nfe_010,31.797224044799805,0.55081707239151
diffusers,hf_stable_diffusion_15,euler,ays,10,1,7.5,8,"an isometric cozy bedroom with plants, books, a desk lamp, and a rainy window",outputs/gpde_diffusers_sd15_nfe10_cfg_seed_sweep/samples/diffusers/stable_diffusion_15/euler/cfg_7.5/ays/seed_001/nfe_010/000008.jpg,schedules/ays_like/published/stable_diffusion_15/nfe_010,outputs/gpde_diffusers_sd15_nfe10_cfg_seed_sweep/samples/diffusers/stable_diffusion_15/euler/cfg_7.5/ays/seed_001/nfe_010,29.402589797973633,1.2416003942489624
diffusers,hf_stable_diffusion_15,euler,ays,10,1,7.5,9,"a dramatic mountain monastery above clouds, sunrise, detailed stone architecture",outputs/gpde_diffusers_sd15_nfe10_cfg_seed_sweep/samples/diffusers/stable_diffusion_15/euler/cfg_7.5/ays/seed_001/nfe_010/000009.jpg,schedules/ays_like/published/stable_diffusion_15/nfe_010,outputs/gpde_diffusers_sd15_nfe10_cfg_seed_sweep/samples/diffusers/stable_diffusion_15/euler/cfg_7.5/ays/seed_001/nfe_010,27.942899703979492,1.8008509874343872
diffusers,hf_stable_diffusion_15,euler,ays,10,1,7.5,10,a fashion editorial photo of a model wearing a translucent raincoat in Tokyo at night,outputs/gpde_diffusers_sd15_nfe10_cfg_seed_sweep/samples/diffusers/stable_diffusion_15/euler/cfg_7.5/ays/seed_001/nfe_010/000010.jpg,schedules/ays_like/published/stable_diffusion_15/nfe_010,outputs/gpde_diffusers_sd15_nfe10_cfg_seed_sweep/samples/diffusers/stable_diffusion_15/euler/cfg_7.5/ays/seed_001/nfe_010,35.382076263427734,1.9471949338912964
diffusers,hf_stable_diffusion_15,euler,ays,10,1,7.5,11,a realistic red fox statue made of folded paper on a white museum pedestal,outputs/gpde_diffusers_sd15_nfe10_cfg_seed_sweep/samples/diffusers/stable_diffusion_15/euler/cfg_7.5/ays/seed_001/nfe_010/000011.jpg,schedules/ays_like/published/stable_diffusion_15/nfe_010,outputs/gpde_diffusers_sd15_nfe10_cfg_seed_sweep/samples/diffusers/stable_diffusion_15/euler/cfg_7.5/ays/seed_001/nfe_010,32.960365295410156,1.58027982711792
diffusers,hf_stable_diffusion_15,euler,ays,10,1,7.5,12,a detailed cutaway illustration of a tiny submarine exploring a coral reef,outputs/gpde_diffusers_sd15_nfe10_cfg_seed_sweep/samples/diffusers/stable_diffusion_15/euler/cfg_7.5/ays/seed_001/nfe_010/000012.jpg,schedules/ays_like/published/stable_diffusion_15/nfe_010,outputs/gpde_diffusers_sd15_nfe10_cfg_seed_sweep/samples/diffusers/stable_diffusion_15/euler/cfg_7.5/ays/seed_001/nfe_010,34.104801177978516,1.0442718267440796
diffusers,hf_stable_diffusion_15,euler,ays,10,1,7.5,13,a product photo of wireless headphones on brushed aluminum with blue accent lighting,outputs/gpde_diffusers_sd15_nfe10_cfg_seed_sweep/samples/diffusers/stable_diffusion_15/euler/cfg_7.5/ays/seed_001/nfe_010/000013.jpg,schedules/ays_like/published/stable_diffusion_15/nfe_010,outputs/gpde_diffusers_sd15_nfe10_cfg_seed_sweep/samples/diffusers/stable_diffusion_15/euler/cfg_7.5/ays/seed_001/nfe_010,28.586261749267578,-0.5953006744384766
diffusers,hf_stable_diffusion_15,euler,ays,10,1,7.5,14,"a medieval market square during a festival, banners, musicians, detailed crowd",outputs/gpde_diffusers_sd15_nfe10_cfg_seed_sweep/samples/diffusers/stable_diffusion_15/euler/cfg_7.5/ays/seed_001/nfe_010/000014.jpg,schedules/ays_like/published/stable_diffusion_15/nfe_010,outputs/gpde_diffusers_sd15_nfe10_cfg_seed_sweep/samples/diffusers/stable_diffusion_15/euler/cfg_7.5/ays/seed_001/nfe_010,29.719066619873047,0.3589930236339569
diffusers,hf_stable_diffusion_15,euler,ays,10,1,7.5,15,an oil painting of a violinist performing in an empty subway station,outputs/gpde_diffusers_sd15_nfe10_cfg_seed_sweep/samples/diffusers/stable_diffusion_15/euler/cfg_7.5/ays/seed_001/nfe_010/000015.jpg,schedules/ays_like/published/stable_diffusion_15/nfe_010,outputs/gpde_diffusers_sd15_nfe10_cfg_seed_sweep/samples/diffusers/stable_diffusion_15/euler/cfg_7.5/ays/seed_001/nfe_010,34.13248062133789,0.894641637802124
diffusers,hf_stable_diffusion_15,euler,ays,10,1,7.5,16,"a close-up portrait of an elderly sailor, weathered skin, navy coat, overcast harbor",outputs/gpde_diffusers_sd15_nfe10_cfg_seed_sweep/samples/diffusers/stable_diffusion_15/euler/cfg_7.5/ays/seed_001/nfe_010/000016.jpg,schedules/ays_like/published/stable_diffusion_15/nfe_010,outputs/gpde_diffusers_sd15_nfe10_cfg_seed_sweep/samples/diffusers/stable_diffusion_15/euler/cfg_7.5/ays/seed_001/nfe_010,29.28687286376953,-0.3524588644504547
diffusers,hf_stable_diffusion_15,euler,ays,10,1,7.5,17,a clean architectural rendering of a modern cabin beside a frozen lake,outputs/gpde_diffusers_sd15_nfe10_cfg_seed_sweep/samples/diffusers/stable_diffusion_15/euler/cfg_7.5/ays/seed_001/nfe_010/000017.jpg,schedules/ays_like/published/stable_diffusion_15/nfe_010,outputs/gpde_diffusers_sd15_nfe10_cfg_seed_sweep/samples/diffusers/stable_diffusion_15/euler/cfg_7.5/ays/seed_001/nfe_010,33.336647033691406,-0.6083152890205383
diffusers,hf_stable_diffusion_15,euler,ays,10,1,7.5,18,a surreal desert filled with floating glass spheres and distant black mountains,outputs/gpde_diffusers_sd15_nfe10_cfg_seed_sweep/samples/diffusers/stable_diffusion_15/euler/cfg_7.5/ays/seed_001/nfe_010/000018.jpg,schedules/ays_like/published/stable_diffusion_15/nfe_010,outputs/gpde_diffusers_sd15_nfe10_cfg_seed_sweep/samples/diffusers/stable_diffusion_15/euler/cfg_7.5/ays/seed_001/nfe_010,25.392431259155273,1.482434630393982
diffusers,hf_stable_diffusion_15,euler,ays,10,1,7.5,19,a documentary photo of a scientist collecting ice cores in Antarctica,outputs/gpde_diffusers_sd15_nfe10_cfg_seed_sweep/samples/diffusers/stable_diffusion_15/euler/cfg_7.5/ays/seed_001/nfe_010/000019.jpg,schedules/ays_like/published/stable_diffusion_15/nfe_010,outputs/gpde_diffusers_sd15_nfe10_cfg_seed_sweep/samples/diffusers/stable_diffusion_15/euler/cfg_7.5/ays/seed_001/nfe_010,30.515623092651367,0.5897815227508545
diffusers,hf_stable_diffusion_15,euler,ays,10,1,7.5,20,a detailed 3D render of a mechanical hummingbird with copper wings,outputs/gpde_diffusers_sd15_nfe10_cfg_seed_sweep/samples/diffusers/stable_diffusion_15/euler/cfg_7.5/ays/seed_001/nfe_010/000020.jpg,schedules/ays_like/published/stable_diffusion_15/nfe_010,outputs/gpde_diffusers_sd15_nfe10_cfg_seed_sweep/samples/diffusers/stable_diffusion_15/euler/cfg_7.5/ays/seed_001/nfe_010,36.70018768310547,0.9839865565299988
diffusers,hf_stable_diffusion_15,euler,ays,10,1,7.5,21,"a cozy cafe interior in autumn, pastries, espresso machine, soft morning light",outputs/gpde_diffusers_sd15_nfe10_cfg_seed_sweep/samples/diffusers/stable_diffusion_15/euler/cfg_7.5/ays/seed_001/nfe_010/000021.jpg,schedules/ays_like/published/stable_diffusion_15/nfe_010,outputs/gpde_diffusers_sd15_nfe10_cfg_seed_sweep/samples/diffusers/stable_diffusion_15/euler/cfg_7.5/ays/seed_001/nfe_010,28.681880950927734,-0.21572528779506683
diffusers,hf_stable_diffusion_15,euler,ays,10,1,7.5,22,"a panoramic view of terraced rice fields under mist, workers in colorful clothing",outputs/gpde_diffusers_sd15_nfe10_cfg_seed_sweep/samples/diffusers/stable_diffusion_15/euler/cfg_7.5/ays/seed_001/nfe_010/000022.jpg,schedules/ays_like/published/stable_diffusion_15/nfe_010,outputs/gpde_diffusers_sd15_nfe10_cfg_seed_sweep/samples/diffusers/stable_diffusion_15/euler/cfg_7.5/ays/seed_001/nfe_010,31.15904998779297,0.7383025288581848
diffusers,hf_stable_diffusion_15,euler,ays,10,1,7.5,23,a children's book illustration of a moonlit boat parade on a quiet canal,outputs/gpde_diffusers_sd15_nfe10_cfg_seed_sweep/samples/diffusers/stable_diffusion_15/euler/cfg_7.5/ays/seed_001/nfe_010/000023.jpg,schedules/ays_like/published/stable_diffusion_15/nfe_010,outputs/gpde_diffusers_sd15_nfe10_cfg_seed_sweep/samples/diffusers/stable_diffusion_15/euler/cfg_7.5/ays/seed_001/nfe_010,30.85555648803711,-0.3292594254016876
diffusers,hf_stable_diffusion_15,euler,ays,10,1,7.5,24,"a realistic sports car parked in a concrete tunnel, reflections, low angle",outputs/gpde_diffusers_sd15_nfe10_cfg_seed_sweep/samples/diffusers/stable_diffusion_15/euler/cfg_7.5/ays/seed_001/nfe_010/000024.jpg,schedules/ays_like/published/stable_diffusion_15/nfe_010,outputs/gpde_diffusers_sd15_nfe10_cfg_seed_sweep/samples/diffusers/stable_diffusion_15/euler/cfg_7.5/ays/seed_001/nfe_010,28.48265838623047,1.4549624919891357
diffusers,hf_stable_diffusion_15,euler,ays,10,1,7.5,25,"a botanical diagram of rare orchids with labeled roots and petals, archival paper",outputs/gpde_diffusers_sd15_nfe10_cfg_seed_sweep/samples/diffusers/stable_diffusion_15/euler/cfg_7.5/ays/seed_001/nfe_010/000025.jpg,schedules/ays_like/published/stable_diffusion_15/nfe_010,outputs/gpde_diffusers_sd15_nfe10_cfg_seed_sweep/samples/diffusers/stable_diffusion_15/euler/cfg_7.5/ays/seed_001/nfe_010,31.128585815429688,1.1191625595092773
diffusers,hf_stable_diffusion_15,euler,ays,10,1,7.5,26,"a cyberpunk street food stall with steam, lanterns, and dense urban signage",outputs/gpde_diffusers_sd15_nfe10_cfg_seed_sweep/samples/diffusers/stable_diffusion_15/euler/cfg_7.5/ays/seed_001/nfe_010/000026.jpg,schedules/ays_like/published/stable_diffusion_15/nfe_010,outputs/gpde_diffusers_sd15_nfe10_cfg_seed_sweep/samples/diffusers/stable_diffusion_15/euler/cfg_7.5/ays/seed_001/nfe_010,29.120182037353516,1.4924349784851074
diffusers,hf_stable_diffusion_15,euler,ays,10,1,7.5,27,"a still life of glass fruit bowls, linen cloth, and silver cutlery, natural light",outputs/gpde_diffusers_sd15_nfe10_cfg_seed_sweep/samples/diffusers/stable_diffusion_15/euler/cfg_7.5/ays/seed_001/nfe_010/000027.jpg,schedules/ays_like/published/stable_diffusion_15/nfe_010,outputs/gpde_diffusers_sd15_nfe10_cfg_seed_sweep/samples/diffusers/stable_diffusion_15/euler/cfg_7.5/ays/seed_001/nfe_010,30.232370376586914,-1.2632110118865967
diffusers,hf_stable_diffusion_15,euler,ays,10,1,7.5,28,a heroic statue covered in vines in an abandoned futuristic plaza,outputs/gpde_diffusers_sd15_nfe10_cfg_seed_sweep/samples/diffusers/stable_diffusion_15/euler/cfg_7.5/ays/seed_001/nfe_010/000028.jpg,schedules/ays_like/published/stable_diffusion_15/nfe_010,outputs/gpde_diffusers_sd15_nfe10_cfg_seed_sweep/samples/diffusers/stable_diffusion_15/euler/cfg_7.5/ays/seed_001/nfe_010,30.831274032592773,-0.746134877204895
diffusers,hf_stable_diffusion_15,euler,ays,10,1,7.5,29,a black and white film photograph of dancers rehearsing in a mirror-lined studio,outputs/gpde_diffusers_sd15_nfe10_cfg_seed_sweep/samples/diffusers/stable_diffusion_15/euler/cfg_7.5/ays/seed_001/nfe_010/000029.jpg,schedules/ays_like/published/stable_diffusion_15/nfe_010,outputs/gpde_diffusers_sd15_nfe10_cfg_seed_sweep/samples/diffusers/stable_diffusion_15/euler/cfg_7.5/ays/seed_001/nfe_010,29.389528274536133,0.7463394403457642
diffusers,hf_stable_diffusion_15,euler,ays,10,1,7.5,30,"a detailed scene of a spacecraft cockpit during reentry, glowing controls, tense mood",outputs/gpde_diffusers_sd15_nfe10_cfg_seed_sweep/samples/diffusers/stable_diffusion_15/euler/cfg_7.5/ays/seed_001/nfe_010/000030.jpg,schedules/ays_like/published/stable_diffusion_15/nfe_010,outputs/gpde_diffusers_sd15_nfe10_cfg_seed_sweep/samples/diffusers/stable_diffusion_15/euler/cfg_7.5/ays/seed_001/nfe_010,26.110767364501953,-0.5062121748924255
diffusers,hf_stable_diffusion_15,euler,ays,10,1,7.5,31,a claymation style village bakery with tiny loaves and painted signs,outputs/gpde_diffusers_sd15_nfe10_cfg_seed_sweep/samples/diffusers/stable_diffusion_15/euler/cfg_7.5/ays/seed_001/nfe_010/000031.jpg,schedules/ays_like/published/stable_diffusion_15/nfe_010,outputs/gpde_diffusers_sd15_nfe10_cfg_seed_sweep/samples/diffusers/stable_diffusion_15/euler/cfg_7.5/ays/seed_001/nfe_010,30.804126739501953,-0.18139652907848358
diffusers,hf_stable_diffusion_15,euler,ays,10,1,7.5,32,a realistic underwater photograph of a diver inspecting an ancient marble column,outputs/gpde_diffusers_sd15_nfe10_cfg_seed_sweep/samples/diffusers/stable_diffusion_15/euler/cfg_7.5/ays/seed_001/nfe_010/000032.jpg,schedules/ays_like/published/stable_diffusion_15/nfe_010,outputs/gpde_diffusers_sd15_nfe10_cfg_seed_sweep/samples/diffusers/stable_diffusion_15/euler/cfg_7.5/ays/seed_001/nfe_010,31.40076446533203,-0.07307050377130508
diffusers,hf_stable_diffusion_15,euler,ays,10,1,7.5,33,"a minimalist poster of a jazz quartet in deep red, cream, and black",outputs/gpde_diffusers_sd15_nfe10_cfg_seed_sweep/samples/diffusers/stable_diffusion_15/euler/cfg_7.5/ays/seed_001/nfe_010/000033.jpg,schedules/ays_like/published/stable_diffusion_15/nfe_010,outputs/gpde_diffusers_sd15_nfe10_cfg_seed_sweep/samples/diffusers/stable_diffusion_15/euler/cfg_7.5/ays/seed_001/nfe_010,24.37308692932129,-2.0525310039520264
diffusers,hf_stable_diffusion_15,euler,ays,10,1,7.5,34,a high detail portrait of a queen wearing armor made of mother of pearl,outputs/gpde_diffusers_sd15_nfe10_cfg_seed_sweep/samples/diffusers/stable_diffusion_15/euler/cfg_7.5/ays/seed_001/nfe_010/000034.jpg,schedules/ays_like/published/stable_diffusion_15/nfe_010,outputs/gpde_diffusers_sd15_nfe10_cfg_seed_sweep/samples/diffusers/stable_diffusion_15/euler/cfg_7.5/ays/seed_001/nfe_010,28.73825454711914,1.0265545845031738
diffusers,hf_stable_diffusion_15,euler,ays,10,1,7.5,35,"a top-down board game map of an island with forests, cliffs, and hidden ruins",outputs/gpde_diffusers_sd15_nfe10_cfg_seed_sweep/samples/diffusers/stable_diffusion_15/euler/cfg_7.5/ays/seed_001/nfe_010/000035.jpg,schedules/ays_like/published/stable_diffusion_15/nfe_010,outputs/gpde_diffusers_sd15_nfe10_cfg_seed_sweep/samples/diffusers/stable_diffusion_15/euler/cfg_7.5/ays/seed_001/nfe_010,25.830984115600586,-0.8289764523506165
diffusers,hf_stable_diffusion_15,euler,ays,10,1,7.5,36,"a luxury watch exploded view on a dark background, precise gears and screws",outputs/gpde_diffusers_sd15_nfe10_cfg_seed_sweep/samples/diffusers/stable_diffusion_15/euler/cfg_7.5/ays/seed_001/nfe_010/000036.jpg,schedules/ays_like/published/stable_diffusion_15/nfe_010,outputs/gpde_diffusers_sd15_nfe10_cfg_seed_sweep/samples/diffusers/stable_diffusion_15/euler/cfg_7.5/ays/seed_001/nfe_010,29.044734954833984,-0.06035313010215759
diffusers,hf_stable_diffusion_15,euler,ays,10,1,7.5,37,"a sunlit greenhouse filled with tomatoes, watering cans, and terracotta pots",outputs/gpde_diffusers_sd15_nfe10_cfg_seed_sweep/samples/diffusers/stable_diffusion_15/euler/cfg_7.5/ays/seed_001/nfe_010/000037.jpg,schedules/ays_like/published/stable_diffusion_15/nfe_010,outputs/gpde_diffusers_sd15_nfe10_cfg_seed_sweep/samples/diffusers/stable_diffusion_15/euler/cfg_7.5/ays/seed_001/nfe_010,27.683818817138672,-0.12461016327142715
diffusers,hf_stable_diffusion_15,euler,ays,10,1,7.5,38,a night landscape of fireflies over a meadow beside a quiet river,outputs/gpde_diffusers_sd15_nfe10_cfg_seed_sweep/samples/diffusers/stable_diffusion_15/euler/cfg_7.5/ays/seed_001/nfe_010/000038.jpg,schedules/ays_like/published/stable_diffusion_15/nfe_010,outputs/gpde_diffusers_sd15_nfe10_cfg_seed_sweep/samples/diffusers/stable_diffusion_15/euler/cfg_7.5/ays/seed_001/nfe_010,28.79730224609375,0.28784072399139404
diffusers,hf_stable_diffusion_15,euler,ays,10,1,7.5,39,a realistic photo of a rescue helicopter landing on a snowy mountain ridge,outputs/gpde_diffusers_sd15_nfe10_cfg_seed_sweep/samples/diffusers/stable_diffusion_15/euler/cfg_7.5/ays/seed_001/nfe_010/000039.jpg,schedules/ays_like/published/stable_diffusion_15/nfe_010,outputs/gpde_diffusers_sd15_nfe10_cfg_seed_sweep/samples/diffusers/stable_diffusion_15/euler/cfg_7.5/ays/seed_001/nfe_010,32.219242095947266,0.8836607933044434
diffusers,hf_stable_diffusion_15,euler,ays,10,1,7.5,40,a concept art scene of a floating research station above Jupiter's clouds,outputs/gpde_diffusers_sd15_nfe10_cfg_seed_sweep/samples/diffusers/stable_diffusion_15/euler/cfg_7.5/ays/seed_001/nfe_010/000040.jpg,schedules/ays_like/published/stable_diffusion_15/nfe_010,outputs/gpde_diffusers_sd15_nfe10_cfg_seed_sweep/samples/diffusers/stable_diffusion_15/euler/cfg_7.5/ays/seed_001/nfe_010,26.80670928955078,-0.4081113934516907
diffusers,hf_stable_diffusion_15,euler,ays,10,1,7.5,41,a detailed pencil drawing of an old bicycle leaning against a brick wall,outputs/gpde_diffusers_sd15_nfe10_cfg_seed_sweep/samples/diffusers/stable_diffusion_15/euler/cfg_7.5/ays/seed_001/nfe_010/000041.jpg,schedules/ays_like/published/stable_diffusion_15/nfe_010,outputs/gpde_diffusers_sd15_nfe10_cfg_seed_sweep/samples/diffusers/stable_diffusion_15/euler/cfg_7.5/ays/seed_001/nfe_010,34.48658752441406,1.1316760778427124
diffusers,hf_stable_diffusion_15,euler,ays,10,1,7.5,42,"a museum diorama of prehistoric sea creatures, dramatic educational lighting",outputs/gpde_diffusers_sd15_nfe10_cfg_seed_sweep/samples/diffusers/stable_diffusion_15/euler/cfg_7.5/ays/seed_001/nfe_010/000042.jpg,schedules/ays_like/published/stable_diffusion_15/nfe_010,outputs/gpde_diffusers_sd15_nfe10_cfg_seed_sweep/samples/diffusers/stable_diffusion_15/euler/cfg_7.5/ays/seed_001/nfe_010,31.747901916503906,0.4223802387714386
diffusers,hf_stable_diffusion_15,euler,ays,10,1,7.5,43,"a peaceful Japanese garden with koi pond, stone bridge, and maple leaves",outputs/gpde_diffusers_sd15_nfe10_cfg_seed_sweep/samples/diffusers/stable_diffusion_15/euler/cfg_7.5/ays/seed_001/nfe_010/000043.jpg,schedules/ays_like/published/stable_diffusion_15/nfe_010,outputs/gpde_diffusers_sd15_nfe10_cfg_seed_sweep/samples/diffusers/stable_diffusion_15/euler/cfg_7.5/ays/seed_001/nfe_010,25.355392456054688,-0.7380052804946899
diffusers,hf_stable_diffusion_15,euler,ays,10,1,7.5,44,"a close-up food photograph of ramen with soft egg, steam, and ceramic bowl",outputs/gpde_diffusers_sd15_nfe10_cfg_seed_sweep/samples/diffusers/stable_diffusion_15/euler/cfg_7.5/ays/seed_001/nfe_010/000044.jpg,schedules/ays_like/published/stable_diffusion_15/nfe_010,outputs/gpde_diffusers_sd15_nfe10_cfg_seed_sweep/samples/diffusers/stable_diffusion_15/euler/cfg_7.5/ays/seed_001/nfe_010,32.454376220703125,-0.36537468433380127
diffusers,hf_stable_diffusion_15,euler,ays,10,1,7.5,45,a vibrant parade costume covered with mirrors and embroidered flowers,outputs/gpde_diffusers_sd15_nfe10_cfg_seed_sweep/samples/diffusers/stable_diffusion_15/euler/cfg_7.5/ays/seed_001/nfe_010/000045.jpg,schedules/ays_like/published/stable_diffusion_15/nfe_010,outputs/gpde_diffusers_sd15_nfe10_cfg_seed_sweep/samples/diffusers/stable_diffusion_15/euler/cfg_7.5/ays/seed_001/nfe_010,30.607791900634766,-0.17932802438735962
diffusers,hf_stable_diffusion_15,euler,ays,10,1,7.5,46,a realistic image of a hand-crafted wooden chess set mid game by candlelight,outputs/gpde_diffusers_sd15_nfe10_cfg_seed_sweep/samples/diffusers/stable_diffusion_15/euler/cfg_7.5/ays/seed_001/nfe_010/000046.jpg,schedules/ays_like/published/stable_diffusion_15/nfe_010,outputs/gpde_diffusers_sd15_nfe10_cfg_seed_sweep/samples/diffusers/stable_diffusion_15/euler/cfg_7.5/ays/seed_001/nfe_010,27.321687698364258,0.915188729763031
diffusers,hf_stable_diffusion_15,euler,ays,10,1,7.5,47,a wide angle view of a data center corridor with blue status lights,outputs/gpde_diffusers_sd15_nfe10_cfg_seed_sweep/samples/diffusers/stable_diffusion_15/euler/cfg_7.5/ays/seed_001/nfe_010/000047.jpg,schedules/ays_like/published/stable_diffusion_15/nfe_010,outputs/gpde_diffusers_sd15_nfe10_cfg_seed_sweep/samples/diffusers/stable_diffusion_15/euler/cfg_7.5/ays/seed_001/nfe_010,21.187257766723633,1.6681921482086182
diffusers,hf_stable_diffusion_15,euler,ays,10,1,7.5,48,a magical realism scene of books flying through an old train carriage,outputs/gpde_diffusers_sd15_nfe10_cfg_seed_sweep/samples/diffusers/stable_diffusion_15/euler/cfg_7.5/ays/seed_001/nfe_010/000048.jpg,schedules/ays_like/published/stable_diffusion_15/nfe_010,outputs/gpde_diffusers_sd15_nfe10_cfg_seed_sweep/samples/diffusers/stable_diffusion_15/euler/cfg_7.5/ays/seed_001/nfe_010,33.180259704589844,-0.5925473570823669
diffusers,hf_stable_diffusion_15,euler,ays,10,1,7.5,49,a studio portrait of a golden retriever wearing aviator goggles and a red scarf,outputs/gpde_diffusers_sd15_nfe10_cfg_seed_sweep/samples/diffusers/stable_diffusion_15/euler/cfg_7.5/ays/seed_001/nfe_010/000049.jpg,schedules/ays_like/published/stable_diffusion_15/nfe_010,outputs/gpde_diffusers_sd15_nfe10_cfg_seed_sweep/samples/diffusers/stable_diffusion_15/euler/cfg_7.5/ays/seed_001/nfe_010,30.390743255615234,-0.07893375307321548
diffusers,hf_stable_diffusion_15,euler,ays,10,2,7.5,0,"a cinematic portrait of an astronaut botanist in a glass greenhouse on Mars, detailed fabric, soft rim light",outputs/gpde_diffusers_sd15_nfe10_cfg_seed_sweep/samples/diffusers/stable_diffusion_15/euler/cfg_7.5/ays/seed_002/nfe_010/000000.jpg,schedules/ays_like/published/stable_diffusion_15/nfe_010,outputs/gpde_diffusers_sd15_nfe10_cfg_seed_sweep/samples/diffusers/stable_diffusion_15/euler/cfg_7.5/ays/seed_002/nfe_010,34.559165954589844,-1.0797628164291382
diffusers,hf_stable_diffusion_15,euler,ays,10,2,7.5,1,"a small brass robot repairing an antique clock in a sunlit workshop, shallow depth of field",outputs/gpde_diffusers_sd15_nfe10_cfg_seed_sweep/samples/diffusers/stable_diffusion_15/euler/cfg_7.5/ays/seed_002/nfe_010/000001.jpg,schedules/ays_like/published/stable_diffusion_15/nfe_010,outputs/gpde_diffusers_sd15_nfe10_cfg_seed_sweep/samples/diffusers/stable_diffusion_15/euler/cfg_7.5/ays/seed_002/nfe_010,30.584680557250977,-1.700175404548645
diffusers,hf_stable_diffusion_15,euler,ays,10,2,7.5,2,"a watercolor city street after rain with neon signs reflected in puddles, evening atmosphere",outputs/gpde_diffusers_sd15_nfe10_cfg_seed_sweep/samples/diffusers/stable_diffusion_15/euler/cfg_7.5/ays/seed_002/nfe_010/000002.jpg,schedules/ays_like/published/stable_diffusion_15/nfe_010,outputs/gpde_diffusers_sd15_nfe10_cfg_seed_sweep/samples/diffusers/stable_diffusion_15/euler/cfg_7.5/ays/seed_002/nfe_010,28.210247039794922,1.0336607694625854
diffusers,hf_stable_diffusion_15,euler,ays,10,2,7.5,3,a high resolution studio photo of a ceramic teapot shaped like a seashell on a slate table,outputs/gpde_diffusers_sd15_nfe10_cfg_seed_sweep/samples/diffusers/stable_diffusion_15/euler/cfg_7.5/ays/seed_002/nfe_010/000003.jpg,schedules/ays_like/published/stable_diffusion_15/nfe_010,outputs/gpde_diffusers_sd15_nfe10_cfg_seed_sweep/samples/diffusers/stable_diffusion_15/euler/cfg_7.5/ays/seed_002/nfe_010,30.660158157348633,1.5158532857894897
diffusers,hf_stable_diffusion_15,euler,ays,10,2,7.5,4,"a fantasy library carved inside a giant tree, spiral stairs, warm lanterns, intricate shelves",outputs/gpde_diffusers_sd15_nfe10_cfg_seed_sweep/samples/diffusers/stable_diffusion_15/euler/cfg_7.5/ays/seed_002/nfe_010/000004.jpg,schedules/ays_like/published/stable_diffusion_15/nfe_010,outputs/gpde_diffusers_sd15_nfe10_cfg_seed_sweep/samples/diffusers/stable_diffusion_15/euler/cfg_7.5/ays/seed_002/nfe_010,28.720897674560547,-0.12455195933580399
diffusers,hf_stable_diffusion_15,euler,ays,10,2,7.5,5,"a macro photograph of a snowflake resting on dark wool, crisp crystalline detail",outputs/gpde_diffusers_sd15_nfe10_cfg_seed_sweep/samples/diffusers/stable_diffusion_15/euler/cfg_7.5/ays/seed_002/nfe_010/000005.jpg,schedules/ays_like/published/stable_diffusion_15/nfe_010,outputs/gpde_diffusers_sd15_nfe10_cfg_seed_sweep/samples/diffusers/stable_diffusion_15/euler/cfg_7.5/ays/seed_002/nfe_010,25.345685958862305,-0.5159420967102051
diffusers,hf_stable_diffusion_15,euler,ays,10,2,7.5,6,"a retro futuristic train crossing a desert at sunset, chrome surfaces, long shadows",outputs/gpde_diffusers_sd15_nfe10_cfg_seed_sweep/samples/diffusers/stable_diffusion_15/euler/cfg_7.5/ays/seed_002/nfe_010/000006.jpg,schedules/ays_like/published/stable_diffusion_15/nfe_010,outputs/gpde_diffusers_sd15_nfe10_cfg_seed_sweep/samples/diffusers/stable_diffusion_15/euler/cfg_7.5/ays/seed_002/nfe_010,27.52218246459961,1.1874014139175415
diffusers,hf_stable_diffusion_15,euler,ays,10,2,7.5,7,"a chef plating a colorful molecular gastronomy dessert, clean restaurant lighting",outputs/gpde_diffusers_sd15_nfe10_cfg_seed_sweep/samples/diffusers/stable_diffusion_15/euler/cfg_7.5/ays/seed_002/nfe_010/000007.jpg,schedules/ays_like/published/stable_diffusion_15/nfe_010,outputs/gpde_diffusers_sd15_nfe10_cfg_seed_sweep/samples/diffusers/stable_diffusion_15/euler/cfg_7.5/ays/seed_002/nfe_010,27.438032150268555,0.562918484210968
diffusers,hf_stable_diffusion_15,euler,ays,10,2,7.5,8,"an isometric cozy bedroom with plants, books, a desk lamp, and a rainy window",outputs/gpde_diffusers_sd15_nfe10_cfg_seed_sweep/samples/diffusers/stable_diffusion_15/euler/cfg_7.5/ays/seed_002/nfe_010/000008.jpg,schedules/ays_like/published/stable_diffusion_15/nfe_010,outputs/gpde_diffusers_sd15_nfe10_cfg_seed_sweep/samples/diffusers/stable_diffusion_15/euler/cfg_7.5/ays/seed_002/nfe_010,28.650602340698242,0.9566311240196228
diffusers,hf_stable_diffusion_15,euler,ays,10,2,7.5,9,"a dramatic mountain monastery above clouds, sunrise, detailed stone architecture",outputs/gpde_diffusers_sd15_nfe10_cfg_seed_sweep/samples/diffusers/stable_diffusion_15/euler/cfg_7.5/ays/seed_002/nfe_010/000009.jpg,schedules/ays_like/published/stable_diffusion_15/nfe_010,outputs/gpde_diffusers_sd15_nfe10_cfg_seed_sweep/samples/diffusers/stable_diffusion_15/euler/cfg_7.5/ays/seed_002/nfe_010,32.030765533447266,1.707241415977478
diffusers,hf_stable_diffusion_15,euler,ays,10,2,7.5,10,a fashion editorial photo of a model wearing a translucent raincoat in Tokyo at night,outputs/gpde_diffusers_sd15_nfe10_cfg_seed_sweep/samples/diffusers/stable_diffusion_15/euler/cfg_7.5/ays/seed_002/nfe_010/000010.jpg,schedules/ays_like/published/stable_diffusion_15/nfe_010,outputs/gpde_diffusers_sd15_nfe10_cfg_seed_sweep/samples/diffusers/stable_diffusion_15/euler/cfg_7.5/ays/seed_002/nfe_010,35.745269775390625,1.113965630531311
diffusers,hf_stable_diffusion_15,euler,ays,10,2,7.5,11,a realistic red fox statue made of folded paper on a white museum pedestal,outputs/gpde_diffusers_sd15_nfe10_cfg_seed_sweep/samples/diffusers/stable_diffusion_15/euler/cfg_7.5/ays/seed_002/nfe_010/000011.jpg,schedules/ays_like/published/stable_diffusion_15/nfe_010,outputs/gpde_diffusers_sd15_nfe10_cfg_seed_sweep/samples/diffusers/stable_diffusion_15/euler/cfg_7.5/ays/seed_002/nfe_010,32.526100158691406,0.666806697845459
diffusers,hf_stable_diffusion_15,euler,ays,10,2,7.5,12,a detailed cutaway illustration of a tiny submarine exploring a coral reef,outputs/gpde_diffusers_sd15_nfe10_cfg_seed_sweep/samples/diffusers/stable_diffusion_15/euler/cfg_7.5/ays/seed_002/nfe_010/000012.jpg,schedules/ays_like/published/stable_diffusion_15/nfe_010,outputs/gpde_diffusers_sd15_nfe10_cfg_seed_sweep/samples/diffusers/stable_diffusion_15/euler/cfg_7.5/ays/seed_002/nfe_010,28.61739158630371,-1.2979013919830322
diffusers,hf_stable_diffusion_15,euler,ays,10,2,7.5,13,a product photo of wireless headphones on brushed aluminum with blue accent lighting,outputs/gpde_diffusers_sd15_nfe10_cfg_seed_sweep/samples/diffusers/stable_diffusion_15/euler/cfg_7.5/ays/seed_002/nfe_010/000013.jpg,schedules/ays_like/published/stable_diffusion_15/nfe_010,outputs/gpde_diffusers_sd15_nfe10_cfg_seed_sweep/samples/diffusers/stable_diffusion_15/euler/cfg_7.5/ays/seed_002/nfe_010,21.78705596923828,-0.9064581990242004
diffusers,hf_stable_diffusion_15,euler,ays,10,2,7.5,14,"a medieval market square during a festival, banners, musicians, detailed crowd",outputs/gpde_diffusers_sd15_nfe10_cfg_seed_sweep/samples/diffusers/stable_diffusion_15/euler/cfg_7.5/ays/seed_002/nfe_010/000014.jpg,schedules/ays_like/published/stable_diffusion_15/nfe_010,outputs/gpde_diffusers_sd15_nfe10_cfg_seed_sweep/samples/diffusers/stable_diffusion_15/euler/cfg_7.5/ays/seed_002/nfe_010,27.455944061279297,0.16575290262699127
diffusers,hf_stable_diffusion_15,euler,ays,10,2,7.5,15,an oil painting of a violinist performing in an empty subway station,outputs/gpde_diffusers_sd15_nfe10_cfg_seed_sweep/samples/diffusers/stable_diffusion_15/euler/cfg_7.5/ays/seed_002/nfe_010/000015.jpg,schedules/ays_like/published/stable_diffusion_15/nfe_010,outputs/gpde_diffusers_sd15_nfe10_cfg_seed_sweep/samples/diffusers/stable_diffusion_15/euler/cfg_7.5/ays/seed_002/nfe_010,41.85210418701172,1.7040960788726807
diffusers,hf_stable_diffusion_15,euler,ays,10,2,7.5,16,"a close-up portrait of an elderly sailor, weathered skin, navy coat, overcast harbor",outputs/gpde_diffusers_sd15_nfe10_cfg_seed_sweep/samples/diffusers/stable_diffusion_15/euler/cfg_7.5/ays/seed_002/nfe_010/000016.jpg,schedules/ays_like/published/stable_diffusion_15/nfe_010,outputs/gpde_diffusers_sd15_nfe10_cfg_seed_sweep/samples/diffusers/stable_diffusion_15/euler/cfg_7.5/ays/seed_002/nfe_010,29.33214569091797,1.2087401151657104
diffusers,hf_stable_diffusion_15,euler,ays,10,2,7.5,17,a clean architectural rendering of a modern cabin beside a frozen lake,outputs/gpde_diffusers_sd15_nfe10_cfg_seed_sweep/samples/diffusers/stable_diffusion_15/euler/cfg_7.5/ays/seed_002/nfe_010/000017.jpg,schedules/ays_like/published/stable_diffusion_15/nfe_010,outputs/gpde_diffusers_sd15_nfe10_cfg_seed_sweep/samples/diffusers/stable_diffusion_15/euler/cfg_7.5/ays/seed_002/nfe_010,34.373573303222656,0.31444913148880005
diffusers,hf_stable_diffusion_15,euler,ays,10,2,7.5,18,a surreal desert filled with floating glass spheres and distant black mountains,outputs/gpde_diffusers_sd15_nfe10_cfg_seed_sweep/samples/diffusers/stable_diffusion_15/euler/cfg_7.5/ays/seed_002/nfe_010/000018.jpg,schedules/ays_like/published/stable_diffusion_15/nfe_010,outputs/gpde_diffusers_sd15_nfe10_cfg_seed_sweep/samples/diffusers/stable_diffusion_15/euler/cfg_7.5/ays/seed_002/nfe_010,22.636234283447266,-0.949907660484314
diffusers,hf_stable_diffusion_15,euler,ays,10,2,7.5,19,a documentary photo of a scientist collecting ice cores in Antarctica,outputs/gpde_diffusers_sd15_nfe10_cfg_seed_sweep/samples/diffusers/stable_diffusion_15/euler/cfg_7.5/ays/seed_002/nfe_010/000019.jpg,schedules/ays_like/published/stable_diffusion_15/nfe_010,outputs/gpde_diffusers_sd15_nfe10_cfg_seed_sweep/samples/diffusers/stable_diffusion_15/euler/cfg_7.5/ays/seed_002/nfe_010,30.678091049194336,0.8143283724784851
diffusers,hf_stable_diffusion_15,euler,ays,10,2,7.5,20,a detailed 3D render of a mechanical hummingbird with copper wings,outputs/gpde_diffusers_sd15_nfe10_cfg_seed_sweep/samples/diffusers/stable_diffusion_15/euler/cfg_7.5/ays/seed_002/nfe_010/000020.jpg,schedules/ays_like/published/stable_diffusion_15/nfe_010,outputs/gpde_diffusers_sd15_nfe10_cfg_seed_sweep/samples/diffusers/stable_diffusion_15/euler/cfg_7.5/ays/seed_002/nfe_010,31.5999755859375,0.21687212586402893
diffusers,hf_stable_diffusion_15,euler,ays,10,2,7.5,21,"a cozy cafe interior in autumn, pastries, espresso machine, soft morning light",outputs/gpde_diffusers_sd15_nfe10_cfg_seed_sweep/samples/diffusers/stable_diffusion_15/euler/cfg_7.5/ays/seed_002/nfe_010/000021.jpg,schedules/ays_like/published/stable_diffusion_15/nfe_010,outputs/gpde_diffusers_sd15_nfe10_cfg_seed_sweep/samples/diffusers/stable_diffusion_15/euler/cfg_7.5/ays/seed_002/nfe_010,31.178287506103516,-0.1755443960428238
diffusers,hf_stable_diffusion_15,euler,ays,10,2,7.5,22,"a panoramic view of terraced rice fields under mist, workers in colorful clothing",outputs/gpde_diffusers_sd15_nfe10_cfg_seed_sweep/samples/diffusers/stable_diffusion_15/euler/cfg_7.5/ays/seed_002/nfe_010/000022.jpg,schedules/ays_like/published/stable_diffusion_15/nfe_010,outputs/gpde_diffusers_sd15_nfe10_cfg_seed_sweep/samples/diffusers/stable_diffusion_15/euler/cfg_7.5/ays/seed_002/nfe_010,28.11176109313965,0.5486049056053162
diffusers,hf_stable_diffusion_15,euler,ays,10,2,7.5,23,a children's book illustration of a moonlit boat parade on a quiet canal,outputs/gpde_diffusers_sd15_nfe10_cfg_seed_sweep/samples/diffusers/stable_diffusion_15/euler/cfg_7.5/ays/seed_002/nfe_010/000023.jpg,schedules/ays_like/published/stable_diffusion_15/nfe_010,outputs/gpde_diffusers_sd15_nfe10_cfg_seed_sweep/samples/diffusers/stable_diffusion_15/euler/cfg_7.5/ays/seed_002/nfe_010,31.94890594482422,0.24465999007225037
diffusers,hf_stable_diffusion_15,euler,ays,10,2,7.5,24,"a realistic sports car parked in a concrete tunnel, reflections, low angle",outputs/gpde_diffusers_sd15_nfe10_cfg_seed_sweep/samples/diffusers/stable_diffusion_15/euler/cfg_7.5/ays/seed_002/nfe_010/000024.jpg,schedules/ays_like/published/stable_diffusion_15/nfe_010,outputs/gpde_diffusers_sd15_nfe10_cfg_seed_sweep/samples/diffusers/stable_diffusion_15/euler/cfg_7.5/ays/seed_002/nfe_010,27.832544326782227,0.6598849296569824
diffusers,hf_stable_diffusion_15,euler,ays,10,2,7.5,25,"a botanical diagram of rare orchids with labeled roots and petals, archival paper",outputs/gpde_diffusers_sd15_nfe10_cfg_seed_sweep/samples/diffusers/stable_diffusion_15/euler/cfg_7.5/ays/seed_002/nfe_010/000025.jpg,schedules/ays_like/published/stable_diffusion_15/nfe_010,outputs/gpde_diffusers_sd15_nfe10_cfg_seed_sweep/samples/diffusers/stable_diffusion_15/euler/cfg_7.5/ays/seed_002/nfe_010,32.454715728759766,1.7447779178619385
diffusers,hf_stable_diffusion_15,euler,ays,10,2,7.5,26,"a cyberpunk street food stall with steam, lanterns, and dense urban signage",outputs/gpde_diffusers_sd15_nfe10_cfg_seed_sweep/samples/diffusers/stable_diffusion_15/euler/cfg_7.5/ays/seed_002/nfe_010/000026.jpg,schedules/ays_like/published/stable_diffusion_15/nfe_010,outputs/gpde_diffusers_sd15_nfe10_cfg_seed_sweep/samples/diffusers/stable_diffusion_15/euler/cfg_7.5/ays/seed_002/nfe_010,29.426610946655273,0.11753243207931519
diffusers,hf_stable_diffusion_15,euler,ays,10,2,7.5,27,"a still life of glass fruit bowls, linen cloth, and silver cutlery, natural light",outputs/gpde_diffusers_sd15_nfe10_cfg_seed_sweep/samples/diffusers/stable_diffusion_15/euler/cfg_7.5/ays/seed_002/nfe_010/000027.jpg,schedules/ays_like/published/stable_diffusion_15/nfe_010,outputs/gpde_diffusers_sd15_nfe10_cfg_seed_sweep/samples/diffusers/stable_diffusion_15/euler/cfg_7.5/ays/seed_002/nfe_010,32.76120376586914,-1.3000967502593994
diffusers,hf_stable_diffusion_15,euler,ays,10,2,7.5,28,a heroic statue covered in vines in an abandoned futuristic plaza,outputs/gpde_diffusers_sd15_nfe10_cfg_seed_sweep/samples/diffusers/stable_diffusion_15/euler/cfg_7.5/ays/seed_002/nfe_010/000028.jpg,schedules/ays_like/published/stable_diffusion_15/nfe_010,outputs/gpde_diffusers_sd15_nfe10_cfg_seed_sweep/samples/diffusers/stable_diffusion_15/euler/cfg_7.5/ays/seed_002/nfe_010,31.405746459960938,-0.08958281576633453
diffusers,hf_stable_diffusion_15,euler,ays,10,2,7.5,29,a black and white film photograph of dancers rehearsing in a mirror-lined studio,outputs/gpde_diffusers_sd15_nfe10_cfg_seed_sweep/samples/diffusers/stable_diffusion_15/euler/cfg_7.5/ays/seed_002/nfe_010/000029.jpg,schedules/ays_like/published/stable_diffusion_15/nfe_010,outputs/gpde_diffusers_sd15_nfe10_cfg_seed_sweep/samples/diffusers/stable_diffusion_15/euler/cfg_7.5/ays/seed_002/nfe_010,30.228382110595703,-0.16318991780281067
diffusers,hf_stable_diffusion_15,euler,ays,10,2,7.5,30,"a detailed scene of a spacecraft cockpit during reentry, glowing controls, tense mood",outputs/gpde_diffusers_sd15_nfe10_cfg_seed_sweep/samples/diffusers/stable_diffusion_15/euler/cfg_7.5/ays/seed_002/nfe_010/000030.jpg,schedules/ays_like/published/stable_diffusion_15/nfe_010,outputs/gpde_diffusers_sd15_nfe10_cfg_seed_sweep/samples/diffusers/stable_diffusion_15/euler/cfg_7.5/ays/seed_002/nfe_010,30.62434196472168,-0.5611000657081604
diffusers,hf_stable_diffusion_15,euler,ays,10,2,7.5,31,a claymation style village bakery with tiny loaves and painted signs,outputs/gpde_diffusers_sd15_nfe10_cfg_seed_sweep/samples/diffusers/stable_diffusion_15/euler/cfg_7.5/ays/seed_002/nfe_010/000031.jpg,schedules/ays_like/published/stable_diffusion_15/nfe_010,outputs/gpde_diffusers_sd15_nfe10_cfg_seed_sweep/samples/diffusers/stable_diffusion_15/euler/cfg_7.5/ays/seed_002/nfe_010,29.855113983154297,-1.478615164756775
diffusers,hf_stable_diffusion_15,euler,ays,10,2,7.5,32,a realistic underwater photograph of a diver inspecting an ancient marble column,outputs/gpde_diffusers_sd15_nfe10_cfg_seed_sweep/samples/diffusers/stable_diffusion_15/euler/cfg_7.5/ays/seed_002/nfe_010/000032.jpg,schedules/ays_like/published/stable_diffusion_15/nfe_010,outputs/gpde_diffusers_sd15_nfe10_cfg_seed_sweep/samples/diffusers/stable_diffusion_15/euler/cfg_7.5/ays/seed_002/nfe_010,30.27859878540039,0.6322519779205322
diffusers,hf_stable_diffusion_15,euler,ays,10,2,7.5,33,"a minimalist poster of a jazz quartet in deep red, cream, and black",outputs/gpde_diffusers_sd15_nfe10_cfg_seed_sweep/samples/diffusers/stable_diffusion_15/euler/cfg_7.5/ays/seed_002/nfe_010/000033.jpg,schedules/ays_like/published/stable_diffusion_15/nfe_010,outputs/gpde_diffusers_sd15_nfe10_cfg_seed_sweep/samples/diffusers/stable_diffusion_15/euler/cfg_7.5/ays/seed_002/nfe_010,29.411489486694336,-0.30616557598114014
diffusers,hf_stable_diffusion_15,euler,ays,10,2,7.5,34,a high detail portrait of a queen wearing armor made of mother of pearl,outputs/gpde_diffusers_sd15_nfe10_cfg_seed_sweep/samples/diffusers/stable_diffusion_15/euler/cfg_7.5/ays/seed_002/nfe_010/000034.jpg,schedules/ays_like/published/stable_diffusion_15/nfe_010,outputs/gpde_diffusers_sd15_nfe10_cfg_seed_sweep/samples/diffusers/stable_diffusion_15/euler/cfg_7.5/ays/seed_002/nfe_010,25.455211639404297,0.9112107753753662
diffusers,hf_stable_diffusion_15,euler,ays,10,2,7.5,35,"a top-down board game map of an island with forests, cliffs, and hidden ruins",outputs/gpde_diffusers_sd15_nfe10_cfg_seed_sweep/samples/diffusers/stable_diffusion_15/euler/cfg_7.5/ays/seed_002/nfe_010/000035.jpg,schedules/ays_like/published/stable_diffusion_15/nfe_010,outputs/gpde_diffusers_sd15_nfe10_cfg_seed_sweep/samples/diffusers/stable_diffusion_15/euler/cfg_7.5/ays/seed_002/nfe_010,27.37051010131836,-0.5027403831481934
diffusers,hf_stable_diffusion_15,euler,ays,10,2,7.5,36,"a luxury watch exploded view on a dark background, precise gears and screws",outputs/gpde_diffusers_sd15_nfe10_cfg_seed_sweep/samples/diffusers/stable_diffusion_15/euler/cfg_7.5/ays/seed_002/nfe_010/000036.jpg,schedules/ays_like/published/stable_diffusion_15/nfe_010,outputs/gpde_diffusers_sd15_nfe10_cfg_seed_sweep/samples/diffusers/stable_diffusion_15/euler/cfg_7.5/ays/seed_002/nfe_010,26.779661178588867,0.710871696472168
diffusers,hf_stable_diffusion_15,euler,ays,10,2,7.5,37,"a sunlit greenhouse filled with tomatoes, watering cans, and terracotta pots",outputs/gpde_diffusers_sd15_nfe10_cfg_seed_sweep/samples/diffusers/stable_diffusion_15/euler/cfg_7.5/ays/seed_002/nfe_010/000037.jpg,schedules/ays_like/published/stable_diffusion_15/nfe_010,outputs/gpde_diffusers_sd15_nfe10_cfg_seed_sweep/samples/diffusers/stable_diffusion_15/euler/cfg_7.5/ays/seed_002/nfe_010,28.730770111083984,-0.3576737940311432
diffusers,hf_stable_diffusion_15,euler,ays,10,2,7.5,38,a night landscape of fireflies over a meadow beside a quiet river,outputs/gpde_diffusers_sd15_nfe10_cfg_seed_sweep/samples/diffusers/stable_diffusion_15/euler/cfg_7.5/ays/seed_002/nfe_010/000038.jpg,schedules/ays_like/published/stable_diffusion_15/nfe_010,outputs/gpde_diffusers_sd15_nfe10_cfg_seed_sweep/samples/diffusers/stable_diffusion_15/euler/cfg_7.5/ays/seed_002/nfe_010,28.791677474975586,0.7766379714012146
diffusers,hf_stable_diffusion_15,euler,ays,10,2,7.5,39,a realistic photo of a rescue helicopter landing on a snowy mountain ridge,outputs/gpde_diffusers_sd15_nfe10_cfg_seed_sweep/samples/diffusers/stable_diffusion_15/euler/cfg_7.5/ays/seed_002/nfe_010/000039.jpg,schedules/ays_like/published/stable_diffusion_15/nfe_010,outputs/gpde_diffusers_sd15_nfe10_cfg_seed_sweep/samples/diffusers/stable_diffusion_15/euler/cfg_7.5/ays/seed_002/nfe_010,30.06696128845215,1.1814460754394531
diffusers,hf_stable_diffusion_15,euler,ays,10,2,7.5,40,a concept art scene of a floating research station above Jupiter's clouds,outputs/gpde_diffusers_sd15_nfe10_cfg_seed_sweep/samples/diffusers/stable_diffusion_15/euler/cfg_7.5/ays/seed_002/nfe_010/000040.jpg,schedules/ays_like/published/stable_diffusion_15/nfe_010,outputs/gpde_diffusers_sd15_nfe10_cfg_seed_sweep/samples/diffusers/stable_diffusion_15/euler/cfg_7.5/ays/seed_002/nfe_010,30.19779396057129,0.6815887689590454
diffusers,hf_stable_diffusion_15,euler,ays,10,2,7.5,41,a detailed pencil drawing of an old bicycle leaning against a brick wall,outputs/gpde_diffusers_sd15_nfe10_cfg_seed_sweep/samples/diffusers/stable_diffusion_15/euler/cfg_7.5/ays/seed_002/nfe_010/000041.jpg,schedules/ays_like/published/stable_diffusion_15/nfe_010,outputs/gpde_diffusers_sd15_nfe10_cfg_seed_sweep/samples/diffusers/stable_diffusion_15/euler/cfg_7.5/ays/seed_002/nfe_010,32.464439392089844,1.0798466205596924
diffusers,hf_stable_diffusion_15,euler,ays,10,2,7.5,42,"a museum diorama of prehistoric sea creatures, dramatic educational lighting",outputs/gpde_diffusers_sd15_nfe10_cfg_seed_sweep/samples/diffusers/stable_diffusion_15/euler/cfg_7.5/ays/seed_002/nfe_010/000042.jpg,schedules/ays_like/published/stable_diffusion_15/nfe_010,outputs/gpde_diffusers_sd15_nfe10_cfg_seed_sweep/samples/diffusers/stable_diffusion_15/euler/cfg_7.5/ays/seed_002/nfe_010,30.8568172454834,-0.077137790620327
diffusers,hf_stable_diffusion_15,euler,ays,10,2,7.5,43,"a peaceful Japanese garden with koi pond, stone bridge, and maple leaves",outputs/gpde_diffusers_sd15_nfe10_cfg_seed_sweep/samples/diffusers/stable_diffusion_15/euler/cfg_7.5/ays/seed_002/nfe_010/000043.jpg,schedules/ays_like/published/stable_diffusion_15/nfe_010,outputs/gpde_diffusers_sd15_nfe10_cfg_seed_sweep/samples/diffusers/stable_diffusion_15/euler/cfg_7.5/ays/seed_002/nfe_010,27.018630981445312,0.475535124540329
diffusers,hf_stable_diffusion_15,euler,ays,10,2,7.5,44,"a close-up food photograph of ramen with soft egg, steam, and ceramic bowl",outputs/gpde_diffusers_sd15_nfe10_cfg_seed_sweep/samples/diffusers/stable_diffusion_15/euler/cfg_7.5/ays/seed_002/nfe_010/000044.jpg,schedules/ays_like/published/stable_diffusion_15/nfe_010,outputs/gpde_diffusers_sd15_nfe10_cfg_seed_sweep/samples/diffusers/stable_diffusion_15/euler/cfg_7.5/ays/seed_002/nfe_010,29.393163681030273,0.4714064598083496
diffusers,hf_stable_diffusion_15,euler,ays,10,2,7.5,45,a vibrant parade costume covered with mirrors and embroidered flowers,outputs/gpde_diffusers_sd15_nfe10_cfg_seed_sweep/samples/diffusers/stable_diffusion_15/euler/cfg_7.5/ays/seed_002/nfe_010/000045.jpg,schedules/ays_like/published/stable_diffusion_15/nfe_010,outputs/gpde_diffusers_sd15_nfe10_cfg_seed_sweep/samples/diffusers/stable_diffusion_15/euler/cfg_7.5/ays/seed_002/nfe_010,30.13036346435547,-0.14534704387187958
diffusers,hf_stable_diffusion_15,euler,ays,10,2,7.5,46,a realistic image of a hand-crafted wooden chess set mid game by candlelight,outputs/gpde_diffusers_sd15_nfe10_cfg_seed_sweep/samples/diffusers/stable_diffusion_15/euler/cfg_7.5/ays/seed_002/nfe_010/000046.jpg,schedules/ays_like/published/stable_diffusion_15/nfe_010,outputs/gpde_diffusers_sd15_nfe10_cfg_seed_sweep/samples/diffusers/stable_diffusion_15/euler/cfg_7.5/ays/seed_002/nfe_010,26.848966598510742,-0.5743167400360107
diffusers,hf_stable_diffusion_15,euler,ays,10,2,7.5,47,a wide angle view of a data center corridor with blue status lights,outputs/gpde_diffusers_sd15_nfe10_cfg_seed_sweep/samples/diffusers/stable_diffusion_15/euler/cfg_7.5/ays/seed_002/nfe_010/000047.jpg,schedules/ays_like/published/stable_diffusion_15/nfe_010,outputs/gpde_diffusers_sd15_nfe10_cfg_seed_sweep/samples/diffusers/stable_diffusion_15/euler/cfg_7.5/ays/seed_002/nfe_010,23.62629508972168,1.0313751697540283
diffusers,hf_stable_diffusion_15,euler,ays,10,2,7.5,48,a magical realism scene of books flying through an old train carriage,outputs/gpde_diffusers_sd15_nfe10_cfg_seed_sweep/samples/diffusers/stable_diffusion_15/euler/cfg_7.5/ays/seed_002/nfe_010/000048.jpg,schedules/ays_like/published/stable_diffusion_15/nfe_010,outputs/gpde_diffusers_sd15_nfe10_cfg_seed_sweep/samples/diffusers/stable_diffusion_15/euler/cfg_7.5/ays/seed_002/nfe_010,31.43802833557129,-0.25255006551742554
diffusers,hf_stable_diffusion_15,euler,ays,10,2,7.5,49,a studio portrait of a golden retriever wearing aviator goggles and a red scarf,outputs/gpde_diffusers_sd15_nfe10_cfg_seed_sweep/samples/diffusers/stable_diffusion_15/euler/cfg_7.5/ays/seed_002/nfe_010/000049.jpg,schedules/ays_like/published/stable_diffusion_15/nfe_010,outputs/gpde_diffusers_sd15_nfe10_cfg_seed_sweep/samples/diffusers/stable_diffusion_15/euler/cfg_7.5/ays/seed_002/nfe_010,29.565338134765625,1.7983732223510742
diffusers,hf_stable_diffusion_15,euler,base,10,0,7.5,0,"a cinematic portrait of an astronaut botanist in a glass greenhouse on Mars, detailed fabric, soft rim light",outputs/gpde_diffusers_sd15_nfe10_cfg_seed_sweep/samples/diffusers/stable_diffusion_15/euler/cfg_7.5/base/seed_000/nfe_010/000000.jpg,,outputs/gpde_diffusers_sd15_nfe10_cfg_seed_sweep/samples/diffusers/stable_diffusion_15/euler/cfg_7.5/base/seed_000/nfe_010,26.39398956298828,-1.4164124727249146
diffusers,hf_stable_diffusion_15,euler,base,10,0,7.5,1,"a small brass robot repairing an antique clock in a sunlit workshop, shallow depth of field",outputs/gpde_diffusers_sd15_nfe10_cfg_seed_sweep/samples/diffusers/stable_diffusion_15/euler/cfg_7.5/base/seed_000/nfe_010/000001.jpg,,outputs/gpde_diffusers_sd15_nfe10_cfg_seed_sweep/samples/diffusers/stable_diffusion_15/euler/cfg_7.5/base/seed_000/nfe_010,28.30394172668457,-1.865193486213684
diffusers,hf_stable_diffusion_15,euler,base,10,0,7.5,2,"a watercolor city street after rain with neon signs reflected in puddles, evening atmosphere",outputs/gpde_diffusers_sd15_nfe10_cfg_seed_sweep/samples/diffusers/stable_diffusion_15/euler/cfg_7.5/base/seed_000/nfe_010/000002.jpg,,outputs/gpde_diffusers_sd15_nfe10_cfg_seed_sweep/samples/diffusers/stable_diffusion_15/euler/cfg_7.5/base/seed_000/nfe_010,26.36354637145996,0.6536881923675537
diffusers,hf_stable_diffusion_15,euler,base,10,0,7.5,3,a high resolution studio photo of a ceramic teapot shaped like a seashell on a slate table,outputs/gpde_diffusers_sd15_nfe10_cfg_seed_sweep/samples/diffusers/stable_diffusion_15/euler/cfg_7.5/base/seed_000/nfe_010/000003.jpg,,outputs/gpde_diffusers_sd15_nfe10_cfg_seed_sweep/samples/diffusers/stable_diffusion_15/euler/cfg_7.5/base/seed_000/nfe_010,26.865625381469727,-1.4064056873321533
diffusers,hf_stable_diffusion_15,euler,base,10,0,7.5,4,"a fantasy library carved inside a giant tree, spiral stairs, warm lanterns, intricate shelves",outputs/gpde_diffusers_sd15_nfe10_cfg_seed_sweep/samples/diffusers/stable_diffusion_15/euler/cfg_7.5/base/seed_000/nfe_010/000004.jpg,,outputs/gpde_diffusers_sd15_nfe10_cfg_seed_sweep/samples/diffusers/stable_diffusion_15/euler/cfg_7.5/base/seed_000/nfe_010,30.8830623626709,0.12747834622859955
diffusers,hf_stable_diffusion_15,euler,base,10,0,7.5,5,"a macro photograph of a snowflake resting on dark wool, crisp crystalline detail",outputs/gpde_diffusers_sd15_nfe10_cfg_seed_sweep/samples/diffusers/stable_diffusion_15/euler/cfg_7.5/base/seed_000/nfe_010/000005.jpg,,outputs/gpde_diffusers_sd15_nfe10_cfg_seed_sweep/samples/diffusers/stable_diffusion_15/euler/cfg_7.5/base/seed_000/nfe_010,27.423030853271484,-0.18550117313861847
diffusers,hf_stable_diffusion_15,euler,base,10,0,7.5,6,"a retro futuristic train crossing a desert at sunset, chrome surfaces, long shadows",outputs/gpde_diffusers_sd15_nfe10_cfg_seed_sweep/samples/diffusers/stable_diffusion_15/euler/cfg_7.5/base/seed_000/nfe_010/000006.jpg,,outputs/gpde_diffusers_sd15_nfe10_cfg_seed_sweep/samples/diffusers/stable_diffusion_15/euler/cfg_7.5/base/seed_000/nfe_010,29.828067779541016,1.566221833229065
diffusers,hf_stable_diffusion_15,euler,base,10,0,7.5,7,"a chef plating a colorful molecular gastronomy dessert, clean restaurant lighting",outputs/gpde_diffusers_sd15_nfe10_cfg_seed_sweep/samples/diffusers/stable_diffusion_15/euler/cfg_7.5/base/seed_000/nfe_010/000007.jpg,,outputs/gpde_diffusers_sd15_nfe10_cfg_seed_sweep/samples/diffusers/stable_diffusion_15/euler/cfg_7.5/base/seed_000/nfe_010,35.54483413696289,-1.2955323457717896
diffusers,hf_stable_diffusion_15,euler,base,10,0,7.5,8,"an isometric cozy bedroom with plants, books, a desk lamp, and a rainy window",outputs/gpde_diffusers_sd15_nfe10_cfg_seed_sweep/samples/diffusers/stable_diffusion_15/euler/cfg_7.5/base/seed_000/nfe_010/000008.jpg,,outputs/gpde_diffusers_sd15_nfe10_cfg_seed_sweep/samples/diffusers/stable_diffusion_15/euler/cfg_7.5/base/seed_000/nfe_010,27.854705810546875,-0.3551919162273407
diffusers,hf_stable_diffusion_15,euler,base,10,0,7.5,9,"a dramatic mountain monastery above clouds, sunrise, detailed stone architecture",outputs/gpde_diffusers_sd15_nfe10_cfg_seed_sweep/samples/diffusers/stable_diffusion_15/euler/cfg_7.5/base/seed_000/nfe_010/000009.jpg,,outputs/gpde_diffusers_sd15_nfe10_cfg_seed_sweep/samples/diffusers/stable_diffusion_15/euler/cfg_7.5/base/seed_000/nfe_010,32.62722396850586,1.5200225114822388
diffusers,hf_stable_diffusion_15,euler,base,10,0,7.5,10,a fashion editorial photo of a model wearing a translucent raincoat in Tokyo at night,outputs/gpde_diffusers_sd15_nfe10_cfg_seed_sweep/samples/diffusers/stable_diffusion_15/euler/cfg_7.5/base/seed_000/nfe_010/000010.jpg,,outputs/gpde_diffusers_sd15_nfe10_cfg_seed_sweep/samples/diffusers/stable_diffusion_15/euler/cfg_7.5/base/seed_000/nfe_010,38.56058883666992,1.5441592931747437
diffusers,hf_stable_diffusion_15,euler,base,10,0,7.5,11,a realistic red fox statue made of folded paper on a white museum pedestal,outputs/gpde_diffusers_sd15_nfe10_cfg_seed_sweep/samples/diffusers/stable_diffusion_15/euler/cfg_7.5/base/seed_000/nfe_010/000011.jpg,,outputs/gpde_diffusers_sd15_nfe10_cfg_seed_sweep/samples/diffusers/stable_diffusion_15/euler/cfg_7.5/base/seed_000/nfe_010,32.96223831176758,1.1693965196609497
diffusers,hf_stable_diffusion_15,euler,base,10,0,7.5,12,a detailed cutaway illustration of a tiny submarine exploring a coral reef,outputs/gpde_diffusers_sd15_nfe10_cfg_seed_sweep/samples/diffusers/stable_diffusion_15/euler/cfg_7.5/base/seed_000/nfe_010/000012.jpg,,outputs/gpde_diffusers_sd15_nfe10_cfg_seed_sweep/samples/diffusers/stable_diffusion_15/euler/cfg_7.5/base/seed_000/nfe_010,30.9936580657959,-1.467085599899292
diffusers,hf_stable_diffusion_15,euler,base,10,0,7.5,13,a product photo of wireless headphones on brushed aluminum with blue accent lighting,outputs/gpde_diffusers_sd15_nfe10_cfg_seed_sweep/samples/diffusers/stable_diffusion_15/euler/cfg_7.5/base/seed_000/nfe_010/000013.jpg,,outputs/gpde_diffusers_sd15_nfe10_cfg_seed_sweep/samples/diffusers/stable_diffusion_15/euler/cfg_7.5/base/seed_000/nfe_010,28.08449935913086,0.14060203731060028
diffusers,hf_stable_diffusion_15,euler,base,10,0,7.5,14,"a medieval market square during a festival, banners, musicians, detailed crowd",outputs/gpde_diffusers_sd15_nfe10_cfg_seed_sweep/samples/diffusers/stable_diffusion_15/euler/cfg_7.5/base/seed_000/nfe_010/000014.jpg,,outputs/gpde_diffusers_sd15_nfe10_cfg_seed_sweep/samples/diffusers/stable_diffusion_15/euler/cfg_7.5/base/seed_000/nfe_010,26.03982925415039,0.20779065787792206
diffusers,hf_stable_diffusion_15,euler,base,10,0,7.5,15,an oil painting of a violinist performing in an empty subway station,outputs/gpde_diffusers_sd15_nfe10_cfg_seed_sweep/samples/diffusers/stable_diffusion_15/euler/cfg_7.5/base/seed_000/nfe_010/000015.jpg,,outputs/gpde_diffusers_sd15_nfe10_cfg_seed_sweep/samples/diffusers/stable_diffusion_15/euler/cfg_7.5/base/seed_000/nfe_010,35.2951545715332,1.7044247388839722
diffusers,hf_stable_diffusion_15,euler,base,10,0,7.5,16,"a close-up portrait of an elderly sailor, weathered skin, navy coat, overcast harbor",outputs/gpde_diffusers_sd15_nfe10_cfg_seed_sweep/samples/diffusers/stable_diffusion_15/euler/cfg_7.5/base/seed_000/nfe_010/000016.jpg,,outputs/gpde_diffusers_sd15_nfe10_cfg_seed_sweep/samples/diffusers/stable_diffusion_15/euler/cfg_7.5/base/seed_000/nfe_010,31.67576789855957,0.5499703884124756
diffusers,hf_stable_diffusion_15,euler,base,10,0,7.5,17,a clean architectural rendering of a modern cabin beside a frozen lake,outputs/gpde_diffusers_sd15_nfe10_cfg_seed_sweep/samples/diffusers/stable_diffusion_15/euler/cfg_7.5/base/seed_000/nfe_010/000017.jpg,,outputs/gpde_diffusers_sd15_nfe10_cfg_seed_sweep/samples/diffusers/stable_diffusion_15/euler/cfg_7.5/base/seed_000/nfe_010,30.01231575012207,0.5869081616401672
diffusers,hf_stable_diffusion_15,euler,base,10,0,7.5,18,a surreal desert filled with floating glass spheres and distant black mountains,outputs/gpde_diffusers_sd15_nfe10_cfg_seed_sweep/samples/diffusers/stable_diffusion_15/euler/cfg_7.5/base/seed_000/nfe_010/000018.jpg,,outputs/gpde_diffusers_sd15_nfe10_cfg_seed_sweep/samples/diffusers/stable_diffusion_15/euler/cfg_7.5/base/seed_000/nfe_010,29.923629760742188,1.5114187002182007
diffusers,hf_stable_diffusion_15,euler,base,10,0,7.5,19,a documentary photo of a scientist collecting ice cores in Antarctica,outputs/gpde_diffusers_sd15_nfe10_cfg_seed_sweep/samples/diffusers/stable_diffusion_15/euler/cfg_7.5/base/seed_000/nfe_010/000019.jpg,,outputs/gpde_diffusers_sd15_nfe10_cfg_seed_sweep/samples/diffusers/stable_diffusion_15/euler/cfg_7.5/base/seed_000/nfe_010,32.12884521484375,0.3031124770641327
diffusers,hf_stable_diffusion_15,euler,base,10,0,7.5,20,a detailed 3D render of a mechanical hummingbird with copper wings,outputs/gpde_diffusers_sd15_nfe10_cfg_seed_sweep/samples/diffusers/stable_diffusion_15/euler/cfg_7.5/base/seed_000/nfe_010/000020.jpg,,outputs/gpde_diffusers_sd15_nfe10_cfg_seed_sweep/samples/diffusers/stable_diffusion_15/euler/cfg_7.5/base/seed_000/nfe_010,36.429168701171875,1.2703046798706055
diffusers,hf_stable_diffusion_15,euler,base,10,0,7.5,21,"a cozy cafe interior in autumn, pastries, espresso machine, soft morning light",outputs/gpde_diffusers_sd15_nfe10_cfg_seed_sweep/samples/diffusers/stable_diffusion_15/euler/cfg_7.5/base/seed_000/nfe_010/000021.jpg,,outputs/gpde_diffusers_sd15_nfe10_cfg_seed_sweep/samples/diffusers/stable_diffusion_15/euler/cfg_7.5/base/seed_000/nfe_010,26.968311309814453,-0.9907014966011047
diffusers,hf_stable_diffusion_15,euler,base,10,0,7.5,22,"a panoramic view of terraced rice fields under mist, workers in colorful clothing",outputs/gpde_diffusers_sd15_nfe10_cfg_seed_sweep/samples/diffusers/stable_diffusion_15/euler/cfg_7.5/base/seed_000/nfe_010/000022.jpg,,outputs/gpde_diffusers_sd15_nfe10_cfg_seed_sweep/samples/diffusers/stable_diffusion_15/euler/cfg_7.5/base/seed_000/nfe_010,29.754621505737305,-0.494858980178833
diffusers,hf_stable_diffusion_15,euler,base,10,0,7.5,23,a children's book illustration of a moonlit boat parade on a quiet canal,outputs/gpde_diffusers_sd15_nfe10_cfg_seed_sweep/samples/diffusers/stable_diffusion_15/euler/cfg_7.5/base/seed_000/nfe_010/000023.jpg,,outputs/gpde_diffusers_sd15_nfe10_cfg_seed_sweep/samples/diffusers/stable_diffusion_15/euler/cfg_7.5/base/seed_000/nfe_010,26.835060119628906,-0.4687674343585968
diffusers,hf_stable_diffusion_15,euler,base,10,0,7.5,24,"a realistic sports car parked in a concrete tunnel, reflections, low angle",outputs/gpde_diffusers_sd15_nfe10_cfg_seed_sweep/samples/diffusers/stable_diffusion_15/euler/cfg_7.5/base/seed_000/nfe_010/000024.jpg,,outputs/gpde_diffusers_sd15_nfe10_cfg_seed_sweep/samples/diffusers/stable_diffusion_15/euler/cfg_7.5/base/seed_000/nfe_010,27.44046974182129,0.6307241916656494
diffusers,hf_stable_diffusion_15,euler,base,10,0,7.5,25,"a botanical diagram of rare orchids with labeled roots and petals, archival paper",outputs/gpde_diffusers_sd15_nfe10_cfg_seed_sweep/samples/diffusers/stable_diffusion_15/euler/cfg_7.5/base/seed_000/nfe_010/000025.jpg,,outputs/gpde_diffusers_sd15_nfe10_cfg_seed_sweep/samples/diffusers/stable_diffusion_15/euler/cfg_7.5/base/seed_000/nfe_010,29.797992706298828,1.1181550025939941
diffusers,hf_stable_diffusion_15,euler,base,10,0,7.5,26,"a cyberpunk street food stall with steam, lanterns, and dense urban signage",outputs/gpde_diffusers_sd15_nfe10_cfg_seed_sweep/samples/diffusers/stable_diffusion_15/euler/cfg_7.5/base/seed_000/nfe_010/000026.jpg,,outputs/gpde_diffusers_sd15_nfe10_cfg_seed_sweep/samples/diffusers/stable_diffusion_15/euler/cfg_7.5/base/seed_000/nfe_010,27.441862106323242,-0.519851565361023
diffusers,hf_stable_diffusion_15,euler,base,10,0,7.5,27,"a still life of glass fruit bowls, linen cloth, and silver cutlery, natural light",outputs/gpde_diffusers_sd15_nfe10_cfg_seed_sweep/samples/diffusers/stable_diffusion_15/euler/cfg_7.5/base/seed_000/nfe_010/000027.jpg,,outputs/gpde_diffusers_sd15_nfe10_cfg_seed_sweep/samples/diffusers/stable_diffusion_15/euler/cfg_7.5/base/seed_000/nfe_010,28.230548858642578,-0.8198791742324829
diffusers,hf_stable_diffusion_15,euler,base,10,0,7.5,28,a heroic statue covered in vines in an abandoned futuristic plaza,outputs/gpde_diffusers_sd15_nfe10_cfg_seed_sweep/samples/diffusers/stable_diffusion_15/euler/cfg_7.5/base/seed_000/nfe_010/000028.jpg,,outputs/gpde_diffusers_sd15_nfe10_cfg_seed_sweep/samples/diffusers/stable_diffusion_15/euler/cfg_7.5/base/seed_000/nfe_010,34.09902572631836,-0.14853093028068542
diffusers,hf_stable_diffusion_15,euler,base,10,0,7.5,29,a black and white film photograph of dancers rehearsing in a mirror-lined studio,outputs/gpde_diffusers_sd15_nfe10_cfg_seed_sweep/samples/diffusers/stable_diffusion_15/euler/cfg_7.5/base/seed_000/nfe_010/000029.jpg,,outputs/gpde_diffusers_sd15_nfe10_cfg_seed_sweep/samples/diffusers/stable_diffusion_15/euler/cfg_7.5/base/seed_000/nfe_010,29.693389892578125,0.5779377222061157
diffusers,hf_stable_diffusion_15,euler,base,10,0,7.5,30,"a detailed scene of a spacecraft cockpit during reentry, glowing controls, tense mood",outputs/gpde_diffusers_sd15_nfe10_cfg_seed_sweep/samples/diffusers/stable_diffusion_15/euler/cfg_7.5/base/seed_000/nfe_010/000030.jpg,,outputs/gpde_diffusers_sd15_nfe10_cfg_seed_sweep/samples/diffusers/stable_diffusion_15/euler/cfg_7.5/base/seed_000/nfe_010,24.594173431396484,-1.585098147392273
diffusers,hf_stable_diffusion_15,euler,base,10,0,7.5,31,a claymation style village bakery with tiny loaves and painted signs,outputs/gpde_diffusers_sd15_nfe10_cfg_seed_sweep/samples/diffusers/stable_diffusion_15/euler/cfg_7.5/base/seed_000/nfe_010/000031.jpg,,outputs/gpde_diffusers_sd15_nfe10_cfg_seed_sweep/samples/diffusers/stable_diffusion_15/euler/cfg_7.5/base/seed_000/nfe_010,32.34408950805664,-0.2610621154308319
diffusers,hf_stable_diffusion_15,euler,base,10,0,7.5,32,a realistic underwater photograph of a diver inspecting an ancient marble column,outputs/gpde_diffusers_sd15_nfe10_cfg_seed_sweep/samples/diffusers/stable_diffusion_15/euler/cfg_7.5/base/seed_000/nfe_010/000032.jpg,,outputs/gpde_diffusers_sd15_nfe10_cfg_seed_sweep/samples/diffusers/stable_diffusion_15/euler/cfg_7.5/base/seed_000/nfe_010,29.430400848388672,1.3623828887939453
diffusers,hf_stable_diffusion_15,euler,base,10,0,7.5,33,"a minimalist poster of a jazz quartet in deep red, cream, and black",outputs/gpde_diffusers_sd15_nfe10_cfg_seed_sweep/samples/diffusers/stable_diffusion_15/euler/cfg_7.5/base/seed_000/nfe_010/000033.jpg,,outputs/gpde_diffusers_sd15_nfe10_cfg_seed_sweep/samples/diffusers/stable_diffusion_15/euler/cfg_7.5/base/seed_000/nfe_010,27.752840042114258,-1.4094741344451904
diffusers,hf_stable_diffusion_15,euler,base,10,0,7.5,34,a high detail portrait of a queen wearing armor made of mother of pearl,outputs/gpde_diffusers_sd15_nfe10_cfg_seed_sweep/samples/diffusers/stable_diffusion_15/euler/cfg_7.5/base/seed_000/nfe_010/000034.jpg,,outputs/gpde_diffusers_sd15_nfe10_cfg_seed_sweep/samples/diffusers/stable_diffusion_15/euler/cfg_7.5/base/seed_000/nfe_010,23.132442474365234,0.5615367889404297
diffusers,hf_stable_diffusion_15,euler,base,10,0,7.5,35,"a top-down board game map of an island with forests, cliffs, and hidden ruins",outputs/gpde_diffusers_sd15_nfe10_cfg_seed_sweep/samples/diffusers/stable_diffusion_15/euler/cfg_7.5/base/seed_000/nfe_010/000035.jpg,,outputs/gpde_diffusers_sd15_nfe10_cfg_seed_sweep/samples/diffusers/stable_diffusion_15/euler/cfg_7.5/base/seed_000/nfe_010,25.82040786743164,-0.8809410929679871
diffusers,hf_stable_diffusion_15,euler,base,10,0,7.5,36,"a luxury watch exploded view on a dark background, precise gears and screws",outputs/gpde_diffusers_sd15_nfe10_cfg_seed_sweep/samples/diffusers/stable_diffusion_15/euler/cfg_7.5/base/seed_000/nfe_010/000036.jpg,,outputs/gpde_diffusers_sd15_nfe10_cfg_seed_sweep/samples/diffusers/stable_diffusion_15/euler/cfg_7.5/base/seed_000/nfe_010,32.15367889404297,0.8162528276443481
diffusers,hf_stable_diffusion_15,euler,base,10,0,7.5,37,"a sunlit greenhouse filled with tomatoes, watering cans, and terracotta pots",outputs/gpde_diffusers_sd15_nfe10_cfg_seed_sweep/samples/diffusers/stable_diffusion_15/euler/cfg_7.5/base/seed_000/nfe_010/000037.jpg,,outputs/gpde_diffusers_sd15_nfe10_cfg_seed_sweep/samples/diffusers/stable_diffusion_15/euler/cfg_7.5/base/seed_000/nfe_010,27.287601470947266,0.06472326815128326
diffusers,hf_stable_diffusion_15,euler,base,10,0,7.5,38,a night landscape of fireflies over a meadow beside a quiet river,outputs/gpde_diffusers_sd15_nfe10_cfg_seed_sweep/samples/diffusers/stable_diffusion_15/euler/cfg_7.5/base/seed_000/nfe_010/000038.jpg,,outputs/gpde_diffusers_sd15_nfe10_cfg_seed_sweep/samples/diffusers/stable_diffusion_15/euler/cfg_7.5/base/seed_000/nfe_010,26.152854919433594,-1.1206120252609253
diffusers,hf_stable_diffusion_15,euler,base,10,0,7.5,39,a realistic photo of a rescue helicopter landing on a snowy mountain ridge,outputs/gpde_diffusers_sd15_nfe10_cfg_seed_sweep/samples/diffusers/stable_diffusion_15/euler/cfg_7.5/base/seed_000/nfe_010/000039.jpg,,outputs/gpde_diffusers_sd15_nfe10_cfg_seed_sweep/samples/diffusers/stable_diffusion_15/euler/cfg_7.5/base/seed_000/nfe_010,33.46356201171875,1.172669529914856
diffusers,hf_stable_diffusion_15,euler,base,10,0,7.5,40,a concept art scene of a floating research station above Jupiter's clouds,outputs/gpde_diffusers_sd15_nfe10_cfg_seed_sweep/samples/diffusers/stable_diffusion_15/euler/cfg_7.5/base/seed_000/nfe_010/000040.jpg,,outputs/gpde_diffusers_sd15_nfe10_cfg_seed_sweep/samples/diffusers/stable_diffusion_15/euler/cfg_7.5/base/seed_000/nfe_010,24.93988037109375,1.012891173362732
diffusers,hf_stable_diffusion_15,euler,base,10,0,7.5,41,a detailed pencil drawing of an old bicycle leaning against a brick wall,outputs/gpde_diffusers_sd15_nfe10_cfg_seed_sweep/samples/diffusers/stable_diffusion_15/euler/cfg_7.5/base/seed_000/nfe_010/000041.jpg,,outputs/gpde_diffusers_sd15_nfe10_cfg_seed_sweep/samples/diffusers/stable_diffusion_15/euler/cfg_7.5/base/seed_000/nfe_010,34.28130340576172,0.8456023931503296
diffusers,hf_stable_diffusion_15,euler,base,10,0,7.5,42,"a museum diorama of prehistoric sea creatures, dramatic educational lighting",outputs/gpde_diffusers_sd15_nfe10_cfg_seed_sweep/samples/diffusers/stable_diffusion_15/euler/cfg_7.5/base/seed_000/nfe_010/000042.jpg,,outputs/gpde_diffusers_sd15_nfe10_cfg_seed_sweep/samples/diffusers/stable_diffusion_15/euler/cfg_7.5/base/seed_000/nfe_010,30.186235427856445,0.3922516405582428
diffusers,hf_stable_diffusion_15,euler,base,10,0,7.5,43,"a peaceful Japanese garden with koi pond, stone bridge, and maple leaves",outputs/gpde_diffusers_sd15_nfe10_cfg_seed_sweep/samples/diffusers/stable_diffusion_15/euler/cfg_7.5/base/seed_000/nfe_010/000043.jpg,,outputs/gpde_diffusers_sd15_nfe10_cfg_seed_sweep/samples/diffusers/stable_diffusion_15/euler/cfg_7.5/base/seed_000/nfe_010,25.75182342529297,0.10649370402097702
diffusers,hf_stable_diffusion_15,euler,base,10,0,7.5,44,"a close-up food photograph of ramen with soft egg, steam, and ceramic bowl",outputs/gpde_diffusers_sd15_nfe10_cfg_seed_sweep/samples/diffusers/stable_diffusion_15/euler/cfg_7.5/base/seed_000/nfe_010/000044.jpg,,outputs/gpde_diffusers_sd15_nfe10_cfg_seed_sweep/samples/diffusers/stable_diffusion_15/euler/cfg_7.5/base/seed_000/nfe_010,32.12631607055664,0.3501451313495636
diffusers,hf_stable_diffusion_15,euler,base,10,0,7.5,45,a vibrant parade costume covered with mirrors and embroidered flowers,outputs/gpde_diffusers_sd15_nfe10_cfg_seed_sweep/samples/diffusers/stable_diffusion_15/euler/cfg_7.5/base/seed_000/nfe_010/000045.jpg,,outputs/gpde_diffusers_sd15_nfe10_cfg_seed_sweep/samples/diffusers/stable_diffusion_15/euler/cfg_7.5/base/seed_000/nfe_010,25.126113891601562,-0.718253493309021
diffusers,hf_stable_diffusion_15,euler,base,10,0,7.5,46,a realistic image of a hand-crafted wooden chess set mid game by candlelight,outputs/gpde_diffusers_sd15_nfe10_cfg_seed_sweep/samples/diffusers/stable_diffusion_15/euler/cfg_7.5/base/seed_000/nfe_010/000046.jpg,,outputs/gpde_diffusers_sd15_nfe10_cfg_seed_sweep/samples/diffusers/stable_diffusion_15/euler/cfg_7.5/base/seed_000/nfe_010,26.27393341064453,-1.4086319208145142
diffusers,hf_stable_diffusion_15,euler,base,10,0,7.5,47,a wide angle view of a data center corridor with blue status lights,outputs/gpde_diffusers_sd15_nfe10_cfg_seed_sweep/samples/diffusers/stable_diffusion_15/euler/cfg_7.5/base/seed_000/nfe_010/000047.jpg,,outputs/gpde_diffusers_sd15_nfe10_cfg_seed_sweep/samples/diffusers/stable_diffusion_15/euler/cfg_7.5/base/seed_000/nfe_010,18.461986541748047,1.2657203674316406
diffusers,hf_stable_diffusion_15,euler,base,10,0,7.5,48,a magical realism scene of books flying through an old train carriage,outputs/gpde_diffusers_sd15_nfe10_cfg_seed_sweep/samples/diffusers/stable_diffusion_15/euler/cfg_7.5/base/seed_000/nfe_010/000048.jpg,,outputs/gpde_diffusers_sd15_nfe10_cfg_seed_sweep/samples/diffusers/stable_diffusion_15/euler/cfg_7.5/base/seed_000/nfe_010,34.478878021240234,-0.2950631082057953
diffusers,hf_stable_diffusion_15,euler,base,10,0,7.5,49,a studio portrait of a golden retriever wearing aviator goggles and a red scarf,outputs/gpde_diffusers_sd15_nfe10_cfg_seed_sweep/samples/diffusers/stable_diffusion_15/euler/cfg_7.5/base/seed_000/nfe_010/000049.jpg,,outputs/gpde_diffusers_sd15_nfe10_cfg_seed_sweep/samples/diffusers/stable_diffusion_15/euler/cfg_7.5/base/seed_000/nfe_010,35.25812530517578,1.367662787437439
diffusers,hf_stable_diffusion_15,euler,base,10,1,7.5,0,"a cinematic portrait of an astronaut botanist in a glass greenhouse on Mars, detailed fabric, soft rim light",outputs/gpde_diffusers_sd15_nfe10_cfg_seed_sweep/samples/diffusers/stable_diffusion_15/euler/cfg_7.5/base/seed_001/nfe_010/000000.jpg,,outputs/gpde_diffusers_sd15_nfe10_cfg_seed_sweep/samples/diffusers/stable_diffusion_15/euler/cfg_7.5/base/seed_001/nfe_010,32.82436752319336,-0.21764977276325226
diffusers,hf_stable_diffusion_15,euler,base,10,1,7.5,1,"a small brass robot repairing an antique clock in a sunlit workshop, shallow depth of field",outputs/gpde_diffusers_sd15_nfe10_cfg_seed_sweep/samples/diffusers/stable_diffusion_15/euler/cfg_7.5/base/seed_001/nfe_010/000001.jpg,,outputs/gpde_diffusers_sd15_nfe10_cfg_seed_sweep/samples/diffusers/stable_diffusion_15/euler/cfg_7.5/base/seed_001/nfe_010,30.191349029541016,-1.1242799758911133
diffusers,hf_stable_diffusion_15,euler,base,10,1,7.5,2,"a watercolor city street after rain with neon signs reflected in puddles, evening atmosphere",outputs/gpde_diffusers_sd15_nfe10_cfg_seed_sweep/samples/diffusers/stable_diffusion_15/euler/cfg_7.5/base/seed_001/nfe_010/000002.jpg,,outputs/gpde_diffusers_sd15_nfe10_cfg_seed_sweep/samples/diffusers/stable_diffusion_15/euler/cfg_7.5/base/seed_001/nfe_010,26.086801528930664,0.13806742429733276
diffusers,hf_stable_diffusion_15,euler,base,10,1,7.5,3,a high resolution studio photo of a ceramic teapot shaped like a seashell on a slate table,outputs/gpde_diffusers_sd15_nfe10_cfg_seed_sweep/samples/diffusers/stable_diffusion_15/euler/cfg_7.5/base/seed_001/nfe_010/000003.jpg,,outputs/gpde_diffusers_sd15_nfe10_cfg_seed_sweep/samples/diffusers/stable_diffusion_15/euler/cfg_7.5/base/seed_001/nfe_010,33.754356384277344,0.7596146464347839
diffusers,hf_stable_diffusion_15,euler,base,10,1,7.5,4,"a fantasy library carved inside a giant tree, spiral stairs, warm lanterns, intricate shelves",outputs/gpde_diffusers_sd15_nfe10_cfg_seed_sweep/samples/diffusers/stable_diffusion_15/euler/cfg_7.5/base/seed_001/nfe_010/000004.jpg,,outputs/gpde_diffusers_sd15_nfe10_cfg_seed_sweep/samples/diffusers/stable_diffusion_15/euler/cfg_7.5/base/seed_001/nfe_010,28.674087524414062,-0.026516549289226532
diffusers,hf_stable_diffusion_15,euler,base,10,1,7.5,5,"a macro photograph of a snowflake resting on dark wool, crisp crystalline detail",outputs/gpde_diffusers_sd15_nfe10_cfg_seed_sweep/samples/diffusers/stable_diffusion_15/euler/cfg_7.5/base/seed_001/nfe_010/000005.jpg,,outputs/gpde_diffusers_sd15_nfe10_cfg_seed_sweep/samples/diffusers/stable_diffusion_15/euler/cfg_7.5/base/seed_001/nfe_010,27.552732467651367,-0.1741754114627838
diffusers,hf_stable_diffusion_15,euler,base,10,1,7.5,6,"a retro futuristic train crossing a desert at sunset, chrome surfaces, long shadows",outputs/gpde_diffusers_sd15_nfe10_cfg_seed_sweep/samples/diffusers/stable_diffusion_15/euler/cfg_7.5/base/seed_001/nfe_010/000006.jpg,,outputs/gpde_diffusers_sd15_nfe10_cfg_seed_sweep/samples/diffusers/stable_diffusion_15/euler/cfg_7.5/base/seed_001/nfe_010,29.6168270111084,1.4754916429519653
diffusers,hf_stable_diffusion_15,euler,base,10,1,7.5,7,"a chef plating a colorful molecular gastronomy dessert, clean restaurant lighting",outputs/gpde_diffusers_sd15_nfe10_cfg_seed_sweep/samples/diffusers/stable_diffusion_15/euler/cfg_7.5/base/seed_001/nfe_010/000007.jpg,,outputs/gpde_diffusers_sd15_nfe10_cfg_seed_sweep/samples/diffusers/stable_diffusion_15/euler/cfg_7.5/base/seed_001/nfe_010,30.644515991210938,0.457943856716156
diffusers,hf_stable_diffusion_15,euler,base,10,1,7.5,8,"an isometric cozy bedroom with plants, books, a desk lamp, and a rainy window",outputs/gpde_diffusers_sd15_nfe10_cfg_seed_sweep/samples/diffusers/stable_diffusion_15/euler/cfg_7.5/base/seed_001/nfe_010/000008.jpg,,outputs/gpde_diffusers_sd15_nfe10_cfg_seed_sweep/samples/diffusers/stable_diffusion_15/euler/cfg_7.5/base/seed_001/nfe_010,29.767026901245117,0.16293059289455414
diffusers,hf_stable_diffusion_15,euler,base,10,1,7.5,9,"a dramatic mountain monastery above clouds, sunrise, detailed stone architecture",outputs/gpde_diffusers_sd15_nfe10_cfg_seed_sweep/samples/diffusers/stable_diffusion_15/euler/cfg_7.5/base/seed_001/nfe_010/000009.jpg,,outputs/gpde_diffusers_sd15_nfe10_cfg_seed_sweep/samples/diffusers/stable_diffusion_15/euler/cfg_7.5/base/seed_001/nfe_010,29.27750015258789,1.7277164459228516
diffusers,hf_stable_diffusion_15,euler,base,10,1,7.5,10,a fashion editorial photo of a model wearing a translucent raincoat in Tokyo at night,outputs/gpde_diffusers_sd15_nfe10_cfg_seed_sweep/samples/diffusers/stable_diffusion_15/euler/cfg_7.5/base/seed_001/nfe_010/000010.jpg,,outputs/gpde_diffusers_sd15_nfe10_cfg_seed_sweep/samples/diffusers/stable_diffusion_15/euler/cfg_7.5/base/seed_001/nfe_010,34.47789764404297,1.966517686843872
diffusers,hf_stable_diffusion_15,euler,base,10,1,7.5,11,a realistic red fox statue made of folded paper on a white museum pedestal,outputs/gpde_diffusers_sd15_nfe10_cfg_seed_sweep/samples/diffusers/stable_diffusion_15/euler/cfg_7.5/base/seed_001/nfe_010/000011.jpg,,outputs/gpde_diffusers_sd15_nfe10_cfg_seed_sweep/samples/diffusers/stable_diffusion_15/euler/cfg_7.5/base/seed_001/nfe_010,34.2060661315918,1.484708547592163
diffusers,hf_stable_diffusion_15,euler,base,10,1,7.5,12,a detailed cutaway illustration of a tiny submarine exploring a coral reef,outputs/gpde_diffusers_sd15_nfe10_cfg_seed_sweep/samples/diffusers/stable_diffusion_15/euler/cfg_7.5/base/seed_001/nfe_010/000012.jpg,,outputs/gpde_diffusers_sd15_nfe10_cfg_seed_sweep/samples/diffusers/stable_diffusion_15/euler/cfg_7.5/base/seed_001/nfe_010,34.97332763671875,1.0544233322143555
diffusers,hf_stable_diffusion_15,euler,base,10,1,7.5,13,a product photo of wireless headphones on brushed aluminum with blue accent lighting,outputs/gpde_diffusers_sd15_nfe10_cfg_seed_sweep/samples/diffusers/stable_diffusion_15/euler/cfg_7.5/base/seed_001/nfe_010/000013.jpg,,outputs/gpde_diffusers_sd15_nfe10_cfg_seed_sweep/samples/diffusers/stable_diffusion_15/euler/cfg_7.5/base/seed_001/nfe_010,30.40237045288086,-0.6076049208641052
diffusers,hf_stable_diffusion_15,euler,base,10,1,7.5,14,"a medieval market square during a festival, banners, musicians, detailed crowd",outputs/gpde_diffusers_sd15_nfe10_cfg_seed_sweep/samples/diffusers/stable_diffusion_15/euler/cfg_7.5/base/seed_001/nfe_010/000014.jpg,,outputs/gpde_diffusers_sd15_nfe10_cfg_seed_sweep/samples/diffusers/stable_diffusion_15/euler/cfg_7.5/base/seed_001/nfe_010,30.430953979492188,0.22856144607067108
diffusers,hf_stable_diffusion_15,euler,base,10,1,7.5,15,an oil painting of a violinist performing in an empty subway station,outputs/gpde_diffusers_sd15_nfe10_cfg_seed_sweep/samples/diffusers/stable_diffusion_15/euler/cfg_7.5/base/seed_001/nfe_010/000015.jpg,,outputs/gpde_diffusers_sd15_nfe10_cfg_seed_sweep/samples/diffusers/stable_diffusion_15/euler/cfg_7.5/base/seed_001/nfe_010,34.43105697631836,0.7230969667434692
diffusers,hf_stable_diffusion_15,euler,base,10,1,7.5,16,"a close-up portrait of an elderly sailor, weathered skin, navy coat, overcast harbor",outputs/gpde_diffusers_sd15_nfe10_cfg_seed_sweep/samples/diffusers/stable_diffusion_15/euler/cfg_7.5/base/seed_001/nfe_010/000016.jpg,,outputs/gpde_diffusers_sd15_nfe10_cfg_seed_sweep/samples/diffusers/stable_diffusion_15/euler/cfg_7.5/base/seed_001/nfe_010,30.2587947845459,0.27726560831069946
diffusers,hf_stable_diffusion_15,euler,base,10,1,7.5,17,a clean architectural rendering of a modern cabin beside a frozen lake,outputs/gpde_diffusers_sd15_nfe10_cfg_seed_sweep/samples/diffusers/stable_diffusion_15/euler/cfg_7.5/base/seed_001/nfe_010/000017.jpg,,outputs/gpde_diffusers_sd15_nfe10_cfg_seed_sweep/samples/diffusers/stable_diffusion_15/euler/cfg_7.5/base/seed_001/nfe_010,31.867399215698242,-0.4317612946033478
diffusers,hf_stable_diffusion_15,euler,base,10,1,7.5,18,a surreal desert filled with floating glass spheres and distant black mountains,outputs/gpde_diffusers_sd15_nfe10_cfg_seed_sweep/samples/diffusers/stable_diffusion_15/euler/cfg_7.5/base/seed_001/nfe_010/000018.jpg,,outputs/gpde_diffusers_sd15_nfe10_cfg_seed_sweep/samples/diffusers/stable_diffusion_15/euler/cfg_7.5/base/seed_001/nfe_010,28.334104537963867,1.4597554206848145
diffusers,hf_stable_diffusion_15,euler,base,10,1,7.5,19,a documentary photo of a scientist collecting ice cores in Antarctica,outputs/gpde_diffusers_sd15_nfe10_cfg_seed_sweep/samples/diffusers/stable_diffusion_15/euler/cfg_7.5/base/seed_001/nfe_010/000019.jpg,,outputs/gpde_diffusers_sd15_nfe10_cfg_seed_sweep/samples/diffusers/stable_diffusion_15/euler/cfg_7.5/base/seed_001/nfe_010,30.023271560668945,0.3768882155418396
diffusers,hf_stable_diffusion_15,euler,base,10,1,7.5,20,a detailed 3D render of a mechanical hummingbird with copper wings,outputs/gpde_diffusers_sd15_nfe10_cfg_seed_sweep/samples/diffusers/stable_diffusion_15/euler/cfg_7.5/base/seed_001/nfe_010/000020.jpg,,outputs/gpde_diffusers_sd15_nfe10_cfg_seed_sweep/samples/diffusers/stable_diffusion_15/euler/cfg_7.5/base/seed_001/nfe_010,35.932071685791016,1.1604998111724854
diffusers,hf_stable_diffusion_15,euler,base,10,1,7.5,21,"a cozy cafe interior in autumn, pastries, espresso machine, soft morning light",outputs/gpde_diffusers_sd15_nfe10_cfg_seed_sweep/samples/diffusers/stable_diffusion_15/euler/cfg_7.5/base/seed_001/nfe_010/000021.jpg,,outputs/gpde_diffusers_sd15_nfe10_cfg_seed_sweep/samples/diffusers/stable_diffusion_15/euler/cfg_7.5/base/seed_001/nfe_010,29.00124168395996,0.0004992628237232566
diffusers,hf_stable_diffusion_15,euler,base,10,1,7.5,22,"a panoramic view of terraced rice fields under mist, workers in colorful clothing",outputs/gpde_diffusers_sd15_nfe10_cfg_seed_sweep/samples/diffusers/stable_diffusion_15/euler/cfg_7.5/base/seed_001/nfe_010/000022.jpg,,outputs/gpde_diffusers_sd15_nfe10_cfg_seed_sweep/samples/diffusers/stable_diffusion_15/euler/cfg_7.5/base/seed_001/nfe_010,28.52187728881836,-0.2748384177684784
diffusers,hf_stable_diffusion_15,euler,base,10,1,7.5,23,a children's book illustration of a moonlit boat parade on a quiet canal,outputs/gpde_diffusers_sd15_nfe10_cfg_seed_sweep/samples/diffusers/stable_diffusion_15/euler/cfg_7.5/base/seed_001/nfe_010/000023.jpg,,outputs/gpde_diffusers_sd15_nfe10_cfg_seed_sweep/samples/diffusers/stable_diffusion_15/euler/cfg_7.5/base/seed_001/nfe_010,29.67401123046875,-0.05070074647665024
diffusers,hf_stable_diffusion_15,euler,base,10,1,7.5,24,"a realistic sports car parked in a concrete tunnel, reflections, low angle",outputs/gpde_diffusers_sd15_nfe10_cfg_seed_sweep/samples/diffusers/stable_diffusion_15/euler/cfg_7.5/base/seed_001/nfe_010/000024.jpg,,outputs/gpde_diffusers_sd15_nfe10_cfg_seed_sweep/samples/diffusers/stable_diffusion_15/euler/cfg_7.5/base/seed_001/nfe_010,27.828248977661133,1.3478065729141235
diffusers,hf_stable_diffusion_15,euler,base,10,1,7.5,25,"a botanical diagram of rare orchids with labeled roots and petals, archival paper",outputs/gpde_diffusers_sd15_nfe10_cfg_seed_sweep/samples/diffusers/stable_diffusion_15/euler/cfg_7.5/base/seed_001/nfe_010/000025.jpg,,outputs/gpde_diffusers_sd15_nfe10_cfg_seed_sweep/samples/diffusers/stable_diffusion_15/euler/cfg_7.5/base/seed_001/nfe_010,29.49616241455078,0.9534710645675659
diffusers,hf_stable_diffusion_15,euler,base,10,1,7.5,26,"a cyberpunk street food stall with steam, lanterns, and dense urban signage",outputs/gpde_diffusers_sd15_nfe10_cfg_seed_sweep/samples/diffusers/stable_diffusion_15/euler/cfg_7.5/base/seed_001/nfe_010/000026.jpg,,outputs/gpde_diffusers_sd15_nfe10_cfg_seed_sweep/samples/diffusers/stable_diffusion_15/euler/cfg_7.5/base/seed_001/nfe_010,29.207103729248047,1.3675698041915894
diffusers,hf_stable_diffusion_15,euler,base,10,1,7.5,27,"a still life of glass fruit bowls, linen cloth, and silver cutlery, natural light",outputs/gpde_diffusers_sd15_nfe10_cfg_seed_sweep/samples/diffusers/stable_diffusion_15/euler/cfg_7.5/base/seed_001/nfe_010/000027.jpg,,outputs/gpde_diffusers_sd15_nfe10_cfg_seed_sweep/samples/diffusers/stable_diffusion_15/euler/cfg_7.5/base/seed_001/nfe_010,29.397201538085938,-1.5099035501480103
diffusers,hf_stable_diffusion_15,euler,base,10,1,7.5,28,a heroic statue covered in vines in an abandoned futuristic plaza,outputs/gpde_diffusers_sd15_nfe10_cfg_seed_sweep/samples/diffusers/stable_diffusion_15/euler/cfg_7.5/base/seed_001/nfe_010/000028.jpg,,outputs/gpde_diffusers_sd15_nfe10_cfg_seed_sweep/samples/diffusers/stable_diffusion_15/euler/cfg_7.5/base/seed_001/nfe_010,33.07205581665039,-0.6006048321723938
diffusers,hf_stable_diffusion_15,euler,base,10,1,7.5,29,a black and white film photograph of dancers rehearsing in a mirror-lined studio,outputs/gpde_diffusers_sd15_nfe10_cfg_seed_sweep/samples/diffusers/stable_diffusion_15/euler/cfg_7.5/base/seed_001/nfe_010/000029.jpg,,outputs/gpde_diffusers_sd15_nfe10_cfg_seed_sweep/samples/diffusers/stable_diffusion_15/euler/cfg_7.5/base/seed_001/nfe_010,27.280214309692383,0.44516339898109436
diffusers,hf_stable_diffusion_15,euler,base,10,1,7.5,30,"a detailed scene of a spacecraft cockpit during reentry, glowing controls, tense mood",outputs/gpde_diffusers_sd15_nfe10_cfg_seed_sweep/samples/diffusers/stable_diffusion_15/euler/cfg_7.5/base/seed_001/nfe_010/000030.jpg,,outputs/gpde_diffusers_sd15_nfe10_cfg_seed_sweep/samples/diffusers/stable_diffusion_15/euler/cfg_7.5/base/seed_001/nfe_010,26.947158813476562,-0.8938527703285217
diffusers,hf_stable_diffusion_15,euler,base,10,1,7.5,31,a claymation style village bakery with tiny loaves and painted signs,outputs/gpde_diffusers_sd15_nfe10_cfg_seed_sweep/samples/diffusers/stable_diffusion_15/euler/cfg_7.5/base/seed_001/nfe_010/000031.jpg,,outputs/gpde_diffusers_sd15_nfe10_cfg_seed_sweep/samples/diffusers/stable_diffusion_15/euler/cfg_7.5/base/seed_001/nfe_010,33.05125427246094,-0.28960052132606506
diffusers,hf_stable_diffusion_15,euler,base,10,1,7.5,32,a realistic underwater photograph of a diver inspecting an ancient marble column,outputs/gpde_diffusers_sd15_nfe10_cfg_seed_sweep/samples/diffusers/stable_diffusion_15/euler/cfg_7.5/base/seed_001/nfe_010/000032.jpg,,outputs/gpde_diffusers_sd15_nfe10_cfg_seed_sweep/samples/diffusers/stable_diffusion_15/euler/cfg_7.5/base/seed_001/nfe_010,33.96685791015625,0.3414934277534485
diffusers,hf_stable_diffusion_15,euler,base,10,1,7.5,33,"a minimalist poster of a jazz quartet in deep red, cream, and black",outputs/gpde_diffusers_sd15_nfe10_cfg_seed_sweep/samples/diffusers/stable_diffusion_15/euler/cfg_7.5/base/seed_001/nfe_010/000033.jpg,,outputs/gpde_diffusers_sd15_nfe10_cfg_seed_sweep/samples/diffusers/stable_diffusion_15/euler/cfg_7.5/base/seed_001/nfe_010,24.873241424560547,-2.0525271892547607
diffusers,hf_stable_diffusion_15,euler,base,10,1,7.5,34,a high detail portrait of a queen wearing armor made of mother of pearl,outputs/gpde_diffusers_sd15_nfe10_cfg_seed_sweep/samples/diffusers/stable_diffusion_15/euler/cfg_7.5/base/seed_001/nfe_010/000034.jpg,,outputs/gpde_diffusers_sd15_nfe10_cfg_seed_sweep/samples/diffusers/stable_diffusion_15/euler/cfg_7.5/base/seed_001/nfe_010,29.516538619995117,0.9198734164237976
diffusers,hf_stable_diffusion_15,euler,base,10,1,7.5,35,"a top-down board game map of an island with forests, cliffs, and hidden ruins",outputs/gpde_diffusers_sd15_nfe10_cfg_seed_sweep/samples/diffusers/stable_diffusion_15/euler/cfg_7.5/base/seed_001/nfe_010/000035.jpg,,outputs/gpde_diffusers_sd15_nfe10_cfg_seed_sweep/samples/diffusers/stable_diffusion_15/euler/cfg_7.5/base/seed_001/nfe_010,26.123872756958008,-1.3305671215057373
diffusers,hf_stable_diffusion_15,euler,base,10,1,7.5,36,"a luxury watch exploded view on a dark background, precise gears and screws",outputs/gpde_diffusers_sd15_nfe10_cfg_seed_sweep/samples/diffusers/stable_diffusion_15/euler/cfg_7.5/base/seed_001/nfe_010/000036.jpg,,outputs/gpde_diffusers_sd15_nfe10_cfg_seed_sweep/samples/diffusers/stable_diffusion_15/euler/cfg_7.5/base/seed_001/nfe_010,27.85411834716797,-0.18904989957809448
diffusers,hf_stable_diffusion_15,euler,base,10,1,7.5,37,"a sunlit greenhouse filled with tomatoes, watering cans, and terracotta pots",outputs/gpde_diffusers_sd15_nfe10_cfg_seed_sweep/samples/diffusers/stable_diffusion_15/euler/cfg_7.5/base/seed_001/nfe_010/000037.jpg,,outputs/gpde_diffusers_sd15_nfe10_cfg_seed_sweep/samples/diffusers/stable_diffusion_15/euler/cfg_7.5/base/seed_001/nfe_010,25.594728469848633,-0.5285729169845581
diffusers,hf_stable_diffusion_15,euler,base,10,1,7.5,38,a night landscape of fireflies over a meadow beside a quiet river,outputs/gpde_diffusers_sd15_nfe10_cfg_seed_sweep/samples/diffusers/stable_diffusion_15/euler/cfg_7.5/base/seed_001/nfe_010/000038.jpg,,outputs/gpde_diffusers_sd15_nfe10_cfg_seed_sweep/samples/diffusers/stable_diffusion_15/euler/cfg_7.5/base/seed_001/nfe_010,28.26203155517578,-0.3648008704185486
diffusers,hf_stable_diffusion_15,euler,base,10,1,7.5,39,a realistic photo of a rescue helicopter landing on a snowy mountain ridge,outputs/gpde_diffusers_sd15_nfe10_cfg_seed_sweep/samples/diffusers/stable_diffusion_15/euler/cfg_7.5/base/seed_001/nfe_010/000039.jpg,,outputs/gpde_diffusers_sd15_nfe10_cfg_seed_sweep/samples/diffusers/stable_diffusion_15/euler/cfg_7.5/base/seed_001/nfe_010,29.66179847717285,1.0318801403045654
diffusers,hf_stable_diffusion_15,euler,base,10,1,7.5,40,a concept art scene of a floating research station above Jupiter's clouds,outputs/gpde_diffusers_sd15_nfe10_cfg_seed_sweep/samples/diffusers/stable_diffusion_15/euler/cfg_7.5/base/seed_001/nfe_010/000040.jpg,,outputs/gpde_diffusers_sd15_nfe10_cfg_seed_sweep/samples/diffusers/stable_diffusion_15/euler/cfg_7.5/base/seed_001/nfe_010,26.475677490234375,-0.7786951065063477
diffusers,hf_stable_diffusion_15,euler,base,10,1,7.5,41,a detailed pencil drawing of an old bicycle leaning against a brick wall,outputs/gpde_diffusers_sd15_nfe10_cfg_seed_sweep/samples/diffusers/stable_diffusion_15/euler/cfg_7.5/base/seed_001/nfe_010/000041.jpg,,outputs/gpde_diffusers_sd15_nfe10_cfg_seed_sweep/samples/diffusers/stable_diffusion_15/euler/cfg_7.5/base/seed_001/nfe_010,32.4110221862793,1.0392717123031616
diffusers,hf_stable_diffusion_15,euler,base,10,1,7.5,42,"a museum diorama of prehistoric sea creatures, dramatic educational lighting",outputs/gpde_diffusers_sd15_nfe10_cfg_seed_sweep/samples/diffusers/stable_diffusion_15/euler/cfg_7.5/base/seed_001/nfe_010/000042.jpg,,outputs/gpde_diffusers_sd15_nfe10_cfg_seed_sweep/samples/diffusers/stable_diffusion_15/euler/cfg_7.5/base/seed_001/nfe_010,33.10188293457031,0.26107197999954224
diffusers,hf_stable_diffusion_15,euler,base,10,1,7.5,43,"a peaceful Japanese garden with koi pond, stone bridge, and maple leaves",outputs/gpde_diffusers_sd15_nfe10_cfg_seed_sweep/samples/diffusers/stable_diffusion_15/euler/cfg_7.5/base/seed_001/nfe_010/000043.jpg,,outputs/gpde_diffusers_sd15_nfe10_cfg_seed_sweep/samples/diffusers/stable_diffusion_15/euler/cfg_7.5/base/seed_001/nfe_010,24.81679916381836,-0.6275833249092102
diffusers,hf_stable_diffusion_15,euler,base,10,1,7.5,44,"a close-up food photograph of ramen with soft egg, steam, and ceramic bowl",outputs/gpde_diffusers_sd15_nfe10_cfg_seed_sweep/samples/diffusers/stable_diffusion_15/euler/cfg_7.5/base/seed_001/nfe_010/000044.jpg,,outputs/gpde_diffusers_sd15_nfe10_cfg_seed_sweep/samples/diffusers/stable_diffusion_15/euler/cfg_7.5/base/seed_001/nfe_010,31.677570343017578,0.4087393581867218
diffusers,hf_stable_diffusion_15,euler,base,10,1,7.5,45,a vibrant parade costume covered with mirrors and embroidered flowers,outputs/gpde_diffusers_sd15_nfe10_cfg_seed_sweep/samples/diffusers/stable_diffusion_15/euler/cfg_7.5/base/seed_001/nfe_010/000045.jpg,,outputs/gpde_diffusers_sd15_nfe10_cfg_seed_sweep/samples/diffusers/stable_diffusion_15/euler/cfg_7.5/base/seed_001/nfe_010,31.91155242919922,-0.11397241801023483
diffusers,hf_stable_diffusion_15,euler,base,10,1,7.5,46,a realistic image of a hand-crafted wooden chess set mid game by candlelight,outputs/gpde_diffusers_sd15_nfe10_cfg_seed_sweep/samples/diffusers/stable_diffusion_15/euler/cfg_7.5/base/seed_001/nfe_010/000046.jpg,,outputs/gpde_diffusers_sd15_nfe10_cfg_seed_sweep/samples/diffusers/stable_diffusion_15/euler/cfg_7.5/base/seed_001/nfe_010,25.8364315032959,0.9713408350944519
diffusers,hf_stable_diffusion_15,euler,base,10,1,7.5,47,a wide angle view of a data center corridor with blue status lights,outputs/gpde_diffusers_sd15_nfe10_cfg_seed_sweep/samples/diffusers/stable_diffusion_15/euler/cfg_7.5/base/seed_001/nfe_010/000047.jpg,,outputs/gpde_diffusers_sd15_nfe10_cfg_seed_sweep/samples/diffusers/stable_diffusion_15/euler/cfg_7.5/base/seed_001/nfe_010,20.486038208007812,1.4887067079544067
diffusers,hf_stable_diffusion_15,euler,base,10,1,7.5,48,a magical realism scene of books flying through an old train carriage,outputs/gpde_diffusers_sd15_nfe10_cfg_seed_sweep/samples/diffusers/stable_diffusion_15/euler/cfg_7.5/base/seed_001/nfe_010/000048.jpg,,outputs/gpde_diffusers_sd15_nfe10_cfg_seed_sweep/samples/diffusers/stable_diffusion_15/euler/cfg_7.5/base/seed_001/nfe_010,33.18648910522461,-0.7221439480781555
diffusers,hf_stable_diffusion_15,euler,base,10,1,7.5,49,a studio portrait of a golden retriever wearing aviator goggles and a red scarf,outputs/gpde_diffusers_sd15_nfe10_cfg_seed_sweep/samples/diffusers/stable_diffusion_15/euler/cfg_7.5/base/seed_001/nfe_010/000049.jpg,,outputs/gpde_diffusers_sd15_nfe10_cfg_seed_sweep/samples/diffusers/stable_diffusion_15/euler/cfg_7.5/base/seed_001/nfe_010,29.540971755981445,-0.09472620487213135
diffusers,hf_stable_diffusion_15,euler,base,10,2,7.5,0,"a cinematic portrait of an astronaut botanist in a glass greenhouse on Mars, detailed fabric, soft rim light",outputs/gpde_diffusers_sd15_nfe10_cfg_seed_sweep/samples/diffusers/stable_diffusion_15/euler/cfg_7.5/base/seed_002/nfe_010/000000.jpg,,outputs/gpde_diffusers_sd15_nfe10_cfg_seed_sweep/samples/diffusers/stable_diffusion_15/euler/cfg_7.5/base/seed_002/nfe_010,25.724241256713867,-1.466708779335022
diffusers,hf_stable_diffusion_15,euler,base,10,2,7.5,1,"a small brass robot repairing an antique clock in a sunlit workshop, shallow depth of field",outputs/gpde_diffusers_sd15_nfe10_cfg_seed_sweep/samples/diffusers/stable_diffusion_15/euler/cfg_7.5/base/seed_002/nfe_010/000001.jpg,,outputs/gpde_diffusers_sd15_nfe10_cfg_seed_sweep/samples/diffusers/stable_diffusion_15/euler/cfg_7.5/base/seed_002/nfe_010,28.552038192749023,-1.561821699142456
diffusers,hf_stable_diffusion_15,euler,base,10,2,7.5,2,"a watercolor city street after rain with neon signs reflected in puddles, evening atmosphere",outputs/gpde_diffusers_sd15_nfe10_cfg_seed_sweep/samples/diffusers/stable_diffusion_15/euler/cfg_7.5/base/seed_002/nfe_010/000002.jpg,,outputs/gpde_diffusers_sd15_nfe10_cfg_seed_sweep/samples/diffusers/stable_diffusion_15/euler/cfg_7.5/base/seed_002/nfe_010,26.513010025024414,1.1952643394470215
diffusers,hf_stable_diffusion_15,euler,base,10,2,7.5,3,a high resolution studio photo of a ceramic teapot shaped like a seashell on a slate table,outputs/gpde_diffusers_sd15_nfe10_cfg_seed_sweep/samples/diffusers/stable_diffusion_15/euler/cfg_7.5/base/seed_002/nfe_010/000003.jpg,,outputs/gpde_diffusers_sd15_nfe10_cfg_seed_sweep/samples/diffusers/stable_diffusion_15/euler/cfg_7.5/base/seed_002/nfe_010,33.79117965698242,1.3427623510360718
diffusers,hf_stable_diffusion_15,euler,base,10,2,7.5,4,"a fantasy library carved inside a giant tree, spiral stairs, warm lanterns, intricate shelves",outputs/gpde_diffusers_sd15_nfe10_cfg_seed_sweep/samples/diffusers/stable_diffusion_15/euler/cfg_7.5/base/seed_002/nfe_010/000004.jpg,,outputs/gpde_diffusers_sd15_nfe10_cfg_seed_sweep/samples/diffusers/stable_diffusion_15/euler/cfg_7.5/base/seed_002/nfe_010,25.34878158569336,-0.10851861536502838
diffusers,hf_stable_diffusion_15,euler,base,10,2,7.5,5,"a macro photograph of a snowflake resting on dark wool, crisp crystalline detail",outputs/gpde_diffusers_sd15_nfe10_cfg_seed_sweep/samples/diffusers/stable_diffusion_15/euler/cfg_7.5/base/seed_002/nfe_010/000005.jpg,,outputs/gpde_diffusers_sd15_nfe10_cfg_seed_sweep/samples/diffusers/stable_diffusion_15/euler/cfg_7.5/base/seed_002/nfe_010,26.71504020690918,-0.47265106439590454
diffusers,hf_stable_diffusion_15,euler,base,10,2,7.5,6,"a retro futuristic train crossing a desert at sunset, chrome surfaces, long shadows",outputs/gpde_diffusers_sd15_nfe10_cfg_seed_sweep/samples/diffusers/stable_diffusion_15/euler/cfg_7.5/base/seed_002/nfe_010/000006.jpg,,outputs/gpde_diffusers_sd15_nfe10_cfg_seed_sweep/samples/diffusers/stable_diffusion_15/euler/cfg_7.5/base/seed_002/nfe_010,28.646533966064453,1.5066719055175781
diffusers,hf_stable_diffusion_15,euler,base,10,2,7.5,7,"a chef plating a colorful molecular gastronomy dessert, clean restaurant lighting",outputs/gpde_diffusers_sd15_nfe10_cfg_seed_sweep/samples/diffusers/stable_diffusion_15/euler/cfg_7.5/base/seed_002/nfe_010/000007.jpg,,outputs/gpde_diffusers_sd15_nfe10_cfg_seed_sweep/samples/diffusers/stable_diffusion_15/euler/cfg_7.5/base/seed_002/nfe_010,27.57430648803711,1.0990649461746216
diffusers,hf_stable_diffusion_15,euler,base,10,2,7.5,8,"an isometric cozy bedroom with plants, books, a desk lamp, and a rainy window",outputs/gpde_diffusers_sd15_nfe10_cfg_seed_sweep/samples/diffusers/stable_diffusion_15/euler/cfg_7.5/base/seed_002/nfe_010/000008.jpg,,outputs/gpde_diffusers_sd15_nfe10_cfg_seed_sweep/samples/diffusers/stable_diffusion_15/euler/cfg_7.5/base/seed_002/nfe_010,30.851390838623047,0.656118631362915
diffusers,hf_stable_diffusion_15,euler,base,10,2,7.5,9,"a dramatic mountain monastery above clouds, sunrise, detailed stone architecture",outputs/gpde_diffusers_sd15_nfe10_cfg_seed_sweep/samples/diffusers/stable_diffusion_15/euler/cfg_7.5/base/seed_002/nfe_010/000009.jpg,,outputs/gpde_diffusers_sd15_nfe10_cfg_seed_sweep/samples/diffusers/stable_diffusion_15/euler/cfg_7.5/base/seed_002/nfe_010,32.530765533447266,1.7095571756362915
diffusers,hf_stable_diffusion_15,euler,base,10,2,7.5,10,a fashion editorial photo of a model wearing a translucent raincoat in Tokyo at night,outputs/gpde_diffusers_sd15_nfe10_cfg_seed_sweep/samples/diffusers/stable_diffusion_15/euler/cfg_7.5/base/seed_002/nfe_010/000010.jpg,,outputs/gpde_diffusers_sd15_nfe10_cfg_seed_sweep/samples/diffusers/stable_diffusion_15/euler/cfg_7.5/base/seed_002/nfe_010,37.063087463378906,0.6665018200874329
diffusers,hf_stable_diffusion_15,euler,base,10,2,7.5,11,a realistic red fox statue made of folded paper on a white museum pedestal,outputs/gpde_diffusers_sd15_nfe10_cfg_seed_sweep/samples/diffusers/stable_diffusion_15/euler/cfg_7.5/base/seed_002/nfe_010/000011.jpg,,outputs/gpde_diffusers_sd15_nfe10_cfg_seed_sweep/samples/diffusers/stable_diffusion_15/euler/cfg_7.5/base/seed_002/nfe_010,36.02250671386719,0.7176069021224976
diffusers,hf_stable_diffusion_15,euler,base,10,2,7.5,12,a detailed cutaway illustration of a tiny submarine exploring a coral reef,outputs/gpde_diffusers_sd15_nfe10_cfg_seed_sweep/samples/diffusers/stable_diffusion_15/euler/cfg_7.5/base/seed_002/nfe_010/000012.jpg,,outputs/gpde_diffusers_sd15_nfe10_cfg_seed_sweep/samples/diffusers/stable_diffusion_15/euler/cfg_7.5/base/seed_002/nfe_010,33.98914337158203,0.4164622128009796
diffusers,hf_stable_diffusion_15,euler,base,10,2,7.5,13,a product photo of wireless headphones on brushed aluminum with blue accent lighting,outputs/gpde_diffusers_sd15_nfe10_cfg_seed_sweep/samples/diffusers/stable_diffusion_15/euler/cfg_7.5/base/seed_002/nfe_010/000013.jpg,,outputs/gpde_diffusers_sd15_nfe10_cfg_seed_sweep/samples/diffusers/stable_diffusion_15/euler/cfg_7.5/base/seed_002/nfe_010,24.804983139038086,-0.48419123888015747
diffusers,hf_stable_diffusion_15,euler,base,10,2,7.5,14,"a medieval market square during a festival, banners, musicians, detailed crowd",outputs/gpde_diffusers_sd15_nfe10_cfg_seed_sweep/samples/diffusers/stable_diffusion_15/euler/cfg_7.5/base/seed_002/nfe_010/000014.jpg,,outputs/gpde_diffusers_sd15_nfe10_cfg_seed_sweep/samples/diffusers/stable_diffusion_15/euler/cfg_7.5/base/seed_002/nfe_010,29.504894256591797,0.10106590390205383
diffusers,hf_stable_diffusion_15,euler,base,10,2,7.5,15,an oil painting of a violinist performing in an empty subway station,outputs/gpde_diffusers_sd15_nfe10_cfg_seed_sweep/samples/diffusers/stable_diffusion_15/euler/cfg_7.5/base/seed_002/nfe_010/000015.jpg,,outputs/gpde_diffusers_sd15_nfe10_cfg_seed_sweep/samples/diffusers/stable_diffusion_15/euler/cfg_7.5/base/seed_002/nfe_010,41.57960510253906,1.5703452825546265
diffusers,hf_stable_diffusion_15,euler,base,10,2,7.5,16,"a close-up portrait of an elderly sailor, weathered skin, navy coat, overcast harbor",outputs/gpde_diffusers_sd15_nfe10_cfg_seed_sweep/samples/diffusers/stable_diffusion_15/euler/cfg_7.5/base/seed_002/nfe_010/000016.jpg,,outputs/gpde_diffusers_sd15_nfe10_cfg_seed_sweep/samples/diffusers/stable_diffusion_15/euler/cfg_7.5/base/seed_002/nfe_010,30.657100677490234,1.402312159538269
diffusers,hf_stable_diffusion_15,euler,base,10,2,7.5,17,a clean architectural rendering of a modern cabin beside a frozen lake,outputs/gpde_diffusers_sd15_nfe10_cfg_seed_sweep/samples/diffusers/stable_diffusion_15/euler/cfg_7.5/base/seed_002/nfe_010/000017.jpg,,outputs/gpde_diffusers_sd15_nfe10_cfg_seed_sweep/samples/diffusers/stable_diffusion_15/euler/cfg_7.5/base/seed_002/nfe_010,31.75397491455078,0.5384861826896667
diffusers,hf_stable_diffusion_15,euler,base,10,2,7.5,18,a surreal desert filled with floating glass spheres and distant black mountains,outputs/gpde_diffusers_sd15_nfe10_cfg_seed_sweep/samples/diffusers/stable_diffusion_15/euler/cfg_7.5/base/seed_002/nfe_010/000018.jpg,,outputs/gpde_diffusers_sd15_nfe10_cfg_seed_sweep/samples/diffusers/stable_diffusion_15/euler/cfg_7.5/base/seed_002/nfe_010,26.870214462280273,-1.0093365907669067
diffusers,hf_stable_diffusion_15,euler,base,10,2,7.5,19,a documentary photo of a scientist collecting ice cores in Antarctica,outputs/gpde_diffusers_sd15_nfe10_cfg_seed_sweep/samples/diffusers/stable_diffusion_15/euler/cfg_7.5/base/seed_002/nfe_010/000019.jpg,,outputs/gpde_diffusers_sd15_nfe10_cfg_seed_sweep/samples/diffusers/stable_diffusion_15/euler/cfg_7.5/base/seed_002/nfe_010,27.416492462158203,0.12805882096290588
diffusers,hf_stable_diffusion_15,euler,base,10,2,7.5,20,a detailed 3D render of a mechanical hummingbird with copper wings,outputs/gpde_diffusers_sd15_nfe10_cfg_seed_sweep/samples/diffusers/stable_diffusion_15/euler/cfg_7.5/base/seed_002/nfe_010/000020.jpg,,outputs/gpde_diffusers_sd15_nfe10_cfg_seed_sweep/samples/diffusers/stable_diffusion_15/euler/cfg_7.5/base/seed_002/nfe_010,33.804141998291016,0.624536395072937
diffusers,hf_stable_diffusion_15,euler,base,10,2,7.5,21,"a cozy cafe interior in autumn, pastries, espresso machine, soft morning light",outputs/gpde_diffusers_sd15_nfe10_cfg_seed_sweep/samples/diffusers/stable_diffusion_15/euler/cfg_7.5/base/seed_002/nfe_010/000021.jpg,,outputs/gpde_diffusers_sd15_nfe10_cfg_seed_sweep/samples/diffusers/stable_diffusion_15/euler/cfg_7.5/base/seed_002/nfe_010,30.64057159423828,-0.4420214593410492
diffusers,hf_stable_diffusion_15,euler,base,10,2,7.5,22,"a panoramic view of terraced rice fields under mist, workers in colorful clothing",outputs/gpde_diffusers_sd15_nfe10_cfg_seed_sweep/samples/diffusers/stable_diffusion_15/euler/cfg_7.5/base/seed_002/nfe_010/000022.jpg,,outputs/gpde_diffusers_sd15_nfe10_cfg_seed_sweep/samples/diffusers/stable_diffusion_15/euler/cfg_7.5/base/seed_002/nfe_010,27.763160705566406,0.6153995990753174
diffusers,hf_stable_diffusion_15,euler,base,10,2,7.5,23,a children's book illustration of a moonlit boat parade on a quiet canal,outputs/gpde_diffusers_sd15_nfe10_cfg_seed_sweep/samples/diffusers/stable_diffusion_15/euler/cfg_7.5/base/seed_002/nfe_010/000023.jpg,,outputs/gpde_diffusers_sd15_nfe10_cfg_seed_sweep/samples/diffusers/stable_diffusion_15/euler/cfg_7.5/base/seed_002/nfe_010,32.645179748535156,0.2771756649017334
diffusers,hf_stable_diffusion_15,euler,base,10,2,7.5,24,"a realistic sports car parked in a concrete tunnel, reflections, low angle",outputs/gpde_diffusers_sd15_nfe10_cfg_seed_sweep/samples/diffusers/stable_diffusion_15/euler/cfg_7.5/base/seed_002/nfe_010/000024.jpg,,outputs/gpde_diffusers_sd15_nfe10_cfg_seed_sweep/samples/diffusers/stable_diffusion_15/euler/cfg_7.5/base/seed_002/nfe_010,25.939786911010742,0.7263163328170776
diffusers,hf_stable_diffusion_15,euler,base,10,2,7.5,25,"a botanical diagram of rare orchids with labeled roots and petals, archival paper",outputs/gpde_diffusers_sd15_nfe10_cfg_seed_sweep/samples/diffusers/stable_diffusion_15/euler/cfg_7.5/base/seed_002/nfe_010/000025.jpg,,outputs/gpde_diffusers_sd15_nfe10_cfg_seed_sweep/samples/diffusers/stable_diffusion_15/euler/cfg_7.5/base/seed_002/nfe_010,31.484169006347656,1.5145072937011719
diffusers,hf_stable_diffusion_15,euler,base,10,2,7.5,26,"a cyberpunk street food stall with steam, lanterns, and dense urban signage",outputs/gpde_diffusers_sd15_nfe10_cfg_seed_sweep/samples/diffusers/stable_diffusion_15/euler/cfg_7.5/base/seed_002/nfe_010/000026.jpg,,outputs/gpde_diffusers_sd15_nfe10_cfg_seed_sweep/samples/diffusers/stable_diffusion_15/euler/cfg_7.5/base/seed_002/nfe_010,28.85248565673828,0.4238954186439514
diffusers,hf_stable_diffusion_15,euler,base,10,2,7.5,27,"a still life of glass fruit bowls, linen cloth, and silver cutlery, natural light",outputs/gpde_diffusers_sd15_nfe10_cfg_seed_sweep/samples/diffusers/stable_diffusion_15/euler/cfg_7.5/base/seed_002/nfe_010/000027.jpg,,outputs/gpde_diffusers_sd15_nfe10_cfg_seed_sweep/samples/diffusers/stable_diffusion_15/euler/cfg_7.5/base/seed_002/nfe_010,32.150146484375,-1.7145298719406128
diffusers,hf_stable_diffusion_15,euler,base,10,2,7.5,28,a heroic statue covered in vines in an abandoned futuristic plaza,outputs/gpde_diffusers_sd15_nfe10_cfg_seed_sweep/samples/diffusers/stable_diffusion_15/euler/cfg_7.5/base/seed_002/nfe_010/000028.jpg,,outputs/gpde_diffusers_sd15_nfe10_cfg_seed_sweep/samples/diffusers/stable_diffusion_15/euler/cfg_7.5/base/seed_002/nfe_010,35.04909133911133,0.41538092494010925
diffusers,hf_stable_diffusion_15,euler,base,10,2,7.5,29,a black and white film photograph of dancers rehearsing in a mirror-lined studio,outputs/gpde_diffusers_sd15_nfe10_cfg_seed_sweep/samples/diffusers/stable_diffusion_15/euler/cfg_7.5/base/seed_002/nfe_010/000029.jpg,,outputs/gpde_diffusers_sd15_nfe10_cfg_seed_sweep/samples/diffusers/stable_diffusion_15/euler/cfg_7.5/base/seed_002/nfe_010,31.957664489746094,1.2239874601364136
diffusers,hf_stable_diffusion_15,euler,base,10,2,7.5,30,"a detailed scene of a spacecraft cockpit during reentry, glowing controls, tense mood",outputs/gpde_diffusers_sd15_nfe10_cfg_seed_sweep/samples/diffusers/stable_diffusion_15/euler/cfg_7.5/base/seed_002/nfe_010/000030.jpg,,outputs/gpde_diffusers_sd15_nfe10_cfg_seed_sweep/samples/diffusers/stable_diffusion_15/euler/cfg_7.5/base/seed_002/nfe_010,27.491437911987305,-1.2084757089614868
diffusers,hf_stable_diffusion_15,euler,base,10,2,7.5,31,a claymation style village bakery with tiny loaves and painted signs,outputs/gpde_diffusers_sd15_nfe10_cfg_seed_sweep/samples/diffusers/stable_diffusion_15/euler/cfg_7.5/base/seed_002/nfe_010/000031.jpg,,outputs/gpde_diffusers_sd15_nfe10_cfg_seed_sweep/samples/diffusers/stable_diffusion_15/euler/cfg_7.5/base/seed_002/nfe_010,29.116243362426758,-1.8047080039978027
diffusers,hf_stable_diffusion_15,euler,base,10,2,7.5,32,a realistic underwater photograph of a diver inspecting an ancient marble column,outputs/gpde_diffusers_sd15_nfe10_cfg_seed_sweep/samples/diffusers/stable_diffusion_15/euler/cfg_7.5/base/seed_002/nfe_010/000032.jpg,,outputs/gpde_diffusers_sd15_nfe10_cfg_seed_sweep/samples/diffusers/stable_diffusion_15/euler/cfg_7.5/base/seed_002/nfe_010,28.101295471191406,0.9208391308784485
diffusers,hf_stable_diffusion_15,euler,base,10,2,7.5,33,"a minimalist poster of a jazz quartet in deep red, cream, and black",outputs/gpde_diffusers_sd15_nfe10_cfg_seed_sweep/samples/diffusers/stable_diffusion_15/euler/cfg_7.5/base/seed_002/nfe_010/000033.jpg,,outputs/gpde_diffusers_sd15_nfe10_cfg_seed_sweep/samples/diffusers/stable_diffusion_15/euler/cfg_7.5/base/seed_002/nfe_010,27.574466705322266,-0.6694632768630981
diffusers,hf_stable_diffusion_15,euler,base,10,2,7.5,34,a high detail portrait of a queen wearing armor made of mother of pearl,outputs/gpde_diffusers_sd15_nfe10_cfg_seed_sweep/samples/diffusers/stable_diffusion_15/euler/cfg_7.5/base/seed_002/nfe_010/000034.jpg,,outputs/gpde_diffusers_sd15_nfe10_cfg_seed_sweep/samples/diffusers/stable_diffusion_15/euler/cfg_7.5/base/seed_002/nfe_010,27.617788314819336,1.6279538869857788
diffusers,hf_stable_diffusion_15,euler,base,10,2,7.5,35,"a top-down board game map of an island with forests, cliffs, and hidden ruins",outputs/gpde_diffusers_sd15_nfe10_cfg_seed_sweep/samples/diffusers/stable_diffusion_15/euler/cfg_7.5/base/seed_002/nfe_010/000035.jpg,,outputs/gpde_diffusers_sd15_nfe10_cfg_seed_sweep/samples/diffusers/stable_diffusion_15/euler/cfg_7.5/base/seed_002/nfe_010,30.078046798706055,-0.6402655839920044
diffusers,hf_stable_diffusion_15,euler,base,10,2,7.5,36,"a luxury watch exploded view on a dark background, precise gears and screws",outputs/gpde_diffusers_sd15_nfe10_cfg_seed_sweep/samples/diffusers/stable_diffusion_15/euler/cfg_7.5/base/seed_002/nfe_010/000036.jpg,,outputs/gpde_diffusers_sd15_nfe10_cfg_seed_sweep/samples/diffusers/stable_diffusion_15/euler/cfg_7.5/base/seed_002/nfe_010,26.132795333862305,0.4844397306442261
diffusers,hf_stable_diffusion_15,euler,base,10,2,7.5,37,"a sunlit greenhouse filled with tomatoes, watering cans, and terracotta pots",outputs/gpde_diffusers_sd15_nfe10_cfg_seed_sweep/samples/diffusers/stable_diffusion_15/euler/cfg_7.5/base/seed_002/nfe_010/000037.jpg,,outputs/gpde_diffusers_sd15_nfe10_cfg_seed_sweep/samples/diffusers/stable_diffusion_15/euler/cfg_7.5/base/seed_002/nfe_010,27.436981201171875,-0.12441003322601318
diffusers,hf_stable_diffusion_15,euler,base,10,2,7.5,38,a night landscape of fireflies over a meadow beside a quiet river,outputs/gpde_diffusers_sd15_nfe10_cfg_seed_sweep/samples/diffusers/stable_diffusion_15/euler/cfg_7.5/base/seed_002/nfe_010/000038.jpg,,outputs/gpde_diffusers_sd15_nfe10_cfg_seed_sweep/samples/diffusers/stable_diffusion_15/euler/cfg_7.5/base/seed_002/nfe_010,28.24273109436035,0.5334258079528809
diffusers,hf_stable_diffusion_15,euler,base,10,2,7.5,39,a realistic photo of a rescue helicopter landing on a snowy mountain ridge,outputs/gpde_diffusers_sd15_nfe10_cfg_seed_sweep/samples/diffusers/stable_diffusion_15/euler/cfg_7.5/base/seed_002/nfe_010/000039.jpg,,outputs/gpde_diffusers_sd15_nfe10_cfg_seed_sweep/samples/diffusers/stable_diffusion_15/euler/cfg_7.5/base/seed_002/nfe_010,28.67908477783203,1.1638777256011963
diffusers,hf_stable_diffusion_15,euler,base,10,2,7.5,40,a concept art scene of a floating research station above Jupiter's clouds,outputs/gpde_diffusers_sd15_nfe10_cfg_seed_sweep/samples/diffusers/stable_diffusion_15/euler/cfg_7.5/base/seed_002/nfe_010/000040.jpg,,outputs/gpde_diffusers_sd15_nfe10_cfg_seed_sweep/samples/diffusers/stable_diffusion_15/euler/cfg_7.5/base/seed_002/nfe_010,27.909595489501953,0.8730389475822449
diffusers,hf_stable_diffusion_15,euler,base,10,2,7.5,41,a detailed pencil drawing of an old bicycle leaning against a brick wall,outputs/gpde_diffusers_sd15_nfe10_cfg_seed_sweep/samples/diffusers/stable_diffusion_15/euler/cfg_7.5/base/seed_002/nfe_010/000041.jpg,,outputs/gpde_diffusers_sd15_nfe10_cfg_seed_sweep/samples/diffusers/stable_diffusion_15/euler/cfg_7.5/base/seed_002/nfe_010,35.54690933227539,1.1015881299972534
diffusers,hf_stable_diffusion_15,euler,base,10,2,7.5,42,"a museum diorama of prehistoric sea creatures, dramatic educational lighting",outputs/gpde_diffusers_sd15_nfe10_cfg_seed_sweep/samples/diffusers/stable_diffusion_15/euler/cfg_7.5/base/seed_002/nfe_010/000042.jpg,,outputs/gpde_diffusers_sd15_nfe10_cfg_seed_sweep/samples/diffusers/stable_diffusion_15/euler/cfg_7.5/base/seed_002/nfe_010,30.994028091430664,-0.1980285346508026
diffusers,hf_stable_diffusion_15,euler,base,10,2,7.5,43,"a peaceful Japanese garden with koi pond, stone bridge, and maple leaves",outputs/gpde_diffusers_sd15_nfe10_cfg_seed_sweep/samples/diffusers/stable_diffusion_15/euler/cfg_7.5/base/seed_002/nfe_010/000043.jpg,,outputs/gpde_diffusers_sd15_nfe10_cfg_seed_sweep/samples/diffusers/stable_diffusion_15/euler/cfg_7.5/base/seed_002/nfe_010,25.846927642822266,-1.1566860675811768
diffusers,hf_stable_diffusion_15,euler,base,10,2,7.5,44,"a close-up food photograph of ramen with soft egg, steam, and ceramic bowl",outputs/gpde_diffusers_sd15_nfe10_cfg_seed_sweep/samples/diffusers/stable_diffusion_15/euler/cfg_7.5/base/seed_002/nfe_010/000044.jpg,,outputs/gpde_diffusers_sd15_nfe10_cfg_seed_sweep/samples/diffusers/stable_diffusion_15/euler/cfg_7.5/base/seed_002/nfe_010,32.07279968261719,0.5662699341773987
diffusers,hf_stable_diffusion_15,euler,base,10,2,7.5,45,a vibrant parade costume covered with mirrors and embroidered flowers,outputs/gpde_diffusers_sd15_nfe10_cfg_seed_sweep/samples/diffusers/stable_diffusion_15/euler/cfg_7.5/base/seed_002/nfe_010/000045.jpg,,outputs/gpde_diffusers_sd15_nfe10_cfg_seed_sweep/samples/diffusers/stable_diffusion_15/euler/cfg_7.5/base/seed_002/nfe_010,31.47978401184082,-0.5280266404151917
diffusers,hf_stable_diffusion_15,euler,base,10,2,7.5,46,a realistic image of a hand-crafted wooden chess set mid game by candlelight,outputs/gpde_diffusers_sd15_nfe10_cfg_seed_sweep/samples/diffusers/stable_diffusion_15/euler/cfg_7.5/base/seed_002/nfe_010/000046.jpg,,outputs/gpde_diffusers_sd15_nfe10_cfg_seed_sweep/samples/diffusers/stable_diffusion_15/euler/cfg_7.5/base/seed_002/nfe_010,24.970121383666992,-0.8470369577407837
diffusers,hf_stable_diffusion_15,euler,base,10,2,7.5,47,a wide angle view of a data center corridor with blue status lights,outputs/gpde_diffusers_sd15_nfe10_cfg_seed_sweep/samples/diffusers/stable_diffusion_15/euler/cfg_7.5/base/seed_002/nfe_010/000047.jpg,,outputs/gpde_diffusers_sd15_nfe10_cfg_seed_sweep/samples/diffusers/stable_diffusion_15/euler/cfg_7.5/base/seed_002/nfe_010,22.42902374267578,0.31757986545562744
diffusers,hf_stable_diffusion_15,euler,base,10,2,7.5,48,a magical realism scene of books flying through an old train carriage,outputs/gpde_diffusers_sd15_nfe10_cfg_seed_sweep/samples/diffusers/stable_diffusion_15/euler/cfg_7.5/base/seed_002/nfe_010/000048.jpg,,outputs/gpde_diffusers_sd15_nfe10_cfg_seed_sweep/samples/diffusers/stable_diffusion_15/euler/cfg_7.5/base/seed_002/nfe_010,31.845373153686523,0.061044927686452866
diffusers,hf_stable_diffusion_15,euler,base,10,2,7.5,49,a studio portrait of a golden retriever wearing aviator goggles and a red scarf,outputs/gpde_diffusers_sd15_nfe10_cfg_seed_sweep/samples/diffusers/stable_diffusion_15/euler/cfg_7.5/base/seed_002/nfe_010/000049.jpg,,outputs/gpde_diffusers_sd15_nfe10_cfg_seed_sweep/samples/diffusers/stable_diffusion_15/euler/cfg_7.5/base/seed_002/nfe_010,33.905357360839844,1.7022205591201782
