evidence_level,model,solver,schedule,source_schedule_guidance_scale,source_schedule_seed,nfe,guidance_scale,seed,prompt_asset,prompt_index,prompt,image_path,schedule_dir,clip_score,image_reward
actual_sd15_reuse_cfg7p5_seed0_schedule,stable_diffusion_15,euler,D-GPDE-reuse-cfg7p5-seed0,7.5,0,10,5,0,diffusers_ablation_prompts,0,"a cinematic portrait of an astronaut botanist in a glass greenhouse on Mars, detailed fabric, soft rim light",outputs/gpde_diffusers_sd15_reuse_cfg7p5_seed0_schedule/samples/diffusers/stable_diffusion_15/euler/D-GPDE-reuse-cfg7p5-seed0/cfg_5/seed_000/nfe_010/000000.jpg,outputs/gpde_diffusers_sd15_nfe10_cfg_seed_sweep/schedules/GPDE/diffusers/stable_diffusion_15/euler/cfg_7.5/seed_0/nfe_010,23.086426,-1.845857
actual_sd15_reuse_cfg7p5_seed0_schedule,stable_diffusion_15,euler,D-GPDE-reuse-cfg7p5-seed0,7.5,0,10,5,0,diffusers_ablation_prompts,1,"a small brass robot repairing an antique clock in a sunlit workshop, shallow depth of field",outputs/gpde_diffusers_sd15_reuse_cfg7p5_seed0_schedule/samples/diffusers/stable_diffusion_15/euler/D-GPDE-reuse-cfg7p5-seed0/cfg_5/seed_000/nfe_010/000001.jpg,outputs/gpde_diffusers_sd15_nfe10_cfg_seed_sweep/schedules/GPDE/diffusers/stable_diffusion_15/euler/cfg_7.5/seed_0/nfe_010,30.507702,-1.636300
actual_sd15_reuse_cfg7p5_seed0_schedule,stable_diffusion_15,euler,D-GPDE-reuse-cfg7p5-seed0,7.5,0,10,5,0,diffusers_ablation_prompts,2,"a watercolor city street after rain with neon signs reflected in puddles, evening atmosphere",outputs/gpde_diffusers_sd15_reuse_cfg7p5_seed0_schedule/samples/diffusers/stable_diffusion_15/euler/D-GPDE-reuse-cfg7p5-seed0/cfg_5/seed_000/nfe_010/000002.jpg,outputs/gpde_diffusers_sd15_nfe10_cfg_seed_sweep/schedules/GPDE/diffusers/stable_diffusion_15/euler/cfg_7.5/seed_0/nfe_010,27.113510,0.522871
actual_sd15_reuse_cfg7p5_seed0_schedule,stable_diffusion_15,euler,D-GPDE-reuse-cfg7p5-seed0,7.5,0,10,5,0,diffusers_ablation_prompts,3,a high resolution studio photo of a ceramic teapot shaped like a seashell on a slate table,outputs/gpde_diffusers_sd15_reuse_cfg7p5_seed0_schedule/samples/diffusers/stable_diffusion_15/euler/D-GPDE-reuse-cfg7p5-seed0/cfg_5/seed_000/nfe_010/000003.jpg,outputs/gpde_diffusers_sd15_nfe10_cfg_seed_sweep/schedules/GPDE/diffusers/stable_diffusion_15/euler/cfg_7.5/seed_0/nfe_010,27.391607,-0.216875
actual_sd15_reuse_cfg7p5_seed0_schedule,stable_diffusion_15,euler,D-GPDE-reuse-cfg7p5-seed0,7.5,0,10,5,0,diffusers_ablation_prompts,4,"a fantasy library carved inside a giant tree, spiral stairs, warm lanterns, intricate shelves",outputs/gpde_diffusers_sd15_reuse_cfg7p5_seed0_schedule/samples/diffusers/stable_diffusion_15/euler/D-GPDE-reuse-cfg7p5-seed0/cfg_5/seed_000/nfe_010/000004.jpg,outputs/gpde_diffusers_sd15_nfe10_cfg_seed_sweep/schedules/GPDE/diffusers/stable_diffusion_15/euler/cfg_7.5/seed_0/nfe_010,31.035131,1.517377
actual_sd15_reuse_cfg7p5_seed0_schedule,stable_diffusion_15,euler,D-GPDE-reuse-cfg7p5-seed0,7.5,0,10,5,0,diffusers_ablation_prompts,5,"a macro photograph of a snowflake resting on dark wool, crisp crystalline detail",outputs/gpde_diffusers_sd15_reuse_cfg7p5_seed0_schedule/samples/diffusers/stable_diffusion_15/euler/D-GPDE-reuse-cfg7p5-seed0/cfg_5/seed_000/nfe_010/000005.jpg,outputs/gpde_diffusers_sd15_nfe10_cfg_seed_sweep/schedules/GPDE/diffusers/stable_diffusion_15/euler/cfg_7.5/seed_0/nfe_010,29.452873,-0.226266
actual_sd15_reuse_cfg7p5_seed0_schedule,stable_diffusion_15,euler,D-GPDE-reuse-cfg7p5-seed0,7.5,0,10,5,0,diffusers_ablation_prompts,6,"a retro futuristic train crossing a desert at sunset, chrome surfaces, long shadows",outputs/gpde_diffusers_sd15_reuse_cfg7p5_seed0_schedule/samples/diffusers/stable_diffusion_15/euler/D-GPDE-reuse-cfg7p5-seed0/cfg_5/seed_000/nfe_010/000006.jpg,outputs/gpde_diffusers_sd15_nfe10_cfg_seed_sweep/schedules/GPDE/diffusers/stable_diffusion_15/euler/cfg_7.5/seed_0/nfe_010,29.006063,1.510110
actual_sd15_reuse_cfg7p5_seed0_schedule,stable_diffusion_15,euler,D-GPDE-reuse-cfg7p5-seed0,7.5,0,10,5,0,diffusers_ablation_prompts,7,"a chef plating a colorful molecular gastronomy dessert, clean restaurant lighting",outputs/gpde_diffusers_sd15_reuse_cfg7p5_seed0_schedule/samples/diffusers/stable_diffusion_15/euler/D-GPDE-reuse-cfg7p5-seed0/cfg_5/seed_000/nfe_010/000007.jpg,outputs/gpde_diffusers_sd15_nfe10_cfg_seed_sweep/schedules/GPDE/diffusers/stable_diffusion_15/euler/cfg_7.5/seed_0/nfe_010,31.906784,0.234392
actual_sd15_reuse_cfg7p5_seed0_schedule,stable_diffusion_15,euler,D-GPDE-reuse-cfg7p5-seed0,7.5,0,10,5,0,diffusers_ablation_prompts,8,"an isometric cozy bedroom with plants, books, a desk lamp, and a rainy window",outputs/gpde_diffusers_sd15_reuse_cfg7p5_seed0_schedule/samples/diffusers/stable_diffusion_15/euler/D-GPDE-reuse-cfg7p5-seed0/cfg_5/seed_000/nfe_010/000008.jpg,outputs/gpde_diffusers_sd15_nfe10_cfg_seed_sweep/schedules/GPDE/diffusers/stable_diffusion_15/euler/cfg_7.5/seed_0/nfe_010,28.216318,-0.396524
actual_sd15_reuse_cfg7p5_seed0_schedule,stable_diffusion_15,euler,D-GPDE-reuse-cfg7p5-seed0,7.5,0,10,5,0,diffusers_ablation_prompts,9,"a dramatic mountain monastery above clouds, sunrise, detailed stone architecture",outputs/gpde_diffusers_sd15_reuse_cfg7p5_seed0_schedule/samples/diffusers/stable_diffusion_15/euler/D-GPDE-reuse-cfg7p5-seed0/cfg_5/seed_000/nfe_010/000009.jpg,outputs/gpde_diffusers_sd15_nfe10_cfg_seed_sweep/schedules/GPDE/diffusers/stable_diffusion_15/euler/cfg_7.5/seed_0/nfe_010,30.782307,1.392507
actual_sd15_reuse_cfg7p5_seed0_schedule,stable_diffusion_15,euler,D-GPDE-reuse-cfg7p5-seed0,7.5,0,10,5,0,diffusers_ablation_prompts,10,a fashion editorial photo of a model wearing a translucent raincoat in Tokyo at night,outputs/gpde_diffusers_sd15_reuse_cfg7p5_seed0_schedule/samples/diffusers/stable_diffusion_15/euler/D-GPDE-reuse-cfg7p5-seed0/cfg_5/seed_000/nfe_010/000010.jpg,outputs/gpde_diffusers_sd15_nfe10_cfg_seed_sweep/schedules/GPDE/diffusers/stable_diffusion_15/euler/cfg_7.5/seed_0/nfe_010,32.947140,1.832466
actual_sd15_reuse_cfg7p5_seed0_schedule,stable_diffusion_15,euler,D-GPDE-reuse-cfg7p5-seed0,7.5,0,10,5,0,diffusers_ablation_prompts,11,a realistic red fox statue made of folded paper on a white museum pedestal,outputs/gpde_diffusers_sd15_reuse_cfg7p5_seed0_schedule/samples/diffusers/stable_diffusion_15/euler/D-GPDE-reuse-cfg7p5-seed0/cfg_5/seed_000/nfe_010/000011.jpg,outputs/gpde_diffusers_sd15_nfe10_cfg_seed_sweep/schedules/GPDE/diffusers/stable_diffusion_15/euler/cfg_7.5/seed_0/nfe_010,26.769855,-2.266412
actual_sd15_reuse_cfg7p5_seed0_schedule,stable_diffusion_15,euler,D-GPDE-reuse-cfg7p5-seed0,7.5,0,10,5,0,diffusers_ablation_prompts,12,a detailed cutaway illustration of a tiny submarine exploring a coral reef,outputs/gpde_diffusers_sd15_reuse_cfg7p5_seed0_schedule/samples/diffusers/stable_diffusion_15/euler/D-GPDE-reuse-cfg7p5-seed0/cfg_5/seed_000/nfe_010/000012.jpg,outputs/gpde_diffusers_sd15_nfe10_cfg_seed_sweep/schedules/GPDE/diffusers/stable_diffusion_15/euler/cfg_7.5/seed_0/nfe_010,25.742268,-1.888860
actual_sd15_reuse_cfg7p5_seed0_schedule,stable_diffusion_15,euler,D-GPDE-reuse-cfg7p5-seed0,7.5,0,10,5,0,diffusers_ablation_prompts,13,a product photo of wireless headphones on brushed aluminum with blue accent lighting,outputs/gpde_diffusers_sd15_reuse_cfg7p5_seed0_schedule/samples/diffusers/stable_diffusion_15/euler/D-GPDE-reuse-cfg7p5-seed0/cfg_5/seed_000/nfe_010/000013.jpg,outputs/gpde_diffusers_sd15_nfe10_cfg_seed_sweep/schedules/GPDE/diffusers/stable_diffusion_15/euler/cfg_7.5/seed_0/nfe_010,29.319160,0.911435
actual_sd15_reuse_cfg7p5_seed0_schedule,stable_diffusion_15,euler,D-GPDE-reuse-cfg7p5-seed0,7.5,0,10,5,0,diffusers_ablation_prompts,14,"a medieval market square during a festival, banners, musicians, detailed crowd",outputs/gpde_diffusers_sd15_reuse_cfg7p5_seed0_schedule/samples/diffusers/stable_diffusion_15/euler/D-GPDE-reuse-cfg7p5-seed0/cfg_5/seed_000/nfe_010/000014.jpg,outputs/gpde_diffusers_sd15_nfe10_cfg_seed_sweep/schedules/GPDE/diffusers/stable_diffusion_15/euler/cfg_7.5/seed_0/nfe_010,23.972563,0.060857
actual_sd15_reuse_cfg7p5_seed0_schedule,stable_diffusion_15,euler,D-GPDE-reuse-cfg7p5-seed0,7.5,0,10,5,0,diffusers_ablation_prompts,15,an oil painting of a violinist performing in an empty subway station,outputs/gpde_diffusers_sd15_reuse_cfg7p5_seed0_schedule/samples/diffusers/stable_diffusion_15/euler/D-GPDE-reuse-cfg7p5-seed0/cfg_5/seed_000/nfe_010/000015.jpg,outputs/gpde_diffusers_sd15_nfe10_cfg_seed_sweep/schedules/GPDE/diffusers/stable_diffusion_15/euler/cfg_7.5/seed_0/nfe_010,38.328541,0.097898
actual_sd15_reuse_cfg7p5_seed0_schedule,stable_diffusion_15,euler,D-GPDE-reuse-cfg7p5-seed0,7.5,0,10,5,0,diffusers_ablation_prompts,16,"a close-up portrait of an elderly sailor, weathered skin, navy coat, overcast harbor",outputs/gpde_diffusers_sd15_reuse_cfg7p5_seed0_schedule/samples/diffusers/stable_diffusion_15/euler/D-GPDE-reuse-cfg7p5-seed0/cfg_5/seed_000/nfe_010/000016.jpg,outputs/gpde_diffusers_sd15_nfe10_cfg_seed_sweep/schedules/GPDE/diffusers/stable_diffusion_15/euler/cfg_7.5/seed_0/nfe_010,30.061352,-0.794553
actual_sd15_reuse_cfg7p5_seed0_schedule,stable_diffusion_15,euler,D-GPDE-reuse-cfg7p5-seed0,7.5,0,10,5,0,diffusers_ablation_prompts,17,a clean architectural rendering of a modern cabin beside a frozen lake,outputs/gpde_diffusers_sd15_reuse_cfg7p5_seed0_schedule/samples/diffusers/stable_diffusion_15/euler/D-GPDE-reuse-cfg7p5-seed0/cfg_5/seed_000/nfe_010/000017.jpg,outputs/gpde_diffusers_sd15_nfe10_cfg_seed_sweep/schedules/GPDE/diffusers/stable_diffusion_15/euler/cfg_7.5/seed_0/nfe_010,32.118233,0.941223
actual_sd15_reuse_cfg7p5_seed0_schedule,stable_diffusion_15,euler,D-GPDE-reuse-cfg7p5-seed0,7.5,0,10,5,0,diffusers_ablation_prompts,18,a surreal desert filled with floating glass spheres and distant black mountains,outputs/gpde_diffusers_sd15_reuse_cfg7p5_seed0_schedule/samples/diffusers/stable_diffusion_15/euler/D-GPDE-reuse-cfg7p5-seed0/cfg_5/seed_000/nfe_010/000018.jpg,outputs/gpde_diffusers_sd15_nfe10_cfg_seed_sweep/schedules/GPDE/diffusers/stable_diffusion_15/euler/cfg_7.5/seed_0/nfe_010,28.705137,-0.199634
actual_sd15_reuse_cfg7p5_seed0_schedule,stable_diffusion_15,euler,D-GPDE-reuse-cfg7p5-seed0,7.5,0,10,5,0,diffusers_ablation_prompts,19,a documentary photo of a scientist collecting ice cores in Antarctica,outputs/gpde_diffusers_sd15_reuse_cfg7p5_seed0_schedule/samples/diffusers/stable_diffusion_15/euler/D-GPDE-reuse-cfg7p5-seed0/cfg_5/seed_000/nfe_010/000019.jpg,outputs/gpde_diffusers_sd15_nfe10_cfg_seed_sweep/schedules/GPDE/diffusers/stable_diffusion_15/euler/cfg_7.5/seed_0/nfe_010,26.579697,-0.308093
actual_sd15_reuse_cfg7p5_seed0_schedule,stable_diffusion_15,euler,D-GPDE-reuse-cfg7p5-seed0,7.5,0,10,5,0,diffusers_ablation_prompts,20,a detailed 3D render of a mechanical hummingbird with copper wings,outputs/gpde_diffusers_sd15_reuse_cfg7p5_seed0_schedule/samples/diffusers/stable_diffusion_15/euler/D-GPDE-reuse-cfg7p5-seed0/cfg_5/seed_000/nfe_010/000020.jpg,outputs/gpde_diffusers_sd15_nfe10_cfg_seed_sweep/schedules/GPDE/diffusers/stable_diffusion_15/euler/cfg_7.5/seed_0/nfe_010,34.722572,0.830406
actual_sd15_reuse_cfg7p5_seed0_schedule,stable_diffusion_15,euler,D-GPDE-reuse-cfg7p5-seed0,7.5,0,10,5,0,diffusers_ablation_prompts,21,"a cozy cafe interior in autumn, pastries, espresso machine, soft morning light",outputs/gpde_diffusers_sd15_reuse_cfg7p5_seed0_schedule/samples/diffusers/stable_diffusion_15/euler/D-GPDE-reuse-cfg7p5-seed0/cfg_5/seed_000/nfe_010/000021.jpg,outputs/gpde_diffusers_sd15_nfe10_cfg_seed_sweep/schedules/GPDE/diffusers/stable_diffusion_15/euler/cfg_7.5/seed_0/nfe_010,25.973022,-1.448366
actual_sd15_reuse_cfg7p5_seed0_schedule,stable_diffusion_15,euler,D-GPDE-reuse-cfg7p5-seed0,7.5,0,10,5,0,diffusers_ablation_prompts,22,"a panoramic view of terraced rice fields under mist, workers in colorful clothing",outputs/gpde_diffusers_sd15_reuse_cfg7p5_seed0_schedule/samples/diffusers/stable_diffusion_15/euler/D-GPDE-reuse-cfg7p5-seed0/cfg_5/seed_000/nfe_010/000022.jpg,outputs/gpde_diffusers_sd15_nfe10_cfg_seed_sweep/schedules/GPDE/diffusers/stable_diffusion_15/euler/cfg_7.5/seed_0/nfe_010,28.516302,-0.904438
actual_sd15_reuse_cfg7p5_seed0_schedule,stable_diffusion_15,euler,D-GPDE-reuse-cfg7p5-seed0,7.5,0,10,5,0,diffusers_ablation_prompts,23,a children's book illustration of a moonlit boat parade on a quiet canal,outputs/gpde_diffusers_sd15_reuse_cfg7p5_seed0_schedule/samples/diffusers/stable_diffusion_15/euler/D-GPDE-reuse-cfg7p5-seed0/cfg_5/seed_000/nfe_010/000023.jpg,outputs/gpde_diffusers_sd15_nfe10_cfg_seed_sweep/schedules/GPDE/diffusers/stable_diffusion_15/euler/cfg_7.5/seed_0/nfe_010,22.551754,-0.757764
actual_sd15_reuse_cfg7p5_seed0_schedule,stable_diffusion_15,euler,D-GPDE-reuse-cfg7p5-seed0,7.5,0,10,5,0,diffusers_ablation_prompts,24,"a realistic sports car parked in a concrete tunnel, reflections, low angle",outputs/gpde_diffusers_sd15_reuse_cfg7p5_seed0_schedule/samples/diffusers/stable_diffusion_15/euler/D-GPDE-reuse-cfg7p5-seed0/cfg_5/seed_000/nfe_010/000024.jpg,outputs/gpde_diffusers_sd15_nfe10_cfg_seed_sweep/schedules/GPDE/diffusers/stable_diffusion_15/euler/cfg_7.5/seed_0/nfe_010,25.036474,0.380004
actual_sd15_reuse_cfg7p5_seed0_schedule,stable_diffusion_15,euler,D-GPDE-reuse-cfg7p5-seed0,7.5,0,10,5,0,diffusers_ablation_prompts,25,"a botanical diagram of rare orchids with labeled roots and petals, archival paper",outputs/gpde_diffusers_sd15_reuse_cfg7p5_seed0_schedule/samples/diffusers/stable_diffusion_15/euler/D-GPDE-reuse-cfg7p5-seed0/cfg_5/seed_000/nfe_010/000025.jpg,outputs/gpde_diffusers_sd15_nfe10_cfg_seed_sweep/schedules/GPDE/diffusers/stable_diffusion_15/euler/cfg_7.5/seed_0/nfe_010,30.679789,0.725642
actual_sd15_reuse_cfg7p5_seed0_schedule,stable_diffusion_15,euler,D-GPDE-reuse-cfg7p5-seed0,7.5,0,10,5,0,diffusers_ablation_prompts,26,"a cyberpunk street food stall with steam, lanterns, and dense urban signage",outputs/gpde_diffusers_sd15_reuse_cfg7p5_seed0_schedule/samples/diffusers/stable_diffusion_15/euler/D-GPDE-reuse-cfg7p5-seed0/cfg_5/seed_000/nfe_010/000026.jpg,outputs/gpde_diffusers_sd15_nfe10_cfg_seed_sweep/schedules/GPDE/diffusers/stable_diffusion_15/euler/cfg_7.5/seed_0/nfe_010,23.748177,-1.140667
actual_sd15_reuse_cfg7p5_seed0_schedule,stable_diffusion_15,euler,D-GPDE-reuse-cfg7p5-seed0,7.5,0,10,5,0,diffusers_ablation_prompts,27,"a still life of glass fruit bowls, linen cloth, and silver cutlery, natural light",outputs/gpde_diffusers_sd15_reuse_cfg7p5_seed0_schedule/samples/diffusers/stable_diffusion_15/euler/D-GPDE-reuse-cfg7p5-seed0/cfg_5/seed_000/nfe_010/000027.jpg,outputs/gpde_diffusers_sd15_nfe10_cfg_seed_sweep/schedules/GPDE/diffusers/stable_diffusion_15/euler/cfg_7.5/seed_0/nfe_010,30.355680,0.735454
actual_sd15_reuse_cfg7p5_seed0_schedule,stable_diffusion_15,euler,D-GPDE-reuse-cfg7p5-seed0,7.5,0,10,5,0,diffusers_ablation_prompts,28,a heroic statue covered in vines in an abandoned futuristic plaza,outputs/gpde_diffusers_sd15_reuse_cfg7p5_seed0_schedule/samples/diffusers/stable_diffusion_15/euler/D-GPDE-reuse-cfg7p5-seed0/cfg_5/seed_000/nfe_010/000028.jpg,outputs/gpde_diffusers_sd15_nfe10_cfg_seed_sweep/schedules/GPDE/diffusers/stable_diffusion_15/euler/cfg_7.5/seed_0/nfe_010,30.635584,0.073151
actual_sd15_reuse_cfg7p5_seed0_schedule,stable_diffusion_15,euler,D-GPDE-reuse-cfg7p5-seed0,7.5,0,10,5,0,diffusers_ablation_prompts,29,a black and white film photograph of dancers rehearsing in a mirror-lined studio,outputs/gpde_diffusers_sd15_reuse_cfg7p5_seed0_schedule/samples/diffusers/stable_diffusion_15/euler/D-GPDE-reuse-cfg7p5-seed0/cfg_5/seed_000/nfe_010/000029.jpg,outputs/gpde_diffusers_sd15_nfe10_cfg_seed_sweep/schedules/GPDE/diffusers/stable_diffusion_15/euler/cfg_7.5/seed_0/nfe_010,30.835453,0.558925
actual_sd15_reuse_cfg7p5_seed0_schedule,stable_diffusion_15,euler,D-GPDE-reuse-cfg7p5-seed0,7.5,0,10,5,0,diffusers_ablation_prompts,30,"a detailed scene of a spacecraft cockpit during reentry, glowing controls, tense mood",outputs/gpde_diffusers_sd15_reuse_cfg7p5_seed0_schedule/samples/diffusers/stable_diffusion_15/euler/D-GPDE-reuse-cfg7p5-seed0/cfg_5/seed_000/nfe_010/000030.jpg,outputs/gpde_diffusers_sd15_nfe10_cfg_seed_sweep/schedules/GPDE/diffusers/stable_diffusion_15/euler/cfg_7.5/seed_0/nfe_010,24.928083,-1.777318
actual_sd15_reuse_cfg7p5_seed0_schedule,stable_diffusion_15,euler,D-GPDE-reuse-cfg7p5-seed0,7.5,0,10,5,0,diffusers_ablation_prompts,31,a claymation style village bakery with tiny loaves and painted signs,outputs/gpde_diffusers_sd15_reuse_cfg7p5_seed0_schedule/samples/diffusers/stable_diffusion_15/euler/D-GPDE-reuse-cfg7p5-seed0/cfg_5/seed_000/nfe_010/000031.jpg,outputs/gpde_diffusers_sd15_nfe10_cfg_seed_sweep/schedules/GPDE/diffusers/stable_diffusion_15/euler/cfg_7.5/seed_0/nfe_010,30.729412,-0.907435
actual_sd15_reuse_cfg7p5_seed0_schedule,stable_diffusion_15,euler,D-GPDE-reuse-cfg7p5-seed0,7.5,0,10,5,0,diffusers_ablation_prompts,32,a realistic underwater photograph of a diver inspecting an ancient marble column,outputs/gpde_diffusers_sd15_reuse_cfg7p5_seed0_schedule/samples/diffusers/stable_diffusion_15/euler/D-GPDE-reuse-cfg7p5-seed0/cfg_5/seed_000/nfe_010/000032.jpg,outputs/gpde_diffusers_sd15_nfe10_cfg_seed_sweep/schedules/GPDE/diffusers/stable_diffusion_15/euler/cfg_7.5/seed_0/nfe_010,28.006264,1.089499
actual_sd15_reuse_cfg7p5_seed0_schedule,stable_diffusion_15,euler,D-GPDE-reuse-cfg7p5-seed0,7.5,0,10,5,0,diffusers_ablation_prompts,33,"a minimalist poster of a jazz quartet in deep red, cream, and black",outputs/gpde_diffusers_sd15_reuse_cfg7p5_seed0_schedule/samples/diffusers/stable_diffusion_15/euler/D-GPDE-reuse-cfg7p5-seed0/cfg_5/seed_000/nfe_010/000033.jpg,outputs/gpde_diffusers_sd15_nfe10_cfg_seed_sweep/schedules/GPDE/diffusers/stable_diffusion_15/euler/cfg_7.5/seed_0/nfe_010,30.354809,-0.846893
actual_sd15_reuse_cfg7p5_seed0_schedule,stable_diffusion_15,euler,D-GPDE-reuse-cfg7p5-seed0,7.5,0,10,5,0,diffusers_ablation_prompts,34,a high detail portrait of a queen wearing armor made of mother of pearl,outputs/gpde_diffusers_sd15_reuse_cfg7p5_seed0_schedule/samples/diffusers/stable_diffusion_15/euler/D-GPDE-reuse-cfg7p5-seed0/cfg_5/seed_000/nfe_010/000034.jpg,outputs/gpde_diffusers_sd15_nfe10_cfg_seed_sweep/schedules/GPDE/diffusers/stable_diffusion_15/euler/cfg_7.5/seed_0/nfe_010,23.564772,0.698613
actual_sd15_reuse_cfg7p5_seed0_schedule,stable_diffusion_15,euler,D-GPDE-reuse-cfg7p5-seed0,7.5,0,10,5,0,diffusers_ablation_prompts,35,"a top-down board game map of an island with forests, cliffs, and hidden ruins",outputs/gpde_diffusers_sd15_reuse_cfg7p5_seed0_schedule/samples/diffusers/stable_diffusion_15/euler/D-GPDE-reuse-cfg7p5-seed0/cfg_5/seed_000/nfe_010/000035.jpg,outputs/gpde_diffusers_sd15_nfe10_cfg_seed_sweep/schedules/GPDE/diffusers/stable_diffusion_15/euler/cfg_7.5/seed_0/nfe_010,23.227585,-1.607707
actual_sd15_reuse_cfg7p5_seed0_schedule,stable_diffusion_15,euler,D-GPDE-reuse-cfg7p5-seed0,7.5,0,10,5,0,diffusers_ablation_prompts,36,"a luxury watch exploded view on a dark background, precise gears and screws",outputs/gpde_diffusers_sd15_reuse_cfg7p5_seed0_schedule/samples/diffusers/stable_diffusion_15/euler/D-GPDE-reuse-cfg7p5-seed0/cfg_5/seed_000/nfe_010/000036.jpg,outputs/gpde_diffusers_sd15_nfe10_cfg_seed_sweep/schedules/GPDE/diffusers/stable_diffusion_15/euler/cfg_7.5/seed_0/nfe_010,33.609207,0.885887
actual_sd15_reuse_cfg7p5_seed0_schedule,stable_diffusion_15,euler,D-GPDE-reuse-cfg7p5-seed0,7.5,0,10,5,0,diffusers_ablation_prompts,37,"a sunlit greenhouse filled with tomatoes, watering cans, and terracotta pots",outputs/gpde_diffusers_sd15_reuse_cfg7p5_seed0_schedule/samples/diffusers/stable_diffusion_15/euler/D-GPDE-reuse-cfg7p5-seed0/cfg_5/seed_000/nfe_010/000037.jpg,outputs/gpde_diffusers_sd15_nfe10_cfg_seed_sweep/schedules/GPDE/diffusers/stable_diffusion_15/euler/cfg_7.5/seed_0/nfe_010,27.776575,-0.796702
actual_sd15_reuse_cfg7p5_seed0_schedule,stable_diffusion_15,euler,D-GPDE-reuse-cfg7p5-seed0,7.5,0,10,5,0,diffusers_ablation_prompts,38,a night landscape of fireflies over a meadow beside a quiet river,outputs/gpde_diffusers_sd15_reuse_cfg7p5_seed0_schedule/samples/diffusers/stable_diffusion_15/euler/D-GPDE-reuse-cfg7p5-seed0/cfg_5/seed_000/nfe_010/000038.jpg,outputs/gpde_diffusers_sd15_nfe10_cfg_seed_sweep/schedules/GPDE/diffusers/stable_diffusion_15/euler/cfg_7.5/seed_0/nfe_010,27.218346,-1.276959
actual_sd15_reuse_cfg7p5_seed0_schedule,stable_diffusion_15,euler,D-GPDE-reuse-cfg7p5-seed0,7.5,0,10,5,0,diffusers_ablation_prompts,39,a realistic photo of a rescue helicopter landing on a snowy mountain ridge,outputs/gpde_diffusers_sd15_reuse_cfg7p5_seed0_schedule/samples/diffusers/stable_diffusion_15/euler/D-GPDE-reuse-cfg7p5-seed0/cfg_5/seed_000/nfe_010/000039.jpg,outputs/gpde_diffusers_sd15_nfe10_cfg_seed_sweep/schedules/GPDE/diffusers/stable_diffusion_15/euler/cfg_7.5/seed_0/nfe_010,35.833271,0.372599
actual_sd15_reuse_cfg7p5_seed0_schedule,stable_diffusion_15,euler,D-GPDE-reuse-cfg7p5-seed0,7.5,0,10,5,0,diffusers_ablation_prompts,40,a concept art scene of a floating research station above Jupiter's clouds,outputs/gpde_diffusers_sd15_reuse_cfg7p5_seed0_schedule/samples/diffusers/stable_diffusion_15/euler/D-GPDE-reuse-cfg7p5-seed0/cfg_5/seed_000/nfe_010/000040.jpg,outputs/gpde_diffusers_sd15_nfe10_cfg_seed_sweep/schedules/GPDE/diffusers/stable_diffusion_15/euler/cfg_7.5/seed_0/nfe_010,26.250025,0.148690
actual_sd15_reuse_cfg7p5_seed0_schedule,stable_diffusion_15,euler,D-GPDE-reuse-cfg7p5-seed0,7.5,0,10,5,0,diffusers_ablation_prompts,41,a detailed pencil drawing of an old bicycle leaning against a brick wall,outputs/gpde_diffusers_sd15_reuse_cfg7p5_seed0_schedule/samples/diffusers/stable_diffusion_15/euler/D-GPDE-reuse-cfg7p5-seed0/cfg_5/seed_000/nfe_010/000041.jpg,outputs/gpde_diffusers_sd15_nfe10_cfg_seed_sweep/schedules/GPDE/diffusers/stable_diffusion_15/euler/cfg_7.5/seed_0/nfe_010,32.874126,0.578032
actual_sd15_reuse_cfg7p5_seed0_schedule,stable_diffusion_15,euler,D-GPDE-reuse-cfg7p5-seed0,7.5,0,10,5,0,diffusers_ablation_prompts,42,"a museum diorama of prehistoric sea creatures, dramatic educational lighting",outputs/gpde_diffusers_sd15_reuse_cfg7p5_seed0_schedule/samples/diffusers/stable_diffusion_15/euler/D-GPDE-reuse-cfg7p5-seed0/cfg_5/seed_000/nfe_010/000042.jpg,outputs/gpde_diffusers_sd15_nfe10_cfg_seed_sweep/schedules/GPDE/diffusers/stable_diffusion_15/euler/cfg_7.5/seed_0/nfe_010,30.951202,0.000774
actual_sd15_reuse_cfg7p5_seed0_schedule,stable_diffusion_15,euler,D-GPDE-reuse-cfg7p5-seed0,7.5,0,10,5,0,diffusers_ablation_prompts,43,"a peaceful Japanese garden with koi pond, stone bridge, and maple leaves",outputs/gpde_diffusers_sd15_reuse_cfg7p5_seed0_schedule/samples/diffusers/stable_diffusion_15/euler/D-GPDE-reuse-cfg7p5-seed0/cfg_5/seed_000/nfe_010/000043.jpg,outputs/gpde_diffusers_sd15_nfe10_cfg_seed_sweep/schedules/GPDE/diffusers/stable_diffusion_15/euler/cfg_7.5/seed_0/nfe_010,25.828861,-0.884162
actual_sd15_reuse_cfg7p5_seed0_schedule,stable_diffusion_15,euler,D-GPDE-reuse-cfg7p5-seed0,7.5,0,10,5,0,diffusers_ablation_prompts,44,"a close-up food photograph of ramen with soft egg, steam, and ceramic bowl",outputs/gpde_diffusers_sd15_reuse_cfg7p5_seed0_schedule/samples/diffusers/stable_diffusion_15/euler/D-GPDE-reuse-cfg7p5-seed0/cfg_5/seed_000/nfe_010/000044.jpg,outputs/gpde_diffusers_sd15_nfe10_cfg_seed_sweep/schedules/GPDE/diffusers/stable_diffusion_15/euler/cfg_7.5/seed_0/nfe_010,28.361532,0.552680
actual_sd15_reuse_cfg7p5_seed0_schedule,stable_diffusion_15,euler,D-GPDE-reuse-cfg7p5-seed0,7.5,0,10,5,0,diffusers_ablation_prompts,45,a vibrant parade costume covered with mirrors and embroidered flowers,outputs/gpde_diffusers_sd15_reuse_cfg7p5_seed0_schedule/samples/diffusers/stable_diffusion_15/euler/D-GPDE-reuse-cfg7p5-seed0/cfg_5/seed_000/nfe_010/000045.jpg,outputs/gpde_diffusers_sd15_nfe10_cfg_seed_sweep/schedules/GPDE/diffusers/stable_diffusion_15/euler/cfg_7.5/seed_0/nfe_010,23.585245,-2.217129
actual_sd15_reuse_cfg7p5_seed0_schedule,stable_diffusion_15,euler,D-GPDE-reuse-cfg7p5-seed0,7.5,0,10,5,0,diffusers_ablation_prompts,46,a realistic image of a hand-crafted wooden chess set mid game by candlelight,outputs/gpde_diffusers_sd15_reuse_cfg7p5_seed0_schedule/samples/diffusers/stable_diffusion_15/euler/D-GPDE-reuse-cfg7p5-seed0/cfg_5/seed_000/nfe_010/000046.jpg,outputs/gpde_diffusers_sd15_nfe10_cfg_seed_sweep/schedules/GPDE/diffusers/stable_diffusion_15/euler/cfg_7.5/seed_0/nfe_010,25.901703,-1.436120
actual_sd15_reuse_cfg7p5_seed0_schedule,stable_diffusion_15,euler,D-GPDE-reuse-cfg7p5-seed0,7.5,0,10,5,0,diffusers_ablation_prompts,47,a wide angle view of a data center corridor with blue status lights,outputs/gpde_diffusers_sd15_reuse_cfg7p5_seed0_schedule/samples/diffusers/stable_diffusion_15/euler/D-GPDE-reuse-cfg7p5-seed0/cfg_5/seed_000/nfe_010/000047.jpg,outputs/gpde_diffusers_sd15_nfe10_cfg_seed_sweep/schedules/GPDE/diffusers/stable_diffusion_15/euler/cfg_7.5/seed_0/nfe_010,26.083984,1.357126
actual_sd15_reuse_cfg7p5_seed0_schedule,stable_diffusion_15,euler,D-GPDE-reuse-cfg7p5-seed0,7.5,0,10,5,0,diffusers_ablation_prompts,48,a magical realism scene of books flying through an old train carriage,outputs/gpde_diffusers_sd15_reuse_cfg7p5_seed0_schedule/samples/diffusers/stable_diffusion_15/euler/D-GPDE-reuse-cfg7p5-seed0/cfg_5/seed_000/nfe_010/000048.jpg,outputs/gpde_diffusers_sd15_nfe10_cfg_seed_sweep/schedules/GPDE/diffusers/stable_diffusion_15/euler/cfg_7.5/seed_0/nfe_010,33.829731,-0.135920
actual_sd15_reuse_cfg7p5_seed0_schedule,stable_diffusion_15,euler,D-GPDE-reuse-cfg7p5-seed0,7.5,0,10,5,0,diffusers_ablation_prompts,49,a studio portrait of a golden retriever wearing aviator goggles and a red scarf,outputs/gpde_diffusers_sd15_reuse_cfg7p5_seed0_schedule/samples/diffusers/stable_diffusion_15/euler/D-GPDE-reuse-cfg7p5-seed0/cfg_5/seed_000/nfe_010/000049.jpg,outputs/gpde_diffusers_sd15_nfe10_cfg_seed_sweep/schedules/GPDE/diffusers/stable_diffusion_15/euler/cfg_7.5/seed_0/nfe_010,31.793755,1.589317
actual_sd15_reuse_cfg7p5_seed0_schedule,stable_diffusion_15,euler,D-GPDE-reuse-cfg7p5-seed0,7.5,0,10,5,1,diffusers_ablation_prompts,0,"a cinematic portrait of an astronaut botanist in a glass greenhouse on Mars, detailed fabric, soft rim light",outputs/gpde_diffusers_sd15_reuse_cfg7p5_seed0_schedule/samples/diffusers/stable_diffusion_15/euler/D-GPDE-reuse-cfg7p5-seed0/cfg_5/seed_001/nfe_010/000000.jpg,outputs/gpde_diffusers_sd15_nfe10_cfg_seed_sweep/schedules/GPDE/diffusers/stable_diffusion_15/euler/cfg_7.5/seed_0/nfe_010,32.275135,-0.968018
actual_sd15_reuse_cfg7p5_seed0_schedule,stable_diffusion_15,euler,D-GPDE-reuse-cfg7p5-seed0,7.5,0,10,5,1,diffusers_ablation_prompts,1,"a small brass robot repairing an antique clock in a sunlit workshop, shallow depth of field",outputs/gpde_diffusers_sd15_reuse_cfg7p5_seed0_schedule/samples/diffusers/stable_diffusion_15/euler/D-GPDE-reuse-cfg7p5-seed0/cfg_5/seed_001/nfe_010/000001.jpg,outputs/gpde_diffusers_sd15_nfe10_cfg_seed_sweep/schedules/GPDE/diffusers/stable_diffusion_15/euler/cfg_7.5/seed_0/nfe_010,29.293793,-1.940115
actual_sd15_reuse_cfg7p5_seed0_schedule,stable_diffusion_15,euler,D-GPDE-reuse-cfg7p5-seed0,7.5,0,10,5,1,diffusers_ablation_prompts,2,"a watercolor city street after rain with neon signs reflected in puddles, evening atmosphere",outputs/gpde_diffusers_sd15_reuse_cfg7p5_seed0_schedule/samples/diffusers/stable_diffusion_15/euler/D-GPDE-reuse-cfg7p5-seed0/cfg_5/seed_001/nfe_010/000002.jpg,outputs/gpde_diffusers_sd15_nfe10_cfg_seed_sweep/schedules/GPDE/diffusers/stable_diffusion_15/euler/cfg_7.5/seed_0/nfe_010,27.300817,0.261101
actual_sd15_reuse_cfg7p5_seed0_schedule,stable_diffusion_15,euler,D-GPDE-reuse-cfg7p5-seed0,7.5,0,10,5,1,diffusers_ablation_prompts,3,a high resolution studio photo of a ceramic teapot shaped like a seashell on a slate table,outputs/gpde_diffusers_sd15_reuse_cfg7p5_seed0_schedule/samples/diffusers/stable_diffusion_15/euler/D-GPDE-reuse-cfg7p5-seed0/cfg_5/seed_001/nfe_010/000003.jpg,outputs/gpde_diffusers_sd15_nfe10_cfg_seed_sweep/schedules/GPDE/diffusers/stable_diffusion_15/euler/cfg_7.5/seed_0/nfe_010,30.221594,1.295207
actual_sd15_reuse_cfg7p5_seed0_schedule,stable_diffusion_15,euler,D-GPDE-reuse-cfg7p5-seed0,7.5,0,10,5,1,diffusers_ablation_prompts,4,"a fantasy library carved inside a giant tree, spiral stairs, warm lanterns, intricate shelves",outputs/gpde_diffusers_sd15_reuse_cfg7p5_seed0_schedule/samples/diffusers/stable_diffusion_15/euler/D-GPDE-reuse-cfg7p5-seed0/cfg_5/seed_001/nfe_010/000004.jpg,outputs/gpde_diffusers_sd15_nfe10_cfg_seed_sweep/schedules/GPDE/diffusers/stable_diffusion_15/euler/cfg_7.5/seed_0/nfe_010,30.513165,-0.374641
actual_sd15_reuse_cfg7p5_seed0_schedule,stable_diffusion_15,euler,D-GPDE-reuse-cfg7p5-seed0,7.5,0,10,5,1,diffusers_ablation_prompts,5,"a macro photograph of a snowflake resting on dark wool, crisp crystalline detail",outputs/gpde_diffusers_sd15_reuse_cfg7p5_seed0_schedule/samples/diffusers/stable_diffusion_15/euler/D-GPDE-reuse-cfg7p5-seed0/cfg_5/seed_001/nfe_010/000005.jpg,outputs/gpde_diffusers_sd15_nfe10_cfg_seed_sweep/schedules/GPDE/diffusers/stable_diffusion_15/euler/cfg_7.5/seed_0/nfe_010,28.160748,-0.189266
actual_sd15_reuse_cfg7p5_seed0_schedule,stable_diffusion_15,euler,D-GPDE-reuse-cfg7p5-seed0,7.5,0,10,5,1,diffusers_ablation_prompts,6,"a retro futuristic train crossing a desert at sunset, chrome surfaces, long shadows",outputs/gpde_diffusers_sd15_reuse_cfg7p5_seed0_schedule/samples/diffusers/stable_diffusion_15/euler/D-GPDE-reuse-cfg7p5-seed0/cfg_5/seed_001/nfe_010/000006.jpg,outputs/gpde_diffusers_sd15_nfe10_cfg_seed_sweep/schedules/GPDE/diffusers/stable_diffusion_15/euler/cfg_7.5/seed_0/nfe_010,25.984863,0.363887
actual_sd15_reuse_cfg7p5_seed0_schedule,stable_diffusion_15,euler,D-GPDE-reuse-cfg7p5-seed0,7.5,0,10,5,1,diffusers_ablation_prompts,7,"a chef plating a colorful molecular gastronomy dessert, clean restaurant lighting",outputs/gpde_diffusers_sd15_reuse_cfg7p5_seed0_schedule/samples/diffusers/stable_diffusion_15/euler/D-GPDE-reuse-cfg7p5-seed0/cfg_5/seed_001/nfe_010/000007.jpg,outputs/gpde_diffusers_sd15_nfe10_cfg_seed_sweep/schedules/GPDE/diffusers/stable_diffusion_15/euler/cfg_7.5/seed_0/nfe_010,31.375593,-0.279946
actual_sd15_reuse_cfg7p5_seed0_schedule,stable_diffusion_15,euler,D-GPDE-reuse-cfg7p5-seed0,7.5,0,10,5,1,diffusers_ablation_prompts,8,"an isometric cozy bedroom with plants, books, a desk lamp, and a rainy window",outputs/gpde_diffusers_sd15_reuse_cfg7p5_seed0_schedule/samples/diffusers/stable_diffusion_15/euler/D-GPDE-reuse-cfg7p5-seed0/cfg_5/seed_001/nfe_010/000008.jpg,outputs/gpde_diffusers_sd15_nfe10_cfg_seed_sweep/schedules/GPDE/diffusers/stable_diffusion_15/euler/cfg_7.5/seed_0/nfe_010,33.204693,0.355151
actual_sd15_reuse_cfg7p5_seed0_schedule,stable_diffusion_15,euler,D-GPDE-reuse-cfg7p5-seed0,7.5,0,10,5,1,diffusers_ablation_prompts,9,"a dramatic mountain monastery above clouds, sunrise, detailed stone architecture",outputs/gpde_diffusers_sd15_reuse_cfg7p5_seed0_schedule/samples/diffusers/stable_diffusion_15/euler/D-GPDE-reuse-cfg7p5-seed0/cfg_5/seed_001/nfe_010/000009.jpg,outputs/gpde_diffusers_sd15_nfe10_cfg_seed_sweep/schedules/GPDE/diffusers/stable_diffusion_15/euler/cfg_7.5/seed_0/nfe_010,34.064735,0.815755
actual_sd15_reuse_cfg7p5_seed0_schedule,stable_diffusion_15,euler,D-GPDE-reuse-cfg7p5-seed0,7.5,0,10,5,1,diffusers_ablation_prompts,10,a fashion editorial photo of a model wearing a translucent raincoat in Tokyo at night,outputs/gpde_diffusers_sd15_reuse_cfg7p5_seed0_schedule/samples/diffusers/stable_diffusion_15/euler/D-GPDE-reuse-cfg7p5-seed0/cfg_5/seed_001/nfe_010/000010.jpg,outputs/gpde_diffusers_sd15_nfe10_cfg_seed_sweep/schedules/GPDE/diffusers/stable_diffusion_15/euler/cfg_7.5/seed_0/nfe_010,36.791367,1.951192
actual_sd15_reuse_cfg7p5_seed0_schedule,stable_diffusion_15,euler,D-GPDE-reuse-cfg7p5-seed0,7.5,0,10,5,1,diffusers_ablation_prompts,11,a realistic red fox statue made of folded paper on a white museum pedestal,outputs/gpde_diffusers_sd15_reuse_cfg7p5_seed0_schedule/samples/diffusers/stable_diffusion_15/euler/D-GPDE-reuse-cfg7p5-seed0/cfg_5/seed_001/nfe_010/000011.jpg,outputs/gpde_diffusers_sd15_nfe10_cfg_seed_sweep/schedules/GPDE/diffusers/stable_diffusion_15/euler/cfg_7.5/seed_0/nfe_010,32.970074,0.821269
actual_sd15_reuse_cfg7p5_seed0_schedule,stable_diffusion_15,euler,D-GPDE-reuse-cfg7p5-seed0,7.5,0,10,5,1,diffusers_ablation_prompts,12,a detailed cutaway illustration of a tiny submarine exploring a coral reef,outputs/gpde_diffusers_sd15_reuse_cfg7p5_seed0_schedule/samples/diffusers/stable_diffusion_15/euler/D-GPDE-reuse-cfg7p5-seed0/cfg_5/seed_001/nfe_010/000012.jpg,outputs/gpde_diffusers_sd15_nfe10_cfg_seed_sweep/schedules/GPDE/diffusers/stable_diffusion_15/euler/cfg_7.5/seed_0/nfe_010,34.503601,1.160946
actual_sd15_reuse_cfg7p5_seed0_schedule,stable_diffusion_15,euler,D-GPDE-reuse-cfg7p5-seed0,7.5,0,10,5,1,diffusers_ablation_prompts,13,a product photo of wireless headphones on brushed aluminum with blue accent lighting,outputs/gpde_diffusers_sd15_reuse_cfg7p5_seed0_schedule/samples/diffusers/stable_diffusion_15/euler/D-GPDE-reuse-cfg7p5-seed0/cfg_5/seed_001/nfe_010/000013.jpg,outputs/gpde_diffusers_sd15_nfe10_cfg_seed_sweep/schedules/GPDE/diffusers/stable_diffusion_15/euler/cfg_7.5/seed_0/nfe_010,29.862175,-0.542351
actual_sd15_reuse_cfg7p5_seed0_schedule,stable_diffusion_15,euler,D-GPDE-reuse-cfg7p5-seed0,7.5,0,10,5,1,diffusers_ablation_prompts,14,"a medieval market square during a festival, banners, musicians, detailed crowd",outputs/gpde_diffusers_sd15_reuse_cfg7p5_seed0_schedule/samples/diffusers/stable_diffusion_15/euler/D-GPDE-reuse-cfg7p5-seed0/cfg_5/seed_001/nfe_010/000014.jpg,outputs/gpde_diffusers_sd15_nfe10_cfg_seed_sweep/schedules/GPDE/diffusers/stable_diffusion_15/euler/cfg_7.5/seed_0/nfe_010,29.263323,-0.267334
actual_sd15_reuse_cfg7p5_seed0_schedule,stable_diffusion_15,euler,D-GPDE-reuse-cfg7p5-seed0,7.5,0,10,5,1,diffusers_ablation_prompts,15,an oil painting of a violinist performing in an empty subway station,outputs/gpde_diffusers_sd15_reuse_cfg7p5_seed0_schedule/samples/diffusers/stable_diffusion_15/euler/D-GPDE-reuse-cfg7p5-seed0/cfg_5/seed_001/nfe_010/000015.jpg,outputs/gpde_diffusers_sd15_nfe10_cfg_seed_sweep/schedules/GPDE/diffusers/stable_diffusion_15/euler/cfg_7.5/seed_0/nfe_010,33.533905,-0.032580
actual_sd15_reuse_cfg7p5_seed0_schedule,stable_diffusion_15,euler,D-GPDE-reuse-cfg7p5-seed0,7.5,0,10,5,1,diffusers_ablation_prompts,16,"a close-up portrait of an elderly sailor, weathered skin, navy coat, overcast harbor",outputs/gpde_diffusers_sd15_reuse_cfg7p5_seed0_schedule/samples/diffusers/stable_diffusion_15/euler/D-GPDE-reuse-cfg7p5-seed0/cfg_5/seed_001/nfe_010/000016.jpg,outputs/gpde_diffusers_sd15_nfe10_cfg_seed_sweep/schedules/GPDE/diffusers/stable_diffusion_15/euler/cfg_7.5/seed_0/nfe_010,28.710407,-0.323258
actual_sd15_reuse_cfg7p5_seed0_schedule,stable_diffusion_15,euler,D-GPDE-reuse-cfg7p5-seed0,7.5,0,10,5,1,diffusers_ablation_prompts,17,a clean architectural rendering of a modern cabin beside a frozen lake,outputs/gpde_diffusers_sd15_reuse_cfg7p5_seed0_schedule/samples/diffusers/stable_diffusion_15/euler/D-GPDE-reuse-cfg7p5-seed0/cfg_5/seed_001/nfe_010/000017.jpg,outputs/gpde_diffusers_sd15_nfe10_cfg_seed_sweep/schedules/GPDE/diffusers/stable_diffusion_15/euler/cfg_7.5/seed_0/nfe_010,33.806664,1.571966
actual_sd15_reuse_cfg7p5_seed0_schedule,stable_diffusion_15,euler,D-GPDE-reuse-cfg7p5-seed0,7.5,0,10,5,1,diffusers_ablation_prompts,18,a surreal desert filled with floating glass spheres and distant black mountains,outputs/gpde_diffusers_sd15_reuse_cfg7p5_seed0_schedule/samples/diffusers/stable_diffusion_15/euler/D-GPDE-reuse-cfg7p5-seed0/cfg_5/seed_001/nfe_010/000018.jpg,outputs/gpde_diffusers_sd15_nfe10_cfg_seed_sweep/schedules/GPDE/diffusers/stable_diffusion_15/euler/cfg_7.5/seed_0/nfe_010,25.812965,0.764590
actual_sd15_reuse_cfg7p5_seed0_schedule,stable_diffusion_15,euler,D-GPDE-reuse-cfg7p5-seed0,7.5,0,10,5,1,diffusers_ablation_prompts,19,a documentary photo of a scientist collecting ice cores in Antarctica,outputs/gpde_diffusers_sd15_reuse_cfg7p5_seed0_schedule/samples/diffusers/stable_diffusion_15/euler/D-GPDE-reuse-cfg7p5-seed0/cfg_5/seed_001/nfe_010/000019.jpg,outputs/gpde_diffusers_sd15_nfe10_cfg_seed_sweep/schedules/GPDE/diffusers/stable_diffusion_15/euler/cfg_7.5/seed_0/nfe_010,28.657003,-0.813715
actual_sd15_reuse_cfg7p5_seed0_schedule,stable_diffusion_15,euler,D-GPDE-reuse-cfg7p5-seed0,7.5,0,10,5,1,diffusers_ablation_prompts,20,a detailed 3D render of a mechanical hummingbird with copper wings,outputs/gpde_diffusers_sd15_reuse_cfg7p5_seed0_schedule/samples/diffusers/stable_diffusion_15/euler/D-GPDE-reuse-cfg7p5-seed0/cfg_5/seed_001/nfe_010/000020.jpg,outputs/gpde_diffusers_sd15_nfe10_cfg_seed_sweep/schedules/GPDE/diffusers/stable_diffusion_15/euler/cfg_7.5/seed_0/nfe_010,35.731525,0.857408
actual_sd15_reuse_cfg7p5_seed0_schedule,stable_diffusion_15,euler,D-GPDE-reuse-cfg7p5-seed0,7.5,0,10,5,1,diffusers_ablation_prompts,21,"a cozy cafe interior in autumn, pastries, espresso machine, soft morning light",outputs/gpde_diffusers_sd15_reuse_cfg7p5_seed0_schedule/samples/diffusers/stable_diffusion_15/euler/D-GPDE-reuse-cfg7p5-seed0/cfg_5/seed_001/nfe_010/000021.jpg,outputs/gpde_diffusers_sd15_nfe10_cfg_seed_sweep/schedules/GPDE/diffusers/stable_diffusion_15/euler/cfg_7.5/seed_0/nfe_010,27.282310,-0.898721
actual_sd15_reuse_cfg7p5_seed0_schedule,stable_diffusion_15,euler,D-GPDE-reuse-cfg7p5-seed0,7.5,0,10,5,1,diffusers_ablation_prompts,22,"a panoramic view of terraced rice fields under mist, workers in colorful clothing",outputs/gpde_diffusers_sd15_reuse_cfg7p5_seed0_schedule/samples/diffusers/stable_diffusion_15/euler/D-GPDE-reuse-cfg7p5-seed0/cfg_5/seed_001/nfe_010/000022.jpg,outputs/gpde_diffusers_sd15_nfe10_cfg_seed_sweep/schedules/GPDE/diffusers/stable_diffusion_15/euler/cfg_7.5/seed_0/nfe_010,26.236734,-0.790547
actual_sd15_reuse_cfg7p5_seed0_schedule,stable_diffusion_15,euler,D-GPDE-reuse-cfg7p5-seed0,7.5,0,10,5,1,diffusers_ablation_prompts,23,a children's book illustration of a moonlit boat parade on a quiet canal,outputs/gpde_diffusers_sd15_reuse_cfg7p5_seed0_schedule/samples/diffusers/stable_diffusion_15/euler/D-GPDE-reuse-cfg7p5-seed0/cfg_5/seed_001/nfe_010/000023.jpg,outputs/gpde_diffusers_sd15_nfe10_cfg_seed_sweep/schedules/GPDE/diffusers/stable_diffusion_15/euler/cfg_7.5/seed_0/nfe_010,28.972101,-0.567647
actual_sd15_reuse_cfg7p5_seed0_schedule,stable_diffusion_15,euler,D-GPDE-reuse-cfg7p5-seed0,7.5,0,10,5,1,diffusers_ablation_prompts,24,"a realistic sports car parked in a concrete tunnel, reflections, low angle",outputs/gpde_diffusers_sd15_reuse_cfg7p5_seed0_schedule/samples/diffusers/stable_diffusion_15/euler/D-GPDE-reuse-cfg7p5-seed0/cfg_5/seed_001/nfe_010/000024.jpg,outputs/gpde_diffusers_sd15_nfe10_cfg_seed_sweep/schedules/GPDE/diffusers/stable_diffusion_15/euler/cfg_7.5/seed_0/nfe_010,28.349722,1.349489
actual_sd15_reuse_cfg7p5_seed0_schedule,stable_diffusion_15,euler,D-GPDE-reuse-cfg7p5-seed0,7.5,0,10,5,1,diffusers_ablation_prompts,25,"a botanical diagram of rare orchids with labeled roots and petals, archival paper",outputs/gpde_diffusers_sd15_reuse_cfg7p5_seed0_schedule/samples/diffusers/stable_diffusion_15/euler/D-GPDE-reuse-cfg7p5-seed0/cfg_5/seed_001/nfe_010/000025.jpg,outputs/gpde_diffusers_sd15_nfe10_cfg_seed_sweep/schedules/GPDE/diffusers/stable_diffusion_15/euler/cfg_7.5/seed_0/nfe_010,28.366650,-0.401827
actual_sd15_reuse_cfg7p5_seed0_schedule,stable_diffusion_15,euler,D-GPDE-reuse-cfg7p5-seed0,7.5,0,10,5,1,diffusers_ablation_prompts,26,"a cyberpunk street food stall with steam, lanterns, and dense urban signage",outputs/gpde_diffusers_sd15_reuse_cfg7p5_seed0_schedule/samples/diffusers/stable_diffusion_15/euler/D-GPDE-reuse-cfg7p5-seed0/cfg_5/seed_001/nfe_010/000026.jpg,outputs/gpde_diffusers_sd15_nfe10_cfg_seed_sweep/schedules/GPDE/diffusers/stable_diffusion_15/euler/cfg_7.5/seed_0/nfe_010,30.775106,0.988512
actual_sd15_reuse_cfg7p5_seed0_schedule,stable_diffusion_15,euler,D-GPDE-reuse-cfg7p5-seed0,7.5,0,10,5,1,diffusers_ablation_prompts,27,"a still life of glass fruit bowls, linen cloth, and silver cutlery, natural light",outputs/gpde_diffusers_sd15_reuse_cfg7p5_seed0_schedule/samples/diffusers/stable_diffusion_15/euler/D-GPDE-reuse-cfg7p5-seed0/cfg_5/seed_001/nfe_010/000027.jpg,outputs/gpde_diffusers_sd15_nfe10_cfg_seed_sweep/schedules/GPDE/diffusers/stable_diffusion_15/euler/cfg_7.5/seed_0/nfe_010,30.558386,-0.726816
actual_sd15_reuse_cfg7p5_seed0_schedule,stable_diffusion_15,euler,D-GPDE-reuse-cfg7p5-seed0,7.5,0,10,5,1,diffusers_ablation_prompts,28,a heroic statue covered in vines in an abandoned futuristic plaza,outputs/gpde_diffusers_sd15_reuse_cfg7p5_seed0_schedule/samples/diffusers/stable_diffusion_15/euler/D-GPDE-reuse-cfg7p5-seed0/cfg_5/seed_001/nfe_010/000028.jpg,outputs/gpde_diffusers_sd15_nfe10_cfg_seed_sweep/schedules/GPDE/diffusers/stable_diffusion_15/euler/cfg_7.5/seed_0/nfe_010,26.343924,-1.308432
actual_sd15_reuse_cfg7p5_seed0_schedule,stable_diffusion_15,euler,D-GPDE-reuse-cfg7p5-seed0,7.5,0,10,5,1,diffusers_ablation_prompts,29,a black and white film photograph of dancers rehearsing in a mirror-lined studio,outputs/gpde_diffusers_sd15_reuse_cfg7p5_seed0_schedule/samples/diffusers/stable_diffusion_15/euler/D-GPDE-reuse-cfg7p5-seed0/cfg_5/seed_001/nfe_010/000029.jpg,outputs/gpde_diffusers_sd15_nfe10_cfg_seed_sweep/schedules/GPDE/diffusers/stable_diffusion_15/euler/cfg_7.5/seed_0/nfe_010,30.114857,0.674805
actual_sd15_reuse_cfg7p5_seed0_schedule,stable_diffusion_15,euler,D-GPDE-reuse-cfg7p5-seed0,7.5,0,10,5,1,diffusers_ablation_prompts,30,"a detailed scene of a spacecraft cockpit during reentry, glowing controls, tense mood",outputs/gpde_diffusers_sd15_reuse_cfg7p5_seed0_schedule/samples/diffusers/stable_diffusion_15/euler/D-GPDE-reuse-cfg7p5-seed0/cfg_5/seed_001/nfe_010/000030.jpg,outputs/gpde_diffusers_sd15_nfe10_cfg_seed_sweep/schedules/GPDE/diffusers/stable_diffusion_15/euler/cfg_7.5/seed_0/nfe_010,27.498575,-1.391700
actual_sd15_reuse_cfg7p5_seed0_schedule,stable_diffusion_15,euler,D-GPDE-reuse-cfg7p5-seed0,7.5,0,10,5,1,diffusers_ablation_prompts,31,a claymation style village bakery with tiny loaves and painted signs,outputs/gpde_diffusers_sd15_reuse_cfg7p5_seed0_schedule/samples/diffusers/stable_diffusion_15/euler/D-GPDE-reuse-cfg7p5-seed0/cfg_5/seed_001/nfe_010/000031.jpg,outputs/gpde_diffusers_sd15_nfe10_cfg_seed_sweep/schedules/GPDE/diffusers/stable_diffusion_15/euler/cfg_7.5/seed_0/nfe_010,29.263103,-0.653681
actual_sd15_reuse_cfg7p5_seed0_schedule,stable_diffusion_15,euler,D-GPDE-reuse-cfg7p5-seed0,7.5,0,10,5,1,diffusers_ablation_prompts,32,a realistic underwater photograph of a diver inspecting an ancient marble column,outputs/gpde_diffusers_sd15_reuse_cfg7p5_seed0_schedule/samples/diffusers/stable_diffusion_15/euler/D-GPDE-reuse-cfg7p5-seed0/cfg_5/seed_001/nfe_010/000032.jpg,outputs/gpde_diffusers_sd15_nfe10_cfg_seed_sweep/schedules/GPDE/diffusers/stable_diffusion_15/euler/cfg_7.5/seed_0/nfe_010,30.256453,-1.309026
actual_sd15_reuse_cfg7p5_seed0_schedule,stable_diffusion_15,euler,D-GPDE-reuse-cfg7p5-seed0,7.5,0,10,5,1,diffusers_ablation_prompts,33,"a minimalist poster of a jazz quartet in deep red, cream, and black",outputs/gpde_diffusers_sd15_reuse_cfg7p5_seed0_schedule/samples/diffusers/stable_diffusion_15/euler/D-GPDE-reuse-cfg7p5-seed0/cfg_5/seed_001/nfe_010/000033.jpg,outputs/gpde_diffusers_sd15_nfe10_cfg_seed_sweep/schedules/GPDE/diffusers/stable_diffusion_15/euler/cfg_7.5/seed_0/nfe_010,24.392866,-2.219977
actual_sd15_reuse_cfg7p5_seed0_schedule,stable_diffusion_15,euler,D-GPDE-reuse-cfg7p5-seed0,7.5,0,10,5,1,diffusers_ablation_prompts,34,a high detail portrait of a queen wearing armor made of mother of pearl,outputs/gpde_diffusers_sd15_reuse_cfg7p5_seed0_schedule/samples/diffusers/stable_diffusion_15/euler/D-GPDE-reuse-cfg7p5-seed0/cfg_5/seed_001/nfe_010/000034.jpg,outputs/gpde_diffusers_sd15_nfe10_cfg_seed_sweep/schedules/GPDE/diffusers/stable_diffusion_15/euler/cfg_7.5/seed_0/nfe_010,26.849205,1.320731
actual_sd15_reuse_cfg7p5_seed0_schedule,stable_diffusion_15,euler,D-GPDE-reuse-cfg7p5-seed0,7.5,0,10,5,1,diffusers_ablation_prompts,35,"a top-down board game map of an island with forests, cliffs, and hidden ruins",outputs/gpde_diffusers_sd15_reuse_cfg7p5_seed0_schedule/samples/diffusers/stable_diffusion_15/euler/D-GPDE-reuse-cfg7p5-seed0/cfg_5/seed_001/nfe_010/000035.jpg,outputs/gpde_diffusers_sd15_nfe10_cfg_seed_sweep/schedules/GPDE/diffusers/stable_diffusion_15/euler/cfg_7.5/seed_0/nfe_010,27.616573,-1.625389
actual_sd15_reuse_cfg7p5_seed0_schedule,stable_diffusion_15,euler,D-GPDE-reuse-cfg7p5-seed0,7.5,0,10,5,1,diffusers_ablation_prompts,36,"a luxury watch exploded view on a dark background, precise gears and screws",outputs/gpde_diffusers_sd15_reuse_cfg7p5_seed0_schedule/samples/diffusers/stable_diffusion_15/euler/D-GPDE-reuse-cfg7p5-seed0/cfg_5/seed_001/nfe_010/000036.jpg,outputs/gpde_diffusers_sd15_nfe10_cfg_seed_sweep/schedules/GPDE/diffusers/stable_diffusion_15/euler/cfg_7.5/seed_0/nfe_010,27.613157,-0.773916
actual_sd15_reuse_cfg7p5_seed0_schedule,stable_diffusion_15,euler,D-GPDE-reuse-cfg7p5-seed0,7.5,0,10,5,1,diffusers_ablation_prompts,37,"a sunlit greenhouse filled with tomatoes, watering cans, and terracotta pots",outputs/gpde_diffusers_sd15_reuse_cfg7p5_seed0_schedule/samples/diffusers/stable_diffusion_15/euler/D-GPDE-reuse-cfg7p5-seed0/cfg_5/seed_001/nfe_010/000037.jpg,outputs/gpde_diffusers_sd15_nfe10_cfg_seed_sweep/schedules/GPDE/diffusers/stable_diffusion_15/euler/cfg_7.5/seed_0/nfe_010,27.234844,-0.406623
actual_sd15_reuse_cfg7p5_seed0_schedule,stable_diffusion_15,euler,D-GPDE-reuse-cfg7p5-seed0,7.5,0,10,5,1,diffusers_ablation_prompts,38,a night landscape of fireflies over a meadow beside a quiet river,outputs/gpde_diffusers_sd15_reuse_cfg7p5_seed0_schedule/samples/diffusers/stable_diffusion_15/euler/D-GPDE-reuse-cfg7p5-seed0/cfg_5/seed_001/nfe_010/000038.jpg,outputs/gpde_diffusers_sd15_nfe10_cfg_seed_sweep/schedules/GPDE/diffusers/stable_diffusion_15/euler/cfg_7.5/seed_0/nfe_010,27.262548,-0.712065
actual_sd15_reuse_cfg7p5_seed0_schedule,stable_diffusion_15,euler,D-GPDE-reuse-cfg7p5-seed0,7.5,0,10,5,1,diffusers_ablation_prompts,39,a realistic photo of a rescue helicopter landing on a snowy mountain ridge,outputs/gpde_diffusers_sd15_reuse_cfg7p5_seed0_schedule/samples/diffusers/stable_diffusion_15/euler/D-GPDE-reuse-cfg7p5-seed0/cfg_5/seed_001/nfe_010/000039.jpg,outputs/gpde_diffusers_sd15_nfe10_cfg_seed_sweep/schedules/GPDE/diffusers/stable_diffusion_15/euler/cfg_7.5/seed_0/nfe_010,31.761244,0.753020
actual_sd15_reuse_cfg7p5_seed0_schedule,stable_diffusion_15,euler,D-GPDE-reuse-cfg7p5-seed0,7.5,0,10,5,1,diffusers_ablation_prompts,40,a concept art scene of a floating research station above Jupiter's clouds,outputs/gpde_diffusers_sd15_reuse_cfg7p5_seed0_schedule/samples/diffusers/stable_diffusion_15/euler/D-GPDE-reuse-cfg7p5-seed0/cfg_5/seed_001/nfe_010/000040.jpg,outputs/gpde_diffusers_sd15_nfe10_cfg_seed_sweep/schedules/GPDE/diffusers/stable_diffusion_15/euler/cfg_7.5/seed_0/nfe_010,29.898840,-0.616147
actual_sd15_reuse_cfg7p5_seed0_schedule,stable_diffusion_15,euler,D-GPDE-reuse-cfg7p5-seed0,7.5,0,10,5,1,diffusers_ablation_prompts,41,a detailed pencil drawing of an old bicycle leaning against a brick wall,outputs/gpde_diffusers_sd15_reuse_cfg7p5_seed0_schedule/samples/diffusers/stable_diffusion_15/euler/D-GPDE-reuse-cfg7p5-seed0/cfg_5/seed_001/nfe_010/000041.jpg,outputs/gpde_diffusers_sd15_nfe10_cfg_seed_sweep/schedules/GPDE/diffusers/stable_diffusion_15/euler/cfg_7.5/seed_0/nfe_010,31.738373,0.745218
actual_sd15_reuse_cfg7p5_seed0_schedule,stable_diffusion_15,euler,D-GPDE-reuse-cfg7p5-seed0,7.5,0,10,5,1,diffusers_ablation_prompts,42,"a museum diorama of prehistoric sea creatures, dramatic educational lighting",outputs/gpde_diffusers_sd15_reuse_cfg7p5_seed0_schedule/samples/diffusers/stable_diffusion_15/euler/D-GPDE-reuse-cfg7p5-seed0/cfg_5/seed_001/nfe_010/000042.jpg,outputs/gpde_diffusers_sd15_nfe10_cfg_seed_sweep/schedules/GPDE/diffusers/stable_diffusion_15/euler/cfg_7.5/seed_0/nfe_010,25.899584,-0.181425
actual_sd15_reuse_cfg7p5_seed0_schedule,stable_diffusion_15,euler,D-GPDE-reuse-cfg7p5-seed0,7.5,0,10,5,1,diffusers_ablation_prompts,43,"a peaceful Japanese garden with koi pond, stone bridge, and maple leaves",outputs/gpde_diffusers_sd15_reuse_cfg7p5_seed0_schedule/samples/diffusers/stable_diffusion_15/euler/D-GPDE-reuse-cfg7p5-seed0/cfg_5/seed_001/nfe_010/000043.jpg,outputs/gpde_diffusers_sd15_nfe10_cfg_seed_sweep/schedules/GPDE/diffusers/stable_diffusion_15/euler/cfg_7.5/seed_0/nfe_010,26.430887,-0.664665
actual_sd15_reuse_cfg7p5_seed0_schedule,stable_diffusion_15,euler,D-GPDE-reuse-cfg7p5-seed0,7.5,0,10,5,1,diffusers_ablation_prompts,44,"a close-up food photograph of ramen with soft egg, steam, and ceramic bowl",outputs/gpde_diffusers_sd15_reuse_cfg7p5_seed0_schedule/samples/diffusers/stable_diffusion_15/euler/D-GPDE-reuse-cfg7p5-seed0/cfg_5/seed_001/nfe_010/000044.jpg,outputs/gpde_diffusers_sd15_nfe10_cfg_seed_sweep/schedules/GPDE/diffusers/stable_diffusion_15/euler/cfg_7.5/seed_0/nfe_010,33.405514,0.207231
actual_sd15_reuse_cfg7p5_seed0_schedule,stable_diffusion_15,euler,D-GPDE-reuse-cfg7p5-seed0,7.5,0,10,5,1,diffusers_ablation_prompts,45,a vibrant parade costume covered with mirrors and embroidered flowers,outputs/gpde_diffusers_sd15_reuse_cfg7p5_seed0_schedule/samples/diffusers/stable_diffusion_15/euler/D-GPDE-reuse-cfg7p5-seed0/cfg_5/seed_001/nfe_010/000045.jpg,outputs/gpde_diffusers_sd15_nfe10_cfg_seed_sweep/schedules/GPDE/diffusers/stable_diffusion_15/euler/cfg_7.5/seed_0/nfe_010,29.794682,-0.352204
actual_sd15_reuse_cfg7p5_seed0_schedule,stable_diffusion_15,euler,D-GPDE-reuse-cfg7p5-seed0,7.5,0,10,5,1,diffusers_ablation_prompts,46,a realistic image of a hand-crafted wooden chess set mid game by candlelight,outputs/gpde_diffusers_sd15_reuse_cfg7p5_seed0_schedule/samples/diffusers/stable_diffusion_15/euler/D-GPDE-reuse-cfg7p5-seed0/cfg_5/seed_001/nfe_010/000046.jpg,outputs/gpde_diffusers_sd15_nfe10_cfg_seed_sweep/schedules/GPDE/diffusers/stable_diffusion_15/euler/cfg_7.5/seed_0/nfe_010,27.914232,-0.701491
actual_sd15_reuse_cfg7p5_seed0_schedule,stable_diffusion_15,euler,D-GPDE-reuse-cfg7p5-seed0,7.5,0,10,5,1,diffusers_ablation_prompts,47,a wide angle view of a data center corridor with blue status lights,outputs/gpde_diffusers_sd15_reuse_cfg7p5_seed0_schedule/samples/diffusers/stable_diffusion_15/euler/D-GPDE-reuse-cfg7p5-seed0/cfg_5/seed_001/nfe_010/000047.jpg,outputs/gpde_diffusers_sd15_nfe10_cfg_seed_sweep/schedules/GPDE/diffusers/stable_diffusion_15/euler/cfg_7.5/seed_0/nfe_010,21.920563,1.238243
actual_sd15_reuse_cfg7p5_seed0_schedule,stable_diffusion_15,euler,D-GPDE-reuse-cfg7p5-seed0,7.5,0,10,5,1,diffusers_ablation_prompts,48,a magical realism scene of books flying through an old train carriage,outputs/gpde_diffusers_sd15_reuse_cfg7p5_seed0_schedule/samples/diffusers/stable_diffusion_15/euler/D-GPDE-reuse-cfg7p5-seed0/cfg_5/seed_001/nfe_010/000048.jpg,outputs/gpde_diffusers_sd15_nfe10_cfg_seed_sweep/schedules/GPDE/diffusers/stable_diffusion_15/euler/cfg_7.5/seed_0/nfe_010,27.151909,-0.849897
actual_sd15_reuse_cfg7p5_seed0_schedule,stable_diffusion_15,euler,D-GPDE-reuse-cfg7p5-seed0,7.5,0,10,5,1,diffusers_ablation_prompts,49,a studio portrait of a golden retriever wearing aviator goggles and a red scarf,outputs/gpde_diffusers_sd15_reuse_cfg7p5_seed0_schedule/samples/diffusers/stable_diffusion_15/euler/D-GPDE-reuse-cfg7p5-seed0/cfg_5/seed_001/nfe_010/000049.jpg,outputs/gpde_diffusers_sd15_nfe10_cfg_seed_sweep/schedules/GPDE/diffusers/stable_diffusion_15/euler/cfg_7.5/seed_0/nfe_010,32.982582,1.440540
actual_sd15_reuse_cfg7p5_seed0_schedule,stable_diffusion_15,euler,D-GPDE-reuse-cfg7p5-seed0,7.5,0,10,5,2,diffusers_ablation_prompts,0,"a cinematic portrait of an astronaut botanist in a glass greenhouse on Mars, detailed fabric, soft rim light",outputs/gpde_diffusers_sd15_reuse_cfg7p5_seed0_schedule/samples/diffusers/stable_diffusion_15/euler/D-GPDE-reuse-cfg7p5-seed0/cfg_5/seed_002/nfe_010/000000.jpg,outputs/gpde_diffusers_sd15_nfe10_cfg_seed_sweep/schedules/GPDE/diffusers/stable_diffusion_15/euler/cfg_7.5/seed_0/nfe_010,25.085512,-1.729172
actual_sd15_reuse_cfg7p5_seed0_schedule,stable_diffusion_15,euler,D-GPDE-reuse-cfg7p5-seed0,7.5,0,10,5,2,diffusers_ablation_prompts,1,"a small brass robot repairing an antique clock in a sunlit workshop, shallow depth of field",outputs/gpde_diffusers_sd15_reuse_cfg7p5_seed0_schedule/samples/diffusers/stable_diffusion_15/euler/D-GPDE-reuse-cfg7p5-seed0/cfg_5/seed_002/nfe_010/000001.jpg,outputs/gpde_diffusers_sd15_nfe10_cfg_seed_sweep/schedules/GPDE/diffusers/stable_diffusion_15/euler/cfg_7.5/seed_0/nfe_010,26.675415,-1.998441
actual_sd15_reuse_cfg7p5_seed0_schedule,stable_diffusion_15,euler,D-GPDE-reuse-cfg7p5-seed0,7.5,0,10,5,2,diffusers_ablation_prompts,2,"a watercolor city street after rain with neon signs reflected in puddles, evening atmosphere",outputs/gpde_diffusers_sd15_reuse_cfg7p5_seed0_schedule/samples/diffusers/stable_diffusion_15/euler/D-GPDE-reuse-cfg7p5-seed0/cfg_5/seed_002/nfe_010/000002.jpg,outputs/gpde_diffusers_sd15_nfe10_cfg_seed_sweep/schedules/GPDE/diffusers/stable_diffusion_15/euler/cfg_7.5/seed_0/nfe_010,27.131340,0.916412
actual_sd15_reuse_cfg7p5_seed0_schedule,stable_diffusion_15,euler,D-GPDE-reuse-cfg7p5-seed0,7.5,0,10,5,2,diffusers_ablation_prompts,3,a high resolution studio photo of a ceramic teapot shaped like a seashell on a slate table,outputs/gpde_diffusers_sd15_reuse_cfg7p5_seed0_schedule/samples/diffusers/stable_diffusion_15/euler/D-GPDE-reuse-cfg7p5-seed0/cfg_5/seed_002/nfe_010/000003.jpg,outputs/gpde_diffusers_sd15_nfe10_cfg_seed_sweep/schedules/GPDE/diffusers/stable_diffusion_15/euler/cfg_7.5/seed_0/nfe_010,32.752285,1.181396
actual_sd15_reuse_cfg7p5_seed0_schedule,stable_diffusion_15,euler,D-GPDE-reuse-cfg7p5-seed0,7.5,0,10,5,2,diffusers_ablation_prompts,4,"a fantasy library carved inside a giant tree, spiral stairs, warm lanterns, intricate shelves",outputs/gpde_diffusers_sd15_reuse_cfg7p5_seed0_schedule/samples/diffusers/stable_diffusion_15/euler/D-GPDE-reuse-cfg7p5-seed0/cfg_5/seed_002/nfe_010/000004.jpg,outputs/gpde_diffusers_sd15_nfe10_cfg_seed_sweep/schedules/GPDE/diffusers/stable_diffusion_15/euler/cfg_7.5/seed_0/nfe_010,26.126040,-0.213816
actual_sd15_reuse_cfg7p5_seed0_schedule,stable_diffusion_15,euler,D-GPDE-reuse-cfg7p5-seed0,7.5,0,10,5,2,diffusers_ablation_prompts,5,"a macro photograph of a snowflake resting on dark wool, crisp crystalline detail",outputs/gpde_diffusers_sd15_reuse_cfg7p5_seed0_schedule/samples/diffusers/stable_diffusion_15/euler/D-GPDE-reuse-cfg7p5-seed0/cfg_5/seed_002/nfe_010/000005.jpg,outputs/gpde_diffusers_sd15_nfe10_cfg_seed_sweep/schedules/GPDE/diffusers/stable_diffusion_15/euler/cfg_7.5/seed_0/nfe_010,28.628498,-0.865365
actual_sd15_reuse_cfg7p5_seed0_schedule,stable_diffusion_15,euler,D-GPDE-reuse-cfg7p5-seed0,7.5,0,10,5,2,diffusers_ablation_prompts,6,"a retro futuristic train crossing a desert at sunset, chrome surfaces, long shadows",outputs/gpde_diffusers_sd15_reuse_cfg7p5_seed0_schedule/samples/diffusers/stable_diffusion_15/euler/D-GPDE-reuse-cfg7p5-seed0/cfg_5/seed_002/nfe_010/000006.jpg,outputs/gpde_diffusers_sd15_nfe10_cfg_seed_sweep/schedules/GPDE/diffusers/stable_diffusion_15/euler/cfg_7.5/seed_0/nfe_010,27.560011,1.454663
actual_sd15_reuse_cfg7p5_seed0_schedule,stable_diffusion_15,euler,D-GPDE-reuse-cfg7p5-seed0,7.5,0,10,5,2,diffusers_ablation_prompts,7,"a chef plating a colorful molecular gastronomy dessert, clean restaurant lighting",outputs/gpde_diffusers_sd15_reuse_cfg7p5_seed0_schedule/samples/diffusers/stable_diffusion_15/euler/D-GPDE-reuse-cfg7p5-seed0/cfg_5/seed_002/nfe_010/000007.jpg,outputs/gpde_diffusers_sd15_nfe10_cfg_seed_sweep/schedules/GPDE/diffusers/stable_diffusion_15/euler/cfg_7.5/seed_0/nfe_010,24.876299,0.325742
actual_sd15_reuse_cfg7p5_seed0_schedule,stable_diffusion_15,euler,D-GPDE-reuse-cfg7p5-seed0,7.5,0,10,5,2,diffusers_ablation_prompts,8,"an isometric cozy bedroom with plants, books, a desk lamp, and a rainy window",outputs/gpde_diffusers_sd15_reuse_cfg7p5_seed0_schedule/samples/diffusers/stable_diffusion_15/euler/D-GPDE-reuse-cfg7p5-seed0/cfg_5/seed_002/nfe_010/000008.jpg,outputs/gpde_diffusers_sd15_nfe10_cfg_seed_sweep/schedules/GPDE/diffusers/stable_diffusion_15/euler/cfg_7.5/seed_0/nfe_010,26.967669,-0.846561
actual_sd15_reuse_cfg7p5_seed0_schedule,stable_diffusion_15,euler,D-GPDE-reuse-cfg7p5-seed0,7.5,0,10,5,2,diffusers_ablation_prompts,9,"a dramatic mountain monastery above clouds, sunrise, detailed stone architecture",outputs/gpde_diffusers_sd15_reuse_cfg7p5_seed0_schedule/samples/diffusers/stable_diffusion_15/euler/D-GPDE-reuse-cfg7p5-seed0/cfg_5/seed_002/nfe_010/000009.jpg,outputs/gpde_diffusers_sd15_nfe10_cfg_seed_sweep/schedules/GPDE/diffusers/stable_diffusion_15/euler/cfg_7.5/seed_0/nfe_010,30.320808,1.665900
actual_sd15_reuse_cfg7p5_seed0_schedule,stable_diffusion_15,euler,D-GPDE-reuse-cfg7p5-seed0,7.5,0,10,5,2,diffusers_ablation_prompts,10,a fashion editorial photo of a model wearing a translucent raincoat in Tokyo at night,outputs/gpde_diffusers_sd15_reuse_cfg7p5_seed0_schedule/samples/diffusers/stable_diffusion_15/euler/D-GPDE-reuse-cfg7p5-seed0/cfg_5/seed_002/nfe_010/000010.jpg,outputs/gpde_diffusers_sd15_nfe10_cfg_seed_sweep/schedules/GPDE/diffusers/stable_diffusion_15/euler/cfg_7.5/seed_0/nfe_010,36.686821,0.948096
actual_sd15_reuse_cfg7p5_seed0_schedule,stable_diffusion_15,euler,D-GPDE-reuse-cfg7p5-seed0,7.5,0,10,5,2,diffusers_ablation_prompts,11,a realistic red fox statue made of folded paper on a white museum pedestal,outputs/gpde_diffusers_sd15_reuse_cfg7p5_seed0_schedule/samples/diffusers/stable_diffusion_15/euler/D-GPDE-reuse-cfg7p5-seed0/cfg_5/seed_002/nfe_010/000011.jpg,outputs/gpde_diffusers_sd15_nfe10_cfg_seed_sweep/schedules/GPDE/diffusers/stable_diffusion_15/euler/cfg_7.5/seed_0/nfe_010,33.551472,0.397612
actual_sd15_reuse_cfg7p5_seed0_schedule,stable_diffusion_15,euler,D-GPDE-reuse-cfg7p5-seed0,7.5,0,10,5,2,diffusers_ablation_prompts,12,a detailed cutaway illustration of a tiny submarine exploring a coral reef,outputs/gpde_diffusers_sd15_reuse_cfg7p5_seed0_schedule/samples/diffusers/stable_diffusion_15/euler/D-GPDE-reuse-cfg7p5-seed0/cfg_5/seed_002/nfe_010/000012.jpg,outputs/gpde_diffusers_sd15_nfe10_cfg_seed_sweep/schedules/GPDE/diffusers/stable_diffusion_15/euler/cfg_7.5/seed_0/nfe_010,35.400391,0.707587
actual_sd15_reuse_cfg7p5_seed0_schedule,stable_diffusion_15,euler,D-GPDE-reuse-cfg7p5-seed0,7.5,0,10,5,2,diffusers_ablation_prompts,13,a product photo of wireless headphones on brushed aluminum with blue accent lighting,outputs/gpde_diffusers_sd15_reuse_cfg7p5_seed0_schedule/samples/diffusers/stable_diffusion_15/euler/D-GPDE-reuse-cfg7p5-seed0/cfg_5/seed_002/nfe_010/000013.jpg,outputs/gpde_diffusers_sd15_nfe10_cfg_seed_sweep/schedules/GPDE/diffusers/stable_diffusion_15/euler/cfg_7.5/seed_0/nfe_010,22.840265,-1.687156
actual_sd15_reuse_cfg7p5_seed0_schedule,stable_diffusion_15,euler,D-GPDE-reuse-cfg7p5-seed0,7.5,0,10,5,2,diffusers_ablation_prompts,14,"a medieval market square during a festival, banners, musicians, detailed crowd",outputs/gpde_diffusers_sd15_reuse_cfg7p5_seed0_schedule/samples/diffusers/stable_diffusion_15/euler/D-GPDE-reuse-cfg7p5-seed0/cfg_5/seed_002/nfe_010/000014.jpg,outputs/gpde_diffusers_sd15_nfe10_cfg_seed_sweep/schedules/GPDE/diffusers/stable_diffusion_15/euler/cfg_7.5/seed_0/nfe_010,29.922039,0.165463
actual_sd15_reuse_cfg7p5_seed0_schedule,stable_diffusion_15,euler,D-GPDE-reuse-cfg7p5-seed0,7.5,0,10,5,2,diffusers_ablation_prompts,15,an oil painting of a violinist performing in an empty subway station,outputs/gpde_diffusers_sd15_reuse_cfg7p5_seed0_schedule/samples/diffusers/stable_diffusion_15/euler/D-GPDE-reuse-cfg7p5-seed0/cfg_5/seed_002/nfe_010/000015.jpg,outputs/gpde_diffusers_sd15_nfe10_cfg_seed_sweep/schedules/GPDE/diffusers/stable_diffusion_15/euler/cfg_7.5/seed_0/nfe_010,39.460236,1.435999
actual_sd15_reuse_cfg7p5_seed0_schedule,stable_diffusion_15,euler,D-GPDE-reuse-cfg7p5-seed0,7.5,0,10,5,2,diffusers_ablation_prompts,16,"a close-up portrait of an elderly sailor, weathered skin, navy coat, overcast harbor",outputs/gpde_diffusers_sd15_reuse_cfg7p5_seed0_schedule/samples/diffusers/stable_diffusion_15/euler/D-GPDE-reuse-cfg7p5-seed0/cfg_5/seed_002/nfe_010/000016.jpg,outputs/gpde_diffusers_sd15_nfe10_cfg_seed_sweep/schedules/GPDE/diffusers/stable_diffusion_15/euler/cfg_7.5/seed_0/nfe_010,29.572195,0.890896
actual_sd15_reuse_cfg7p5_seed0_schedule,stable_diffusion_15,euler,D-GPDE-reuse-cfg7p5-seed0,7.5,0,10,5,2,diffusers_ablation_prompts,17,a clean architectural rendering of a modern cabin beside a frozen lake,outputs/gpde_diffusers_sd15_reuse_cfg7p5_seed0_schedule/samples/diffusers/stable_diffusion_15/euler/D-GPDE-reuse-cfg7p5-seed0/cfg_5/seed_002/nfe_010/000017.jpg,outputs/gpde_diffusers_sd15_nfe10_cfg_seed_sweep/schedules/GPDE/diffusers/stable_diffusion_15/euler/cfg_7.5/seed_0/nfe_010,32.302013,-0.006925
actual_sd15_reuse_cfg7p5_seed0_schedule,stable_diffusion_15,euler,D-GPDE-reuse-cfg7p5-seed0,7.5,0,10,5,2,diffusers_ablation_prompts,18,a surreal desert filled with floating glass spheres and distant black mountains,outputs/gpde_diffusers_sd15_reuse_cfg7p5_seed0_schedule/samples/diffusers/stable_diffusion_15/euler/D-GPDE-reuse-cfg7p5-seed0/cfg_5/seed_002/nfe_010/000018.jpg,outputs/gpde_diffusers_sd15_nfe10_cfg_seed_sweep/schedules/GPDE/diffusers/stable_diffusion_15/euler/cfg_7.5/seed_0/nfe_010,27.831995,-1.034996
actual_sd15_reuse_cfg7p5_seed0_schedule,stable_diffusion_15,euler,D-GPDE-reuse-cfg7p5-seed0,7.5,0,10,5,2,diffusers_ablation_prompts,19,a documentary photo of a scientist collecting ice cores in Antarctica,outputs/gpde_diffusers_sd15_reuse_cfg7p5_seed0_schedule/samples/diffusers/stable_diffusion_15/euler/D-GPDE-reuse-cfg7p5-seed0/cfg_5/seed_002/nfe_010/000019.jpg,outputs/gpde_diffusers_sd15_nfe10_cfg_seed_sweep/schedules/GPDE/diffusers/stable_diffusion_15/euler/cfg_7.5/seed_0/nfe_010,30.277956,0.702230
actual_sd15_reuse_cfg7p5_seed0_schedule,stable_diffusion_15,euler,D-GPDE-reuse-cfg7p5-seed0,7.5,0,10,5,2,diffusers_ablation_prompts,20,a detailed 3D render of a mechanical hummingbird with copper wings,outputs/gpde_diffusers_sd15_reuse_cfg7p5_seed0_schedule/samples/diffusers/stable_diffusion_15/euler/D-GPDE-reuse-cfg7p5-seed0/cfg_5/seed_002/nfe_010/000020.jpg,outputs/gpde_diffusers_sd15_nfe10_cfg_seed_sweep/schedules/GPDE/diffusers/stable_diffusion_15/euler/cfg_7.5/seed_0/nfe_010,30.335653,-0.136672
actual_sd15_reuse_cfg7p5_seed0_schedule,stable_diffusion_15,euler,D-GPDE-reuse-cfg7p5-seed0,7.5,0,10,5,2,diffusers_ablation_prompts,21,"a cozy cafe interior in autumn, pastries, espresso machine, soft morning light",outputs/gpde_diffusers_sd15_reuse_cfg7p5_seed0_schedule/samples/diffusers/stable_diffusion_15/euler/D-GPDE-reuse-cfg7p5-seed0/cfg_5/seed_002/nfe_010/000021.jpg,outputs/gpde_diffusers_sd15_nfe10_cfg_seed_sweep/schedules/GPDE/diffusers/stable_diffusion_15/euler/cfg_7.5/seed_0/nfe_010,31.374477,-0.834656
actual_sd15_reuse_cfg7p5_seed0_schedule,stable_diffusion_15,euler,D-GPDE-reuse-cfg7p5-seed0,7.5,0,10,5,2,diffusers_ablation_prompts,22,"a panoramic view of terraced rice fields under mist, workers in colorful clothing",outputs/gpde_diffusers_sd15_reuse_cfg7p5_seed0_schedule/samples/diffusers/stable_diffusion_15/euler/D-GPDE-reuse-cfg7p5-seed0/cfg_5/seed_002/nfe_010/000022.jpg,outputs/gpde_diffusers_sd15_nfe10_cfg_seed_sweep/schedules/GPDE/diffusers/stable_diffusion_15/euler/cfg_7.5/seed_0/nfe_010,29.846367,1.091250
actual_sd15_reuse_cfg7p5_seed0_schedule,stable_diffusion_15,euler,D-GPDE-reuse-cfg7p5-seed0,7.5,0,10,5,2,diffusers_ablation_prompts,23,a children's book illustration of a moonlit boat parade on a quiet canal,outputs/gpde_diffusers_sd15_reuse_cfg7p5_seed0_schedule/samples/diffusers/stable_diffusion_15/euler/D-GPDE-reuse-cfg7p5-seed0/cfg_5/seed_002/nfe_010/000023.jpg,outputs/gpde_diffusers_sd15_nfe10_cfg_seed_sweep/schedules/GPDE/diffusers/stable_diffusion_15/euler/cfg_7.5/seed_0/nfe_010,30.965031,0.343562
actual_sd15_reuse_cfg7p5_seed0_schedule,stable_diffusion_15,euler,D-GPDE-reuse-cfg7p5-seed0,7.5,0,10,5,2,diffusers_ablation_prompts,24,"a realistic sports car parked in a concrete tunnel, reflections, low angle",outputs/gpde_diffusers_sd15_reuse_cfg7p5_seed0_schedule/samples/diffusers/stable_diffusion_15/euler/D-GPDE-reuse-cfg7p5-seed0/cfg_5/seed_002/nfe_010/000024.jpg,outputs/gpde_diffusers_sd15_nfe10_cfg_seed_sweep/schedules/GPDE/diffusers/stable_diffusion_15/euler/cfg_7.5/seed_0/nfe_010,29.697906,1.215649
actual_sd15_reuse_cfg7p5_seed0_schedule,stable_diffusion_15,euler,D-GPDE-reuse-cfg7p5-seed0,7.5,0,10,5,2,diffusers_ablation_prompts,25,"a botanical diagram of rare orchids with labeled roots and petals, archival paper",outputs/gpde_diffusers_sd15_reuse_cfg7p5_seed0_schedule/samples/diffusers/stable_diffusion_15/euler/D-GPDE-reuse-cfg7p5-seed0/cfg_5/seed_002/nfe_010/000025.jpg,outputs/gpde_diffusers_sd15_nfe10_cfg_seed_sweep/schedules/GPDE/diffusers/stable_diffusion_15/euler/cfg_7.5/seed_0/nfe_010,28.254387,-0.585835
actual_sd15_reuse_cfg7p5_seed0_schedule,stable_diffusion_15,euler,D-GPDE-reuse-cfg7p5-seed0,7.5,0,10,5,2,diffusers_ablation_prompts,26,"a cyberpunk street food stall with steam, lanterns, and dense urban signage",outputs/gpde_diffusers_sd15_reuse_cfg7p5_seed0_schedule/samples/diffusers/stable_diffusion_15/euler/D-GPDE-reuse-cfg7p5-seed0/cfg_5/seed_002/nfe_010/000026.jpg,outputs/gpde_diffusers_sd15_nfe10_cfg_seed_sweep/schedules/GPDE/diffusers/stable_diffusion_15/euler/cfg_7.5/seed_0/nfe_010,29.129740,0.106270
actual_sd15_reuse_cfg7p5_seed0_schedule,stable_diffusion_15,euler,D-GPDE-reuse-cfg7p5-seed0,7.5,0,10,5,2,diffusers_ablation_prompts,27,"a still life of glass fruit bowls, linen cloth, and silver cutlery, natural light",outputs/gpde_diffusers_sd15_reuse_cfg7p5_seed0_schedule/samples/diffusers/stable_diffusion_15/euler/D-GPDE-reuse-cfg7p5-seed0/cfg_5/seed_002/nfe_010/000027.jpg,outputs/gpde_diffusers_sd15_nfe10_cfg_seed_sweep/schedules/GPDE/diffusers/stable_diffusion_15/euler/cfg_7.5/seed_0/nfe_010,31.371460,-1.107602
actual_sd15_reuse_cfg7p5_seed0_schedule,stable_diffusion_15,euler,D-GPDE-reuse-cfg7p5-seed0,7.5,0,10,5,2,diffusers_ablation_prompts,28,a heroic statue covered in vines in an abandoned futuristic plaza,outputs/gpde_diffusers_sd15_reuse_cfg7p5_seed0_schedule/samples/diffusers/stable_diffusion_15/euler/D-GPDE-reuse-cfg7p5-seed0/cfg_5/seed_002/nfe_010/000028.jpg,outputs/gpde_diffusers_sd15_nfe10_cfg_seed_sweep/schedules/GPDE/diffusers/stable_diffusion_15/euler/cfg_7.5/seed_0/nfe_010,32.010372,-1.096113
actual_sd15_reuse_cfg7p5_seed0_schedule,stable_diffusion_15,euler,D-GPDE-reuse-cfg7p5-seed0,7.5,0,10,5,2,diffusers_ablation_prompts,29,a black and white film photograph of dancers rehearsing in a mirror-lined studio,outputs/gpde_diffusers_sd15_reuse_cfg7p5_seed0_schedule/samples/diffusers/stable_diffusion_15/euler/D-GPDE-reuse-cfg7p5-seed0/cfg_5/seed_002/nfe_010/000029.jpg,outputs/gpde_diffusers_sd15_nfe10_cfg_seed_sweep/schedules/GPDE/diffusers/stable_diffusion_15/euler/cfg_7.5/seed_0/nfe_010,32.433067,0.779081
actual_sd15_reuse_cfg7p5_seed0_schedule,stable_diffusion_15,euler,D-GPDE-reuse-cfg7p5-seed0,7.5,0,10,5,2,diffusers_ablation_prompts,30,"a detailed scene of a spacecraft cockpit during reentry, glowing controls, tense mood",outputs/gpde_diffusers_sd15_reuse_cfg7p5_seed0_schedule/samples/diffusers/stable_diffusion_15/euler/D-GPDE-reuse-cfg7p5-seed0/cfg_5/seed_002/nfe_010/000030.jpg,outputs/gpde_diffusers_sd15_nfe10_cfg_seed_sweep/schedules/GPDE/diffusers/stable_diffusion_15/euler/cfg_7.5/seed_0/nfe_010,27.398174,-1.032596
actual_sd15_reuse_cfg7p5_seed0_schedule,stable_diffusion_15,euler,D-GPDE-reuse-cfg7p5-seed0,7.5,0,10,5,2,diffusers_ablation_prompts,31,a claymation style village bakery with tiny loaves and painted signs,outputs/gpde_diffusers_sd15_reuse_cfg7p5_seed0_schedule/samples/diffusers/stable_diffusion_15/euler/D-GPDE-reuse-cfg7p5-seed0/cfg_5/seed_002/nfe_010/000031.jpg,outputs/gpde_diffusers_sd15_nfe10_cfg_seed_sweep/schedules/GPDE/diffusers/stable_diffusion_15/euler/cfg_7.5/seed_0/nfe_010,28.934361,-1.748242
actual_sd15_reuse_cfg7p5_seed0_schedule,stable_diffusion_15,euler,D-GPDE-reuse-cfg7p5-seed0,7.5,0,10,5,2,diffusers_ablation_prompts,32,a realistic underwater photograph of a diver inspecting an ancient marble column,outputs/gpde_diffusers_sd15_reuse_cfg7p5_seed0_schedule/samples/diffusers/stable_diffusion_15/euler/D-GPDE-reuse-cfg7p5-seed0/cfg_5/seed_002/nfe_010/000032.jpg,outputs/gpde_diffusers_sd15_nfe10_cfg_seed_sweep/schedules/GPDE/diffusers/stable_diffusion_15/euler/cfg_7.5/seed_0/nfe_010,27.549761,0.461114
actual_sd15_reuse_cfg7p5_seed0_schedule,stable_diffusion_15,euler,D-GPDE-reuse-cfg7p5-seed0,7.5,0,10,5,2,diffusers_ablation_prompts,33,"a minimalist poster of a jazz quartet in deep red, cream, and black",outputs/gpde_diffusers_sd15_reuse_cfg7p5_seed0_schedule/samples/diffusers/stable_diffusion_15/euler/D-GPDE-reuse-cfg7p5-seed0/cfg_5/seed_002/nfe_010/000033.jpg,outputs/gpde_diffusers_sd15_nfe10_cfg_seed_sweep/schedules/GPDE/diffusers/stable_diffusion_15/euler/cfg_7.5/seed_0/nfe_010,30.428509,0.723448
actual_sd15_reuse_cfg7p5_seed0_schedule,stable_diffusion_15,euler,D-GPDE-reuse-cfg7p5-seed0,7.5,0,10,5,2,diffusers_ablation_prompts,34,a high detail portrait of a queen wearing armor made of mother of pearl,outputs/gpde_diffusers_sd15_reuse_cfg7p5_seed0_schedule/samples/diffusers/stable_diffusion_15/euler/D-GPDE-reuse-cfg7p5-seed0/cfg_5/seed_002/nfe_010/000034.jpg,outputs/gpde_diffusers_sd15_nfe10_cfg_seed_sweep/schedules/GPDE/diffusers/stable_diffusion_15/euler/cfg_7.5/seed_0/nfe_010,27.313440,1.254348
actual_sd15_reuse_cfg7p5_seed0_schedule,stable_diffusion_15,euler,D-GPDE-reuse-cfg7p5-seed0,7.5,0,10,5,2,diffusers_ablation_prompts,35,"a top-down board game map of an island with forests, cliffs, and hidden ruins",outputs/gpde_diffusers_sd15_reuse_cfg7p5_seed0_schedule/samples/diffusers/stable_diffusion_15/euler/D-GPDE-reuse-cfg7p5-seed0/cfg_5/seed_002/nfe_010/000035.jpg,outputs/gpde_diffusers_sd15_nfe10_cfg_seed_sweep/schedules/GPDE/diffusers/stable_diffusion_15/euler/cfg_7.5/seed_0/nfe_010,27.775604,-0.572796
actual_sd15_reuse_cfg7p5_seed0_schedule,stable_diffusion_15,euler,D-GPDE-reuse-cfg7p5-seed0,7.5,0,10,5,2,diffusers_ablation_prompts,36,"a luxury watch exploded view on a dark background, precise gears and screws",outputs/gpde_diffusers_sd15_reuse_cfg7p5_seed0_schedule/samples/diffusers/stable_diffusion_15/euler/D-GPDE-reuse-cfg7p5-seed0/cfg_5/seed_002/nfe_010/000036.jpg,outputs/gpde_diffusers_sd15_nfe10_cfg_seed_sweep/schedules/GPDE/diffusers/stable_diffusion_15/euler/cfg_7.5/seed_0/nfe_010,28.506344,0.503616
actual_sd15_reuse_cfg7p5_seed0_schedule,stable_diffusion_15,euler,D-GPDE-reuse-cfg7p5-seed0,7.5,0,10,5,2,diffusers_ablation_prompts,37,"a sunlit greenhouse filled with tomatoes, watering cans, and terracotta pots",outputs/gpde_diffusers_sd15_reuse_cfg7p5_seed0_schedule/samples/diffusers/stable_diffusion_15/euler/D-GPDE-reuse-cfg7p5-seed0/cfg_5/seed_002/nfe_010/000037.jpg,outputs/gpde_diffusers_sd15_nfe10_cfg_seed_sweep/schedules/GPDE/diffusers/stable_diffusion_15/euler/cfg_7.5/seed_0/nfe_010,27.862177,0.097259
actual_sd15_reuse_cfg7p5_seed0_schedule,stable_diffusion_15,euler,D-GPDE-reuse-cfg7p5-seed0,7.5,0,10,5,2,diffusers_ablation_prompts,38,a night landscape of fireflies over a meadow beside a quiet river,outputs/gpde_diffusers_sd15_reuse_cfg7p5_seed0_schedule/samples/diffusers/stable_diffusion_15/euler/D-GPDE-reuse-cfg7p5-seed0/cfg_5/seed_002/nfe_010/000038.jpg,outputs/gpde_diffusers_sd15_nfe10_cfg_seed_sweep/schedules/GPDE/diffusers/stable_diffusion_15/euler/cfg_7.5/seed_0/nfe_010,26.976881,0.775507
actual_sd15_reuse_cfg7p5_seed0_schedule,stable_diffusion_15,euler,D-GPDE-reuse-cfg7p5-seed0,7.5,0,10,5,2,diffusers_ablation_prompts,39,a realistic photo of a rescue helicopter landing on a snowy mountain ridge,outputs/gpde_diffusers_sd15_reuse_cfg7p5_seed0_schedule/samples/diffusers/stable_diffusion_15/euler/D-GPDE-reuse-cfg7p5-seed0/cfg_5/seed_002/nfe_010/000039.jpg,outputs/gpde_diffusers_sd15_nfe10_cfg_seed_sweep/schedules/GPDE/diffusers/stable_diffusion_15/euler/cfg_7.5/seed_0/nfe_010,31.779116,0.725335
actual_sd15_reuse_cfg7p5_seed0_schedule,stable_diffusion_15,euler,D-GPDE-reuse-cfg7p5-seed0,7.5,0,10,5,2,diffusers_ablation_prompts,40,a concept art scene of a floating research station above Jupiter's clouds,outputs/gpde_diffusers_sd15_reuse_cfg7p5_seed0_schedule/samples/diffusers/stable_diffusion_15/euler/D-GPDE-reuse-cfg7p5-seed0/cfg_5/seed_002/nfe_010/000040.jpg,outputs/gpde_diffusers_sd15_nfe10_cfg_seed_sweep/schedules/GPDE/diffusers/stable_diffusion_15/euler/cfg_7.5/seed_0/nfe_010,27.629244,0.085116
actual_sd15_reuse_cfg7p5_seed0_schedule,stable_diffusion_15,euler,D-GPDE-reuse-cfg7p5-seed0,7.5,0,10,5,2,diffusers_ablation_prompts,41,a detailed pencil drawing of an old bicycle leaning against a brick wall,outputs/gpde_diffusers_sd15_reuse_cfg7p5_seed0_schedule/samples/diffusers/stable_diffusion_15/euler/D-GPDE-reuse-cfg7p5-seed0/cfg_5/seed_002/nfe_010/000041.jpg,outputs/gpde_diffusers_sd15_nfe10_cfg_seed_sweep/schedules/GPDE/diffusers/stable_diffusion_15/euler/cfg_7.5/seed_0/nfe_010,33.551479,0.703817
actual_sd15_reuse_cfg7p5_seed0_schedule,stable_diffusion_15,euler,D-GPDE-reuse-cfg7p5-seed0,7.5,0,10,5,2,diffusers_ablation_prompts,42,"a museum diorama of prehistoric sea creatures, dramatic educational lighting",outputs/gpde_diffusers_sd15_reuse_cfg7p5_seed0_schedule/samples/diffusers/stable_diffusion_15/euler/D-GPDE-reuse-cfg7p5-seed0/cfg_5/seed_002/nfe_010/000042.jpg,outputs/gpde_diffusers_sd15_nfe10_cfg_seed_sweep/schedules/GPDE/diffusers/stable_diffusion_15/euler/cfg_7.5/seed_0/nfe_010,26.913828,-0.523087
actual_sd15_reuse_cfg7p5_seed0_schedule,stable_diffusion_15,euler,D-GPDE-reuse-cfg7p5-seed0,7.5,0,10,5,2,diffusers_ablation_prompts,43,"a peaceful Japanese garden with koi pond, stone bridge, and maple leaves",outputs/gpde_diffusers_sd15_reuse_cfg7p5_seed0_schedule/samples/diffusers/stable_diffusion_15/euler/D-GPDE-reuse-cfg7p5-seed0/cfg_5/seed_002/nfe_010/000043.jpg,outputs/gpde_diffusers_sd15_nfe10_cfg_seed_sweep/schedules/GPDE/diffusers/stable_diffusion_15/euler/cfg_7.5/seed_0/nfe_010,26.031803,-1.474260
actual_sd15_reuse_cfg7p5_seed0_schedule,stable_diffusion_15,euler,D-GPDE-reuse-cfg7p5-seed0,7.5,0,10,5,2,diffusers_ablation_prompts,44,"a close-up food photograph of ramen with soft egg, steam, and ceramic bowl",outputs/gpde_diffusers_sd15_reuse_cfg7p5_seed0_schedule/samples/diffusers/stable_diffusion_15/euler/D-GPDE-reuse-cfg7p5-seed0/cfg_5/seed_002/nfe_010/000044.jpg,outputs/gpde_diffusers_sd15_nfe10_cfg_seed_sweep/schedules/GPDE/diffusers/stable_diffusion_15/euler/cfg_7.5/seed_0/nfe_010,31.971252,0.434553
actual_sd15_reuse_cfg7p5_seed0_schedule,stable_diffusion_15,euler,D-GPDE-reuse-cfg7p5-seed0,7.5,0,10,5,2,diffusers_ablation_prompts,45,a vibrant parade costume covered with mirrors and embroidered flowers,outputs/gpde_diffusers_sd15_reuse_cfg7p5_seed0_schedule/samples/diffusers/stable_diffusion_15/euler/D-GPDE-reuse-cfg7p5-seed0/cfg_5/seed_002/nfe_010/000045.jpg,outputs/gpde_diffusers_sd15_nfe10_cfg_seed_sweep/schedules/GPDE/diffusers/stable_diffusion_15/euler/cfg_7.5/seed_0/nfe_010,30.427700,-0.528744
actual_sd15_reuse_cfg7p5_seed0_schedule,stable_diffusion_15,euler,D-GPDE-reuse-cfg7p5-seed0,7.5,0,10,5,2,diffusers_ablation_prompts,46,a realistic image of a hand-crafted wooden chess set mid game by candlelight,outputs/gpde_diffusers_sd15_reuse_cfg7p5_seed0_schedule/samples/diffusers/stable_diffusion_15/euler/D-GPDE-reuse-cfg7p5-seed0/cfg_5/seed_002/nfe_010/000046.jpg,outputs/gpde_diffusers_sd15_nfe10_cfg_seed_sweep/schedules/GPDE/diffusers/stable_diffusion_15/euler/cfg_7.5/seed_0/nfe_010,25.888597,-0.781210
actual_sd15_reuse_cfg7p5_seed0_schedule,stable_diffusion_15,euler,D-GPDE-reuse-cfg7p5-seed0,7.5,0,10,5,2,diffusers_ablation_prompts,47,a wide angle view of a data center corridor with blue status lights,outputs/gpde_diffusers_sd15_reuse_cfg7p5_seed0_schedule/samples/diffusers/stable_diffusion_15/euler/D-GPDE-reuse-cfg7p5-seed0/cfg_5/seed_002/nfe_010/000047.jpg,outputs/gpde_diffusers_sd15_nfe10_cfg_seed_sweep/schedules/GPDE/diffusers/stable_diffusion_15/euler/cfg_7.5/seed_0/nfe_010,20.503925,0.979824
actual_sd15_reuse_cfg7p5_seed0_schedule,stable_diffusion_15,euler,D-GPDE-reuse-cfg7p5-seed0,7.5,0,10,5,2,diffusers_ablation_prompts,48,a magical realism scene of books flying through an old train carriage,outputs/gpde_diffusers_sd15_reuse_cfg7p5_seed0_schedule/samples/diffusers/stable_diffusion_15/euler/D-GPDE-reuse-cfg7p5-seed0/cfg_5/seed_002/nfe_010/000048.jpg,outputs/gpde_diffusers_sd15_nfe10_cfg_seed_sweep/schedules/GPDE/diffusers/stable_diffusion_15/euler/cfg_7.5/seed_0/nfe_010,30.407444,-0.343156
actual_sd15_reuse_cfg7p5_seed0_schedule,stable_diffusion_15,euler,D-GPDE-reuse-cfg7p5-seed0,7.5,0,10,5,2,diffusers_ablation_prompts,49,a studio portrait of a golden retriever wearing aviator goggles and a red scarf,outputs/gpde_diffusers_sd15_reuse_cfg7p5_seed0_schedule/samples/diffusers/stable_diffusion_15/euler/D-GPDE-reuse-cfg7p5-seed0/cfg_5/seed_002/nfe_010/000049.jpg,outputs/gpde_diffusers_sd15_nfe10_cfg_seed_sweep/schedules/GPDE/diffusers/stable_diffusion_15/euler/cfg_7.5/seed_0/nfe_010,25.496078,1.795359
actual_sd15_reuse_cfg7p5_seed0_schedule,stable_diffusion_15,euler,D-GPDE-reuse-cfg7p5-seed0,7.5,0,10,7.5,0,diffusers_ablation_prompts,0,"a cinematic portrait of an astronaut botanist in a glass greenhouse on Mars, detailed fabric, soft rim light",outputs/gpde_diffusers_sd15_reuse_cfg7p5_seed0_schedule/samples/diffusers/stable_diffusion_15/euler/D-GPDE-reuse-cfg7p5-seed0/cfg_7.5/seed_000/nfe_010/000000.jpg,outputs/gpde_diffusers_sd15_nfe10_cfg_seed_sweep/schedules/GPDE/diffusers/stable_diffusion_15/euler/cfg_7.5/seed_0/nfe_010,25.948650,-2.193107
actual_sd15_reuse_cfg7p5_seed0_schedule,stable_diffusion_15,euler,D-GPDE-reuse-cfg7p5-seed0,7.5,0,10,7.5,0,diffusers_ablation_prompts,1,"a small brass robot repairing an antique clock in a sunlit workshop, shallow depth of field",outputs/gpde_diffusers_sd15_reuse_cfg7p5_seed0_schedule/samples/diffusers/stable_diffusion_15/euler/D-GPDE-reuse-cfg7p5-seed0/cfg_7.5/seed_000/nfe_010/000001.jpg,outputs/gpde_diffusers_sd15_nfe10_cfg_seed_sweep/schedules/GPDE/diffusers/stable_diffusion_15/euler/cfg_7.5/seed_0/nfe_010,28.201654,-1.644744
actual_sd15_reuse_cfg7p5_seed0_schedule,stable_diffusion_15,euler,D-GPDE-reuse-cfg7p5-seed0,7.5,0,10,7.5,0,diffusers_ablation_prompts,2,"a watercolor city street after rain with neon signs reflected in puddles, evening atmosphere",outputs/gpde_diffusers_sd15_reuse_cfg7p5_seed0_schedule/samples/diffusers/stable_diffusion_15/euler/D-GPDE-reuse-cfg7p5-seed0/cfg_7.5/seed_000/nfe_010/000002.jpg,outputs/gpde_diffusers_sd15_nfe10_cfg_seed_sweep/schedules/GPDE/diffusers/stable_diffusion_15/euler/cfg_7.5/seed_0/nfe_010,26.439255,0.912186
actual_sd15_reuse_cfg7p5_seed0_schedule,stable_diffusion_15,euler,D-GPDE-reuse-cfg7p5-seed0,7.5,0,10,7.5,0,diffusers_ablation_prompts,3,a high resolution studio photo of a ceramic teapot shaped like a seashell on a slate table,outputs/gpde_diffusers_sd15_reuse_cfg7p5_seed0_schedule/samples/diffusers/stable_diffusion_15/euler/D-GPDE-reuse-cfg7p5-seed0/cfg_7.5/seed_000/nfe_010/000003.jpg,outputs/gpde_diffusers_sd15_nfe10_cfg_seed_sweep/schedules/GPDE/diffusers/stable_diffusion_15/euler/cfg_7.5/seed_0/nfe_010,31.760098,0.228829
actual_sd15_reuse_cfg7p5_seed0_schedule,stable_diffusion_15,euler,D-GPDE-reuse-cfg7p5-seed0,7.5,0,10,7.5,0,diffusers_ablation_prompts,4,"a fantasy library carved inside a giant tree, spiral stairs, warm lanterns, intricate shelves",outputs/gpde_diffusers_sd15_reuse_cfg7p5_seed0_schedule/samples/diffusers/stable_diffusion_15/euler/D-GPDE-reuse-cfg7p5-seed0/cfg_7.5/seed_000/nfe_010/000004.jpg,outputs/gpde_diffusers_sd15_nfe10_cfg_seed_sweep/schedules/GPDE/diffusers/stable_diffusion_15/euler/cfg_7.5/seed_0/nfe_010,28.691227,0.035529
actual_sd15_reuse_cfg7p5_seed0_schedule,stable_diffusion_15,euler,D-GPDE-reuse-cfg7p5-seed0,7.5,0,10,7.5,0,diffusers_ablation_prompts,5,"a macro photograph of a snowflake resting on dark wool, crisp crystalline detail",outputs/gpde_diffusers_sd15_reuse_cfg7p5_seed0_schedule/samples/diffusers/stable_diffusion_15/euler/D-GPDE-reuse-cfg7p5-seed0/cfg_7.5/seed_000/nfe_010/000005.jpg,outputs/gpde_diffusers_sd15_nfe10_cfg_seed_sweep/schedules/GPDE/diffusers/stable_diffusion_15/euler/cfg_7.5/seed_0/nfe_010,27.188692,0.509642
actual_sd15_reuse_cfg7p5_seed0_schedule,stable_diffusion_15,euler,D-GPDE-reuse-cfg7p5-seed0,7.5,0,10,7.5,0,diffusers_ablation_prompts,6,"a retro futuristic train crossing a desert at sunset, chrome surfaces, long shadows",outputs/gpde_diffusers_sd15_reuse_cfg7p5_seed0_schedule/samples/diffusers/stable_diffusion_15/euler/D-GPDE-reuse-cfg7p5-seed0/cfg_7.5/seed_000/nfe_010/000006.jpg,outputs/gpde_diffusers_sd15_nfe10_cfg_seed_sweep/schedules/GPDE/diffusers/stable_diffusion_15/euler/cfg_7.5/seed_0/nfe_010,30.703697,1.640061
actual_sd15_reuse_cfg7p5_seed0_schedule,stable_diffusion_15,euler,D-GPDE-reuse-cfg7p5-seed0,7.5,0,10,7.5,0,diffusers_ablation_prompts,7,"a chef plating a colorful molecular gastronomy dessert, clean restaurant lighting",outputs/gpde_diffusers_sd15_reuse_cfg7p5_seed0_schedule/samples/diffusers/stable_diffusion_15/euler/D-GPDE-reuse-cfg7p5-seed0/cfg_7.5/seed_000/nfe_010/000007.jpg,outputs/gpde_diffusers_sd15_nfe10_cfg_seed_sweep/schedules/GPDE/diffusers/stable_diffusion_15/euler/cfg_7.5/seed_0/nfe_010,32.786579,0.802957
actual_sd15_reuse_cfg7p5_seed0_schedule,stable_diffusion_15,euler,D-GPDE-reuse-cfg7p5-seed0,7.5,0,10,7.5,0,diffusers_ablation_prompts,8,"an isometric cozy bedroom with plants, books, a desk lamp, and a rainy window",outputs/gpde_diffusers_sd15_reuse_cfg7p5_seed0_schedule/samples/diffusers/stable_diffusion_15/euler/D-GPDE-reuse-cfg7p5-seed0/cfg_7.5/seed_000/nfe_010/000008.jpg,outputs/gpde_diffusers_sd15_nfe10_cfg_seed_sweep/schedules/GPDE/diffusers/stable_diffusion_15/euler/cfg_7.5/seed_0/nfe_010,29.339293,-0.611122
actual_sd15_reuse_cfg7p5_seed0_schedule,stable_diffusion_15,euler,D-GPDE-reuse-cfg7p5-seed0,7.5,0,10,7.5,0,diffusers_ablation_prompts,9,"a dramatic mountain monastery above clouds, sunrise, detailed stone architecture",outputs/gpde_diffusers_sd15_reuse_cfg7p5_seed0_schedule/samples/diffusers/stable_diffusion_15/euler/D-GPDE-reuse-cfg7p5-seed0/cfg_7.5/seed_000/nfe_010/000009.jpg,outputs/gpde_diffusers_sd15_nfe10_cfg_seed_sweep/schedules/GPDE/diffusers/stable_diffusion_15/euler/cfg_7.5/seed_0/nfe_010,31.681257,1.448373
actual_sd15_reuse_cfg7p5_seed0_schedule,stable_diffusion_15,euler,D-GPDE-reuse-cfg7p5-seed0,7.5,0,10,7.5,0,diffusers_ablation_prompts,10,a fashion editorial photo of a model wearing a translucent raincoat in Tokyo at night,outputs/gpde_diffusers_sd15_reuse_cfg7p5_seed0_schedule/samples/diffusers/stable_diffusion_15/euler/D-GPDE-reuse-cfg7p5-seed0/cfg_7.5/seed_000/nfe_010/000010.jpg,outputs/gpde_diffusers_sd15_nfe10_cfg_seed_sweep/schedules/GPDE/diffusers/stable_diffusion_15/euler/cfg_7.5/seed_0/nfe_010,33.397377,1.734237
actual_sd15_reuse_cfg7p5_seed0_schedule,stable_diffusion_15,euler,D-GPDE-reuse-cfg7p5-seed0,7.5,0,10,7.5,0,diffusers_ablation_prompts,11,a realistic red fox statue made of folded paper on a white museum pedestal,outputs/gpde_diffusers_sd15_reuse_cfg7p5_seed0_schedule/samples/diffusers/stable_diffusion_15/euler/D-GPDE-reuse-cfg7p5-seed0/cfg_7.5/seed_000/nfe_010/000011.jpg,outputs/gpde_diffusers_sd15_nfe10_cfg_seed_sweep/schedules/GPDE/diffusers/stable_diffusion_15/euler/cfg_7.5/seed_0/nfe_010,33.008854,1.209973
actual_sd15_reuse_cfg7p5_seed0_schedule,stable_diffusion_15,euler,D-GPDE-reuse-cfg7p5-seed0,7.5,0,10,7.5,0,diffusers_ablation_prompts,12,a detailed cutaway illustration of a tiny submarine exploring a coral reef,outputs/gpde_diffusers_sd15_reuse_cfg7p5_seed0_schedule/samples/diffusers/stable_diffusion_15/euler/D-GPDE-reuse-cfg7p5-seed0/cfg_7.5/seed_000/nfe_010/000012.jpg,outputs/gpde_diffusers_sd15_nfe10_cfg_seed_sweep/schedules/GPDE/diffusers/stable_diffusion_15/euler/cfg_7.5/seed_0/nfe_010,26.468840,-1.033585
actual_sd15_reuse_cfg7p5_seed0_schedule,stable_diffusion_15,euler,D-GPDE-reuse-cfg7p5-seed0,7.5,0,10,7.5,0,diffusers_ablation_prompts,13,a product photo of wireless headphones on brushed aluminum with blue accent lighting,outputs/gpde_diffusers_sd15_reuse_cfg7p5_seed0_schedule/samples/diffusers/stable_diffusion_15/euler/D-GPDE-reuse-cfg7p5-seed0/cfg_7.5/seed_000/nfe_010/000013.jpg,outputs/gpde_diffusers_sd15_nfe10_cfg_seed_sweep/schedules/GPDE/diffusers/stable_diffusion_15/euler/cfg_7.5/seed_0/nfe_010,28.875755,0.315679
actual_sd15_reuse_cfg7p5_seed0_schedule,stable_diffusion_15,euler,D-GPDE-reuse-cfg7p5-seed0,7.5,0,10,7.5,0,diffusers_ablation_prompts,14,"a medieval market square during a festival, banners, musicians, detailed crowd",outputs/gpde_diffusers_sd15_reuse_cfg7p5_seed0_schedule/samples/diffusers/stable_diffusion_15/euler/D-GPDE-reuse-cfg7p5-seed0/cfg_7.5/seed_000/nfe_010/000014.jpg,outputs/gpde_diffusers_sd15_nfe10_cfg_seed_sweep/schedules/GPDE/diffusers/stable_diffusion_15/euler/cfg_7.5/seed_0/nfe_010,27.254421,-0.017812
actual_sd15_reuse_cfg7p5_seed0_schedule,stable_diffusion_15,euler,D-GPDE-reuse-cfg7p5-seed0,7.5,0,10,7.5,0,diffusers_ablation_prompts,15,an oil painting of a violinist performing in an empty subway station,outputs/gpde_diffusers_sd15_reuse_cfg7p5_seed0_schedule/samples/diffusers/stable_diffusion_15/euler/D-GPDE-reuse-cfg7p5-seed0/cfg_7.5/seed_000/nfe_010/000015.jpg,outputs/gpde_diffusers_sd15_nfe10_cfg_seed_sweep/schedules/GPDE/diffusers/stable_diffusion_15/euler/cfg_7.5/seed_0/nfe_010,36.270187,1.030518
actual_sd15_reuse_cfg7p5_seed0_schedule,stable_diffusion_15,euler,D-GPDE-reuse-cfg7p5-seed0,7.5,0,10,7.5,0,diffusers_ablation_prompts,16,"a close-up portrait of an elderly sailor, weathered skin, navy coat, overcast harbor",outputs/gpde_diffusers_sd15_reuse_cfg7p5_seed0_schedule/samples/diffusers/stable_diffusion_15/euler/D-GPDE-reuse-cfg7p5-seed0/cfg_7.5/seed_000/nfe_010/000016.jpg,outputs/gpde_diffusers_sd15_nfe10_cfg_seed_sweep/schedules/GPDE/diffusers/stable_diffusion_15/euler/cfg_7.5/seed_0/nfe_010,32.288403,0.956890
actual_sd15_reuse_cfg7p5_seed0_schedule,stable_diffusion_15,euler,D-GPDE-reuse-cfg7p5-seed0,7.5,0,10,7.5,0,diffusers_ablation_prompts,17,a clean architectural rendering of a modern cabin beside a frozen lake,outputs/gpde_diffusers_sd15_reuse_cfg7p5_seed0_schedule/samples/diffusers/stable_diffusion_15/euler/D-GPDE-reuse-cfg7p5-seed0/cfg_7.5/seed_000/nfe_010/000017.jpg,outputs/gpde_diffusers_sd15_nfe10_cfg_seed_sweep/schedules/GPDE/diffusers/stable_diffusion_15/euler/cfg_7.5/seed_0/nfe_010,33.059456,0.439845
actual_sd15_reuse_cfg7p5_seed0_schedule,stable_diffusion_15,euler,D-GPDE-reuse-cfg7p5-seed0,7.5,0,10,7.5,0,diffusers_ablation_prompts,18,a surreal desert filled with floating glass spheres and distant black mountains,outputs/gpde_diffusers_sd15_reuse_cfg7p5_seed0_schedule/samples/diffusers/stable_diffusion_15/euler/D-GPDE-reuse-cfg7p5-seed0/cfg_7.5/seed_000/nfe_010/000018.jpg,outputs/gpde_diffusers_sd15_nfe10_cfg_seed_sweep/schedules/GPDE/diffusers/stable_diffusion_15/euler/cfg_7.5/seed_0/nfe_010,26.367983,0.405092
actual_sd15_reuse_cfg7p5_seed0_schedule,stable_diffusion_15,euler,D-GPDE-reuse-cfg7p5-seed0,7.5,0,10,7.5,0,diffusers_ablation_prompts,19,a documentary photo of a scientist collecting ice cores in Antarctica,outputs/gpde_diffusers_sd15_reuse_cfg7p5_seed0_schedule/samples/diffusers/stable_diffusion_15/euler/D-GPDE-reuse-cfg7p5-seed0/cfg_7.5/seed_000/nfe_010/000019.jpg,outputs/gpde_diffusers_sd15_nfe10_cfg_seed_sweep/schedules/GPDE/diffusers/stable_diffusion_15/euler/cfg_7.5/seed_0/nfe_010,29.633898,0.034455
actual_sd15_reuse_cfg7p5_seed0_schedule,stable_diffusion_15,euler,D-GPDE-reuse-cfg7p5-seed0,7.5,0,10,7.5,0,diffusers_ablation_prompts,20,a detailed 3D render of a mechanical hummingbird with copper wings,outputs/gpde_diffusers_sd15_reuse_cfg7p5_seed0_schedule/samples/diffusers/stable_diffusion_15/euler/D-GPDE-reuse-cfg7p5-seed0/cfg_7.5/seed_000/nfe_010/000020.jpg,outputs/gpde_diffusers_sd15_nfe10_cfg_seed_sweep/schedules/GPDE/diffusers/stable_diffusion_15/euler/cfg_7.5/seed_0/nfe_010,38.581352,1.558582
actual_sd15_reuse_cfg7p5_seed0_schedule,stable_diffusion_15,euler,D-GPDE-reuse-cfg7p5-seed0,7.5,0,10,7.5,0,diffusers_ablation_prompts,21,"a cozy cafe interior in autumn, pastries, espresso machine, soft morning light",outputs/gpde_diffusers_sd15_reuse_cfg7p5_seed0_schedule/samples/diffusers/stable_diffusion_15/euler/D-GPDE-reuse-cfg7p5-seed0/cfg_7.5/seed_000/nfe_010/000021.jpg,outputs/gpde_diffusers_sd15_nfe10_cfg_seed_sweep/schedules/GPDE/diffusers/stable_diffusion_15/euler/cfg_7.5/seed_0/nfe_010,26.167423,-0.987771
actual_sd15_reuse_cfg7p5_seed0_schedule,stable_diffusion_15,euler,D-GPDE-reuse-cfg7p5-seed0,7.5,0,10,7.5,0,diffusers_ablation_prompts,22,"a panoramic view of terraced rice fields under mist, workers in colorful clothing",outputs/gpde_diffusers_sd15_reuse_cfg7p5_seed0_schedule/samples/diffusers/stable_diffusion_15/euler/D-GPDE-reuse-cfg7p5-seed0/cfg_7.5/seed_000/nfe_010/000022.jpg,outputs/gpde_diffusers_sd15_nfe10_cfg_seed_sweep/schedules/GPDE/diffusers/stable_diffusion_15/euler/cfg_7.5/seed_0/nfe_010,29.267010,-1.002786
actual_sd15_reuse_cfg7p5_seed0_schedule,stable_diffusion_15,euler,D-GPDE-reuse-cfg7p5-seed0,7.5,0,10,7.5,0,diffusers_ablation_prompts,23,a children's book illustration of a moonlit boat parade on a quiet canal,outputs/gpde_diffusers_sd15_reuse_cfg7p5_seed0_schedule/samples/diffusers/stable_diffusion_15/euler/D-GPDE-reuse-cfg7p5-seed0/cfg_7.5/seed_000/nfe_010/000023.jpg,outputs/gpde_diffusers_sd15_nfe10_cfg_seed_sweep/schedules/GPDE/diffusers/stable_diffusion_15/euler/cfg_7.5/seed_0/nfe_010,25.641853,-0.432486
actual_sd15_reuse_cfg7p5_seed0_schedule,stable_diffusion_15,euler,D-GPDE-reuse-cfg7p5-seed0,7.5,0,10,7.5,0,diffusers_ablation_prompts,24,"a realistic sports car parked in a concrete tunnel, reflections, low angle",outputs/gpde_diffusers_sd15_reuse_cfg7p5_seed0_schedule/samples/diffusers/stable_diffusion_15/euler/D-GPDE-reuse-cfg7p5-seed0/cfg_7.5/seed_000/nfe_010/000024.jpg,outputs/gpde_diffusers_sd15_nfe10_cfg_seed_sweep/schedules/GPDE/diffusers/stable_diffusion_15/euler/cfg_7.5/seed_0/nfe_010,29.129850,0.495290
actual_sd15_reuse_cfg7p5_seed0_schedule,stable_diffusion_15,euler,D-GPDE-reuse-cfg7p5-seed0,7.5,0,10,7.5,0,diffusers_ablation_prompts,25,"a botanical diagram of rare orchids with labeled roots and petals, archival paper",outputs/gpde_diffusers_sd15_reuse_cfg7p5_seed0_schedule/samples/diffusers/stable_diffusion_15/euler/D-GPDE-reuse-cfg7p5-seed0/cfg_7.5/seed_000/nfe_010/000025.jpg,outputs/gpde_diffusers_sd15_nfe10_cfg_seed_sweep/schedules/GPDE/diffusers/stable_diffusion_15/euler/cfg_7.5/seed_0/nfe_010,29.739628,0.842528
actual_sd15_reuse_cfg7p5_seed0_schedule,stable_diffusion_15,euler,D-GPDE-reuse-cfg7p5-seed0,7.5,0,10,7.5,0,diffusers_ablation_prompts,26,"a cyberpunk street food stall with steam, lanterns, and dense urban signage",outputs/gpde_diffusers_sd15_reuse_cfg7p5_seed0_schedule/samples/diffusers/stable_diffusion_15/euler/D-GPDE-reuse-cfg7p5-seed0/cfg_7.5/seed_000/nfe_010/000026.jpg,outputs/gpde_diffusers_sd15_nfe10_cfg_seed_sweep/schedules/GPDE/diffusers/stable_diffusion_15/euler/cfg_7.5/seed_0/nfe_010,24.582758,-0.594276
actual_sd15_reuse_cfg7p5_seed0_schedule,stable_diffusion_15,euler,D-GPDE-reuse-cfg7p5-seed0,7.5,0,10,7.5,0,diffusers_ablation_prompts,27,"a still life of glass fruit bowls, linen cloth, and silver cutlery, natural light",outputs/gpde_diffusers_sd15_reuse_cfg7p5_seed0_schedule/samples/diffusers/stable_diffusion_15/euler/D-GPDE-reuse-cfg7p5-seed0/cfg_7.5/seed_000/nfe_010/000027.jpg,outputs/gpde_diffusers_sd15_nfe10_cfg_seed_sweep/schedules/GPDE/diffusers/stable_diffusion_15/euler/cfg_7.5/seed_0/nfe_010,29.963243,0.245853
actual_sd15_reuse_cfg7p5_seed0_schedule,stable_diffusion_15,euler,D-GPDE-reuse-cfg7p5-seed0,7.5,0,10,7.5,0,diffusers_ablation_prompts,28,a heroic statue covered in vines in an abandoned futuristic plaza,outputs/gpde_diffusers_sd15_reuse_cfg7p5_seed0_schedule/samples/diffusers/stable_diffusion_15/euler/D-GPDE-reuse-cfg7p5-seed0/cfg_7.5/seed_000/nfe_010/000028.jpg,outputs/gpde_diffusers_sd15_nfe10_cfg_seed_sweep/schedules/GPDE/diffusers/stable_diffusion_15/euler/cfg_7.5/seed_0/nfe_010,32.871830,0.169471
actual_sd15_reuse_cfg7p5_seed0_schedule,stable_diffusion_15,euler,D-GPDE-reuse-cfg7p5-seed0,7.5,0,10,7.5,0,diffusers_ablation_prompts,29,a black and white film photograph of dancers rehearsing in a mirror-lined studio,outputs/gpde_diffusers_sd15_reuse_cfg7p5_seed0_schedule/samples/diffusers/stable_diffusion_15/euler/D-GPDE-reuse-cfg7p5-seed0/cfg_7.5/seed_000/nfe_010/000029.jpg,outputs/gpde_diffusers_sd15_nfe10_cfg_seed_sweep/schedules/GPDE/diffusers/stable_diffusion_15/euler/cfg_7.5/seed_0/nfe_010,33.103104,0.605648
actual_sd15_reuse_cfg7p5_seed0_schedule,stable_diffusion_15,euler,D-GPDE-reuse-cfg7p5-seed0,7.5,0,10,7.5,0,diffusers_ablation_prompts,30,"a detailed scene of a spacecraft cockpit during reentry, glowing controls, tense mood",outputs/gpde_diffusers_sd15_reuse_cfg7p5_seed0_schedule/samples/diffusers/stable_diffusion_15/euler/D-GPDE-reuse-cfg7p5-seed0/cfg_7.5/seed_000/nfe_010/000030.jpg,outputs/gpde_diffusers_sd15_nfe10_cfg_seed_sweep/schedules/GPDE/diffusers/stable_diffusion_15/euler/cfg_7.5/seed_0/nfe_010,29.834887,-1.870158
actual_sd15_reuse_cfg7p5_seed0_schedule,stable_diffusion_15,euler,D-GPDE-reuse-cfg7p5-seed0,7.5,0,10,7.5,0,diffusers_ablation_prompts,31,a claymation style village bakery with tiny loaves and painted signs,outputs/gpde_diffusers_sd15_reuse_cfg7p5_seed0_schedule/samples/diffusers/stable_diffusion_15/euler/D-GPDE-reuse-cfg7p5-seed0/cfg_7.5/seed_000/nfe_010/000031.jpg,outputs/gpde_diffusers_sd15_nfe10_cfg_seed_sweep/schedules/GPDE/diffusers/stable_diffusion_15/euler/cfg_7.5/seed_0/nfe_010,34.689533,0.261024
actual_sd15_reuse_cfg7p5_seed0_schedule,stable_diffusion_15,euler,D-GPDE-reuse-cfg7p5-seed0,7.5,0,10,7.5,0,diffusers_ablation_prompts,32,a realistic underwater photograph of a diver inspecting an ancient marble column,outputs/gpde_diffusers_sd15_reuse_cfg7p5_seed0_schedule/samples/diffusers/stable_diffusion_15/euler/D-GPDE-reuse-cfg7p5-seed0/cfg_7.5/seed_000/nfe_010/000032.jpg,outputs/gpde_diffusers_sd15_nfe10_cfg_seed_sweep/schedules/GPDE/diffusers/stable_diffusion_15/euler/cfg_7.5/seed_0/nfe_010,27.227133,1.552719
actual_sd15_reuse_cfg7p5_seed0_schedule,stable_diffusion_15,euler,D-GPDE-reuse-cfg7p5-seed0,7.5,0,10,7.5,0,diffusers_ablation_prompts,33,"a minimalist poster of a jazz quartet in deep red, cream, and black",outputs/gpde_diffusers_sd15_reuse_cfg7p5_seed0_schedule/samples/diffusers/stable_diffusion_15/euler/D-GPDE-reuse-cfg7p5-seed0/cfg_7.5/seed_000/nfe_010/000033.jpg,outputs/gpde_diffusers_sd15_nfe10_cfg_seed_sweep/schedules/GPDE/diffusers/stable_diffusion_15/euler/cfg_7.5/seed_0/nfe_010,26.662004,-1.288267
actual_sd15_reuse_cfg7p5_seed0_schedule,stable_diffusion_15,euler,D-GPDE-reuse-cfg7p5-seed0,7.5,0,10,7.5,0,diffusers_ablation_prompts,34,a high detail portrait of a queen wearing armor made of mother of pearl,outputs/gpde_diffusers_sd15_reuse_cfg7p5_seed0_schedule/samples/diffusers/stable_diffusion_15/euler/D-GPDE-reuse-cfg7p5-seed0/cfg_7.5/seed_000/nfe_010/000034.jpg,outputs/gpde_diffusers_sd15_nfe10_cfg_seed_sweep/schedules/GPDE/diffusers/stable_diffusion_15/euler/cfg_7.5/seed_0/nfe_010,24.059580,0.807696
actual_sd15_reuse_cfg7p5_seed0_schedule,stable_diffusion_15,euler,D-GPDE-reuse-cfg7p5-seed0,7.5,0,10,7.5,0,diffusers_ablation_prompts,35,"a top-down board game map of an island with forests, cliffs, and hidden ruins",outputs/gpde_diffusers_sd15_reuse_cfg7p5_seed0_schedule/samples/diffusers/stable_diffusion_15/euler/D-GPDE-reuse-cfg7p5-seed0/cfg_7.5/seed_000/nfe_010/000035.jpg,outputs/gpde_diffusers_sd15_nfe10_cfg_seed_sweep/schedules/GPDE/diffusers/stable_diffusion_15/euler/cfg_7.5/seed_0/nfe_010,27.193892,-1.431805
actual_sd15_reuse_cfg7p5_seed0_schedule,stable_diffusion_15,euler,D-GPDE-reuse-cfg7p5-seed0,7.5,0,10,7.5,0,diffusers_ablation_prompts,36,"a luxury watch exploded view on a dark background, precise gears and screws",outputs/gpde_diffusers_sd15_reuse_cfg7p5_seed0_schedule/samples/diffusers/stable_diffusion_15/euler/D-GPDE-reuse-cfg7p5-seed0/cfg_7.5/seed_000/nfe_010/000036.jpg,outputs/gpde_diffusers_sd15_nfe10_cfg_seed_sweep/schedules/GPDE/diffusers/stable_diffusion_15/euler/cfg_7.5/seed_0/nfe_010,29.880711,1.014453
actual_sd15_reuse_cfg7p5_seed0_schedule,stable_diffusion_15,euler,D-GPDE-reuse-cfg7p5-seed0,7.5,0,10,7.5,0,diffusers_ablation_prompts,37,"a sunlit greenhouse filled with tomatoes, watering cans, and terracotta pots",outputs/gpde_diffusers_sd15_reuse_cfg7p5_seed0_schedule/samples/diffusers/stable_diffusion_15/euler/D-GPDE-reuse-cfg7p5-seed0/cfg_7.5/seed_000/nfe_010/000037.jpg,outputs/gpde_diffusers_sd15_nfe10_cfg_seed_sweep/schedules/GPDE/diffusers/stable_diffusion_15/euler/cfg_7.5/seed_0/nfe_010,27.167040,-0.743066
actual_sd15_reuse_cfg7p5_seed0_schedule,stable_diffusion_15,euler,D-GPDE-reuse-cfg7p5-seed0,7.5,0,10,7.5,0,diffusers_ablation_prompts,38,a night landscape of fireflies over a meadow beside a quiet river,outputs/gpde_diffusers_sd15_reuse_cfg7p5_seed0_schedule/samples/diffusers/stable_diffusion_15/euler/D-GPDE-reuse-cfg7p5-seed0/cfg_7.5/seed_000/nfe_010/000038.jpg,outputs/gpde_diffusers_sd15_nfe10_cfg_seed_sweep/schedules/GPDE/diffusers/stable_diffusion_15/euler/cfg_7.5/seed_0/nfe_010,25.942759,-1.589479
actual_sd15_reuse_cfg7p5_seed0_schedule,stable_diffusion_15,euler,D-GPDE-reuse-cfg7p5-seed0,7.5,0,10,7.5,0,diffusers_ablation_prompts,39,a realistic photo of a rescue helicopter landing on a snowy mountain ridge,outputs/gpde_diffusers_sd15_reuse_cfg7p5_seed0_schedule/samples/diffusers/stable_diffusion_15/euler/D-GPDE-reuse-cfg7p5-seed0/cfg_7.5/seed_000/nfe_010/000039.jpg,outputs/gpde_diffusers_sd15_nfe10_cfg_seed_sweep/schedules/GPDE/diffusers/stable_diffusion_15/euler/cfg_7.5/seed_0/nfe_010,36.482777,0.903677
actual_sd15_reuse_cfg7p5_seed0_schedule,stable_diffusion_15,euler,D-GPDE-reuse-cfg7p5-seed0,7.5,0,10,7.5,0,diffusers_ablation_prompts,40,a concept art scene of a floating research station above Jupiter's clouds,outputs/gpde_diffusers_sd15_reuse_cfg7p5_seed0_schedule/samples/diffusers/stable_diffusion_15/euler/D-GPDE-reuse-cfg7p5-seed0/cfg_7.5/seed_000/nfe_010/000040.jpg,outputs/gpde_diffusers_sd15_nfe10_cfg_seed_sweep/schedules/GPDE/diffusers/stable_diffusion_15/euler/cfg_7.5/seed_0/nfe_010,24.937862,-0.251924
actual_sd15_reuse_cfg7p5_seed0_schedule,stable_diffusion_15,euler,D-GPDE-reuse-cfg7p5-seed0,7.5,0,10,7.5,0,diffusers_ablation_prompts,41,a detailed pencil drawing of an old bicycle leaning against a brick wall,outputs/gpde_diffusers_sd15_reuse_cfg7p5_seed0_schedule/samples/diffusers/stable_diffusion_15/euler/D-GPDE-reuse-cfg7p5-seed0/cfg_7.5/seed_000/nfe_010/000041.jpg,outputs/gpde_diffusers_sd15_nfe10_cfg_seed_sweep/schedules/GPDE/diffusers/stable_diffusion_15/euler/cfg_7.5/seed_0/nfe_010,29.055326,0.736620
actual_sd15_reuse_cfg7p5_seed0_schedule,stable_diffusion_15,euler,D-GPDE-reuse-cfg7p5-seed0,7.5,0,10,7.5,0,diffusers_ablation_prompts,42,"a museum diorama of prehistoric sea creatures, dramatic educational lighting",outputs/gpde_diffusers_sd15_reuse_cfg7p5_seed0_schedule/samples/diffusers/stable_diffusion_15/euler/D-GPDE-reuse-cfg7p5-seed0/cfg_7.5/seed_000/nfe_010/000042.jpg,outputs/gpde_diffusers_sd15_nfe10_cfg_seed_sweep/schedules/GPDE/diffusers/stable_diffusion_15/euler/cfg_7.5/seed_0/nfe_010,31.620878,0.189354
actual_sd15_reuse_cfg7p5_seed0_schedule,stable_diffusion_15,euler,D-GPDE-reuse-cfg7p5-seed0,7.5,0,10,7.5,0,diffusers_ablation_prompts,43,"a peaceful Japanese garden with koi pond, stone bridge, and maple leaves",outputs/gpde_diffusers_sd15_reuse_cfg7p5_seed0_schedule/samples/diffusers/stable_diffusion_15/euler/D-GPDE-reuse-cfg7p5-seed0/cfg_7.5/seed_000/nfe_010/000043.jpg,outputs/gpde_diffusers_sd15_nfe10_cfg_seed_sweep/schedules/GPDE/diffusers/stable_diffusion_15/euler/cfg_7.5/seed_0/nfe_010,24.854414,0.142444
actual_sd15_reuse_cfg7p5_seed0_schedule,stable_diffusion_15,euler,D-GPDE-reuse-cfg7p5-seed0,7.5,0,10,7.5,0,diffusers_ablation_prompts,44,"a close-up food photograph of ramen with soft egg, steam, and ceramic bowl",outputs/gpde_diffusers_sd15_reuse_cfg7p5_seed0_schedule/samples/diffusers/stable_diffusion_15/euler/D-GPDE-reuse-cfg7p5-seed0/cfg_7.5/seed_000/nfe_010/000044.jpg,outputs/gpde_diffusers_sd15_nfe10_cfg_seed_sweep/schedules/GPDE/diffusers/stable_diffusion_15/euler/cfg_7.5/seed_0/nfe_010,29.733789,0.519094
actual_sd15_reuse_cfg7p5_seed0_schedule,stable_diffusion_15,euler,D-GPDE-reuse-cfg7p5-seed0,7.5,0,10,7.5,0,diffusers_ablation_prompts,45,a vibrant parade costume covered with mirrors and embroidered flowers,outputs/gpde_diffusers_sd15_reuse_cfg7p5_seed0_schedule/samples/diffusers/stable_diffusion_15/euler/D-GPDE-reuse-cfg7p5-seed0/cfg_7.5/seed_000/nfe_010/000045.jpg,outputs/gpde_diffusers_sd15_nfe10_cfg_seed_sweep/schedules/GPDE/diffusers/stable_diffusion_15/euler/cfg_7.5/seed_0/nfe_010,27.039150,-1.799416
actual_sd15_reuse_cfg7p5_seed0_schedule,stable_diffusion_15,euler,D-GPDE-reuse-cfg7p5-seed0,7.5,0,10,7.5,0,diffusers_ablation_prompts,46,a realistic image of a hand-crafted wooden chess set mid game by candlelight,outputs/gpde_diffusers_sd15_reuse_cfg7p5_seed0_schedule/samples/diffusers/stable_diffusion_15/euler/D-GPDE-reuse-cfg7p5-seed0/cfg_7.5/seed_000/nfe_010/000046.jpg,outputs/gpde_diffusers_sd15_nfe10_cfg_seed_sweep/schedules/GPDE/diffusers/stable_diffusion_15/euler/cfg_7.5/seed_0/nfe_010,25.880751,-0.734425
actual_sd15_reuse_cfg7p5_seed0_schedule,stable_diffusion_15,euler,D-GPDE-reuse-cfg7p5-seed0,7.5,0,10,7.5,0,diffusers_ablation_prompts,47,a wide angle view of a data center corridor with blue status lights,outputs/gpde_diffusers_sd15_reuse_cfg7p5_seed0_schedule/samples/diffusers/stable_diffusion_15/euler/D-GPDE-reuse-cfg7p5-seed0/cfg_7.5/seed_000/nfe_010/000047.jpg,outputs/gpde_diffusers_sd15_nfe10_cfg_seed_sweep/schedules/GPDE/diffusers/stable_diffusion_15/euler/cfg_7.5/seed_0/nfe_010,20.457508,1.192326
actual_sd15_reuse_cfg7p5_seed0_schedule,stable_diffusion_15,euler,D-GPDE-reuse-cfg7p5-seed0,7.5,0,10,7.5,0,diffusers_ablation_prompts,48,a magical realism scene of books flying through an old train carriage,outputs/gpde_diffusers_sd15_reuse_cfg7p5_seed0_schedule/samples/diffusers/stable_diffusion_15/euler/D-GPDE-reuse-cfg7p5-seed0/cfg_7.5/seed_000/nfe_010/000048.jpg,outputs/gpde_diffusers_sd15_nfe10_cfg_seed_sweep/schedules/GPDE/diffusers/stable_diffusion_15/euler/cfg_7.5/seed_0/nfe_010,31.889450,-0.498513
actual_sd15_reuse_cfg7p5_seed0_schedule,stable_diffusion_15,euler,D-GPDE-reuse-cfg7p5-seed0,7.5,0,10,7.5,0,diffusers_ablation_prompts,49,a studio portrait of a golden retriever wearing aviator goggles and a red scarf,outputs/gpde_diffusers_sd15_reuse_cfg7p5_seed0_schedule/samples/diffusers/stable_diffusion_15/euler/D-GPDE-reuse-cfg7p5-seed0/cfg_7.5/seed_000/nfe_010/000049.jpg,outputs/gpde_diffusers_sd15_nfe10_cfg_seed_sweep/schedules/GPDE/diffusers/stable_diffusion_15/euler/cfg_7.5/seed_0/nfe_010,33.907444,1.742663
actual_sd15_reuse_cfg7p5_seed0_schedule,stable_diffusion_15,euler,D-GPDE-reuse-cfg7p5-seed0,7.5,0,10,7.5,1,diffusers_ablation_prompts,0,"a cinematic portrait of an astronaut botanist in a glass greenhouse on Mars, detailed fabric, soft rim light",outputs/gpde_diffusers_sd15_reuse_cfg7p5_seed0_schedule/samples/diffusers/stable_diffusion_15/euler/D-GPDE-reuse-cfg7p5-seed0/cfg_7.5/seed_001/nfe_010/000000.jpg,outputs/gpde_diffusers_sd15_nfe10_cfg_seed_sweep/schedules/GPDE/diffusers/stable_diffusion_15/euler/cfg_7.5/seed_0/nfe_010,31.037634,-1.154091
actual_sd15_reuse_cfg7p5_seed0_schedule,stable_diffusion_15,euler,D-GPDE-reuse-cfg7p5-seed0,7.5,0,10,7.5,1,diffusers_ablation_prompts,1,"a small brass robot repairing an antique clock in a sunlit workshop, shallow depth of field",outputs/gpde_diffusers_sd15_reuse_cfg7p5_seed0_schedule/samples/diffusers/stable_diffusion_15/euler/D-GPDE-reuse-cfg7p5-seed0/cfg_7.5/seed_001/nfe_010/000001.jpg,outputs/gpde_diffusers_sd15_nfe10_cfg_seed_sweep/schedules/GPDE/diffusers/stable_diffusion_15/euler/cfg_7.5/seed_0/nfe_010,30.020506,-1.045609
actual_sd15_reuse_cfg7p5_seed0_schedule,stable_diffusion_15,euler,D-GPDE-reuse-cfg7p5-seed0,7.5,0,10,7.5,1,diffusers_ablation_prompts,2,"a watercolor city street after rain with neon signs reflected in puddles, evening atmosphere",outputs/gpde_diffusers_sd15_reuse_cfg7p5_seed0_schedule/samples/diffusers/stable_diffusion_15/euler/D-GPDE-reuse-cfg7p5-seed0/cfg_7.5/seed_001/nfe_010/000002.jpg,outputs/gpde_diffusers_sd15_nfe10_cfg_seed_sweep/schedules/GPDE/diffusers/stable_diffusion_15/euler/cfg_7.5/seed_0/nfe_010,26.366659,0.070280
actual_sd15_reuse_cfg7p5_seed0_schedule,stable_diffusion_15,euler,D-GPDE-reuse-cfg7p5-seed0,7.5,0,10,7.5,1,diffusers_ablation_prompts,3,a high resolution studio photo of a ceramic teapot shaped like a seashell on a slate table,outputs/gpde_diffusers_sd15_reuse_cfg7p5_seed0_schedule/samples/diffusers/stable_diffusion_15/euler/D-GPDE-reuse-cfg7p5-seed0/cfg_7.5/seed_001/nfe_010/000003.jpg,outputs/gpde_diffusers_sd15_nfe10_cfg_seed_sweep/schedules/GPDE/diffusers/stable_diffusion_15/euler/cfg_7.5/seed_0/nfe_010,30.014578,0.888977
actual_sd15_reuse_cfg7p5_seed0_schedule,stable_diffusion_15,euler,D-GPDE-reuse-cfg7p5-seed0,7.5,0,10,7.5,1,diffusers_ablation_prompts,4,"a fantasy library carved inside a giant tree, spiral stairs, warm lanterns, intricate shelves",outputs/gpde_diffusers_sd15_reuse_cfg7p5_seed0_schedule/samples/diffusers/stable_diffusion_15/euler/D-GPDE-reuse-cfg7p5-seed0/cfg_7.5/seed_001/nfe_010/000004.jpg,outputs/gpde_diffusers_sd15_nfe10_cfg_seed_sweep/schedules/GPDE/diffusers/stable_diffusion_15/euler/cfg_7.5/seed_0/nfe_010,31.391869,-0.338812
actual_sd15_reuse_cfg7p5_seed0_schedule,stable_diffusion_15,euler,D-GPDE-reuse-cfg7p5-seed0,7.5,0,10,7.5,1,diffusers_ablation_prompts,5,"a macro photograph of a snowflake resting on dark wool, crisp crystalline detail",outputs/gpde_diffusers_sd15_reuse_cfg7p5_seed0_schedule/samples/diffusers/stable_diffusion_15/euler/D-GPDE-reuse-cfg7p5-seed0/cfg_7.5/seed_001/nfe_010/000005.jpg,outputs/gpde_diffusers_sd15_nfe10_cfg_seed_sweep/schedules/GPDE/diffusers/stable_diffusion_15/euler/cfg_7.5/seed_0/nfe_010,27.394890,0.459644
actual_sd15_reuse_cfg7p5_seed0_schedule,stable_diffusion_15,euler,D-GPDE-reuse-cfg7p5-seed0,7.5,0,10,7.5,1,diffusers_ablation_prompts,6,"a retro futuristic train crossing a desert at sunset, chrome surfaces, long shadows",outputs/gpde_diffusers_sd15_reuse_cfg7p5_seed0_schedule/samples/diffusers/stable_diffusion_15/euler/D-GPDE-reuse-cfg7p5-seed0/cfg_7.5/seed_001/nfe_010/000006.jpg,outputs/gpde_diffusers_sd15_nfe10_cfg_seed_sweep/schedules/GPDE/diffusers/stable_diffusion_15/euler/cfg_7.5/seed_0/nfe_010,30.150911,1.036577
actual_sd15_reuse_cfg7p5_seed0_schedule,stable_diffusion_15,euler,D-GPDE-reuse-cfg7p5-seed0,7.5,0,10,7.5,1,diffusers_ablation_prompts,7,"a chef plating a colorful molecular gastronomy dessert, clean restaurant lighting",outputs/gpde_diffusers_sd15_reuse_cfg7p5_seed0_schedule/samples/diffusers/stable_diffusion_15/euler/D-GPDE-reuse-cfg7p5-seed0/cfg_7.5/seed_001/nfe_010/000007.jpg,outputs/gpde_diffusers_sd15_nfe10_cfg_seed_sweep/schedules/GPDE/diffusers/stable_diffusion_15/euler/cfg_7.5/seed_0/nfe_010,32.863926,0.450704
actual_sd15_reuse_cfg7p5_seed0_schedule,stable_diffusion_15,euler,D-GPDE-reuse-cfg7p5-seed0,7.5,0,10,7.5,1,diffusers_ablation_prompts,8,"an isometric cozy bedroom with plants, books, a desk lamp, and a rainy window",outputs/gpde_diffusers_sd15_reuse_cfg7p5_seed0_schedule/samples/diffusers/stable_diffusion_15/euler/D-GPDE-reuse-cfg7p5-seed0/cfg_7.5/seed_001/nfe_010/000008.jpg,outputs/gpde_diffusers_sd15_nfe10_cfg_seed_sweep/schedules/GPDE/diffusers/stable_diffusion_15/euler/cfg_7.5/seed_0/nfe_010,29.911774,-0.775597
actual_sd15_reuse_cfg7p5_seed0_schedule,stable_diffusion_15,euler,D-GPDE-reuse-cfg7p5-seed0,7.5,0,10,7.5,1,diffusers_ablation_prompts,9,"a dramatic mountain monastery above clouds, sunrise, detailed stone architecture",outputs/gpde_diffusers_sd15_reuse_cfg7p5_seed0_schedule/samples/diffusers/stable_diffusion_15/euler/D-GPDE-reuse-cfg7p5-seed0/cfg_7.5/seed_001/nfe_010/000009.jpg,outputs/gpde_diffusers_sd15_nfe10_cfg_seed_sweep/schedules/GPDE/diffusers/stable_diffusion_15/euler/cfg_7.5/seed_0/nfe_010,33.930923,1.471453
actual_sd15_reuse_cfg7p5_seed0_schedule,stable_diffusion_15,euler,D-GPDE-reuse-cfg7p5-seed0,7.5,0,10,7.5,1,diffusers_ablation_prompts,10,a fashion editorial photo of a model wearing a translucent raincoat in Tokyo at night,outputs/gpde_diffusers_sd15_reuse_cfg7p5_seed0_schedule/samples/diffusers/stable_diffusion_15/euler/D-GPDE-reuse-cfg7p5-seed0/cfg_7.5/seed_001/nfe_010/000010.jpg,outputs/gpde_diffusers_sd15_nfe10_cfg_seed_sweep/schedules/GPDE/diffusers/stable_diffusion_15/euler/cfg_7.5/seed_0/nfe_010,37.350685,1.952921
actual_sd15_reuse_cfg7p5_seed0_schedule,stable_diffusion_15,euler,D-GPDE-reuse-cfg7p5-seed0,7.5,0,10,7.5,1,diffusers_ablation_prompts,11,a realistic red fox statue made of folded paper on a white museum pedestal,outputs/gpde_diffusers_sd15_reuse_cfg7p5_seed0_schedule/samples/diffusers/stable_diffusion_15/euler/D-GPDE-reuse-cfg7p5-seed0/cfg_7.5/seed_001/nfe_010/000011.jpg,outputs/gpde_diffusers_sd15_nfe10_cfg_seed_sweep/schedules/GPDE/diffusers/stable_diffusion_15/euler/cfg_7.5/seed_0/nfe_010,34.180077,1.597922
actual_sd15_reuse_cfg7p5_seed0_schedule,stable_diffusion_15,euler,D-GPDE-reuse-cfg7p5-seed0,7.5,0,10,7.5,1,diffusers_ablation_prompts,12,a detailed cutaway illustration of a tiny submarine exploring a coral reef,outputs/gpde_diffusers_sd15_reuse_cfg7p5_seed0_schedule/samples/diffusers/stable_diffusion_15/euler/D-GPDE-reuse-cfg7p5-seed0/cfg_7.5/seed_001/nfe_010/000012.jpg,outputs/gpde_diffusers_sd15_nfe10_cfg_seed_sweep/schedules/GPDE/diffusers/stable_diffusion_15/euler/cfg_7.5/seed_0/nfe_010,34.649918,1.213970
actual_sd15_reuse_cfg7p5_seed0_schedule,stable_diffusion_15,euler,D-GPDE-reuse-cfg7p5-seed0,7.5,0,10,7.5,1,diffusers_ablation_prompts,13,a product photo of wireless headphones on brushed aluminum with blue accent lighting,outputs/gpde_diffusers_sd15_reuse_cfg7p5_seed0_schedule/samples/diffusers/stable_diffusion_15/euler/D-GPDE-reuse-cfg7p5-seed0/cfg_7.5/seed_001/nfe_010/000013.jpg,outputs/gpde_diffusers_sd15_nfe10_cfg_seed_sweep/schedules/GPDE/diffusers/stable_diffusion_15/euler/cfg_7.5/seed_0/nfe_010,30.112198,-0.503163
actual_sd15_reuse_cfg7p5_seed0_schedule,stable_diffusion_15,euler,D-GPDE-reuse-cfg7p5-seed0,7.5,0,10,7.5,1,diffusers_ablation_prompts,14,"a medieval market square during a festival, banners, musicians, detailed crowd",outputs/gpde_diffusers_sd15_reuse_cfg7p5_seed0_schedule/samples/diffusers/stable_diffusion_15/euler/D-GPDE-reuse-cfg7p5-seed0/cfg_7.5/seed_001/nfe_010/000014.jpg,outputs/gpde_diffusers_sd15_nfe10_cfg_seed_sweep/schedules/GPDE/diffusers/stable_diffusion_15/euler/cfg_7.5/seed_0/nfe_010,29.856726,-0.074016
actual_sd15_reuse_cfg7p5_seed0_schedule,stable_diffusion_15,euler,D-GPDE-reuse-cfg7p5-seed0,7.5,0,10,7.5,1,diffusers_ablation_prompts,15,an oil painting of a violinist performing in an empty subway station,outputs/gpde_diffusers_sd15_reuse_cfg7p5_seed0_schedule/samples/diffusers/stable_diffusion_15/euler/D-GPDE-reuse-cfg7p5-seed0/cfg_7.5/seed_001/nfe_010/000015.jpg,outputs/gpde_diffusers_sd15_nfe10_cfg_seed_sweep/schedules/GPDE/diffusers/stable_diffusion_15/euler/cfg_7.5/seed_0/nfe_010,34.682556,0.656381
actual_sd15_reuse_cfg7p5_seed0_schedule,stable_diffusion_15,euler,D-GPDE-reuse-cfg7p5-seed0,7.5,0,10,7.5,1,diffusers_ablation_prompts,16,"a close-up portrait of an elderly sailor, weathered skin, navy coat, overcast harbor",outputs/gpde_diffusers_sd15_reuse_cfg7p5_seed0_schedule/samples/diffusers/stable_diffusion_15/euler/D-GPDE-reuse-cfg7p5-seed0/cfg_7.5/seed_001/nfe_010/000016.jpg,outputs/gpde_diffusers_sd15_nfe10_cfg_seed_sweep/schedules/GPDE/diffusers/stable_diffusion_15/euler/cfg_7.5/seed_0/nfe_010,28.699993,0.551871
actual_sd15_reuse_cfg7p5_seed0_schedule,stable_diffusion_15,euler,D-GPDE-reuse-cfg7p5-seed0,7.5,0,10,7.5,1,diffusers_ablation_prompts,17,a clean architectural rendering of a modern cabin beside a frozen lake,outputs/gpde_diffusers_sd15_reuse_cfg7p5_seed0_schedule/samples/diffusers/stable_diffusion_15/euler/D-GPDE-reuse-cfg7p5-seed0/cfg_7.5/seed_001/nfe_010/000017.jpg,outputs/gpde_diffusers_sd15_nfe10_cfg_seed_sweep/schedules/GPDE/diffusers/stable_diffusion_15/euler/cfg_7.5/seed_0/nfe_010,33.938820,1.145107
actual_sd15_reuse_cfg7p5_seed0_schedule,stable_diffusion_15,euler,D-GPDE-reuse-cfg7p5-seed0,7.5,0,10,7.5,1,diffusers_ablation_prompts,18,a surreal desert filled with floating glass spheres and distant black mountains,outputs/gpde_diffusers_sd15_reuse_cfg7p5_seed0_schedule/samples/diffusers/stable_diffusion_15/euler/D-GPDE-reuse-cfg7p5-seed0/cfg_7.5/seed_001/nfe_010/000018.jpg,outputs/gpde_diffusers_sd15_nfe10_cfg_seed_sweep/schedules/GPDE/diffusers/stable_diffusion_15/euler/cfg_7.5/seed_0/nfe_010,29.472431,0.481486
actual_sd15_reuse_cfg7p5_seed0_schedule,stable_diffusion_15,euler,D-GPDE-reuse-cfg7p5-seed0,7.5,0,10,7.5,1,diffusers_ablation_prompts,19,a documentary photo of a scientist collecting ice cores in Antarctica,outputs/gpde_diffusers_sd15_reuse_cfg7p5_seed0_schedule/samples/diffusers/stable_diffusion_15/euler/D-GPDE-reuse-cfg7p5-seed0/cfg_7.5/seed_001/nfe_010/000019.jpg,outputs/gpde_diffusers_sd15_nfe10_cfg_seed_sweep/schedules/GPDE/diffusers/stable_diffusion_15/euler/cfg_7.5/seed_0/nfe_010,29.773903,0.117583
actual_sd15_reuse_cfg7p5_seed0_schedule,stable_diffusion_15,euler,D-GPDE-reuse-cfg7p5-seed0,7.5,0,10,7.5,1,diffusers_ablation_prompts,20,a detailed 3D render of a mechanical hummingbird with copper wings,outputs/gpde_diffusers_sd15_reuse_cfg7p5_seed0_schedule/samples/diffusers/stable_diffusion_15/euler/D-GPDE-reuse-cfg7p5-seed0/cfg_7.5/seed_001/nfe_010/000020.jpg,outputs/gpde_diffusers_sd15_nfe10_cfg_seed_sweep/schedules/GPDE/diffusers/stable_diffusion_15/euler/cfg_7.5/seed_0/nfe_010,35.596622,0.767421
actual_sd15_reuse_cfg7p5_seed0_schedule,stable_diffusion_15,euler,D-GPDE-reuse-cfg7p5-seed0,7.5,0,10,7.5,1,diffusers_ablation_prompts,21,"a cozy cafe interior in autumn, pastries, espresso machine, soft morning light",outputs/gpde_diffusers_sd15_reuse_cfg7p5_seed0_schedule/samples/diffusers/stable_diffusion_15/euler/D-GPDE-reuse-cfg7p5-seed0/cfg_7.5/seed_001/nfe_010/000021.jpg,outputs/gpde_diffusers_sd15_nfe10_cfg_seed_sweep/schedules/GPDE/diffusers/stable_diffusion_15/euler/cfg_7.5/seed_0/nfe_010,28.302914,-0.655587
actual_sd15_reuse_cfg7p5_seed0_schedule,stable_diffusion_15,euler,D-GPDE-reuse-cfg7p5-seed0,7.5,0,10,7.5,1,diffusers_ablation_prompts,22,"a panoramic view of terraced rice fields under mist, workers in colorful clothing",outputs/gpde_diffusers_sd15_reuse_cfg7p5_seed0_schedule/samples/diffusers/stable_diffusion_15/euler/D-GPDE-reuse-cfg7p5-seed0/cfg_7.5/seed_001/nfe_010/000022.jpg,outputs/gpde_diffusers_sd15_nfe10_cfg_seed_sweep/schedules/GPDE/diffusers/stable_diffusion_15/euler/cfg_7.5/seed_0/nfe_010,26.818106,-1.316228
actual_sd15_reuse_cfg7p5_seed0_schedule,stable_diffusion_15,euler,D-GPDE-reuse-cfg7p5-seed0,7.5,0,10,7.5,1,diffusers_ablation_prompts,23,a children's book illustration of a moonlit boat parade on a quiet canal,outputs/gpde_diffusers_sd15_reuse_cfg7p5_seed0_schedule/samples/diffusers/stable_diffusion_15/euler/D-GPDE-reuse-cfg7p5-seed0/cfg_7.5/seed_001/nfe_010/000023.jpg,outputs/gpde_diffusers_sd15_nfe10_cfg_seed_sweep/schedules/GPDE/diffusers/stable_diffusion_15/euler/cfg_7.5/seed_0/nfe_010,30.969065,-0.526609
actual_sd15_reuse_cfg7p5_seed0_schedule,stable_diffusion_15,euler,D-GPDE-reuse-cfg7p5-seed0,7.5,0,10,7.5,1,diffusers_ablation_prompts,24,"a realistic sports car parked in a concrete tunnel, reflections, low angle",outputs/gpde_diffusers_sd15_reuse_cfg7p5_seed0_schedule/samples/diffusers/stable_diffusion_15/euler/D-GPDE-reuse-cfg7p5-seed0/cfg_7.5/seed_001/nfe_010/000024.jpg,outputs/gpde_diffusers_sd15_nfe10_cfg_seed_sweep/schedules/GPDE/diffusers/stable_diffusion_15/euler/cfg_7.5/seed_0/nfe_010,26.556665,1.221414
actual_sd15_reuse_cfg7p5_seed0_schedule,stable_diffusion_15,euler,D-GPDE-reuse-cfg7p5-seed0,7.5,0,10,7.5,1,diffusers_ablation_prompts,25,"a botanical diagram of rare orchids with labeled roots and petals, archival paper",outputs/gpde_diffusers_sd15_reuse_cfg7p5_seed0_schedule/samples/diffusers/stable_diffusion_15/euler/D-GPDE-reuse-cfg7p5-seed0/cfg_7.5/seed_001/nfe_010/000025.jpg,outputs/gpde_diffusers_sd15_nfe10_cfg_seed_sweep/schedules/GPDE/diffusers/stable_diffusion_15/euler/cfg_7.5/seed_0/nfe_010,25.306189,-0.258542
actual_sd15_reuse_cfg7p5_seed0_schedule,stable_diffusion_15,euler,D-GPDE-reuse-cfg7p5-seed0,7.5,0,10,7.5,1,diffusers_ablation_prompts,26,"a cyberpunk street food stall with steam, lanterns, and dense urban signage",outputs/gpde_diffusers_sd15_reuse_cfg7p5_seed0_schedule/samples/diffusers/stable_diffusion_15/euler/D-GPDE-reuse-cfg7p5-seed0/cfg_7.5/seed_001/nfe_010/000026.jpg,outputs/gpde_diffusers_sd15_nfe10_cfg_seed_sweep/schedules/GPDE/diffusers/stable_diffusion_15/euler/cfg_7.5/seed_0/nfe_010,29.821018,1.327015
actual_sd15_reuse_cfg7p5_seed0_schedule,stable_diffusion_15,euler,D-GPDE-reuse-cfg7p5-seed0,7.5,0,10,7.5,1,diffusers_ablation_prompts,27,"a still life of glass fruit bowls, linen cloth, and silver cutlery, natural light",outputs/gpde_diffusers_sd15_reuse_cfg7p5_seed0_schedule/samples/diffusers/stable_diffusion_15/euler/D-GPDE-reuse-cfg7p5-seed0/cfg_7.5/seed_001/nfe_010/000027.jpg,outputs/gpde_diffusers_sd15_nfe10_cfg_seed_sweep/schedules/GPDE/diffusers/stable_diffusion_15/euler/cfg_7.5/seed_0/nfe_010,31.167816,-1.549644
actual_sd15_reuse_cfg7p5_seed0_schedule,stable_diffusion_15,euler,D-GPDE-reuse-cfg7p5-seed0,7.5,0,10,7.5,1,diffusers_ablation_prompts,28,a heroic statue covered in vines in an abandoned futuristic plaza,outputs/gpde_diffusers_sd15_reuse_cfg7p5_seed0_schedule/samples/diffusers/stable_diffusion_15/euler/D-GPDE-reuse-cfg7p5-seed0/cfg_7.5/seed_001/nfe_010/000028.jpg,outputs/gpde_diffusers_sd15_nfe10_cfg_seed_sweep/schedules/GPDE/diffusers/stable_diffusion_15/euler/cfg_7.5/seed_0/nfe_010,23.835886,-1.649382
actual_sd15_reuse_cfg7p5_seed0_schedule,stable_diffusion_15,euler,D-GPDE-reuse-cfg7p5-seed0,7.5,0,10,7.5,1,diffusers_ablation_prompts,29,a black and white film photograph of dancers rehearsing in a mirror-lined studio,outputs/gpde_diffusers_sd15_reuse_cfg7p5_seed0_schedule/samples/diffusers/stable_diffusion_15/euler/D-GPDE-reuse-cfg7p5-seed0/cfg_7.5/seed_001/nfe_010/000029.jpg,outputs/gpde_diffusers_sd15_nfe10_cfg_seed_sweep/schedules/GPDE/diffusers/stable_diffusion_15/euler/cfg_7.5/seed_0/nfe_010,28.413683,0.873962
actual_sd15_reuse_cfg7p5_seed0_schedule,stable_diffusion_15,euler,D-GPDE-reuse-cfg7p5-seed0,7.5,0,10,7.5,1,diffusers_ablation_prompts,30,"a detailed scene of a spacecraft cockpit during reentry, glowing controls, tense mood",outputs/gpde_diffusers_sd15_reuse_cfg7p5_seed0_schedule/samples/diffusers/stable_diffusion_15/euler/D-GPDE-reuse-cfg7p5-seed0/cfg_7.5/seed_001/nfe_010/000030.jpg,outputs/gpde_diffusers_sd15_nfe10_cfg_seed_sweep/schedules/GPDE/diffusers/stable_diffusion_15/euler/cfg_7.5/seed_0/nfe_010,22.199810,-2.016560
actual_sd15_reuse_cfg7p5_seed0_schedule,stable_diffusion_15,euler,D-GPDE-reuse-cfg7p5-seed0,7.5,0,10,7.5,1,diffusers_ablation_prompts,31,a claymation style village bakery with tiny loaves and painted signs,outputs/gpde_diffusers_sd15_reuse_cfg7p5_seed0_schedule/samples/diffusers/stable_diffusion_15/euler/D-GPDE-reuse-cfg7p5-seed0/cfg_7.5/seed_001/nfe_010/000031.jpg,outputs/gpde_diffusers_sd15_nfe10_cfg_seed_sweep/schedules/GPDE/diffusers/stable_diffusion_15/euler/cfg_7.5/seed_0/nfe_010,29.050276,-0.758127
actual_sd15_reuse_cfg7p5_seed0_schedule,stable_diffusion_15,euler,D-GPDE-reuse-cfg7p5-seed0,7.5,0,10,7.5,1,diffusers_ablation_prompts,32,a realistic underwater photograph of a diver inspecting an ancient marble column,outputs/gpde_diffusers_sd15_reuse_cfg7p5_seed0_schedule/samples/diffusers/stable_diffusion_15/euler/D-GPDE-reuse-cfg7p5-seed0/cfg_7.5/seed_001/nfe_010/000032.jpg,outputs/gpde_diffusers_sd15_nfe10_cfg_seed_sweep/schedules/GPDE/diffusers/stable_diffusion_15/euler/cfg_7.5/seed_0/nfe_010,32.363819,0.462203
actual_sd15_reuse_cfg7p5_seed0_schedule,stable_diffusion_15,euler,D-GPDE-reuse-cfg7p5-seed0,7.5,0,10,7.5,1,diffusers_ablation_prompts,33,"a minimalist poster of a jazz quartet in deep red, cream, and black",outputs/gpde_diffusers_sd15_reuse_cfg7p5_seed0_schedule/samples/diffusers/stable_diffusion_15/euler/D-GPDE-reuse-cfg7p5-seed0/cfg_7.5/seed_001/nfe_010/000033.jpg,outputs/gpde_diffusers_sd15_nfe10_cfg_seed_sweep/schedules/GPDE/diffusers/stable_diffusion_15/euler/cfg_7.5/seed_0/nfe_010,30.037203,-1.921396
actual_sd15_reuse_cfg7p5_seed0_schedule,stable_diffusion_15,euler,D-GPDE-reuse-cfg7p5-seed0,7.5,0,10,7.5,1,diffusers_ablation_prompts,34,a high detail portrait of a queen wearing armor made of mother of pearl,outputs/gpde_diffusers_sd15_reuse_cfg7p5_seed0_schedule/samples/diffusers/stable_diffusion_15/euler/D-GPDE-reuse-cfg7p5-seed0/cfg_7.5/seed_001/nfe_010/000034.jpg,outputs/gpde_diffusers_sd15_nfe10_cfg_seed_sweep/schedules/GPDE/diffusers/stable_diffusion_15/euler/cfg_7.5/seed_0/nfe_010,29.726242,0.789413
actual_sd15_reuse_cfg7p5_seed0_schedule,stable_diffusion_15,euler,D-GPDE-reuse-cfg7p5-seed0,7.5,0,10,7.5,1,diffusers_ablation_prompts,35,"a top-down board game map of an island with forests, cliffs, and hidden ruins",outputs/gpde_diffusers_sd15_reuse_cfg7p5_seed0_schedule/samples/diffusers/stable_diffusion_15/euler/D-GPDE-reuse-cfg7p5-seed0/cfg_7.5/seed_001/nfe_010/000035.jpg,outputs/gpde_diffusers_sd15_nfe10_cfg_seed_sweep/schedules/GPDE/diffusers/stable_diffusion_15/euler/cfg_7.5/seed_0/nfe_010,27.820835,-1.526604
actual_sd15_reuse_cfg7p5_seed0_schedule,stable_diffusion_15,euler,D-GPDE-reuse-cfg7p5-seed0,7.5,0,10,7.5,1,diffusers_ablation_prompts,36,"a luxury watch exploded view on a dark background, precise gears and screws",outputs/gpde_diffusers_sd15_reuse_cfg7p5_seed0_schedule/samples/diffusers/stable_diffusion_15/euler/D-GPDE-reuse-cfg7p5-seed0/cfg_7.5/seed_001/nfe_010/000036.jpg,outputs/gpde_diffusers_sd15_nfe10_cfg_seed_sweep/schedules/GPDE/diffusers/stable_diffusion_15/euler/cfg_7.5/seed_0/nfe_010,24.889105,-0.372975
actual_sd15_reuse_cfg7p5_seed0_schedule,stable_diffusion_15,euler,D-GPDE-reuse-cfg7p5-seed0,7.5,0,10,7.5,1,diffusers_ablation_prompts,37,"a sunlit greenhouse filled with tomatoes, watering cans, and terracotta pots",outputs/gpde_diffusers_sd15_reuse_cfg7p5_seed0_schedule/samples/diffusers/stable_diffusion_15/euler/D-GPDE-reuse-cfg7p5-seed0/cfg_7.5/seed_001/nfe_010/000037.jpg,outputs/gpde_diffusers_sd15_nfe10_cfg_seed_sweep/schedules/GPDE/diffusers/stable_diffusion_15/euler/cfg_7.5/seed_0/nfe_010,24.716089,-0.552644
actual_sd15_reuse_cfg7p5_seed0_schedule,stable_diffusion_15,euler,D-GPDE-reuse-cfg7p5-seed0,7.5,0,10,7.5,1,diffusers_ablation_prompts,38,a night landscape of fireflies over a meadow beside a quiet river,outputs/gpde_diffusers_sd15_reuse_cfg7p5_seed0_schedule/samples/diffusers/stable_diffusion_15/euler/D-GPDE-reuse-cfg7p5-seed0/cfg_7.5/seed_001/nfe_010/000038.jpg,outputs/gpde_diffusers_sd15_nfe10_cfg_seed_sweep/schedules/GPDE/diffusers/stable_diffusion_15/euler/cfg_7.5/seed_0/nfe_010,28.683424,-0.465922
actual_sd15_reuse_cfg7p5_seed0_schedule,stable_diffusion_15,euler,D-GPDE-reuse-cfg7p5-seed0,7.5,0,10,7.5,1,diffusers_ablation_prompts,39,a realistic photo of a rescue helicopter landing on a snowy mountain ridge,outputs/gpde_diffusers_sd15_reuse_cfg7p5_seed0_schedule/samples/diffusers/stable_diffusion_15/euler/D-GPDE-reuse-cfg7p5-seed0/cfg_7.5/seed_001/nfe_010/000039.jpg,outputs/gpde_diffusers_sd15_nfe10_cfg_seed_sweep/schedules/GPDE/diffusers/stable_diffusion_15/euler/cfg_7.5/seed_0/nfe_010,29.755455,0.975800
actual_sd15_reuse_cfg7p5_seed0_schedule,stable_diffusion_15,euler,D-GPDE-reuse-cfg7p5-seed0,7.5,0,10,7.5,1,diffusers_ablation_prompts,40,a concept art scene of a floating research station above Jupiter's clouds,outputs/gpde_diffusers_sd15_reuse_cfg7p5_seed0_schedule/samples/diffusers/stable_diffusion_15/euler/D-GPDE-reuse-cfg7p5-seed0/cfg_7.5/seed_001/nfe_010/000040.jpg,outputs/gpde_diffusers_sd15_nfe10_cfg_seed_sweep/schedules/GPDE/diffusers/stable_diffusion_15/euler/cfg_7.5/seed_0/nfe_010,25.427214,-0.401345
actual_sd15_reuse_cfg7p5_seed0_schedule,stable_diffusion_15,euler,D-GPDE-reuse-cfg7p5-seed0,7.5,0,10,7.5,1,diffusers_ablation_prompts,41,a detailed pencil drawing of an old bicycle leaning against a brick wall,outputs/gpde_diffusers_sd15_reuse_cfg7p5_seed0_schedule/samples/diffusers/stable_diffusion_15/euler/D-GPDE-reuse-cfg7p5-seed0/cfg_7.5/seed_001/nfe_010/000041.jpg,outputs/gpde_diffusers_sd15_nfe10_cfg_seed_sweep/schedules/GPDE/diffusers/stable_diffusion_15/euler/cfg_7.5/seed_0/nfe_010,32.709171,1.285919
actual_sd15_reuse_cfg7p5_seed0_schedule,stable_diffusion_15,euler,D-GPDE-reuse-cfg7p5-seed0,7.5,0,10,7.5,1,diffusers_ablation_prompts,42,"a museum diorama of prehistoric sea creatures, dramatic educational lighting",outputs/gpde_diffusers_sd15_reuse_cfg7p5_seed0_schedule/samples/diffusers/stable_diffusion_15/euler/D-GPDE-reuse-cfg7p5-seed0/cfg_7.5/seed_001/nfe_010/000042.jpg,outputs/gpde_diffusers_sd15_nfe10_cfg_seed_sweep/schedules/GPDE/diffusers/stable_diffusion_15/euler/cfg_7.5/seed_0/nfe_010,33.753231,0.494074
actual_sd15_reuse_cfg7p5_seed0_schedule,stable_diffusion_15,euler,D-GPDE-reuse-cfg7p5-seed0,7.5,0,10,7.5,1,diffusers_ablation_prompts,43,"a peaceful Japanese garden with koi pond, stone bridge, and maple leaves",outputs/gpde_diffusers_sd15_reuse_cfg7p5_seed0_schedule/samples/diffusers/stable_diffusion_15/euler/D-GPDE-reuse-cfg7p5-seed0/cfg_7.5/seed_001/nfe_010/000043.jpg,outputs/gpde_diffusers_sd15_nfe10_cfg_seed_sweep/schedules/GPDE/diffusers/stable_diffusion_15/euler/cfg_7.5/seed_0/nfe_010,24.513042,-0.458725
actual_sd15_reuse_cfg7p5_seed0_schedule,stable_diffusion_15,euler,D-GPDE-reuse-cfg7p5-seed0,7.5,0,10,7.5,1,diffusers_ablation_prompts,44,"a close-up food photograph of ramen with soft egg, steam, and ceramic bowl",outputs/gpde_diffusers_sd15_reuse_cfg7p5_seed0_schedule/samples/diffusers/stable_diffusion_15/euler/D-GPDE-reuse-cfg7p5-seed0/cfg_7.5/seed_001/nfe_010/000044.jpg,outputs/gpde_diffusers_sd15_nfe10_cfg_seed_sweep/schedules/GPDE/diffusers/stable_diffusion_15/euler/cfg_7.5/seed_0/nfe_010,31.578619,0.470648
actual_sd15_reuse_cfg7p5_seed0_schedule,stable_diffusion_15,euler,D-GPDE-reuse-cfg7p5-seed0,7.5,0,10,7.5,1,diffusers_ablation_prompts,45,a vibrant parade costume covered with mirrors and embroidered flowers,outputs/gpde_diffusers_sd15_reuse_cfg7p5_seed0_schedule/samples/diffusers/stable_diffusion_15/euler/D-GPDE-reuse-cfg7p5-seed0/cfg_7.5/seed_001/nfe_010/000045.jpg,outputs/gpde_diffusers_sd15_nfe10_cfg_seed_sweep/schedules/GPDE/diffusers/stable_diffusion_15/euler/cfg_7.5/seed_0/nfe_010,30.344189,-0.111895
actual_sd15_reuse_cfg7p5_seed0_schedule,stable_diffusion_15,euler,D-GPDE-reuse-cfg7p5-seed0,7.5,0,10,7.5,1,diffusers_ablation_prompts,46,a realistic image of a hand-crafted wooden chess set mid game by candlelight,outputs/gpde_diffusers_sd15_reuse_cfg7p5_seed0_schedule/samples/diffusers/stable_diffusion_15/euler/D-GPDE-reuse-cfg7p5-seed0/cfg_7.5/seed_001/nfe_010/000046.jpg,outputs/gpde_diffusers_sd15_nfe10_cfg_seed_sweep/schedules/GPDE/diffusers/stable_diffusion_15/euler/cfg_7.5/seed_0/nfe_010,25.911009,-1.394840
actual_sd15_reuse_cfg7p5_seed0_schedule,stable_diffusion_15,euler,D-GPDE-reuse-cfg7p5-seed0,7.5,0,10,7.5,1,diffusers_ablation_prompts,47,a wide angle view of a data center corridor with blue status lights,outputs/gpde_diffusers_sd15_reuse_cfg7p5_seed0_schedule/samples/diffusers/stable_diffusion_15/euler/D-GPDE-reuse-cfg7p5-seed0/cfg_7.5/seed_001/nfe_010/000047.jpg,outputs/gpde_diffusers_sd15_nfe10_cfg_seed_sweep/schedules/GPDE/diffusers/stable_diffusion_15/euler/cfg_7.5/seed_0/nfe_010,20.200983,1.564255
actual_sd15_reuse_cfg7p5_seed0_schedule,stable_diffusion_15,euler,D-GPDE-reuse-cfg7p5-seed0,7.5,0,10,7.5,1,diffusers_ablation_prompts,48,a magical realism scene of books flying through an old train carriage,outputs/gpde_diffusers_sd15_reuse_cfg7p5_seed0_schedule/samples/diffusers/stable_diffusion_15/euler/D-GPDE-reuse-cfg7p5-seed0/cfg_7.5/seed_001/nfe_010/000048.jpg,outputs/gpde_diffusers_sd15_nfe10_cfg_seed_sweep/schedules/GPDE/diffusers/stable_diffusion_15/euler/cfg_7.5/seed_0/nfe_010,28.061939,-1.733772
actual_sd15_reuse_cfg7p5_seed0_schedule,stable_diffusion_15,euler,D-GPDE-reuse-cfg7p5-seed0,7.5,0,10,7.5,1,diffusers_ablation_prompts,49,a studio portrait of a golden retriever wearing aviator goggles and a red scarf,outputs/gpde_diffusers_sd15_reuse_cfg7p5_seed0_schedule/samples/diffusers/stable_diffusion_15/euler/D-GPDE-reuse-cfg7p5-seed0/cfg_7.5/seed_001/nfe_010/000049.jpg,outputs/gpde_diffusers_sd15_nfe10_cfg_seed_sweep/schedules/GPDE/diffusers/stable_diffusion_15/euler/cfg_7.5/seed_0/nfe_010,30.809072,-0.059611
actual_sd15_reuse_cfg7p5_seed0_schedule,stable_diffusion_15,euler,D-GPDE-reuse-cfg7p5-seed0,7.5,0,10,7.5,2,diffusers_ablation_prompts,0,"a cinematic portrait of an astronaut botanist in a glass greenhouse on Mars, detailed fabric, soft rim light",outputs/gpde_diffusers_sd15_reuse_cfg7p5_seed0_schedule/samples/diffusers/stable_diffusion_15/euler/D-GPDE-reuse-cfg7p5-seed0/cfg_7.5/seed_002/nfe_010/000000.jpg,outputs/gpde_diffusers_sd15_nfe10_cfg_seed_sweep/schedules/GPDE/diffusers/stable_diffusion_15/euler/cfg_7.5/seed_0/nfe_010,24.301130,-1.554954
actual_sd15_reuse_cfg7p5_seed0_schedule,stable_diffusion_15,euler,D-GPDE-reuse-cfg7p5-seed0,7.5,0,10,7.5,2,diffusers_ablation_prompts,1,"a small brass robot repairing an antique clock in a sunlit workshop, shallow depth of field",outputs/gpde_diffusers_sd15_reuse_cfg7p5_seed0_schedule/samples/diffusers/stable_diffusion_15/euler/D-GPDE-reuse-cfg7p5-seed0/cfg_7.5/seed_002/nfe_010/000001.jpg,outputs/gpde_diffusers_sd15_nfe10_cfg_seed_sweep/schedules/GPDE/diffusers/stable_diffusion_15/euler/cfg_7.5/seed_0/nfe_010,31.142784,-1.877368
actual_sd15_reuse_cfg7p5_seed0_schedule,stable_diffusion_15,euler,D-GPDE-reuse-cfg7p5-seed0,7.5,0,10,7.5,2,diffusers_ablation_prompts,2,"a watercolor city street after rain with neon signs reflected in puddles, evening atmosphere",outputs/gpde_diffusers_sd15_reuse_cfg7p5_seed0_schedule/samples/diffusers/stable_diffusion_15/euler/D-GPDE-reuse-cfg7p5-seed0/cfg_7.5/seed_002/nfe_010/000002.jpg,outputs/gpde_diffusers_sd15_nfe10_cfg_seed_sweep/schedules/GPDE/diffusers/stable_diffusion_15/euler/cfg_7.5/seed_0/nfe_010,26.694056,0.435928
actual_sd15_reuse_cfg7p5_seed0_schedule,stable_diffusion_15,euler,D-GPDE-reuse-cfg7p5-seed0,7.5,0,10,7.5,2,diffusers_ablation_prompts,3,a high resolution studio photo of a ceramic teapot shaped like a seashell on a slate table,outputs/gpde_diffusers_sd15_reuse_cfg7p5_seed0_schedule/samples/diffusers/stable_diffusion_15/euler/D-GPDE-reuse-cfg7p5-seed0/cfg_7.5/seed_002/nfe_010/000003.jpg,outputs/gpde_diffusers_sd15_nfe10_cfg_seed_sweep/schedules/GPDE/diffusers/stable_diffusion_15/euler/cfg_7.5/seed_0/nfe_010,32.734657,1.221651
actual_sd15_reuse_cfg7p5_seed0_schedule,stable_diffusion_15,euler,D-GPDE-reuse-cfg7p5-seed0,7.5,0,10,7.5,2,diffusers_ablation_prompts,4,"a fantasy library carved inside a giant tree, spiral stairs, warm lanterns, intricate shelves",outputs/gpde_diffusers_sd15_reuse_cfg7p5_seed0_schedule/samples/diffusers/stable_diffusion_15/euler/D-GPDE-reuse-cfg7p5-seed0/cfg_7.5/seed_002/nfe_010/000004.jpg,outputs/gpde_diffusers_sd15_nfe10_cfg_seed_sweep/schedules/GPDE/diffusers/stable_diffusion_15/euler/cfg_7.5/seed_0/nfe_010,26.294729,-0.639966
actual_sd15_reuse_cfg7p5_seed0_schedule,stable_diffusion_15,euler,D-GPDE-reuse-cfg7p5-seed0,7.5,0,10,7.5,2,diffusers_ablation_prompts,5,"a macro photograph of a snowflake resting on dark wool, crisp crystalline detail",outputs/gpde_diffusers_sd15_reuse_cfg7p5_seed0_schedule/samples/diffusers/stable_diffusion_15/euler/D-GPDE-reuse-cfg7p5-seed0/cfg_7.5/seed_002/nfe_010/000005.jpg,outputs/gpde_diffusers_sd15_nfe10_cfg_seed_sweep/schedules/GPDE/diffusers/stable_diffusion_15/euler/cfg_7.5/seed_0/nfe_010,26.488241,-0.453097
actual_sd15_reuse_cfg7p5_seed0_schedule,stable_diffusion_15,euler,D-GPDE-reuse-cfg7p5-seed0,7.5,0,10,7.5,2,diffusers_ablation_prompts,6,"a retro futuristic train crossing a desert at sunset, chrome surfaces, long shadows",outputs/gpde_diffusers_sd15_reuse_cfg7p5_seed0_schedule/samples/diffusers/stable_diffusion_15/euler/D-GPDE-reuse-cfg7p5-seed0/cfg_7.5/seed_002/nfe_010/000006.jpg,outputs/gpde_diffusers_sd15_nfe10_cfg_seed_sweep/schedules/GPDE/diffusers/stable_diffusion_15/euler/cfg_7.5/seed_0/nfe_010,28.777742,0.937453
actual_sd15_reuse_cfg7p5_seed0_schedule,stable_diffusion_15,euler,D-GPDE-reuse-cfg7p5-seed0,7.5,0,10,7.5,2,diffusers_ablation_prompts,7,"a chef plating a colorful molecular gastronomy dessert, clean restaurant lighting",outputs/gpde_diffusers_sd15_reuse_cfg7p5_seed0_schedule/samples/diffusers/stable_diffusion_15/euler/D-GPDE-reuse-cfg7p5-seed0/cfg_7.5/seed_002/nfe_010/000007.jpg,outputs/gpde_diffusers_sd15_nfe10_cfg_seed_sweep/schedules/GPDE/diffusers/stable_diffusion_15/euler/cfg_7.5/seed_0/nfe_010,27.748919,1.166223
actual_sd15_reuse_cfg7p5_seed0_schedule,stable_diffusion_15,euler,D-GPDE-reuse-cfg7p5-seed0,7.5,0,10,7.5,2,diffusers_ablation_prompts,8,"an isometric cozy bedroom with plants, books, a desk lamp, and a rainy window",outputs/gpde_diffusers_sd15_reuse_cfg7p5_seed0_schedule/samples/diffusers/stable_diffusion_15/euler/D-GPDE-reuse-cfg7p5-seed0/cfg_7.5/seed_002/nfe_010/000008.jpg,outputs/gpde_diffusers_sd15_nfe10_cfg_seed_sweep/schedules/GPDE/diffusers/stable_diffusion_15/euler/cfg_7.5/seed_0/nfe_010,31.623993,0.083206
actual_sd15_reuse_cfg7p5_seed0_schedule,stable_diffusion_15,euler,D-GPDE-reuse-cfg7p5-seed0,7.5,0,10,7.5,2,diffusers_ablation_prompts,9,"a dramatic mountain monastery above clouds, sunrise, detailed stone architecture",outputs/gpde_diffusers_sd15_reuse_cfg7p5_seed0_schedule/samples/diffusers/stable_diffusion_15/euler/D-GPDE-reuse-cfg7p5-seed0/cfg_7.5/seed_002/nfe_010/000009.jpg,outputs/gpde_diffusers_sd15_nfe10_cfg_seed_sweep/schedules/GPDE/diffusers/stable_diffusion_15/euler/cfg_7.5/seed_0/nfe_010,31.032452,1.799497
actual_sd15_reuse_cfg7p5_seed0_schedule,stable_diffusion_15,euler,D-GPDE-reuse-cfg7p5-seed0,7.5,0,10,7.5,2,diffusers_ablation_prompts,10,a fashion editorial photo of a model wearing a translucent raincoat in Tokyo at night,outputs/gpde_diffusers_sd15_reuse_cfg7p5_seed0_schedule/samples/diffusers/stable_diffusion_15/euler/D-GPDE-reuse-cfg7p5-seed0/cfg_7.5/seed_002/nfe_010/000010.jpg,outputs/gpde_diffusers_sd15_nfe10_cfg_seed_sweep/schedules/GPDE/diffusers/stable_diffusion_15/euler/cfg_7.5/seed_0/nfe_010,36.709618,0.780916
actual_sd15_reuse_cfg7p5_seed0_schedule,stable_diffusion_15,euler,D-GPDE-reuse-cfg7p5-seed0,7.5,0,10,7.5,2,diffusers_ablation_prompts,11,a realistic red fox statue made of folded paper on a white museum pedestal,outputs/gpde_diffusers_sd15_reuse_cfg7p5_seed0_schedule/samples/diffusers/stable_diffusion_15/euler/D-GPDE-reuse-cfg7p5-seed0/cfg_7.5/seed_002/nfe_010/000011.jpg,outputs/gpde_diffusers_sd15_nfe10_cfg_seed_sweep/schedules/GPDE/diffusers/stable_diffusion_15/euler/cfg_7.5/seed_0/nfe_010,33.427437,0.929644
actual_sd15_reuse_cfg7p5_seed0_schedule,stable_diffusion_15,euler,D-GPDE-reuse-cfg7p5-seed0,7.5,0,10,7.5,2,diffusers_ablation_prompts,12,a detailed cutaway illustration of a tiny submarine exploring a coral reef,outputs/gpde_diffusers_sd15_reuse_cfg7p5_seed0_schedule/samples/diffusers/stable_diffusion_15/euler/D-GPDE-reuse-cfg7p5-seed0/cfg_7.5/seed_002/nfe_010/000012.jpg,outputs/gpde_diffusers_sd15_nfe10_cfg_seed_sweep/schedules/GPDE/diffusers/stable_diffusion_15/euler/cfg_7.5/seed_0/nfe_010,34.355007,0.912284
actual_sd15_reuse_cfg7p5_seed0_schedule,stable_diffusion_15,euler,D-GPDE-reuse-cfg7p5-seed0,7.5,0,10,7.5,2,diffusers_ablation_prompts,13,a product photo of wireless headphones on brushed aluminum with blue accent lighting,outputs/gpde_diffusers_sd15_reuse_cfg7p5_seed0_schedule/samples/diffusers/stable_diffusion_15/euler/D-GPDE-reuse-cfg7p5-seed0/cfg_7.5/seed_002/nfe_010/000013.jpg,outputs/gpde_diffusers_sd15_nfe10_cfg_seed_sweep/schedules/GPDE/diffusers/stable_diffusion_15/euler/cfg_7.5/seed_0/nfe_010,23.609402,-0.025460
actual_sd15_reuse_cfg7p5_seed0_schedule,stable_diffusion_15,euler,D-GPDE-reuse-cfg7p5-seed0,7.5,0,10,7.5,2,diffusers_ablation_prompts,14,"a medieval market square during a festival, banners, musicians, detailed crowd",outputs/gpde_diffusers_sd15_reuse_cfg7p5_seed0_schedule/samples/diffusers/stable_diffusion_15/euler/D-GPDE-reuse-cfg7p5-seed0/cfg_7.5/seed_002/nfe_010/000014.jpg,outputs/gpde_diffusers_sd15_nfe10_cfg_seed_sweep/schedules/GPDE/diffusers/stable_diffusion_15/euler/cfg_7.5/seed_0/nfe_010,27.343899,-0.018269
actual_sd15_reuse_cfg7p5_seed0_schedule,stable_diffusion_15,euler,D-GPDE-reuse-cfg7p5-seed0,7.5,0,10,7.5,2,diffusers_ablation_prompts,15,an oil painting of a violinist performing in an empty subway station,outputs/gpde_diffusers_sd15_reuse_cfg7p5_seed0_schedule/samples/diffusers/stable_diffusion_15/euler/D-GPDE-reuse-cfg7p5-seed0/cfg_7.5/seed_002/nfe_010/000015.jpg,outputs/gpde_diffusers_sd15_nfe10_cfg_seed_sweep/schedules/GPDE/diffusers/stable_diffusion_15/euler/cfg_7.5/seed_0/nfe_010,39.446671,1.699940
actual_sd15_reuse_cfg7p5_seed0_schedule,stable_diffusion_15,euler,D-GPDE-reuse-cfg7p5-seed0,7.5,0,10,7.5,2,diffusers_ablation_prompts,16,"a close-up portrait of an elderly sailor, weathered skin, navy coat, overcast harbor",outputs/gpde_diffusers_sd15_reuse_cfg7p5_seed0_schedule/samples/diffusers/stable_diffusion_15/euler/D-GPDE-reuse-cfg7p5-seed0/cfg_7.5/seed_002/nfe_010/000016.jpg,outputs/gpde_diffusers_sd15_nfe10_cfg_seed_sweep/schedules/GPDE/diffusers/stable_diffusion_15/euler/cfg_7.5/seed_0/nfe_010,29.903433,1.604197
actual_sd15_reuse_cfg7p5_seed0_schedule,stable_diffusion_15,euler,D-GPDE-reuse-cfg7p5-seed0,7.5,0,10,7.5,2,diffusers_ablation_prompts,17,a clean architectural rendering of a modern cabin beside a frozen lake,outputs/gpde_diffusers_sd15_reuse_cfg7p5_seed0_schedule/samples/diffusers/stable_diffusion_15/euler/D-GPDE-reuse-cfg7p5-seed0/cfg_7.5/seed_002/nfe_010/000017.jpg,outputs/gpde_diffusers_sd15_nfe10_cfg_seed_sweep/schedules/GPDE/diffusers/stable_diffusion_15/euler/cfg_7.5/seed_0/nfe_010,33.673267,0.185740
actual_sd15_reuse_cfg7p5_seed0_schedule,stable_diffusion_15,euler,D-GPDE-reuse-cfg7p5-seed0,7.5,0,10,7.5,2,diffusers_ablation_prompts,18,a surreal desert filled with floating glass spheres and distant black mountains,outputs/gpde_diffusers_sd15_reuse_cfg7p5_seed0_schedule/samples/diffusers/stable_diffusion_15/euler/D-GPDE-reuse-cfg7p5-seed0/cfg_7.5/seed_002/nfe_010/000018.jpg,outputs/gpde_diffusers_sd15_nfe10_cfg_seed_sweep/schedules/GPDE/diffusers/stable_diffusion_15/euler/cfg_7.5/seed_0/nfe_010,26.166462,0.378815
actual_sd15_reuse_cfg7p5_seed0_schedule,stable_diffusion_15,euler,D-GPDE-reuse-cfg7p5-seed0,7.5,0,10,7.5,2,diffusers_ablation_prompts,19,a documentary photo of a scientist collecting ice cores in Antarctica,outputs/gpde_diffusers_sd15_reuse_cfg7p5_seed0_schedule/samples/diffusers/stable_diffusion_15/euler/D-GPDE-reuse-cfg7p5-seed0/cfg_7.5/seed_002/nfe_010/000019.jpg,outputs/gpde_diffusers_sd15_nfe10_cfg_seed_sweep/schedules/GPDE/diffusers/stable_diffusion_15/euler/cfg_7.5/seed_0/nfe_010,29.073694,0.343397
actual_sd15_reuse_cfg7p5_seed0_schedule,stable_diffusion_15,euler,D-GPDE-reuse-cfg7p5-seed0,7.5,0,10,7.5,2,diffusers_ablation_prompts,20,a detailed 3D render of a mechanical hummingbird with copper wings,outputs/gpde_diffusers_sd15_reuse_cfg7p5_seed0_schedule/samples/diffusers/stable_diffusion_15/euler/D-GPDE-reuse-cfg7p5-seed0/cfg_7.5/seed_002/nfe_010/000020.jpg,outputs/gpde_diffusers_sd15_nfe10_cfg_seed_sweep/schedules/GPDE/diffusers/stable_diffusion_15/euler/cfg_7.5/seed_0/nfe_010,30.380375,0.132662
actual_sd15_reuse_cfg7p5_seed0_schedule,stable_diffusion_15,euler,D-GPDE-reuse-cfg7p5-seed0,7.5,0,10,7.5,2,diffusers_ablation_prompts,21,"a cozy cafe interior in autumn, pastries, espresso machine, soft morning light",outputs/gpde_diffusers_sd15_reuse_cfg7p5_seed0_schedule/samples/diffusers/stable_diffusion_15/euler/D-GPDE-reuse-cfg7p5-seed0/cfg_7.5/seed_002/nfe_010/000021.jpg,outputs/gpde_diffusers_sd15_nfe10_cfg_seed_sweep/schedules/GPDE/diffusers/stable_diffusion_15/euler/cfg_7.5/seed_0/nfe_010,29.277893,-0.604278
actual_sd15_reuse_cfg7p5_seed0_schedule,stable_diffusion_15,euler,D-GPDE-reuse-cfg7p5-seed0,7.5,0,10,7.5,2,diffusers_ablation_prompts,22,"a panoramic view of terraced rice fields under mist, workers in colorful clothing",outputs/gpde_diffusers_sd15_reuse_cfg7p5_seed0_schedule/samples/diffusers/stable_diffusion_15/euler/D-GPDE-reuse-cfg7p5-seed0/cfg_7.5/seed_002/nfe_010/000022.jpg,outputs/gpde_diffusers_sd15_nfe10_cfg_seed_sweep/schedules/GPDE/diffusers/stable_diffusion_15/euler/cfg_7.5/seed_0/nfe_010,27.468294,1.015949
actual_sd15_reuse_cfg7p5_seed0_schedule,stable_diffusion_15,euler,D-GPDE-reuse-cfg7p5-seed0,7.5,0,10,7.5,2,diffusers_ablation_prompts,23,a children's book illustration of a moonlit boat parade on a quiet canal,outputs/gpde_diffusers_sd15_reuse_cfg7p5_seed0_schedule/samples/diffusers/stable_diffusion_15/euler/D-GPDE-reuse-cfg7p5-seed0/cfg_7.5/seed_002/nfe_010/000023.jpg,outputs/gpde_diffusers_sd15_nfe10_cfg_seed_sweep/schedules/GPDE/diffusers/stable_diffusion_15/euler/cfg_7.5/seed_0/nfe_010,30.197758,0.008085
actual_sd15_reuse_cfg7p5_seed0_schedule,stable_diffusion_15,euler,D-GPDE-reuse-cfg7p5-seed0,7.5,0,10,7.5,2,diffusers_ablation_prompts,24,"a realistic sports car parked in a concrete tunnel, reflections, low angle",outputs/gpde_diffusers_sd15_reuse_cfg7p5_seed0_schedule/samples/diffusers/stable_diffusion_15/euler/D-GPDE-reuse-cfg7p5-seed0/cfg_7.5/seed_002/nfe_010/000024.jpg,outputs/gpde_diffusers_sd15_nfe10_cfg_seed_sweep/schedules/GPDE/diffusers/stable_diffusion_15/euler/cfg_7.5/seed_0/nfe_010,28.853828,0.752557
actual_sd15_reuse_cfg7p5_seed0_schedule,stable_diffusion_15,euler,D-GPDE-reuse-cfg7p5-seed0,7.5,0,10,7.5,2,diffusers_ablation_prompts,25,"a botanical diagram of rare orchids with labeled roots and petals, archival paper",outputs/gpde_diffusers_sd15_reuse_cfg7p5_seed0_schedule/samples/diffusers/stable_diffusion_15/euler/D-GPDE-reuse-cfg7p5-seed0/cfg_7.5/seed_002/nfe_010/000025.jpg,outputs/gpde_diffusers_sd15_nfe10_cfg_seed_sweep/schedules/GPDE/diffusers/stable_diffusion_15/euler/cfg_7.5/seed_0/nfe_010,30.413193,1.085680
actual_sd15_reuse_cfg7p5_seed0_schedule,stable_diffusion_15,euler,D-GPDE-reuse-cfg7p5-seed0,7.5,0,10,7.5,2,diffusers_ablation_prompts,26,"a cyberpunk street food stall with steam, lanterns, and dense urban signage",outputs/gpde_diffusers_sd15_reuse_cfg7p5_seed0_schedule/samples/diffusers/stable_diffusion_15/euler/D-GPDE-reuse-cfg7p5-seed0/cfg_7.5/seed_002/nfe_010/000026.jpg,outputs/gpde_diffusers_sd15_nfe10_cfg_seed_sweep/schedules/GPDE/diffusers/stable_diffusion_15/euler/cfg_7.5/seed_0/nfe_010,30.388487,-0.122875
actual_sd15_reuse_cfg7p5_seed0_schedule,stable_diffusion_15,euler,D-GPDE-reuse-cfg7p5-seed0,7.5,0,10,7.5,2,diffusers_ablation_prompts,27,"a still life of glass fruit bowls, linen cloth, and silver cutlery, natural light",outputs/gpde_diffusers_sd15_reuse_cfg7p5_seed0_schedule/samples/diffusers/stable_diffusion_15/euler/D-GPDE-reuse-cfg7p5-seed0/cfg_7.5/seed_002/nfe_010/000027.jpg,outputs/gpde_diffusers_sd15_nfe10_cfg_seed_sweep/schedules/GPDE/diffusers/stable_diffusion_15/euler/cfg_7.5/seed_0/nfe_010,29.041147,-1.910341
actual_sd15_reuse_cfg7p5_seed0_schedule,stable_diffusion_15,euler,D-GPDE-reuse-cfg7p5-seed0,7.5,0,10,7.5,2,diffusers_ablation_prompts,28,a heroic statue covered in vines in an abandoned futuristic plaza,outputs/gpde_diffusers_sd15_reuse_cfg7p5_seed0_schedule/samples/diffusers/stable_diffusion_15/euler/D-GPDE-reuse-cfg7p5-seed0/cfg_7.5/seed_002/nfe_010/000028.jpg,outputs/gpde_diffusers_sd15_nfe10_cfg_seed_sweep/schedules/GPDE/diffusers/stable_diffusion_15/euler/cfg_7.5/seed_0/nfe_010,34.271343,0.045265
actual_sd15_reuse_cfg7p5_seed0_schedule,stable_diffusion_15,euler,D-GPDE-reuse-cfg7p5-seed0,7.5,0,10,7.5,2,diffusers_ablation_prompts,29,a black and white film photograph of dancers rehearsing in a mirror-lined studio,outputs/gpde_diffusers_sd15_reuse_cfg7p5_seed0_schedule/samples/diffusers/stable_diffusion_15/euler/D-GPDE-reuse-cfg7p5-seed0/cfg_7.5/seed_002/nfe_010/000029.jpg,outputs/gpde_diffusers_sd15_nfe10_cfg_seed_sweep/schedules/GPDE/diffusers/stable_diffusion_15/euler/cfg_7.5/seed_0/nfe_010,27.779072,0.829254
actual_sd15_reuse_cfg7p5_seed0_schedule,stable_diffusion_15,euler,D-GPDE-reuse-cfg7p5-seed0,7.5,0,10,7.5,2,diffusers_ablation_prompts,30,"a detailed scene of a spacecraft cockpit during reentry, glowing controls, tense mood",outputs/gpde_diffusers_sd15_reuse_cfg7p5_seed0_schedule/samples/diffusers/stable_diffusion_15/euler/D-GPDE-reuse-cfg7p5-seed0/cfg_7.5/seed_002/nfe_010/000030.jpg,outputs/gpde_diffusers_sd15_nfe10_cfg_seed_sweep/schedules/GPDE/diffusers/stable_diffusion_15/euler/cfg_7.5/seed_0/nfe_010,30.686718,-1.128307
actual_sd15_reuse_cfg7p5_seed0_schedule,stable_diffusion_15,euler,D-GPDE-reuse-cfg7p5-seed0,7.5,0,10,7.5,2,diffusers_ablation_prompts,31,a claymation style village bakery with tiny loaves and painted signs,outputs/gpde_diffusers_sd15_reuse_cfg7p5_seed0_schedule/samples/diffusers/stable_diffusion_15/euler/D-GPDE-reuse-cfg7p5-seed0/cfg_7.5/seed_002/nfe_010/000031.jpg,outputs/gpde_diffusers_sd15_nfe10_cfg_seed_sweep/schedules/GPDE/diffusers/stable_diffusion_15/euler/cfg_7.5/seed_0/nfe_010,35.058414,-0.453084
actual_sd15_reuse_cfg7p5_seed0_schedule,stable_diffusion_15,euler,D-GPDE-reuse-cfg7p5-seed0,7.5,0,10,7.5,2,diffusers_ablation_prompts,32,a realistic underwater photograph of a diver inspecting an ancient marble column,outputs/gpde_diffusers_sd15_reuse_cfg7p5_seed0_schedule/samples/diffusers/stable_diffusion_15/euler/D-GPDE-reuse-cfg7p5-seed0/cfg_7.5/seed_002/nfe_010/000032.jpg,outputs/gpde_diffusers_sd15_nfe10_cfg_seed_sweep/schedules/GPDE/diffusers/stable_diffusion_15/euler/cfg_7.5/seed_0/nfe_010,31.537109,1.435058
actual_sd15_reuse_cfg7p5_seed0_schedule,stable_diffusion_15,euler,D-GPDE-reuse-cfg7p5-seed0,7.5,0,10,7.5,2,diffusers_ablation_prompts,33,"a minimalist poster of a jazz quartet in deep red, cream, and black",outputs/gpde_diffusers_sd15_reuse_cfg7p5_seed0_schedule/samples/diffusers/stable_diffusion_15/euler/D-GPDE-reuse-cfg7p5-seed0/cfg_7.5/seed_002/nfe_010/000033.jpg,outputs/gpde_diffusers_sd15_nfe10_cfg_seed_sweep/schedules/GPDE/diffusers/stable_diffusion_15/euler/cfg_7.5/seed_0/nfe_010,28.980732,-1.009658
actual_sd15_reuse_cfg7p5_seed0_schedule,stable_diffusion_15,euler,D-GPDE-reuse-cfg7p5-seed0,7.5,0,10,7.5,2,diffusers_ablation_prompts,34,a high detail portrait of a queen wearing armor made of mother of pearl,outputs/gpde_diffusers_sd15_reuse_cfg7p5_seed0_schedule/samples/diffusers/stable_diffusion_15/euler/D-GPDE-reuse-cfg7p5-seed0/cfg_7.5/seed_002/nfe_010/000034.jpg,outputs/gpde_diffusers_sd15_nfe10_cfg_seed_sweep/schedules/GPDE/diffusers/stable_diffusion_15/euler/cfg_7.5/seed_0/nfe_010,27.337971,1.575361
actual_sd15_reuse_cfg7p5_seed0_schedule,stable_diffusion_15,euler,D-GPDE-reuse-cfg7p5-seed0,7.5,0,10,7.5,2,diffusers_ablation_prompts,35,"a top-down board game map of an island with forests, cliffs, and hidden ruins",outputs/gpde_diffusers_sd15_reuse_cfg7p5_seed0_schedule/samples/diffusers/stable_diffusion_15/euler/D-GPDE-reuse-cfg7p5-seed0/cfg_7.5/seed_002/nfe_010/000035.jpg,outputs/gpde_diffusers_sd15_nfe10_cfg_seed_sweep/schedules/GPDE/diffusers/stable_diffusion_15/euler/cfg_7.5/seed_0/nfe_010,28.199280,-0.446269
actual_sd15_reuse_cfg7p5_seed0_schedule,stable_diffusion_15,euler,D-GPDE-reuse-cfg7p5-seed0,7.5,0,10,7.5,2,diffusers_ablation_prompts,36,"a luxury watch exploded view on a dark background, precise gears and screws",outputs/gpde_diffusers_sd15_reuse_cfg7p5_seed0_schedule/samples/diffusers/stable_diffusion_15/euler/D-GPDE-reuse-cfg7p5-seed0/cfg_7.5/seed_002/nfe_010/000036.jpg,outputs/gpde_diffusers_sd15_nfe10_cfg_seed_sweep/schedules/GPDE/diffusers/stable_diffusion_15/euler/cfg_7.5/seed_0/nfe_010,27.447868,0.484133
actual_sd15_reuse_cfg7p5_seed0_schedule,stable_diffusion_15,euler,D-GPDE-reuse-cfg7p5-seed0,7.5,0,10,7.5,2,diffusers_ablation_prompts,37,"a sunlit greenhouse filled with tomatoes, watering cans, and terracotta pots",outputs/gpde_diffusers_sd15_reuse_cfg7p5_seed0_schedule/samples/diffusers/stable_diffusion_15/euler/D-GPDE-reuse-cfg7p5-seed0/cfg_7.5/seed_002/nfe_010/000037.jpg,outputs/gpde_diffusers_sd15_nfe10_cfg_seed_sweep/schedules/GPDE/diffusers/stable_diffusion_15/euler/cfg_7.5/seed_0/nfe_010,28.313620,-0.066075
actual_sd15_reuse_cfg7p5_seed0_schedule,stable_diffusion_15,euler,D-GPDE-reuse-cfg7p5-seed0,7.5,0,10,7.5,2,diffusers_ablation_prompts,38,a night landscape of fireflies over a meadow beside a quiet river,outputs/gpde_diffusers_sd15_reuse_cfg7p5_seed0_schedule/samples/diffusers/stable_diffusion_15/euler/D-GPDE-reuse-cfg7p5-seed0/cfg_7.5/seed_002/nfe_010/000038.jpg,outputs/gpde_diffusers_sd15_nfe10_cfg_seed_sweep/schedules/GPDE/diffusers/stable_diffusion_15/euler/cfg_7.5/seed_0/nfe_010,28.205544,0.056680
actual_sd15_reuse_cfg7p5_seed0_schedule,stable_diffusion_15,euler,D-GPDE-reuse-cfg7p5-seed0,7.5,0,10,7.5,2,diffusers_ablation_prompts,39,a realistic photo of a rescue helicopter landing on a snowy mountain ridge,outputs/gpde_diffusers_sd15_reuse_cfg7p5_seed0_schedule/samples/diffusers/stable_diffusion_15/euler/D-GPDE-reuse-cfg7p5-seed0/cfg_7.5/seed_002/nfe_010/000039.jpg,outputs/gpde_diffusers_sd15_nfe10_cfg_seed_sweep/schedules/GPDE/diffusers/stable_diffusion_15/euler/cfg_7.5/seed_0/nfe_010,33.497375,0.504782
actual_sd15_reuse_cfg7p5_seed0_schedule,stable_diffusion_15,euler,D-GPDE-reuse-cfg7p5-seed0,7.5,0,10,7.5,2,diffusers_ablation_prompts,40,a concept art scene of a floating research station above Jupiter's clouds,outputs/gpde_diffusers_sd15_reuse_cfg7p5_seed0_schedule/samples/diffusers/stable_diffusion_15/euler/D-GPDE-reuse-cfg7p5-seed0/cfg_7.5/seed_002/nfe_010/000040.jpg,outputs/gpde_diffusers_sd15_nfe10_cfg_seed_sweep/schedules/GPDE/diffusers/stable_diffusion_15/euler/cfg_7.5/seed_0/nfe_010,25.979496,0.260212
actual_sd15_reuse_cfg7p5_seed0_schedule,stable_diffusion_15,euler,D-GPDE-reuse-cfg7p5-seed0,7.5,0,10,7.5,2,diffusers_ablation_prompts,41,a detailed pencil drawing of an old bicycle leaning against a brick wall,outputs/gpde_diffusers_sd15_reuse_cfg7p5_seed0_schedule/samples/diffusers/stable_diffusion_15/euler/D-GPDE-reuse-cfg7p5-seed0/cfg_7.5/seed_002/nfe_010/000041.jpg,outputs/gpde_diffusers_sd15_nfe10_cfg_seed_sweep/schedules/GPDE/diffusers/stable_diffusion_15/euler/cfg_7.5/seed_0/nfe_010,32.644848,1.076631
actual_sd15_reuse_cfg7p5_seed0_schedule,stable_diffusion_15,euler,D-GPDE-reuse-cfg7p5-seed0,7.5,0,10,7.5,2,diffusers_ablation_prompts,42,"a museum diorama of prehistoric sea creatures, dramatic educational lighting",outputs/gpde_diffusers_sd15_reuse_cfg7p5_seed0_schedule/samples/diffusers/stable_diffusion_15/euler/D-GPDE-reuse-cfg7p5-seed0/cfg_7.5/seed_002/nfe_010/000042.jpg,outputs/gpde_diffusers_sd15_nfe10_cfg_seed_sweep/schedules/GPDE/diffusers/stable_diffusion_15/euler/cfg_7.5/seed_0/nfe_010,29.539549,-0.236986
actual_sd15_reuse_cfg7p5_seed0_schedule,stable_diffusion_15,euler,D-GPDE-reuse-cfg7p5-seed0,7.5,0,10,7.5,2,diffusers_ablation_prompts,43,"a peaceful Japanese garden with koi pond, stone bridge, and maple leaves",outputs/gpde_diffusers_sd15_reuse_cfg7p5_seed0_schedule/samples/diffusers/stable_diffusion_15/euler/D-GPDE-reuse-cfg7p5-seed0/cfg_7.5/seed_002/nfe_010/000043.jpg,outputs/gpde_diffusers_sd15_nfe10_cfg_seed_sweep/schedules/GPDE/diffusers/stable_diffusion_15/euler/cfg_7.5/seed_0/nfe_010,26.093292,-1.625422
actual_sd15_reuse_cfg7p5_seed0_schedule,stable_diffusion_15,euler,D-GPDE-reuse-cfg7p5-seed0,7.5,0,10,7.5,2,diffusers_ablation_prompts,44,"a close-up food photograph of ramen with soft egg, steam, and ceramic bowl",outputs/gpde_diffusers_sd15_reuse_cfg7p5_seed0_schedule/samples/diffusers/stable_diffusion_15/euler/D-GPDE-reuse-cfg7p5-seed0/cfg_7.5/seed_002/nfe_010/000044.jpg,outputs/gpde_diffusers_sd15_nfe10_cfg_seed_sweep/schedules/GPDE/diffusers/stable_diffusion_15/euler/cfg_7.5/seed_0/nfe_010,31.566864,0.516458
actual_sd15_reuse_cfg7p5_seed0_schedule,stable_diffusion_15,euler,D-GPDE-reuse-cfg7p5-seed0,7.5,0,10,7.5,2,diffusers_ablation_prompts,45,a vibrant parade costume covered with mirrors and embroidered flowers,outputs/gpde_diffusers_sd15_reuse_cfg7p5_seed0_schedule/samples/diffusers/stable_diffusion_15/euler/D-GPDE-reuse-cfg7p5-seed0/cfg_7.5/seed_002/nfe_010/000045.jpg,outputs/gpde_diffusers_sd15_nfe10_cfg_seed_sweep/schedules/GPDE/diffusers/stable_diffusion_15/euler/cfg_7.5/seed_0/nfe_010,27.777803,-0.602114
actual_sd15_reuse_cfg7p5_seed0_schedule,stable_diffusion_15,euler,D-GPDE-reuse-cfg7p5-seed0,7.5,0,10,7.5,2,diffusers_ablation_prompts,46,a realistic image of a hand-crafted wooden chess set mid game by candlelight,outputs/gpde_diffusers_sd15_reuse_cfg7p5_seed0_schedule/samples/diffusers/stable_diffusion_15/euler/D-GPDE-reuse-cfg7p5-seed0/cfg_7.5/seed_002/nfe_010/000046.jpg,outputs/gpde_diffusers_sd15_nfe10_cfg_seed_sweep/schedules/GPDE/diffusers/stable_diffusion_15/euler/cfg_7.5/seed_0/nfe_010,25.097279,-0.653397
actual_sd15_reuse_cfg7p5_seed0_schedule,stable_diffusion_15,euler,D-GPDE-reuse-cfg7p5-seed0,7.5,0,10,7.5,2,diffusers_ablation_prompts,47,a wide angle view of a data center corridor with blue status lights,outputs/gpde_diffusers_sd15_reuse_cfg7p5_seed0_schedule/samples/diffusers/stable_diffusion_15/euler/D-GPDE-reuse-cfg7p5-seed0/cfg_7.5/seed_002/nfe_010/000047.jpg,outputs/gpde_diffusers_sd15_nfe10_cfg_seed_sweep/schedules/GPDE/diffusers/stable_diffusion_15/euler/cfg_7.5/seed_0/nfe_010,21.117941,0.873407
actual_sd15_reuse_cfg7p5_seed0_schedule,stable_diffusion_15,euler,D-GPDE-reuse-cfg7p5-seed0,7.5,0,10,7.5,2,diffusers_ablation_prompts,48,a magical realism scene of books flying through an old train carriage,outputs/gpde_diffusers_sd15_reuse_cfg7p5_seed0_schedule/samples/diffusers/stable_diffusion_15/euler/D-GPDE-reuse-cfg7p5-seed0/cfg_7.5/seed_002/nfe_010/000048.jpg,outputs/gpde_diffusers_sd15_nfe10_cfg_seed_sweep/schedules/GPDE/diffusers/stable_diffusion_15/euler/cfg_7.5/seed_0/nfe_010,33.515388,-0.210010
actual_sd15_reuse_cfg7p5_seed0_schedule,stable_diffusion_15,euler,D-GPDE-reuse-cfg7p5-seed0,7.5,0,10,7.5,2,diffusers_ablation_prompts,49,a studio portrait of a golden retriever wearing aviator goggles and a red scarf,outputs/gpde_diffusers_sd15_reuse_cfg7p5_seed0_schedule/samples/diffusers/stable_diffusion_15/euler/D-GPDE-reuse-cfg7p5-seed0/cfg_7.5/seed_002/nfe_010/000049.jpg,outputs/gpde_diffusers_sd15_nfe10_cfg_seed_sweep/schedules/GPDE/diffusers/stable_diffusion_15/euler/cfg_7.5/seed_0/nfe_010,34.534336,1.802293
actual_sd15_reuse_cfg7p5_seed0_schedule,stable_diffusion_15,euler,D-GPDE-reuse-cfg7p5-seed0,7.5,0,10,10,0,diffusers_ablation_prompts,0,"a cinematic portrait of an astronaut botanist in a glass greenhouse on Mars, detailed fabric, soft rim light",outputs/gpde_diffusers_sd15_reuse_cfg7p5_seed0_schedule/samples/diffusers/stable_diffusion_15/euler/D-GPDE-reuse-cfg7p5-seed0/cfg_10/seed_000/nfe_010/000000.jpg,outputs/gpde_diffusers_sd15_nfe10_cfg_seed_sweep/schedules/GPDE/diffusers/stable_diffusion_15/euler/cfg_7.5/seed_0/nfe_010,23.735498,-1.561209
actual_sd15_reuse_cfg7p5_seed0_schedule,stable_diffusion_15,euler,D-GPDE-reuse-cfg7p5-seed0,7.5,0,10,10,0,diffusers_ablation_prompts,1,"a small brass robot repairing an antique clock in a sunlit workshop, shallow depth of field",outputs/gpde_diffusers_sd15_reuse_cfg7p5_seed0_schedule/samples/diffusers/stable_diffusion_15/euler/D-GPDE-reuse-cfg7p5-seed0/cfg_10/seed_000/nfe_010/000001.jpg,outputs/gpde_diffusers_sd15_nfe10_cfg_seed_sweep/schedules/GPDE/diffusers/stable_diffusion_15/euler/cfg_7.5/seed_0/nfe_010,31.208694,-0.790698
actual_sd15_reuse_cfg7p5_seed0_schedule,stable_diffusion_15,euler,D-GPDE-reuse-cfg7p5-seed0,7.5,0,10,10,0,diffusers_ablation_prompts,2,"a watercolor city street after rain with neon signs reflected in puddles, evening atmosphere",outputs/gpde_diffusers_sd15_reuse_cfg7p5_seed0_schedule/samples/diffusers/stable_diffusion_15/euler/D-GPDE-reuse-cfg7p5-seed0/cfg_10/seed_000/nfe_010/000002.jpg,outputs/gpde_diffusers_sd15_nfe10_cfg_seed_sweep/schedules/GPDE/diffusers/stable_diffusion_15/euler/cfg_7.5/seed_0/nfe_010,25.582424,0.364687
actual_sd15_reuse_cfg7p5_seed0_schedule,stable_diffusion_15,euler,D-GPDE-reuse-cfg7p5-seed0,7.5,0,10,10,0,diffusers_ablation_prompts,3,a high resolution studio photo of a ceramic teapot shaped like a seashell on a slate table,outputs/gpde_diffusers_sd15_reuse_cfg7p5_seed0_schedule/samples/diffusers/stable_diffusion_15/euler/D-GPDE-reuse-cfg7p5-seed0/cfg_10/seed_000/nfe_010/000003.jpg,outputs/gpde_diffusers_sd15_nfe10_cfg_seed_sweep/schedules/GPDE/diffusers/stable_diffusion_15/euler/cfg_7.5/seed_0/nfe_010,31.478170,-0.385712
actual_sd15_reuse_cfg7p5_seed0_schedule,stable_diffusion_15,euler,D-GPDE-reuse-cfg7p5-seed0,7.5,0,10,10,0,diffusers_ablation_prompts,4,"a fantasy library carved inside a giant tree, spiral stairs, warm lanterns, intricate shelves",outputs/gpde_diffusers_sd15_reuse_cfg7p5_seed0_schedule/samples/diffusers/stable_diffusion_15/euler/D-GPDE-reuse-cfg7p5-seed0/cfg_10/seed_000/nfe_010/000004.jpg,outputs/gpde_diffusers_sd15_nfe10_cfg_seed_sweep/schedules/GPDE/diffusers/stable_diffusion_15/euler/cfg_7.5/seed_0/nfe_010,27.310175,0.425328
actual_sd15_reuse_cfg7p5_seed0_schedule,stable_diffusion_15,euler,D-GPDE-reuse-cfg7p5-seed0,7.5,0,10,10,0,diffusers_ablation_prompts,5,"a macro photograph of a snowflake resting on dark wool, crisp crystalline detail",outputs/gpde_diffusers_sd15_reuse_cfg7p5_seed0_schedule/samples/diffusers/stable_diffusion_15/euler/D-GPDE-reuse-cfg7p5-seed0/cfg_10/seed_000/nfe_010/000005.jpg,outputs/gpde_diffusers_sd15_nfe10_cfg_seed_sweep/schedules/GPDE/diffusers/stable_diffusion_15/euler/cfg_7.5/seed_0/nfe_010,26.372396,0.767207
actual_sd15_reuse_cfg7p5_seed0_schedule,stable_diffusion_15,euler,D-GPDE-reuse-cfg7p5-seed0,7.5,0,10,10,0,diffusers_ablation_prompts,6,"a retro futuristic train crossing a desert at sunset, chrome surfaces, long shadows",outputs/gpde_diffusers_sd15_reuse_cfg7p5_seed0_schedule/samples/diffusers/stable_diffusion_15/euler/D-GPDE-reuse-cfg7p5-seed0/cfg_10/seed_000/nfe_010/000006.jpg,outputs/gpde_diffusers_sd15_nfe10_cfg_seed_sweep/schedules/GPDE/diffusers/stable_diffusion_15/euler/cfg_7.5/seed_0/nfe_010,30.936563,1.633662
actual_sd15_reuse_cfg7p5_seed0_schedule,stable_diffusion_15,euler,D-GPDE-reuse-cfg7p5-seed0,7.5,0,10,10,0,diffusers_ablation_prompts,7,"a chef plating a colorful molecular gastronomy dessert, clean restaurant lighting",outputs/gpde_diffusers_sd15_reuse_cfg7p5_seed0_schedule/samples/diffusers/stable_diffusion_15/euler/D-GPDE-reuse-cfg7p5-seed0/cfg_10/seed_000/nfe_010/000007.jpg,outputs/gpde_diffusers_sd15_nfe10_cfg_seed_sweep/schedules/GPDE/diffusers/stable_diffusion_15/euler/cfg_7.5/seed_0/nfe_010,30.118635,0.637997
actual_sd15_reuse_cfg7p5_seed0_schedule,stable_diffusion_15,euler,D-GPDE-reuse-cfg7p5-seed0,7.5,0,10,10,0,diffusers_ablation_prompts,8,"an isometric cozy bedroom with plants, books, a desk lamp, and a rainy window",outputs/gpde_diffusers_sd15_reuse_cfg7p5_seed0_schedule/samples/diffusers/stable_diffusion_15/euler/D-GPDE-reuse-cfg7p5-seed0/cfg_10/seed_000/nfe_010/000008.jpg,outputs/gpde_diffusers_sd15_nfe10_cfg_seed_sweep/schedules/GPDE/diffusers/stable_diffusion_15/euler/cfg_7.5/seed_0/nfe_010,29.384140,-0.224164
actual_sd15_reuse_cfg7p5_seed0_schedule,stable_diffusion_15,euler,D-GPDE-reuse-cfg7p5-seed0,7.5,0,10,10,0,diffusers_ablation_prompts,9,"a dramatic mountain monastery above clouds, sunrise, detailed stone architecture",outputs/gpde_diffusers_sd15_reuse_cfg7p5_seed0_schedule/samples/diffusers/stable_diffusion_15/euler/D-GPDE-reuse-cfg7p5-seed0/cfg_10/seed_000/nfe_010/000009.jpg,outputs/gpde_diffusers_sd15_nfe10_cfg_seed_sweep/schedules/GPDE/diffusers/stable_diffusion_15/euler/cfg_7.5/seed_0/nfe_010,30.292034,1.303272
actual_sd15_reuse_cfg7p5_seed0_schedule,stable_diffusion_15,euler,D-GPDE-reuse-cfg7p5-seed0,7.5,0,10,10,0,diffusers_ablation_prompts,10,a fashion editorial photo of a model wearing a translucent raincoat in Tokyo at night,outputs/gpde_diffusers_sd15_reuse_cfg7p5_seed0_schedule/samples/diffusers/stable_diffusion_15/euler/D-GPDE-reuse-cfg7p5-seed0/cfg_10/seed_000/nfe_010/000010.jpg,outputs/gpde_diffusers_sd15_nfe10_cfg_seed_sweep/schedules/GPDE/diffusers/stable_diffusion_15/euler/cfg_7.5/seed_0/nfe_010,34.573650,1.696828
actual_sd15_reuse_cfg7p5_seed0_schedule,stable_diffusion_15,euler,D-GPDE-reuse-cfg7p5-seed0,7.5,0,10,10,0,diffusers_ablation_prompts,11,a realistic red fox statue made of folded paper on a white museum pedestal,outputs/gpde_diffusers_sd15_reuse_cfg7p5_seed0_schedule/samples/diffusers/stable_diffusion_15/euler/D-GPDE-reuse-cfg7p5-seed0/cfg_10/seed_000/nfe_010/000011.jpg,outputs/gpde_diffusers_sd15_nfe10_cfg_seed_sweep/schedules/GPDE/diffusers/stable_diffusion_15/euler/cfg_7.5/seed_0/nfe_010,32.846676,1.819667
actual_sd15_reuse_cfg7p5_seed0_schedule,stable_diffusion_15,euler,D-GPDE-reuse-cfg7p5-seed0,7.5,0,10,10,0,diffusers_ablation_prompts,12,a detailed cutaway illustration of a tiny submarine exploring a coral reef,outputs/gpde_diffusers_sd15_reuse_cfg7p5_seed0_schedule/samples/diffusers/stable_diffusion_15/euler/D-GPDE-reuse-cfg7p5-seed0/cfg_10/seed_000/nfe_010/000012.jpg,outputs/gpde_diffusers_sd15_nfe10_cfg_seed_sweep/schedules/GPDE/diffusers/stable_diffusion_15/euler/cfg_7.5/seed_0/nfe_010,30.045086,-1.495789
actual_sd15_reuse_cfg7p5_seed0_schedule,stable_diffusion_15,euler,D-GPDE-reuse-cfg7p5-seed0,7.5,0,10,10,0,diffusers_ablation_prompts,13,a product photo of wireless headphones on brushed aluminum with blue accent lighting,outputs/gpde_diffusers_sd15_reuse_cfg7p5_seed0_schedule/samples/diffusers/stable_diffusion_15/euler/D-GPDE-reuse-cfg7p5-seed0/cfg_10/seed_000/nfe_010/000013.jpg,outputs/gpde_diffusers_sd15_nfe10_cfg_seed_sweep/schedules/GPDE/diffusers/stable_diffusion_15/euler/cfg_7.5/seed_0/nfe_010,27.048756,0.702472
actual_sd15_reuse_cfg7p5_seed0_schedule,stable_diffusion_15,euler,D-GPDE-reuse-cfg7p5-seed0,7.5,0,10,10,0,diffusers_ablation_prompts,14,"a medieval market square during a festival, banners, musicians, detailed crowd",outputs/gpde_diffusers_sd15_reuse_cfg7p5_seed0_schedule/samples/diffusers/stable_diffusion_15/euler/D-GPDE-reuse-cfg7p5-seed0/cfg_10/seed_000/nfe_010/000014.jpg,outputs/gpde_diffusers_sd15_nfe10_cfg_seed_sweep/schedules/GPDE/diffusers/stable_diffusion_15/euler/cfg_7.5/seed_0/nfe_010,28.366310,0.194793
actual_sd15_reuse_cfg7p5_seed0_schedule,stable_diffusion_15,euler,D-GPDE-reuse-cfg7p5-seed0,7.5,0,10,10,0,diffusers_ablation_prompts,15,an oil painting of a violinist performing in an empty subway station,outputs/gpde_diffusers_sd15_reuse_cfg7p5_seed0_schedule/samples/diffusers/stable_diffusion_15/euler/D-GPDE-reuse-cfg7p5-seed0/cfg_10/seed_000/nfe_010/000015.jpg,outputs/gpde_diffusers_sd15_nfe10_cfg_seed_sweep/schedules/GPDE/diffusers/stable_diffusion_15/euler/cfg_7.5/seed_0/nfe_010,35.497952,1.243421
actual_sd15_reuse_cfg7p5_seed0_schedule,stable_diffusion_15,euler,D-GPDE-reuse-cfg7p5-seed0,7.5,0,10,10,0,diffusers_ablation_prompts,16,"a close-up portrait of an elderly sailor, weathered skin, navy coat, overcast harbor",outputs/gpde_diffusers_sd15_reuse_cfg7p5_seed0_schedule/samples/diffusers/stable_diffusion_15/euler/D-GPDE-reuse-cfg7p5-seed0/cfg_10/seed_000/nfe_010/000016.jpg,outputs/gpde_diffusers_sd15_nfe10_cfg_seed_sweep/schedules/GPDE/diffusers/stable_diffusion_15/euler/cfg_7.5/seed_0/nfe_010,30.707773,0.509518
actual_sd15_reuse_cfg7p5_seed0_schedule,stable_diffusion_15,euler,D-GPDE-reuse-cfg7p5-seed0,7.5,0,10,10,0,diffusers_ablation_prompts,17,a clean architectural rendering of a modern cabin beside a frozen lake,outputs/gpde_diffusers_sd15_reuse_cfg7p5_seed0_schedule/samples/diffusers/stable_diffusion_15/euler/D-GPDE-reuse-cfg7p5-seed0/cfg_10/seed_000/nfe_010/000017.jpg,outputs/gpde_diffusers_sd15_nfe10_cfg_seed_sweep/schedules/GPDE/diffusers/stable_diffusion_15/euler/cfg_7.5/seed_0/nfe_010,32.345730,-0.162011
actual_sd15_reuse_cfg7p5_seed0_schedule,stable_diffusion_15,euler,D-GPDE-reuse-cfg7p5-seed0,7.5,0,10,10,0,diffusers_ablation_prompts,18,a surreal desert filled with floating glass spheres and distant black mountains,outputs/gpde_diffusers_sd15_reuse_cfg7p5_seed0_schedule/samples/diffusers/stable_diffusion_15/euler/D-GPDE-reuse-cfg7p5-seed0/cfg_10/seed_000/nfe_010/000018.jpg,outputs/gpde_diffusers_sd15_nfe10_cfg_seed_sweep/schedules/GPDE/diffusers/stable_diffusion_15/euler/cfg_7.5/seed_0/nfe_010,27.529005,-0.809107
actual_sd15_reuse_cfg7p5_seed0_schedule,stable_diffusion_15,euler,D-GPDE-reuse-cfg7p5-seed0,7.5,0,10,10,0,diffusers_ablation_prompts,19,a documentary photo of a scientist collecting ice cores in Antarctica,outputs/gpde_diffusers_sd15_reuse_cfg7p5_seed0_schedule/samples/diffusers/stable_diffusion_15/euler/D-GPDE-reuse-cfg7p5-seed0/cfg_10/seed_000/nfe_010/000019.jpg,outputs/gpde_diffusers_sd15_nfe10_cfg_seed_sweep/schedules/GPDE/diffusers/stable_diffusion_15/euler/cfg_7.5/seed_0/nfe_010,28.412735,-0.089961
actual_sd15_reuse_cfg7p5_seed0_schedule,stable_diffusion_15,euler,D-GPDE-reuse-cfg7p5-seed0,7.5,0,10,10,0,diffusers_ablation_prompts,20,a detailed 3D render of a mechanical hummingbird with copper wings,outputs/gpde_diffusers_sd15_reuse_cfg7p5_seed0_schedule/samples/diffusers/stable_diffusion_15/euler/D-GPDE-reuse-cfg7p5-seed0/cfg_10/seed_000/nfe_010/000020.jpg,outputs/gpde_diffusers_sd15_nfe10_cfg_seed_sweep/schedules/GPDE/diffusers/stable_diffusion_15/euler/cfg_7.5/seed_0/nfe_010,35.740547,1.126856
actual_sd15_reuse_cfg7p5_seed0_schedule,stable_diffusion_15,euler,D-GPDE-reuse-cfg7p5-seed0,7.5,0,10,10,0,diffusers_ablation_prompts,21,"a cozy cafe interior in autumn, pastries, espresso machine, soft morning light",outputs/gpde_diffusers_sd15_reuse_cfg7p5_seed0_schedule/samples/diffusers/stable_diffusion_15/euler/D-GPDE-reuse-cfg7p5-seed0/cfg_10/seed_000/nfe_010/000021.jpg,outputs/gpde_diffusers_sd15_nfe10_cfg_seed_sweep/schedules/GPDE/diffusers/stable_diffusion_15/euler/cfg_7.5/seed_0/nfe_010,26.036007,-0.349221
actual_sd15_reuse_cfg7p5_seed0_schedule,stable_diffusion_15,euler,D-GPDE-reuse-cfg7p5-seed0,7.5,0,10,10,0,diffusers_ablation_prompts,22,"a panoramic view of terraced rice fields under mist, workers in colorful clothing",outputs/gpde_diffusers_sd15_reuse_cfg7p5_seed0_schedule/samples/diffusers/stable_diffusion_15/euler/D-GPDE-reuse-cfg7p5-seed0/cfg_10/seed_000/nfe_010/000022.jpg,outputs/gpde_diffusers_sd15_nfe10_cfg_seed_sweep/schedules/GPDE/diffusers/stable_diffusion_15/euler/cfg_7.5/seed_0/nfe_010,27.975660,-0.770294
actual_sd15_reuse_cfg7p5_seed0_schedule,stable_diffusion_15,euler,D-GPDE-reuse-cfg7p5-seed0,7.5,0,10,10,0,diffusers_ablation_prompts,23,a children's book illustration of a moonlit boat parade on a quiet canal,outputs/gpde_diffusers_sd15_reuse_cfg7p5_seed0_schedule/samples/diffusers/stable_diffusion_15/euler/D-GPDE-reuse-cfg7p5-seed0/cfg_10/seed_000/nfe_010/000023.jpg,outputs/gpde_diffusers_sd15_nfe10_cfg_seed_sweep/schedules/GPDE/diffusers/stable_diffusion_15/euler/cfg_7.5/seed_0/nfe_010,29.359936,0.151918
actual_sd15_reuse_cfg7p5_seed0_schedule,stable_diffusion_15,euler,D-GPDE-reuse-cfg7p5-seed0,7.5,0,10,10,0,diffusers_ablation_prompts,24,"a realistic sports car parked in a concrete tunnel, reflections, low angle",outputs/gpde_diffusers_sd15_reuse_cfg7p5_seed0_schedule/samples/diffusers/stable_diffusion_15/euler/D-GPDE-reuse-cfg7p5-seed0/cfg_10/seed_000/nfe_010/000024.jpg,outputs/gpde_diffusers_sd15_nfe10_cfg_seed_sweep/schedules/GPDE/diffusers/stable_diffusion_15/euler/cfg_7.5/seed_0/nfe_010,28.327835,0.655640
actual_sd15_reuse_cfg7p5_seed0_schedule,stable_diffusion_15,euler,D-GPDE-reuse-cfg7p5-seed0,7.5,0,10,10,0,diffusers_ablation_prompts,25,"a botanical diagram of rare orchids with labeled roots and petals, archival paper",outputs/gpde_diffusers_sd15_reuse_cfg7p5_seed0_schedule/samples/diffusers/stable_diffusion_15/euler/D-GPDE-reuse-cfg7p5-seed0/cfg_10/seed_000/nfe_010/000025.jpg,outputs/gpde_diffusers_sd15_nfe10_cfg_seed_sweep/schedules/GPDE/diffusers/stable_diffusion_15/euler/cfg_7.5/seed_0/nfe_010,29.305470,0.890480
actual_sd15_reuse_cfg7p5_seed0_schedule,stable_diffusion_15,euler,D-GPDE-reuse-cfg7p5-seed0,7.5,0,10,10,0,diffusers_ablation_prompts,26,"a cyberpunk street food stall with steam, lanterns, and dense urban signage",outputs/gpde_diffusers_sd15_reuse_cfg7p5_seed0_schedule/samples/diffusers/stable_diffusion_15/euler/D-GPDE-reuse-cfg7p5-seed0/cfg_10/seed_000/nfe_010/000026.jpg,outputs/gpde_diffusers_sd15_nfe10_cfg_seed_sweep/schedules/GPDE/diffusers/stable_diffusion_15/euler/cfg_7.5/seed_0/nfe_010,24.716833,-0.709766
actual_sd15_reuse_cfg7p5_seed0_schedule,stable_diffusion_15,euler,D-GPDE-reuse-cfg7p5-seed0,7.5,0,10,10,0,diffusers_ablation_prompts,27,"a still life of glass fruit bowls, linen cloth, and silver cutlery, natural light",outputs/gpde_diffusers_sd15_reuse_cfg7p5_seed0_schedule/samples/diffusers/stable_diffusion_15/euler/D-GPDE-reuse-cfg7p5-seed0/cfg_10/seed_000/nfe_010/000027.jpg,outputs/gpde_diffusers_sd15_nfe10_cfg_seed_sweep/schedules/GPDE/diffusers/stable_diffusion_15/euler/cfg_7.5/seed_0/nfe_010,30.251324,0.365643
actual_sd15_reuse_cfg7p5_seed0_schedule,stable_diffusion_15,euler,D-GPDE-reuse-cfg7p5-seed0,7.5,0,10,10,0,diffusers_ablation_prompts,28,a heroic statue covered in vines in an abandoned futuristic plaza,outputs/gpde_diffusers_sd15_reuse_cfg7p5_seed0_schedule/samples/diffusers/stable_diffusion_15/euler/D-GPDE-reuse-cfg7p5-seed0/cfg_10/seed_000/nfe_010/000028.jpg,outputs/gpde_diffusers_sd15_nfe10_cfg_seed_sweep/schedules/GPDE/diffusers/stable_diffusion_15/euler/cfg_7.5/seed_0/nfe_010,34.588669,0.588332
actual_sd15_reuse_cfg7p5_seed0_schedule,stable_diffusion_15,euler,D-GPDE-reuse-cfg7p5-seed0,7.5,0,10,10,0,diffusers_ablation_prompts,29,a black and white film photograph of dancers rehearsing in a mirror-lined studio,outputs/gpde_diffusers_sd15_reuse_cfg7p5_seed0_schedule/samples/diffusers/stable_diffusion_15/euler/D-GPDE-reuse-cfg7p5-seed0/cfg_10/seed_000/nfe_010/000029.jpg,outputs/gpde_diffusers_sd15_nfe10_cfg_seed_sweep/schedules/GPDE/diffusers/stable_diffusion_15/euler/cfg_7.5/seed_0/nfe_010,30.212725,0.680728
actual_sd15_reuse_cfg7p5_seed0_schedule,stable_diffusion_15,euler,D-GPDE-reuse-cfg7p5-seed0,7.5,0,10,10,0,diffusers_ablation_prompts,30,"a detailed scene of a spacecraft cockpit during reentry, glowing controls, tense mood",outputs/gpde_diffusers_sd15_reuse_cfg7p5_seed0_schedule/samples/diffusers/stable_diffusion_15/euler/D-GPDE-reuse-cfg7p5-seed0/cfg_10/seed_000/nfe_010/000030.jpg,outputs/gpde_diffusers_sd15_nfe10_cfg_seed_sweep/schedules/GPDE/diffusers/stable_diffusion_15/euler/cfg_7.5/seed_0/nfe_010,26.968733,-1.701197
actual_sd15_reuse_cfg7p5_seed0_schedule,stable_diffusion_15,euler,D-GPDE-reuse-cfg7p5-seed0,7.5,0,10,10,0,diffusers_ablation_prompts,31,a claymation style village bakery with tiny loaves and painted signs,outputs/gpde_diffusers_sd15_reuse_cfg7p5_seed0_schedule/samples/diffusers/stable_diffusion_15/euler/D-GPDE-reuse-cfg7p5-seed0/cfg_10/seed_000/nfe_010/000031.jpg,outputs/gpde_diffusers_sd15_nfe10_cfg_seed_sweep/schedules/GPDE/diffusers/stable_diffusion_15/euler/cfg_7.5/seed_0/nfe_010,37.302284,1.057651
actual_sd15_reuse_cfg7p5_seed0_schedule,stable_diffusion_15,euler,D-GPDE-reuse-cfg7p5-seed0,7.5,0,10,10,0,diffusers_ablation_prompts,32,a realistic underwater photograph of a diver inspecting an ancient marble column,outputs/gpde_diffusers_sd15_reuse_cfg7p5_seed0_schedule/samples/diffusers/stable_diffusion_15/euler/D-GPDE-reuse-cfg7p5-seed0/cfg_10/seed_000/nfe_010/000032.jpg,outputs/gpde_diffusers_sd15_nfe10_cfg_seed_sweep/schedules/GPDE/diffusers/stable_diffusion_15/euler/cfg_7.5/seed_0/nfe_010,29.660072,1.559326
actual_sd15_reuse_cfg7p5_seed0_schedule,stable_diffusion_15,euler,D-GPDE-reuse-cfg7p5-seed0,7.5,0,10,10,0,diffusers_ablation_prompts,33,"a minimalist poster of a jazz quartet in deep red, cream, and black",outputs/gpde_diffusers_sd15_reuse_cfg7p5_seed0_schedule/samples/diffusers/stable_diffusion_15/euler/D-GPDE-reuse-cfg7p5-seed0/cfg_10/seed_000/nfe_010/000033.jpg,outputs/gpde_diffusers_sd15_nfe10_cfg_seed_sweep/schedules/GPDE/diffusers/stable_diffusion_15/euler/cfg_7.5/seed_0/nfe_010,28.214851,-1.723157
actual_sd15_reuse_cfg7p5_seed0_schedule,stable_diffusion_15,euler,D-GPDE-reuse-cfg7p5-seed0,7.5,0,10,10,0,diffusers_ablation_prompts,34,a high detail portrait of a queen wearing armor made of mother of pearl,outputs/gpde_diffusers_sd15_reuse_cfg7p5_seed0_schedule/samples/diffusers/stable_diffusion_15/euler/D-GPDE-reuse-cfg7p5-seed0/cfg_10/seed_000/nfe_010/000034.jpg,outputs/gpde_diffusers_sd15_nfe10_cfg_seed_sweep/schedules/GPDE/diffusers/stable_diffusion_15/euler/cfg_7.5/seed_0/nfe_010,21.977396,0.602145
actual_sd15_reuse_cfg7p5_seed0_schedule,stable_diffusion_15,euler,D-GPDE-reuse-cfg7p5-seed0,7.5,0,10,10,0,diffusers_ablation_prompts,35,"a top-down board game map of an island with forests, cliffs, and hidden ruins",outputs/gpde_diffusers_sd15_reuse_cfg7p5_seed0_schedule/samples/diffusers/stable_diffusion_15/euler/D-GPDE-reuse-cfg7p5-seed0/cfg_10/seed_000/nfe_010/000035.jpg,outputs/gpde_diffusers_sd15_nfe10_cfg_seed_sweep/schedules/GPDE/diffusers/stable_diffusion_15/euler/cfg_7.5/seed_0/nfe_010,26.049419,-0.464198
actual_sd15_reuse_cfg7p5_seed0_schedule,stable_diffusion_15,euler,D-GPDE-reuse-cfg7p5-seed0,7.5,0,10,10,0,diffusers_ablation_prompts,36,"a luxury watch exploded view on a dark background, precise gears and screws",outputs/gpde_diffusers_sd15_reuse_cfg7p5_seed0_schedule/samples/diffusers/stable_diffusion_15/euler/D-GPDE-reuse-cfg7p5-seed0/cfg_10/seed_000/nfe_010/000036.jpg,outputs/gpde_diffusers_sd15_nfe10_cfg_seed_sweep/schedules/GPDE/diffusers/stable_diffusion_15/euler/cfg_7.5/seed_0/nfe_010,30.467081,1.109890
actual_sd15_reuse_cfg7p5_seed0_schedule,stable_diffusion_15,euler,D-GPDE-reuse-cfg7p5-seed0,7.5,0,10,10,0,diffusers_ablation_prompts,37,"a sunlit greenhouse filled with tomatoes, watering cans, and terracotta pots",outputs/gpde_diffusers_sd15_reuse_cfg7p5_seed0_schedule/samples/diffusers/stable_diffusion_15/euler/D-GPDE-reuse-cfg7p5-seed0/cfg_10/seed_000/nfe_010/000037.jpg,outputs/gpde_diffusers_sd15_nfe10_cfg_seed_sweep/schedules/GPDE/diffusers/stable_diffusion_15/euler/cfg_7.5/seed_0/nfe_010,27.524519,-0.244956
actual_sd15_reuse_cfg7p5_seed0_schedule,stable_diffusion_15,euler,D-GPDE-reuse-cfg7p5-seed0,7.5,0,10,10,0,diffusers_ablation_prompts,38,a night landscape of fireflies over a meadow beside a quiet river,outputs/gpde_diffusers_sd15_reuse_cfg7p5_seed0_schedule/samples/diffusers/stable_diffusion_15/euler/D-GPDE-reuse-cfg7p5-seed0/cfg_10/seed_000/nfe_010/000038.jpg,outputs/gpde_diffusers_sd15_nfe10_cfg_seed_sweep/schedules/GPDE/diffusers/stable_diffusion_15/euler/cfg_7.5/seed_0/nfe_010,24.901766,-0.812578
actual_sd15_reuse_cfg7p5_seed0_schedule,stable_diffusion_15,euler,D-GPDE-reuse-cfg7p5-seed0,7.5,0,10,10,0,diffusers_ablation_prompts,39,a realistic photo of a rescue helicopter landing on a snowy mountain ridge,outputs/gpde_diffusers_sd15_reuse_cfg7p5_seed0_schedule/samples/diffusers/stable_diffusion_15/euler/D-GPDE-reuse-cfg7p5-seed0/cfg_10/seed_000/nfe_010/000039.jpg,outputs/gpde_diffusers_sd15_nfe10_cfg_seed_sweep/schedules/GPDE/diffusers/stable_diffusion_15/euler/cfg_7.5/seed_0/nfe_010,35.333954,0.974468
actual_sd15_reuse_cfg7p5_seed0_schedule,stable_diffusion_15,euler,D-GPDE-reuse-cfg7p5-seed0,7.5,0,10,10,0,diffusers_ablation_prompts,40,a concept art scene of a floating research station above Jupiter's clouds,outputs/gpde_diffusers_sd15_reuse_cfg7p5_seed0_schedule/samples/diffusers/stable_diffusion_15/euler/D-GPDE-reuse-cfg7p5-seed0/cfg_10/seed_000/nfe_010/000040.jpg,outputs/gpde_diffusers_sd15_nfe10_cfg_seed_sweep/schedules/GPDE/diffusers/stable_diffusion_15/euler/cfg_7.5/seed_0/nfe_010,25.520157,0.375450
actual_sd15_reuse_cfg7p5_seed0_schedule,stable_diffusion_15,euler,D-GPDE-reuse-cfg7p5-seed0,7.5,0,10,10,0,diffusers_ablation_prompts,41,a detailed pencil drawing of an old bicycle leaning against a brick wall,outputs/gpde_diffusers_sd15_reuse_cfg7p5_seed0_schedule/samples/diffusers/stable_diffusion_15/euler/D-GPDE-reuse-cfg7p5-seed0/cfg_10/seed_000/nfe_010/000041.jpg,outputs/gpde_diffusers_sd15_nfe10_cfg_seed_sweep/schedules/GPDE/diffusers/stable_diffusion_15/euler/cfg_7.5/seed_0/nfe_010,33.893543,1.158349
actual_sd15_reuse_cfg7p5_seed0_schedule,stable_diffusion_15,euler,D-GPDE-reuse-cfg7p5-seed0,7.5,0,10,10,0,diffusers_ablation_prompts,42,"a museum diorama of prehistoric sea creatures, dramatic educational lighting",outputs/gpde_diffusers_sd15_reuse_cfg7p5_seed0_schedule/samples/diffusers/stable_diffusion_15/euler/D-GPDE-reuse-cfg7p5-seed0/cfg_10/seed_000/nfe_010/000042.jpg,outputs/gpde_diffusers_sd15_nfe10_cfg_seed_sweep/schedules/GPDE/diffusers/stable_diffusion_15/euler/cfg_7.5/seed_0/nfe_010,30.925173,0.419323
actual_sd15_reuse_cfg7p5_seed0_schedule,stable_diffusion_15,euler,D-GPDE-reuse-cfg7p5-seed0,7.5,0,10,10,0,diffusers_ablation_prompts,43,"a peaceful Japanese garden with koi pond, stone bridge, and maple leaves",outputs/gpde_diffusers_sd15_reuse_cfg7p5_seed0_schedule/samples/diffusers/stable_diffusion_15/euler/D-GPDE-reuse-cfg7p5-seed0/cfg_10/seed_000/nfe_010/000043.jpg,outputs/gpde_diffusers_sd15_nfe10_cfg_seed_sweep/schedules/GPDE/diffusers/stable_diffusion_15/euler/cfg_7.5/seed_0/nfe_010,26.225809,-0.792738
actual_sd15_reuse_cfg7p5_seed0_schedule,stable_diffusion_15,euler,D-GPDE-reuse-cfg7p5-seed0,7.5,0,10,10,0,diffusers_ablation_prompts,44,"a close-up food photograph of ramen with soft egg, steam, and ceramic bowl",outputs/gpde_diffusers_sd15_reuse_cfg7p5_seed0_schedule/samples/diffusers/stable_diffusion_15/euler/D-GPDE-reuse-cfg7p5-seed0/cfg_10/seed_000/nfe_010/000044.jpg,outputs/gpde_diffusers_sd15_nfe10_cfg_seed_sweep/schedules/GPDE/diffusers/stable_diffusion_15/euler/cfg_7.5/seed_0/nfe_010,29.572767,0.671534
actual_sd15_reuse_cfg7p5_seed0_schedule,stable_diffusion_15,euler,D-GPDE-reuse-cfg7p5-seed0,7.5,0,10,10,0,diffusers_ablation_prompts,45,a vibrant parade costume covered with mirrors and embroidered flowers,outputs/gpde_diffusers_sd15_reuse_cfg7p5_seed0_schedule/samples/diffusers/stable_diffusion_15/euler/D-GPDE-reuse-cfg7p5-seed0/cfg_10/seed_000/nfe_010/000045.jpg,outputs/gpde_diffusers_sd15_nfe10_cfg_seed_sweep/schedules/GPDE/diffusers/stable_diffusion_15/euler/cfg_7.5/seed_0/nfe_010,29.086668,-1.469869
actual_sd15_reuse_cfg7p5_seed0_schedule,stable_diffusion_15,euler,D-GPDE-reuse-cfg7p5-seed0,7.5,0,10,10,0,diffusers_ablation_prompts,46,a realistic image of a hand-crafted wooden chess set mid game by candlelight,outputs/gpde_diffusers_sd15_reuse_cfg7p5_seed0_schedule/samples/diffusers/stable_diffusion_15/euler/D-GPDE-reuse-cfg7p5-seed0/cfg_10/seed_000/nfe_010/000046.jpg,outputs/gpde_diffusers_sd15_nfe10_cfg_seed_sweep/schedules/GPDE/diffusers/stable_diffusion_15/euler/cfg_7.5/seed_0/nfe_010,25.286432,-1.262120
actual_sd15_reuse_cfg7p5_seed0_schedule,stable_diffusion_15,euler,D-GPDE-reuse-cfg7p5-seed0,7.5,0,10,10,0,diffusers_ablation_prompts,47,a wide angle view of a data center corridor with blue status lights,outputs/gpde_diffusers_sd15_reuse_cfg7p5_seed0_schedule/samples/diffusers/stable_diffusion_15/euler/D-GPDE-reuse-cfg7p5-seed0/cfg_10/seed_000/nfe_010/000047.jpg,outputs/gpde_diffusers_sd15_nfe10_cfg_seed_sweep/schedules/GPDE/diffusers/stable_diffusion_15/euler/cfg_7.5/seed_0/nfe_010,20.964966,1.207728
actual_sd15_reuse_cfg7p5_seed0_schedule,stable_diffusion_15,euler,D-GPDE-reuse-cfg7p5-seed0,7.5,0,10,10,0,diffusers_ablation_prompts,48,a magical realism scene of books flying through an old train carriage,outputs/gpde_diffusers_sd15_reuse_cfg7p5_seed0_schedule/samples/diffusers/stable_diffusion_15/euler/D-GPDE-reuse-cfg7p5-seed0/cfg_10/seed_000/nfe_010/000048.jpg,outputs/gpde_diffusers_sd15_nfe10_cfg_seed_sweep/schedules/GPDE/diffusers/stable_diffusion_15/euler/cfg_7.5/seed_0/nfe_010,30.405977,-0.634937
actual_sd15_reuse_cfg7p5_seed0_schedule,stable_diffusion_15,euler,D-GPDE-reuse-cfg7p5-seed0,7.5,0,10,10,0,diffusers_ablation_prompts,49,a studio portrait of a golden retriever wearing aviator goggles and a red scarf,outputs/gpde_diffusers_sd15_reuse_cfg7p5_seed0_schedule/samples/diffusers/stable_diffusion_15/euler/D-GPDE-reuse-cfg7p5-seed0/cfg_10/seed_000/nfe_010/000049.jpg,outputs/gpde_diffusers_sd15_nfe10_cfg_seed_sweep/schedules/GPDE/diffusers/stable_diffusion_15/euler/cfg_7.5/seed_0/nfe_010,34.260780,1.915494
actual_sd15_reuse_cfg7p5_seed0_schedule,stable_diffusion_15,euler,D-GPDE-reuse-cfg7p5-seed0,7.5,0,10,10,1,diffusers_ablation_prompts,0,"a cinematic portrait of an astronaut botanist in a glass greenhouse on Mars, detailed fabric, soft rim light",outputs/gpde_diffusers_sd15_reuse_cfg7p5_seed0_schedule/samples/diffusers/stable_diffusion_15/euler/D-GPDE-reuse-cfg7p5-seed0/cfg_10/seed_001/nfe_010/000000.jpg,outputs/gpde_diffusers_sd15_nfe10_cfg_seed_sweep/schedules/GPDE/diffusers/stable_diffusion_15/euler/cfg_7.5/seed_0/nfe_010,29.877209,-0.804898
actual_sd15_reuse_cfg7p5_seed0_schedule,stable_diffusion_15,euler,D-GPDE-reuse-cfg7p5-seed0,7.5,0,10,10,1,diffusers_ablation_prompts,1,"a small brass robot repairing an antique clock in a sunlit workshop, shallow depth of field",outputs/gpde_diffusers_sd15_reuse_cfg7p5_seed0_schedule/samples/diffusers/stable_diffusion_15/euler/D-GPDE-reuse-cfg7p5-seed0/cfg_10/seed_001/nfe_010/000001.jpg,outputs/gpde_diffusers_sd15_nfe10_cfg_seed_sweep/schedules/GPDE/diffusers/stable_diffusion_15/euler/cfg_7.5/seed_0/nfe_010,32.515465,-0.311771
actual_sd15_reuse_cfg7p5_seed0_schedule,stable_diffusion_15,euler,D-GPDE-reuse-cfg7p5-seed0,7.5,0,10,10,1,diffusers_ablation_prompts,2,"a watercolor city street after rain with neon signs reflected in puddles, evening atmosphere",outputs/gpde_diffusers_sd15_reuse_cfg7p5_seed0_schedule/samples/diffusers/stable_diffusion_15/euler/D-GPDE-reuse-cfg7p5-seed0/cfg_10/seed_001/nfe_010/000002.jpg,outputs/gpde_diffusers_sd15_nfe10_cfg_seed_sweep/schedules/GPDE/diffusers/stable_diffusion_15/euler/cfg_7.5/seed_0/nfe_010,26.281765,0.063107
actual_sd15_reuse_cfg7p5_seed0_schedule,stable_diffusion_15,euler,D-GPDE-reuse-cfg7p5-seed0,7.5,0,10,10,1,diffusers_ablation_prompts,3,a high resolution studio photo of a ceramic teapot shaped like a seashell on a slate table,outputs/gpde_diffusers_sd15_reuse_cfg7p5_seed0_schedule/samples/diffusers/stable_diffusion_15/euler/D-GPDE-reuse-cfg7p5-seed0/cfg_10/seed_001/nfe_010/000003.jpg,outputs/gpde_diffusers_sd15_nfe10_cfg_seed_sweep/schedules/GPDE/diffusers/stable_diffusion_15/euler/cfg_7.5/seed_0/nfe_010,30.914997,1.356914
actual_sd15_reuse_cfg7p5_seed0_schedule,stable_diffusion_15,euler,D-GPDE-reuse-cfg7p5-seed0,7.5,0,10,10,1,diffusers_ablation_prompts,4,"a fantasy library carved inside a giant tree, spiral stairs, warm lanterns, intricate shelves",outputs/gpde_diffusers_sd15_reuse_cfg7p5_seed0_schedule/samples/diffusers/stable_diffusion_15/euler/D-GPDE-reuse-cfg7p5-seed0/cfg_10/seed_001/nfe_010/000004.jpg,outputs/gpde_diffusers_sd15_nfe10_cfg_seed_sweep/schedules/GPDE/diffusers/stable_diffusion_15/euler/cfg_7.5/seed_0/nfe_010,26.976109,-0.545371
actual_sd15_reuse_cfg7p5_seed0_schedule,stable_diffusion_15,euler,D-GPDE-reuse-cfg7p5-seed0,7.5,0,10,10,1,diffusers_ablation_prompts,5,"a macro photograph of a snowflake resting on dark wool, crisp crystalline detail",outputs/gpde_diffusers_sd15_reuse_cfg7p5_seed0_schedule/samples/diffusers/stable_diffusion_15/euler/D-GPDE-reuse-cfg7p5-seed0/cfg_10/seed_001/nfe_010/000005.jpg,outputs/gpde_diffusers_sd15_nfe10_cfg_seed_sweep/schedules/GPDE/diffusers/stable_diffusion_15/euler/cfg_7.5/seed_0/nfe_010,26.957083,-0.107493
actual_sd15_reuse_cfg7p5_seed0_schedule,stable_diffusion_15,euler,D-GPDE-reuse-cfg7p5-seed0,7.5,0,10,10,1,diffusers_ablation_prompts,6,"a retro futuristic train crossing a desert at sunset, chrome surfaces, long shadows",outputs/gpde_diffusers_sd15_reuse_cfg7p5_seed0_schedule/samples/diffusers/stable_diffusion_15/euler/D-GPDE-reuse-cfg7p5-seed0/cfg_10/seed_001/nfe_010/000006.jpg,outputs/gpde_diffusers_sd15_nfe10_cfg_seed_sweep/schedules/GPDE/diffusers/stable_diffusion_15/euler/cfg_7.5/seed_0/nfe_010,29.377472,0.721439
actual_sd15_reuse_cfg7p5_seed0_schedule,stable_diffusion_15,euler,D-GPDE-reuse-cfg7p5-seed0,7.5,0,10,10,1,diffusers_ablation_prompts,7,"a chef plating a colorful molecular gastronomy dessert, clean restaurant lighting",outputs/gpde_diffusers_sd15_reuse_cfg7p5_seed0_schedule/samples/diffusers/stable_diffusion_15/euler/D-GPDE-reuse-cfg7p5-seed0/cfg_10/seed_001/nfe_010/000007.jpg,outputs/gpde_diffusers_sd15_nfe10_cfg_seed_sweep/schedules/GPDE/diffusers/stable_diffusion_15/euler/cfg_7.5/seed_0/nfe_010,32.077248,-0.019079
actual_sd15_reuse_cfg7p5_seed0_schedule,stable_diffusion_15,euler,D-GPDE-reuse-cfg7p5-seed0,7.5,0,10,10,1,diffusers_ablation_prompts,8,"an isometric cozy bedroom with plants, books, a desk lamp, and a rainy window",outputs/gpde_diffusers_sd15_reuse_cfg7p5_seed0_schedule/samples/diffusers/stable_diffusion_15/euler/D-GPDE-reuse-cfg7p5-seed0/cfg_10/seed_001/nfe_010/000008.jpg,outputs/gpde_diffusers_sd15_nfe10_cfg_seed_sweep/schedules/GPDE/diffusers/stable_diffusion_15/euler/cfg_7.5/seed_0/nfe_010,28.104109,-0.025126
actual_sd15_reuse_cfg7p5_seed0_schedule,stable_diffusion_15,euler,D-GPDE-reuse-cfg7p5-seed0,7.5,0,10,10,1,diffusers_ablation_prompts,9,"a dramatic mountain monastery above clouds, sunrise, detailed stone architecture",outputs/gpde_diffusers_sd15_reuse_cfg7p5_seed0_schedule/samples/diffusers/stable_diffusion_15/euler/D-GPDE-reuse-cfg7p5-seed0/cfg_10/seed_001/nfe_010/000009.jpg,outputs/gpde_diffusers_sd15_nfe10_cfg_seed_sweep/schedules/GPDE/diffusers/stable_diffusion_15/euler/cfg_7.5/seed_0/nfe_010,32.075352,1.543831
actual_sd15_reuse_cfg7p5_seed0_schedule,stable_diffusion_15,euler,D-GPDE-reuse-cfg7p5-seed0,7.5,0,10,10,1,diffusers_ablation_prompts,10,a fashion editorial photo of a model wearing a translucent raincoat in Tokyo at night,outputs/gpde_diffusers_sd15_reuse_cfg7p5_seed0_schedule/samples/diffusers/stable_diffusion_15/euler/D-GPDE-reuse-cfg7p5-seed0/cfg_10/seed_001/nfe_010/000010.jpg,outputs/gpde_diffusers_sd15_nfe10_cfg_seed_sweep/schedules/GPDE/diffusers/stable_diffusion_15/euler/cfg_7.5/seed_0/nfe_010,34.467823,1.942814
actual_sd15_reuse_cfg7p5_seed0_schedule,stable_diffusion_15,euler,D-GPDE-reuse-cfg7p5-seed0,7.5,0,10,10,1,diffusers_ablation_prompts,11,a realistic red fox statue made of folded paper on a white museum pedestal,outputs/gpde_diffusers_sd15_reuse_cfg7p5_seed0_schedule/samples/diffusers/stable_diffusion_15/euler/D-GPDE-reuse-cfg7p5-seed0/cfg_10/seed_001/nfe_010/000011.jpg,outputs/gpde_diffusers_sd15_nfe10_cfg_seed_sweep/schedules/GPDE/diffusers/stable_diffusion_15/euler/cfg_7.5/seed_0/nfe_010,34.244480,1.425070
actual_sd15_reuse_cfg7p5_seed0_schedule,stable_diffusion_15,euler,D-GPDE-reuse-cfg7p5-seed0,7.5,0,10,10,1,diffusers_ablation_prompts,12,a detailed cutaway illustration of a tiny submarine exploring a coral reef,outputs/gpde_diffusers_sd15_reuse_cfg7p5_seed0_schedule/samples/diffusers/stable_diffusion_15/euler/D-GPDE-reuse-cfg7p5-seed0/cfg_10/seed_001/nfe_010/000012.jpg,outputs/gpde_diffusers_sd15_nfe10_cfg_seed_sweep/schedules/GPDE/diffusers/stable_diffusion_15/euler/cfg_7.5/seed_0/nfe_010,33.487061,1.225495
actual_sd15_reuse_cfg7p5_seed0_schedule,stable_diffusion_15,euler,D-GPDE-reuse-cfg7p5-seed0,7.5,0,10,10,1,diffusers_ablation_prompts,13,a product photo of wireless headphones on brushed aluminum with blue accent lighting,outputs/gpde_diffusers_sd15_reuse_cfg7p5_seed0_schedule/samples/diffusers/stable_diffusion_15/euler/D-GPDE-reuse-cfg7p5-seed0/cfg_10/seed_001/nfe_010/000013.jpg,outputs/gpde_diffusers_sd15_nfe10_cfg_seed_sweep/schedules/GPDE/diffusers/stable_diffusion_15/euler/cfg_7.5/seed_0/nfe_010,27.456654,-0.177893
actual_sd15_reuse_cfg7p5_seed0_schedule,stable_diffusion_15,euler,D-GPDE-reuse-cfg7p5-seed0,7.5,0,10,10,1,diffusers_ablation_prompts,14,"a medieval market square during a festival, banners, musicians, detailed crowd",outputs/gpde_diffusers_sd15_reuse_cfg7p5_seed0_schedule/samples/diffusers/stable_diffusion_15/euler/D-GPDE-reuse-cfg7p5-seed0/cfg_10/seed_001/nfe_010/000014.jpg,outputs/gpde_diffusers_sd15_nfe10_cfg_seed_sweep/schedules/GPDE/diffusers/stable_diffusion_15/euler/cfg_7.5/seed_0/nfe_010,29.107206,0.193482
actual_sd15_reuse_cfg7p5_seed0_schedule,stable_diffusion_15,euler,D-GPDE-reuse-cfg7p5-seed0,7.5,0,10,10,1,diffusers_ablation_prompts,15,an oil painting of a violinist performing in an empty subway station,outputs/gpde_diffusers_sd15_reuse_cfg7p5_seed0_schedule/samples/diffusers/stable_diffusion_15/euler/D-GPDE-reuse-cfg7p5-seed0/cfg_10/seed_001/nfe_010/000015.jpg,outputs/gpde_diffusers_sd15_nfe10_cfg_seed_sweep/schedules/GPDE/diffusers/stable_diffusion_15/euler/cfg_7.5/seed_0/nfe_010,33.453094,1.165457
actual_sd15_reuse_cfg7p5_seed0_schedule,stable_diffusion_15,euler,D-GPDE-reuse-cfg7p5-seed0,7.5,0,10,10,1,diffusers_ablation_prompts,16,"a close-up portrait of an elderly sailor, weathered skin, navy coat, overcast harbor",outputs/gpde_diffusers_sd15_reuse_cfg7p5_seed0_schedule/samples/diffusers/stable_diffusion_15/euler/D-GPDE-reuse-cfg7p5-seed0/cfg_10/seed_001/nfe_010/000016.jpg,outputs/gpde_diffusers_sd15_nfe10_cfg_seed_sweep/schedules/GPDE/diffusers/stable_diffusion_15/euler/cfg_7.5/seed_0/nfe_010,28.649097,0.456255
actual_sd15_reuse_cfg7p5_seed0_schedule,stable_diffusion_15,euler,D-GPDE-reuse-cfg7p5-seed0,7.5,0,10,10,1,diffusers_ablation_prompts,17,a clean architectural rendering of a modern cabin beside a frozen lake,outputs/gpde_diffusers_sd15_reuse_cfg7p5_seed0_schedule/samples/diffusers/stable_diffusion_15/euler/D-GPDE-reuse-cfg7p5-seed0/cfg_10/seed_001/nfe_010/000017.jpg,outputs/gpde_diffusers_sd15_nfe10_cfg_seed_sweep/schedules/GPDE/diffusers/stable_diffusion_15/euler/cfg_7.5/seed_0/nfe_010,32.349312,1.108235
actual_sd15_reuse_cfg7p5_seed0_schedule,stable_diffusion_15,euler,D-GPDE-reuse-cfg7p5-seed0,7.5,0,10,10,1,diffusers_ablation_prompts,18,a surreal desert filled with floating glass spheres and distant black mountains,outputs/gpde_diffusers_sd15_reuse_cfg7p5_seed0_schedule/samples/diffusers/stable_diffusion_15/euler/D-GPDE-reuse-cfg7p5-seed0/cfg_10/seed_001/nfe_010/000018.jpg,outputs/gpde_diffusers_sd15_nfe10_cfg_seed_sweep/schedules/GPDE/diffusers/stable_diffusion_15/euler/cfg_7.5/seed_0/nfe_010,30.164129,0.933700
actual_sd15_reuse_cfg7p5_seed0_schedule,stable_diffusion_15,euler,D-GPDE-reuse-cfg7p5-seed0,7.5,0,10,10,1,diffusers_ablation_prompts,19,a documentary photo of a scientist collecting ice cores in Antarctica,outputs/gpde_diffusers_sd15_reuse_cfg7p5_seed0_schedule/samples/diffusers/stable_diffusion_15/euler/D-GPDE-reuse-cfg7p5-seed0/cfg_10/seed_001/nfe_010/000019.jpg,outputs/gpde_diffusers_sd15_nfe10_cfg_seed_sweep/schedules/GPDE/diffusers/stable_diffusion_15/euler/cfg_7.5/seed_0/nfe_010,30.806267,0.308716
actual_sd15_reuse_cfg7p5_seed0_schedule,stable_diffusion_15,euler,D-GPDE-reuse-cfg7p5-seed0,7.5,0,10,10,1,diffusers_ablation_prompts,20,a detailed 3D render of a mechanical hummingbird with copper wings,outputs/gpde_diffusers_sd15_reuse_cfg7p5_seed0_schedule/samples/diffusers/stable_diffusion_15/euler/D-GPDE-reuse-cfg7p5-seed0/cfg_10/seed_001/nfe_010/000020.jpg,outputs/gpde_diffusers_sd15_nfe10_cfg_seed_sweep/schedules/GPDE/diffusers/stable_diffusion_15/euler/cfg_7.5/seed_0/nfe_010,34.521889,1.053475
actual_sd15_reuse_cfg7p5_seed0_schedule,stable_diffusion_15,euler,D-GPDE-reuse-cfg7p5-seed0,7.5,0,10,10,1,diffusers_ablation_prompts,21,"a cozy cafe interior in autumn, pastries, espresso machine, soft morning light",outputs/gpde_diffusers_sd15_reuse_cfg7p5_seed0_schedule/samples/diffusers/stable_diffusion_15/euler/D-GPDE-reuse-cfg7p5-seed0/cfg_10/seed_001/nfe_010/000021.jpg,outputs/gpde_diffusers_sd15_nfe10_cfg_seed_sweep/schedules/GPDE/diffusers/stable_diffusion_15/euler/cfg_7.5/seed_0/nfe_010,29.910660,-0.233524
actual_sd15_reuse_cfg7p5_seed0_schedule,stable_diffusion_15,euler,D-GPDE-reuse-cfg7p5-seed0,7.5,0,10,10,1,diffusers_ablation_prompts,22,"a panoramic view of terraced rice fields under mist, workers in colorful clothing",outputs/gpde_diffusers_sd15_reuse_cfg7p5_seed0_schedule/samples/diffusers/stable_diffusion_15/euler/D-GPDE-reuse-cfg7p5-seed0/cfg_10/seed_001/nfe_010/000022.jpg,outputs/gpde_diffusers_sd15_nfe10_cfg_seed_sweep/schedules/GPDE/diffusers/stable_diffusion_15/euler/cfg_7.5/seed_0/nfe_010,27.840090,-0.543235
actual_sd15_reuse_cfg7p5_seed0_schedule,stable_diffusion_15,euler,D-GPDE-reuse-cfg7p5-seed0,7.5,0,10,10,1,diffusers_ablation_prompts,23,a children's book illustration of a moonlit boat parade on a quiet canal,outputs/gpde_diffusers_sd15_reuse_cfg7p5_seed0_schedule/samples/diffusers/stable_diffusion_15/euler/D-GPDE-reuse-cfg7p5-seed0/cfg_10/seed_001/nfe_010/000023.jpg,outputs/gpde_diffusers_sd15_nfe10_cfg_seed_sweep/schedules/GPDE/diffusers/stable_diffusion_15/euler/cfg_7.5/seed_0/nfe_010,32.144402,0.087905
actual_sd15_reuse_cfg7p5_seed0_schedule,stable_diffusion_15,euler,D-GPDE-reuse-cfg7p5-seed0,7.5,0,10,10,1,diffusers_ablation_prompts,24,"a realistic sports car parked in a concrete tunnel, reflections, low angle",outputs/gpde_diffusers_sd15_reuse_cfg7p5_seed0_schedule/samples/diffusers/stable_diffusion_15/euler/D-GPDE-reuse-cfg7p5-seed0/cfg_10/seed_001/nfe_010/000024.jpg,outputs/gpde_diffusers_sd15_nfe10_cfg_seed_sweep/schedules/GPDE/diffusers/stable_diffusion_15/euler/cfg_7.5/seed_0/nfe_010,28.044548,1.192783
actual_sd15_reuse_cfg7p5_seed0_schedule,stable_diffusion_15,euler,D-GPDE-reuse-cfg7p5-seed0,7.5,0,10,10,1,diffusers_ablation_prompts,25,"a botanical diagram of rare orchids with labeled roots and petals, archival paper",outputs/gpde_diffusers_sd15_reuse_cfg7p5_seed0_schedule/samples/diffusers/stable_diffusion_15/euler/D-GPDE-reuse-cfg7p5-seed0/cfg_10/seed_001/nfe_010/000025.jpg,outputs/gpde_diffusers_sd15_nfe10_cfg_seed_sweep/schedules/GPDE/diffusers/stable_diffusion_15/euler/cfg_7.5/seed_0/nfe_010,31.241655,1.218837
actual_sd15_reuse_cfg7p5_seed0_schedule,stable_diffusion_15,euler,D-GPDE-reuse-cfg7p5-seed0,7.5,0,10,10,1,diffusers_ablation_prompts,26,"a cyberpunk street food stall with steam, lanterns, and dense urban signage",outputs/gpde_diffusers_sd15_reuse_cfg7p5_seed0_schedule/samples/diffusers/stable_diffusion_15/euler/D-GPDE-reuse-cfg7p5-seed0/cfg_10/seed_001/nfe_010/000026.jpg,outputs/gpde_diffusers_sd15_nfe10_cfg_seed_sweep/schedules/GPDE/diffusers/stable_diffusion_15/euler/cfg_7.5/seed_0/nfe_010,29.558399,1.072248
actual_sd15_reuse_cfg7p5_seed0_schedule,stable_diffusion_15,euler,D-GPDE-reuse-cfg7p5-seed0,7.5,0,10,10,1,diffusers_ablation_prompts,27,"a still life of glass fruit bowls, linen cloth, and silver cutlery, natural light",outputs/gpde_diffusers_sd15_reuse_cfg7p5_seed0_schedule/samples/diffusers/stable_diffusion_15/euler/D-GPDE-reuse-cfg7p5-seed0/cfg_10/seed_001/nfe_010/000027.jpg,outputs/gpde_diffusers_sd15_nfe10_cfg_seed_sweep/schedules/GPDE/diffusers/stable_diffusion_15/euler/cfg_7.5/seed_0/nfe_010,28.644831,-0.081224
actual_sd15_reuse_cfg7p5_seed0_schedule,stable_diffusion_15,euler,D-GPDE-reuse-cfg7p5-seed0,7.5,0,10,10,1,diffusers_ablation_prompts,28,a heroic statue covered in vines in an abandoned futuristic plaza,outputs/gpde_diffusers_sd15_reuse_cfg7p5_seed0_schedule/samples/diffusers/stable_diffusion_15/euler/D-GPDE-reuse-cfg7p5-seed0/cfg_10/seed_001/nfe_010/000028.jpg,outputs/gpde_diffusers_sd15_nfe10_cfg_seed_sweep/schedules/GPDE/diffusers/stable_diffusion_15/euler/cfg_7.5/seed_0/nfe_010,28.270477,-0.913442
actual_sd15_reuse_cfg7p5_seed0_schedule,stable_diffusion_15,euler,D-GPDE-reuse-cfg7p5-seed0,7.5,0,10,10,1,diffusers_ablation_prompts,29,a black and white film photograph of dancers rehearsing in a mirror-lined studio,outputs/gpde_diffusers_sd15_reuse_cfg7p5_seed0_schedule/samples/diffusers/stable_diffusion_15/euler/D-GPDE-reuse-cfg7p5-seed0/cfg_10/seed_001/nfe_010/000029.jpg,outputs/gpde_diffusers_sd15_nfe10_cfg_seed_sweep/schedules/GPDE/diffusers/stable_diffusion_15/euler/cfg_7.5/seed_0/nfe_010,30.169958,0.563740
actual_sd15_reuse_cfg7p5_seed0_schedule,stable_diffusion_15,euler,D-GPDE-reuse-cfg7p5-seed0,7.5,0,10,10,1,diffusers_ablation_prompts,30,"a detailed scene of a spacecraft cockpit during reentry, glowing controls, tense mood",outputs/gpde_diffusers_sd15_reuse_cfg7p5_seed0_schedule/samples/diffusers/stable_diffusion_15/euler/D-GPDE-reuse-cfg7p5-seed0/cfg_10/seed_001/nfe_010/000030.jpg,outputs/gpde_diffusers_sd15_nfe10_cfg_seed_sweep/schedules/GPDE/diffusers/stable_diffusion_15/euler/cfg_7.5/seed_0/nfe_010,23.948994,-1.969259
actual_sd15_reuse_cfg7p5_seed0_schedule,stable_diffusion_15,euler,D-GPDE-reuse-cfg7p5-seed0,7.5,0,10,10,1,diffusers_ablation_prompts,31,a claymation style village bakery with tiny loaves and painted signs,outputs/gpde_diffusers_sd15_reuse_cfg7p5_seed0_schedule/samples/diffusers/stable_diffusion_15/euler/D-GPDE-reuse-cfg7p5-seed0/cfg_10/seed_001/nfe_010/000031.jpg,outputs/gpde_diffusers_sd15_nfe10_cfg_seed_sweep/schedules/GPDE/diffusers/stable_diffusion_15/euler/cfg_7.5/seed_0/nfe_010,26.973640,-0.615497
actual_sd15_reuse_cfg7p5_seed0_schedule,stable_diffusion_15,euler,D-GPDE-reuse-cfg7p5-seed0,7.5,0,10,10,1,diffusers_ablation_prompts,32,a realistic underwater photograph of a diver inspecting an ancient marble column,outputs/gpde_diffusers_sd15_reuse_cfg7p5_seed0_schedule/samples/diffusers/stable_diffusion_15/euler/D-GPDE-reuse-cfg7p5-seed0/cfg_10/seed_001/nfe_010/000032.jpg,outputs/gpde_diffusers_sd15_nfe10_cfg_seed_sweep/schedules/GPDE/diffusers/stable_diffusion_15/euler/cfg_7.5/seed_0/nfe_010,34.320625,-0.165487
actual_sd15_reuse_cfg7p5_seed0_schedule,stable_diffusion_15,euler,D-GPDE-reuse-cfg7p5-seed0,7.5,0,10,10,1,diffusers_ablation_prompts,33,"a minimalist poster of a jazz quartet in deep red, cream, and black",outputs/gpde_diffusers_sd15_reuse_cfg7p5_seed0_schedule/samples/diffusers/stable_diffusion_15/euler/D-GPDE-reuse-cfg7p5-seed0/cfg_10/seed_001/nfe_010/000033.jpg,outputs/gpde_diffusers_sd15_nfe10_cfg_seed_sweep/schedules/GPDE/diffusers/stable_diffusion_15/euler/cfg_7.5/seed_0/nfe_010,28.257626,-2.171010
actual_sd15_reuse_cfg7p5_seed0_schedule,stable_diffusion_15,euler,D-GPDE-reuse-cfg7p5-seed0,7.5,0,10,10,1,diffusers_ablation_prompts,34,a high detail portrait of a queen wearing armor made of mother of pearl,outputs/gpde_diffusers_sd15_reuse_cfg7p5_seed0_schedule/samples/diffusers/stable_diffusion_15/euler/D-GPDE-reuse-cfg7p5-seed0/cfg_10/seed_001/nfe_010/000034.jpg,outputs/gpde_diffusers_sd15_nfe10_cfg_seed_sweep/schedules/GPDE/diffusers/stable_diffusion_15/euler/cfg_7.5/seed_0/nfe_010,29.667669,1.176940
actual_sd15_reuse_cfg7p5_seed0_schedule,stable_diffusion_15,euler,D-GPDE-reuse-cfg7p5-seed0,7.5,0,10,10,1,diffusers_ablation_prompts,35,"a top-down board game map of an island with forests, cliffs, and hidden ruins",outputs/gpde_diffusers_sd15_reuse_cfg7p5_seed0_schedule/samples/diffusers/stable_diffusion_15/euler/D-GPDE-reuse-cfg7p5-seed0/cfg_10/seed_001/nfe_010/000035.jpg,outputs/gpde_diffusers_sd15_nfe10_cfg_seed_sweep/schedules/GPDE/diffusers/stable_diffusion_15/euler/cfg_7.5/seed_0/nfe_010,21.890554,-1.165767
actual_sd15_reuse_cfg7p5_seed0_schedule,stable_diffusion_15,euler,D-GPDE-reuse-cfg7p5-seed0,7.5,0,10,10,1,diffusers_ablation_prompts,36,"a luxury watch exploded view on a dark background, precise gears and screws",outputs/gpde_diffusers_sd15_reuse_cfg7p5_seed0_schedule/samples/diffusers/stable_diffusion_15/euler/D-GPDE-reuse-cfg7p5-seed0/cfg_10/seed_001/nfe_010/000036.jpg,outputs/gpde_diffusers_sd15_nfe10_cfg_seed_sweep/schedules/GPDE/diffusers/stable_diffusion_15/euler/cfg_7.5/seed_0/nfe_010,27.958382,-0.678032
actual_sd15_reuse_cfg7p5_seed0_schedule,stable_diffusion_15,euler,D-GPDE-reuse-cfg7p5-seed0,7.5,0,10,10,1,diffusers_ablation_prompts,37,"a sunlit greenhouse filled with tomatoes, watering cans, and terracotta pots",outputs/gpde_diffusers_sd15_reuse_cfg7p5_seed0_schedule/samples/diffusers/stable_diffusion_15/euler/D-GPDE-reuse-cfg7p5-seed0/cfg_10/seed_001/nfe_010/000037.jpg,outputs/gpde_diffusers_sd15_nfe10_cfg_seed_sweep/schedules/GPDE/diffusers/stable_diffusion_15/euler/cfg_7.5/seed_0/nfe_010,26.430336,-0.559701
actual_sd15_reuse_cfg7p5_seed0_schedule,stable_diffusion_15,euler,D-GPDE-reuse-cfg7p5-seed0,7.5,0,10,10,1,diffusers_ablation_prompts,38,a night landscape of fireflies over a meadow beside a quiet river,outputs/gpde_diffusers_sd15_reuse_cfg7p5_seed0_schedule/samples/diffusers/stable_diffusion_15/euler/D-GPDE-reuse-cfg7p5-seed0/cfg_10/seed_001/nfe_010/000038.jpg,outputs/gpde_diffusers_sd15_nfe10_cfg_seed_sweep/schedules/GPDE/diffusers/stable_diffusion_15/euler/cfg_7.5/seed_0/nfe_010,28.772522,-0.295854
actual_sd15_reuse_cfg7p5_seed0_schedule,stable_diffusion_15,euler,D-GPDE-reuse-cfg7p5-seed0,7.5,0,10,10,1,diffusers_ablation_prompts,39,a realistic photo of a rescue helicopter landing on a snowy mountain ridge,outputs/gpde_diffusers_sd15_reuse_cfg7p5_seed0_schedule/samples/diffusers/stable_diffusion_15/euler/D-GPDE-reuse-cfg7p5-seed0/cfg_10/seed_001/nfe_010/000039.jpg,outputs/gpde_diffusers_sd15_nfe10_cfg_seed_sweep/schedules/GPDE/diffusers/stable_diffusion_15/euler/cfg_7.5/seed_0/nfe_010,31.799364,1.024203
actual_sd15_reuse_cfg7p5_seed0_schedule,stable_diffusion_15,euler,D-GPDE-reuse-cfg7p5-seed0,7.5,0,10,10,1,diffusers_ablation_prompts,40,a concept art scene of a floating research station above Jupiter's clouds,outputs/gpde_diffusers_sd15_reuse_cfg7p5_seed0_schedule/samples/diffusers/stable_diffusion_15/euler/D-GPDE-reuse-cfg7p5-seed0/cfg_10/seed_001/nfe_010/000040.jpg,outputs/gpde_diffusers_sd15_nfe10_cfg_seed_sweep/schedules/GPDE/diffusers/stable_diffusion_15/euler/cfg_7.5/seed_0/nfe_010,28.638393,-0.723759
actual_sd15_reuse_cfg7p5_seed0_schedule,stable_diffusion_15,euler,D-GPDE-reuse-cfg7p5-seed0,7.5,0,10,10,1,diffusers_ablation_prompts,41,a detailed pencil drawing of an old bicycle leaning against a brick wall,outputs/gpde_diffusers_sd15_reuse_cfg7p5_seed0_schedule/samples/diffusers/stable_diffusion_15/euler/D-GPDE-reuse-cfg7p5-seed0/cfg_10/seed_001/nfe_010/000041.jpg,outputs/gpde_diffusers_sd15_nfe10_cfg_seed_sweep/schedules/GPDE/diffusers/stable_diffusion_15/euler/cfg_7.5/seed_0/nfe_010,32.806450,0.977264
actual_sd15_reuse_cfg7p5_seed0_schedule,stable_diffusion_15,euler,D-GPDE-reuse-cfg7p5-seed0,7.5,0,10,10,1,diffusers_ablation_prompts,42,"a museum diorama of prehistoric sea creatures, dramatic educational lighting",outputs/gpde_diffusers_sd15_reuse_cfg7p5_seed0_schedule/samples/diffusers/stable_diffusion_15/euler/D-GPDE-reuse-cfg7p5-seed0/cfg_10/seed_001/nfe_010/000042.jpg,outputs/gpde_diffusers_sd15_nfe10_cfg_seed_sweep/schedules/GPDE/diffusers/stable_diffusion_15/euler/cfg_7.5/seed_0/nfe_010,33.232819,0.383164
actual_sd15_reuse_cfg7p5_seed0_schedule,stable_diffusion_15,euler,D-GPDE-reuse-cfg7p5-seed0,7.5,0,10,10,1,diffusers_ablation_prompts,43,"a peaceful Japanese garden with koi pond, stone bridge, and maple leaves",outputs/gpde_diffusers_sd15_reuse_cfg7p5_seed0_schedule/samples/diffusers/stable_diffusion_15/euler/D-GPDE-reuse-cfg7p5-seed0/cfg_10/seed_001/nfe_010/000043.jpg,outputs/gpde_diffusers_sd15_nfe10_cfg_seed_sweep/schedules/GPDE/diffusers/stable_diffusion_15/euler/cfg_7.5/seed_0/nfe_010,24.152838,-0.623426
actual_sd15_reuse_cfg7p5_seed0_schedule,stable_diffusion_15,euler,D-GPDE-reuse-cfg7p5-seed0,7.5,0,10,10,1,diffusers_ablation_prompts,44,"a close-up food photograph of ramen with soft egg, steam, and ceramic bowl",outputs/gpde_diffusers_sd15_reuse_cfg7p5_seed0_schedule/samples/diffusers/stable_diffusion_15/euler/D-GPDE-reuse-cfg7p5-seed0/cfg_10/seed_001/nfe_010/000044.jpg,outputs/gpde_diffusers_sd15_nfe10_cfg_seed_sweep/schedules/GPDE/diffusers/stable_diffusion_15/euler/cfg_7.5/seed_0/nfe_010,32.063347,0.371557
actual_sd15_reuse_cfg7p5_seed0_schedule,stable_diffusion_15,euler,D-GPDE-reuse-cfg7p5-seed0,7.5,0,10,10,1,diffusers_ablation_prompts,45,a vibrant parade costume covered with mirrors and embroidered flowers,outputs/gpde_diffusers_sd15_reuse_cfg7p5_seed0_schedule/samples/diffusers/stable_diffusion_15/euler/D-GPDE-reuse-cfg7p5-seed0/cfg_10/seed_001/nfe_010/000045.jpg,outputs/gpde_diffusers_sd15_nfe10_cfg_seed_sweep/schedules/GPDE/diffusers/stable_diffusion_15/euler/cfg_7.5/seed_0/nfe_010,29.970854,-0.128923
actual_sd15_reuse_cfg7p5_seed0_schedule,stable_diffusion_15,euler,D-GPDE-reuse-cfg7p5-seed0,7.5,0,10,10,1,diffusers_ablation_prompts,46,a realistic image of a hand-crafted wooden chess set mid game by candlelight,outputs/gpde_diffusers_sd15_reuse_cfg7p5_seed0_schedule/samples/diffusers/stable_diffusion_15/euler/D-GPDE-reuse-cfg7p5-seed0/cfg_10/seed_001/nfe_010/000046.jpg,outputs/gpde_diffusers_sd15_nfe10_cfg_seed_sweep/schedules/GPDE/diffusers/stable_diffusion_15/euler/cfg_7.5/seed_0/nfe_010,26.976931,1.590255
actual_sd15_reuse_cfg7p5_seed0_schedule,stable_diffusion_15,euler,D-GPDE-reuse-cfg7p5-seed0,7.5,0,10,10,1,diffusers_ablation_prompts,47,a wide angle view of a data center corridor with blue status lights,outputs/gpde_diffusers_sd15_reuse_cfg7p5_seed0_schedule/samples/diffusers/stable_diffusion_15/euler/D-GPDE-reuse-cfg7p5-seed0/cfg_10/seed_001/nfe_010/000047.jpg,outputs/gpde_diffusers_sd15_nfe10_cfg_seed_sweep/schedules/GPDE/diffusers/stable_diffusion_15/euler/cfg_7.5/seed_0/nfe_010,19.368416,1.757764
actual_sd15_reuse_cfg7p5_seed0_schedule,stable_diffusion_15,euler,D-GPDE-reuse-cfg7p5-seed0,7.5,0,10,10,1,diffusers_ablation_prompts,48,a magical realism scene of books flying through an old train carriage,outputs/gpde_diffusers_sd15_reuse_cfg7p5_seed0_schedule/samples/diffusers/stable_diffusion_15/euler/D-GPDE-reuse-cfg7p5-seed0/cfg_10/seed_001/nfe_010/000048.jpg,outputs/gpde_diffusers_sd15_nfe10_cfg_seed_sweep/schedules/GPDE/diffusers/stable_diffusion_15/euler/cfg_7.5/seed_0/nfe_010,30.725288,-1.364919
actual_sd15_reuse_cfg7p5_seed0_schedule,stable_diffusion_15,euler,D-GPDE-reuse-cfg7p5-seed0,7.5,0,10,10,1,diffusers_ablation_prompts,49,a studio portrait of a golden retriever wearing aviator goggles and a red scarf,outputs/gpde_diffusers_sd15_reuse_cfg7p5_seed0_schedule/samples/diffusers/stable_diffusion_15/euler/D-GPDE-reuse-cfg7p5-seed0/cfg_10/seed_001/nfe_010/000049.jpg,outputs/gpde_diffusers_sd15_nfe10_cfg_seed_sweep/schedules/GPDE/diffusers/stable_diffusion_15/euler/cfg_7.5/seed_0/nfe_010,29.453526,-0.127706
actual_sd15_reuse_cfg7p5_seed0_schedule,stable_diffusion_15,euler,D-GPDE-reuse-cfg7p5-seed0,7.5,0,10,10,2,diffusers_ablation_prompts,0,"a cinematic portrait of an astronaut botanist in a glass greenhouse on Mars, detailed fabric, soft rim light",outputs/gpde_diffusers_sd15_reuse_cfg7p5_seed0_schedule/samples/diffusers/stable_diffusion_15/euler/D-GPDE-reuse-cfg7p5-seed0/cfg_10/seed_002/nfe_010/000000.jpg,outputs/gpde_diffusers_sd15_nfe10_cfg_seed_sweep/schedules/GPDE/diffusers/stable_diffusion_15/euler/cfg_7.5/seed_0/nfe_010,23.888931,-1.707176
actual_sd15_reuse_cfg7p5_seed0_schedule,stable_diffusion_15,euler,D-GPDE-reuse-cfg7p5-seed0,7.5,0,10,10,2,diffusers_ablation_prompts,1,"a small brass robot repairing an antique clock in a sunlit workshop, shallow depth of field",outputs/gpde_diffusers_sd15_reuse_cfg7p5_seed0_schedule/samples/diffusers/stable_diffusion_15/euler/D-GPDE-reuse-cfg7p5-seed0/cfg_10/seed_002/nfe_010/000001.jpg,outputs/gpde_diffusers_sd15_nfe10_cfg_seed_sweep/schedules/GPDE/diffusers/stable_diffusion_15/euler/cfg_7.5/seed_0/nfe_010,31.355959,-1.395410
actual_sd15_reuse_cfg7p5_seed0_schedule,stable_diffusion_15,euler,D-GPDE-reuse-cfg7p5-seed0,7.5,0,10,10,2,diffusers_ablation_prompts,2,"a watercolor city street after rain with neon signs reflected in puddles, evening atmosphere",outputs/gpde_diffusers_sd15_reuse_cfg7p5_seed0_schedule/samples/diffusers/stable_diffusion_15/euler/D-GPDE-reuse-cfg7p5-seed0/cfg_10/seed_002/nfe_010/000002.jpg,outputs/gpde_diffusers_sd15_nfe10_cfg_seed_sweep/schedules/GPDE/diffusers/stable_diffusion_15/euler/cfg_7.5/seed_0/nfe_010,28.181696,0.674585
actual_sd15_reuse_cfg7p5_seed0_schedule,stable_diffusion_15,euler,D-GPDE-reuse-cfg7p5-seed0,7.5,0,10,10,2,diffusers_ablation_prompts,3,a high resolution studio photo of a ceramic teapot shaped like a seashell on a slate table,outputs/gpde_diffusers_sd15_reuse_cfg7p5_seed0_schedule/samples/diffusers/stable_diffusion_15/euler/D-GPDE-reuse-cfg7p5-seed0/cfg_10/seed_002/nfe_010/000003.jpg,outputs/gpde_diffusers_sd15_nfe10_cfg_seed_sweep/schedules/GPDE/diffusers/stable_diffusion_15/euler/cfg_7.5/seed_0/nfe_010,32.828487,1.425898
actual_sd15_reuse_cfg7p5_seed0_schedule,stable_diffusion_15,euler,D-GPDE-reuse-cfg7p5-seed0,7.5,0,10,10,2,diffusers_ablation_prompts,4,"a fantasy library carved inside a giant tree, spiral stairs, warm lanterns, intricate shelves",outputs/gpde_diffusers_sd15_reuse_cfg7p5_seed0_schedule/samples/diffusers/stable_diffusion_15/euler/D-GPDE-reuse-cfg7p5-seed0/cfg_10/seed_002/nfe_010/000004.jpg,outputs/gpde_diffusers_sd15_nfe10_cfg_seed_sweep/schedules/GPDE/diffusers/stable_diffusion_15/euler/cfg_7.5/seed_0/nfe_010,27.553856,-0.170058
actual_sd15_reuse_cfg7p5_seed0_schedule,stable_diffusion_15,euler,D-GPDE-reuse-cfg7p5-seed0,7.5,0,10,10,2,diffusers_ablation_prompts,5,"a macro photograph of a snowflake resting on dark wool, crisp crystalline detail",outputs/gpde_diffusers_sd15_reuse_cfg7p5_seed0_schedule/samples/diffusers/stable_diffusion_15/euler/D-GPDE-reuse-cfg7p5-seed0/cfg_10/seed_002/nfe_010/000005.jpg,outputs/gpde_diffusers_sd15_nfe10_cfg_seed_sweep/schedules/GPDE/diffusers/stable_diffusion_15/euler/cfg_7.5/seed_0/nfe_010,27.642076,0.095960
actual_sd15_reuse_cfg7p5_seed0_schedule,stable_diffusion_15,euler,D-GPDE-reuse-cfg7p5-seed0,7.5,0,10,10,2,diffusers_ablation_prompts,6,"a retro futuristic train crossing a desert at sunset, chrome surfaces, long shadows",outputs/gpde_diffusers_sd15_reuse_cfg7p5_seed0_schedule/samples/diffusers/stable_diffusion_15/euler/D-GPDE-reuse-cfg7p5-seed0/cfg_10/seed_002/nfe_010/000006.jpg,outputs/gpde_diffusers_sd15_nfe10_cfg_seed_sweep/schedules/GPDE/diffusers/stable_diffusion_15/euler/cfg_7.5/seed_0/nfe_010,29.345762,1.163896
actual_sd15_reuse_cfg7p5_seed0_schedule,stable_diffusion_15,euler,D-GPDE-reuse-cfg7p5-seed0,7.5,0,10,10,2,diffusers_ablation_prompts,7,"a chef plating a colorful molecular gastronomy dessert, clean restaurant lighting",outputs/gpde_diffusers_sd15_reuse_cfg7p5_seed0_schedule/samples/diffusers/stable_diffusion_15/euler/D-GPDE-reuse-cfg7p5-seed0/cfg_10/seed_002/nfe_010/000007.jpg,outputs/gpde_diffusers_sd15_nfe10_cfg_seed_sweep/schedules/GPDE/diffusers/stable_diffusion_15/euler/cfg_7.5/seed_0/nfe_010,31.212542,1.401942
actual_sd15_reuse_cfg7p5_seed0_schedule,stable_diffusion_15,euler,D-GPDE-reuse-cfg7p5-seed0,7.5,0,10,10,2,diffusers_ablation_prompts,8,"an isometric cozy bedroom with plants, books, a desk lamp, and a rainy window",outputs/gpde_diffusers_sd15_reuse_cfg7p5_seed0_schedule/samples/diffusers/stable_diffusion_15/euler/D-GPDE-reuse-cfg7p5-seed0/cfg_10/seed_002/nfe_010/000008.jpg,outputs/gpde_diffusers_sd15_nfe10_cfg_seed_sweep/schedules/GPDE/diffusers/stable_diffusion_15/euler/cfg_7.5/seed_0/nfe_010,32.912319,0.690991
actual_sd15_reuse_cfg7p5_seed0_schedule,stable_diffusion_15,euler,D-GPDE-reuse-cfg7p5-seed0,7.5,0,10,10,2,diffusers_ablation_prompts,9,"a dramatic mountain monastery above clouds, sunrise, detailed stone architecture",outputs/gpde_diffusers_sd15_reuse_cfg7p5_seed0_schedule/samples/diffusers/stable_diffusion_15/euler/D-GPDE-reuse-cfg7p5-seed0/cfg_10/seed_002/nfe_010/000009.jpg,outputs/gpde_diffusers_sd15_nfe10_cfg_seed_sweep/schedules/GPDE/diffusers/stable_diffusion_15/euler/cfg_7.5/seed_0/nfe_010,32.130527,1.841773
actual_sd15_reuse_cfg7p5_seed0_schedule,stable_diffusion_15,euler,D-GPDE-reuse-cfg7p5-seed0,7.5,0,10,10,2,diffusers_ablation_prompts,10,a fashion editorial photo of a model wearing a translucent raincoat in Tokyo at night,outputs/gpde_diffusers_sd15_reuse_cfg7p5_seed0_schedule/samples/diffusers/stable_diffusion_15/euler/D-GPDE-reuse-cfg7p5-seed0/cfg_10/seed_002/nfe_010/000010.jpg,outputs/gpde_diffusers_sd15_nfe10_cfg_seed_sweep/schedules/GPDE/diffusers/stable_diffusion_15/euler/cfg_7.5/seed_0/nfe_010,35.964714,0.783284
actual_sd15_reuse_cfg7p5_seed0_schedule,stable_diffusion_15,euler,D-GPDE-reuse-cfg7p5-seed0,7.5,0,10,10,2,diffusers_ablation_prompts,11,a realistic red fox statue made of folded paper on a white museum pedestal,outputs/gpde_diffusers_sd15_reuse_cfg7p5_seed0_schedule/samples/diffusers/stable_diffusion_15/euler/D-GPDE-reuse-cfg7p5-seed0/cfg_10/seed_002/nfe_010/000011.jpg,outputs/gpde_diffusers_sd15_nfe10_cfg_seed_sweep/schedules/GPDE/diffusers/stable_diffusion_15/euler/cfg_7.5/seed_0/nfe_010,33.555977,1.268164
actual_sd15_reuse_cfg7p5_seed0_schedule,stable_diffusion_15,euler,D-GPDE-reuse-cfg7p5-seed0,7.5,0,10,10,2,diffusers_ablation_prompts,12,a detailed cutaway illustration of a tiny submarine exploring a coral reef,outputs/gpde_diffusers_sd15_reuse_cfg7p5_seed0_schedule/samples/diffusers/stable_diffusion_15/euler/D-GPDE-reuse-cfg7p5-seed0/cfg_10/seed_002/nfe_010/000012.jpg,outputs/gpde_diffusers_sd15_nfe10_cfg_seed_sweep/schedules/GPDE/diffusers/stable_diffusion_15/euler/cfg_7.5/seed_0/nfe_010,34.712437,-0.576344
actual_sd15_reuse_cfg7p5_seed0_schedule,stable_diffusion_15,euler,D-GPDE-reuse-cfg7p5-seed0,7.5,0,10,10,2,diffusers_ablation_prompts,13,a product photo of wireless headphones on brushed aluminum with blue accent lighting,outputs/gpde_diffusers_sd15_reuse_cfg7p5_seed0_schedule/samples/diffusers/stable_diffusion_15/euler/D-GPDE-reuse-cfg7p5-seed0/cfg_10/seed_002/nfe_010/000013.jpg,outputs/gpde_diffusers_sd15_nfe10_cfg_seed_sweep/schedules/GPDE/diffusers/stable_diffusion_15/euler/cfg_7.5/seed_0/nfe_010,23.095299,0.205837
actual_sd15_reuse_cfg7p5_seed0_schedule,stable_diffusion_15,euler,D-GPDE-reuse-cfg7p5-seed0,7.5,0,10,10,2,diffusers_ablation_prompts,14,"a medieval market square during a festival, banners, musicians, detailed crowd",outputs/gpde_diffusers_sd15_reuse_cfg7p5_seed0_schedule/samples/diffusers/stable_diffusion_15/euler/D-GPDE-reuse-cfg7p5-seed0/cfg_10/seed_002/nfe_010/000014.jpg,outputs/gpde_diffusers_sd15_nfe10_cfg_seed_sweep/schedules/GPDE/diffusers/stable_diffusion_15/euler/cfg_7.5/seed_0/nfe_010,29.332075,0.063367
actual_sd15_reuse_cfg7p5_seed0_schedule,stable_diffusion_15,euler,D-GPDE-reuse-cfg7p5-seed0,7.5,0,10,10,2,diffusers_ablation_prompts,15,an oil painting of a violinist performing in an empty subway station,outputs/gpde_diffusers_sd15_reuse_cfg7p5_seed0_schedule/samples/diffusers/stable_diffusion_15/euler/D-GPDE-reuse-cfg7p5-seed0/cfg_10/seed_002/nfe_010/000015.jpg,outputs/gpde_diffusers_sd15_nfe10_cfg_seed_sweep/schedules/GPDE/diffusers/stable_diffusion_15/euler/cfg_7.5/seed_0/nfe_010,38.875122,1.677123
actual_sd15_reuse_cfg7p5_seed0_schedule,stable_diffusion_15,euler,D-GPDE-reuse-cfg7p5-seed0,7.5,0,10,10,2,diffusers_ablation_prompts,16,"a close-up portrait of an elderly sailor, weathered skin, navy coat, overcast harbor",outputs/gpde_diffusers_sd15_reuse_cfg7p5_seed0_schedule/samples/diffusers/stable_diffusion_15/euler/D-GPDE-reuse-cfg7p5-seed0/cfg_10/seed_002/nfe_010/000016.jpg,outputs/gpde_diffusers_sd15_nfe10_cfg_seed_sweep/schedules/GPDE/diffusers/stable_diffusion_15/euler/cfg_7.5/seed_0/nfe_010,31.189138,1.260305
actual_sd15_reuse_cfg7p5_seed0_schedule,stable_diffusion_15,euler,D-GPDE-reuse-cfg7p5-seed0,7.5,0,10,10,2,diffusers_ablation_prompts,17,a clean architectural rendering of a modern cabin beside a frozen lake,outputs/gpde_diffusers_sd15_reuse_cfg7p5_seed0_schedule/samples/diffusers/stable_diffusion_15/euler/D-GPDE-reuse-cfg7p5-seed0/cfg_10/seed_002/nfe_010/000017.jpg,outputs/gpde_diffusers_sd15_nfe10_cfg_seed_sweep/schedules/GPDE/diffusers/stable_diffusion_15/euler/cfg_7.5/seed_0/nfe_010,32.014595,-1.099188
actual_sd15_reuse_cfg7p5_seed0_schedule,stable_diffusion_15,euler,D-GPDE-reuse-cfg7p5-seed0,7.5,0,10,10,2,diffusers_ablation_prompts,18,a surreal desert filled with floating glass spheres and distant black mountains,outputs/gpde_diffusers_sd15_reuse_cfg7p5_seed0_schedule/samples/diffusers/stable_diffusion_15/euler/D-GPDE-reuse-cfg7p5-seed0/cfg_10/seed_002/nfe_010/000018.jpg,outputs/gpde_diffusers_sd15_nfe10_cfg_seed_sweep/schedules/GPDE/diffusers/stable_diffusion_15/euler/cfg_7.5/seed_0/nfe_010,26.010529,-1.562587
actual_sd15_reuse_cfg7p5_seed0_schedule,stable_diffusion_15,euler,D-GPDE-reuse-cfg7p5-seed0,7.5,0,10,10,2,diffusers_ablation_prompts,19,a documentary photo of a scientist collecting ice cores in Antarctica,outputs/gpde_diffusers_sd15_reuse_cfg7p5_seed0_schedule/samples/diffusers/stable_diffusion_15/euler/D-GPDE-reuse-cfg7p5-seed0/cfg_10/seed_002/nfe_010/000019.jpg,outputs/gpde_diffusers_sd15_nfe10_cfg_seed_sweep/schedules/GPDE/diffusers/stable_diffusion_15/euler/cfg_7.5/seed_0/nfe_010,29.099453,0.347150
actual_sd15_reuse_cfg7p5_seed0_schedule,stable_diffusion_15,euler,D-GPDE-reuse-cfg7p5-seed0,7.5,0,10,10,2,diffusers_ablation_prompts,20,a detailed 3D render of a mechanical hummingbird with copper wings,outputs/gpde_diffusers_sd15_reuse_cfg7p5_seed0_schedule/samples/diffusers/stable_diffusion_15/euler/D-GPDE-reuse-cfg7p5-seed0/cfg_10/seed_002/nfe_010/000020.jpg,outputs/gpde_diffusers_sd15_nfe10_cfg_seed_sweep/schedules/GPDE/diffusers/stable_diffusion_15/euler/cfg_7.5/seed_0/nfe_010,33.448219,0.431050
actual_sd15_reuse_cfg7p5_seed0_schedule,stable_diffusion_15,euler,D-GPDE-reuse-cfg7p5-seed0,7.5,0,10,10,2,diffusers_ablation_prompts,21,"a cozy cafe interior in autumn, pastries, espresso machine, soft morning light",outputs/gpde_diffusers_sd15_reuse_cfg7p5_seed0_schedule/samples/diffusers/stable_diffusion_15/euler/D-GPDE-reuse-cfg7p5-seed0/cfg_10/seed_002/nfe_010/000021.jpg,outputs/gpde_diffusers_sd15_nfe10_cfg_seed_sweep/schedules/GPDE/diffusers/stable_diffusion_15/euler/cfg_7.5/seed_0/nfe_010,31.213781,-1.034467
actual_sd15_reuse_cfg7p5_seed0_schedule,stable_diffusion_15,euler,D-GPDE-reuse-cfg7p5-seed0,7.5,0,10,10,2,diffusers_ablation_prompts,22,"a panoramic view of terraced rice fields under mist, workers in colorful clothing",outputs/gpde_diffusers_sd15_reuse_cfg7p5_seed0_schedule/samples/diffusers/stable_diffusion_15/euler/D-GPDE-reuse-cfg7p5-seed0/cfg_10/seed_002/nfe_010/000022.jpg,outputs/gpde_diffusers_sd15_nfe10_cfg_seed_sweep/schedules/GPDE/diffusers/stable_diffusion_15/euler/cfg_7.5/seed_0/nfe_010,27.570486,0.631817
actual_sd15_reuse_cfg7p5_seed0_schedule,stable_diffusion_15,euler,D-GPDE-reuse-cfg7p5-seed0,7.5,0,10,10,2,diffusers_ablation_prompts,23,a children's book illustration of a moonlit boat parade on a quiet canal,outputs/gpde_diffusers_sd15_reuse_cfg7p5_seed0_schedule/samples/diffusers/stable_diffusion_15/euler/D-GPDE-reuse-cfg7p5-seed0/cfg_10/seed_002/nfe_010/000023.jpg,outputs/gpde_diffusers_sd15_nfe10_cfg_seed_sweep/schedules/GPDE/diffusers/stable_diffusion_15/euler/cfg_7.5/seed_0/nfe_010,30.127958,-0.153125
actual_sd15_reuse_cfg7p5_seed0_schedule,stable_diffusion_15,euler,D-GPDE-reuse-cfg7p5-seed0,7.5,0,10,10,2,diffusers_ablation_prompts,24,"a realistic sports car parked in a concrete tunnel, reflections, low angle",outputs/gpde_diffusers_sd15_reuse_cfg7p5_seed0_schedule/samples/diffusers/stable_diffusion_15/euler/D-GPDE-reuse-cfg7p5-seed0/cfg_10/seed_002/nfe_010/000024.jpg,outputs/gpde_diffusers_sd15_nfe10_cfg_seed_sweep/schedules/GPDE/diffusers/stable_diffusion_15/euler/cfg_7.5/seed_0/nfe_010,26.976490,0.922910
actual_sd15_reuse_cfg7p5_seed0_schedule,stable_diffusion_15,euler,D-GPDE-reuse-cfg7p5-seed0,7.5,0,10,10,2,diffusers_ablation_prompts,25,"a botanical diagram of rare orchids with labeled roots and petals, archival paper",outputs/gpde_diffusers_sd15_reuse_cfg7p5_seed0_schedule/samples/diffusers/stable_diffusion_15/euler/D-GPDE-reuse-cfg7p5-seed0/cfg_10/seed_002/nfe_010/000025.jpg,outputs/gpde_diffusers_sd15_nfe10_cfg_seed_sweep/schedules/GPDE/diffusers/stable_diffusion_15/euler/cfg_7.5/seed_0/nfe_010,30.637295,1.050427
actual_sd15_reuse_cfg7p5_seed0_schedule,stable_diffusion_15,euler,D-GPDE-reuse-cfg7p5-seed0,7.5,0,10,10,2,diffusers_ablation_prompts,26,"a cyberpunk street food stall with steam, lanterns, and dense urban signage",outputs/gpde_diffusers_sd15_reuse_cfg7p5_seed0_schedule/samples/diffusers/stable_diffusion_15/euler/D-GPDE-reuse-cfg7p5-seed0/cfg_10/seed_002/nfe_010/000026.jpg,outputs/gpde_diffusers_sd15_nfe10_cfg_seed_sweep/schedules/GPDE/diffusers/stable_diffusion_15/euler/cfg_7.5/seed_0/nfe_010,29.514786,0.135561
actual_sd15_reuse_cfg7p5_seed0_schedule,stable_diffusion_15,euler,D-GPDE-reuse-cfg7p5-seed0,7.5,0,10,10,2,diffusers_ablation_prompts,27,"a still life of glass fruit bowls, linen cloth, and silver cutlery, natural light",outputs/gpde_diffusers_sd15_reuse_cfg7p5_seed0_schedule/samples/diffusers/stable_diffusion_15/euler/D-GPDE-reuse-cfg7p5-seed0/cfg_10/seed_002/nfe_010/000027.jpg,outputs/gpde_diffusers_sd15_nfe10_cfg_seed_sweep/schedules/GPDE/diffusers/stable_diffusion_15/euler/cfg_7.5/seed_0/nfe_010,29.514471,-1.919958
actual_sd15_reuse_cfg7p5_seed0_schedule,stable_diffusion_15,euler,D-GPDE-reuse-cfg7p5-seed0,7.5,0,10,10,2,diffusers_ablation_prompts,28,a heroic statue covered in vines in an abandoned futuristic plaza,outputs/gpde_diffusers_sd15_reuse_cfg7p5_seed0_schedule/samples/diffusers/stable_diffusion_15/euler/D-GPDE-reuse-cfg7p5-seed0/cfg_10/seed_002/nfe_010/000028.jpg,outputs/gpde_diffusers_sd15_nfe10_cfg_seed_sweep/schedules/GPDE/diffusers/stable_diffusion_15/euler/cfg_7.5/seed_0/nfe_010,31.422031,0.317090
actual_sd15_reuse_cfg7p5_seed0_schedule,stable_diffusion_15,euler,D-GPDE-reuse-cfg7p5-seed0,7.5,0,10,10,2,diffusers_ablation_prompts,29,a black and white film photograph of dancers rehearsing in a mirror-lined studio,outputs/gpde_diffusers_sd15_reuse_cfg7p5_seed0_schedule/samples/diffusers/stable_diffusion_15/euler/D-GPDE-reuse-cfg7p5-seed0/cfg_10/seed_002/nfe_010/000029.jpg,outputs/gpde_diffusers_sd15_nfe10_cfg_seed_sweep/schedules/GPDE/diffusers/stable_diffusion_15/euler/cfg_7.5/seed_0/nfe_010,29.596573,-0.396758
actual_sd15_reuse_cfg7p5_seed0_schedule,stable_diffusion_15,euler,D-GPDE-reuse-cfg7p5-seed0,7.5,0,10,10,2,diffusers_ablation_prompts,30,"a detailed scene of a spacecraft cockpit during reentry, glowing controls, tense mood",outputs/gpde_diffusers_sd15_reuse_cfg7p5_seed0_schedule/samples/diffusers/stable_diffusion_15/euler/D-GPDE-reuse-cfg7p5-seed0/cfg_10/seed_002/nfe_010/000030.jpg,outputs/gpde_diffusers_sd15_nfe10_cfg_seed_sweep/schedules/GPDE/diffusers/stable_diffusion_15/euler/cfg_7.5/seed_0/nfe_010,28.605408,-1.050484
actual_sd15_reuse_cfg7p5_seed0_schedule,stable_diffusion_15,euler,D-GPDE-reuse-cfg7p5-seed0,7.5,0,10,10,2,diffusers_ablation_prompts,31,a claymation style village bakery with tiny loaves and painted signs,outputs/gpde_diffusers_sd15_reuse_cfg7p5_seed0_schedule/samples/diffusers/stable_diffusion_15/euler/D-GPDE-reuse-cfg7p5-seed0/cfg_10/seed_002/nfe_010/000031.jpg,outputs/gpde_diffusers_sd15_nfe10_cfg_seed_sweep/schedules/GPDE/diffusers/stable_diffusion_15/euler/cfg_7.5/seed_0/nfe_010,32.229340,-0.237343
actual_sd15_reuse_cfg7p5_seed0_schedule,stable_diffusion_15,euler,D-GPDE-reuse-cfg7p5-seed0,7.5,0,10,10,2,diffusers_ablation_prompts,32,a realistic underwater photograph of a diver inspecting an ancient marble column,outputs/gpde_diffusers_sd15_reuse_cfg7p5_seed0_schedule/samples/diffusers/stable_diffusion_15/euler/D-GPDE-reuse-cfg7p5-seed0/cfg_10/seed_002/nfe_010/000032.jpg,outputs/gpde_diffusers_sd15_nfe10_cfg_seed_sweep/schedules/GPDE/diffusers/stable_diffusion_15/euler/cfg_7.5/seed_0/nfe_010,31.335962,1.178370
actual_sd15_reuse_cfg7p5_seed0_schedule,stable_diffusion_15,euler,D-GPDE-reuse-cfg7p5-seed0,7.5,0,10,10,2,diffusers_ablation_prompts,33,"a minimalist poster of a jazz quartet in deep red, cream, and black",outputs/gpde_diffusers_sd15_reuse_cfg7p5_seed0_schedule/samples/diffusers/stable_diffusion_15/euler/D-GPDE-reuse-cfg7p5-seed0/cfg_10/seed_002/nfe_010/000033.jpg,outputs/gpde_diffusers_sd15_nfe10_cfg_seed_sweep/schedules/GPDE/diffusers/stable_diffusion_15/euler/cfg_7.5/seed_0/nfe_010,30.206438,-1.016658
actual_sd15_reuse_cfg7p5_seed0_schedule,stable_diffusion_15,euler,D-GPDE-reuse-cfg7p5-seed0,7.5,0,10,10,2,diffusers_ablation_prompts,34,a high detail portrait of a queen wearing armor made of mother of pearl,outputs/gpde_diffusers_sd15_reuse_cfg7p5_seed0_schedule/samples/diffusers/stable_diffusion_15/euler/D-GPDE-reuse-cfg7p5-seed0/cfg_10/seed_002/nfe_010/000034.jpg,outputs/gpde_diffusers_sd15_nfe10_cfg_seed_sweep/schedules/GPDE/diffusers/stable_diffusion_15/euler/cfg_7.5/seed_0/nfe_010,26.404139,1.518776
actual_sd15_reuse_cfg7p5_seed0_schedule,stable_diffusion_15,euler,D-GPDE-reuse-cfg7p5-seed0,7.5,0,10,10,2,diffusers_ablation_prompts,35,"a top-down board game map of an island with forests, cliffs, and hidden ruins",outputs/gpde_diffusers_sd15_reuse_cfg7p5_seed0_schedule/samples/diffusers/stable_diffusion_15/euler/D-GPDE-reuse-cfg7p5-seed0/cfg_10/seed_002/nfe_010/000035.jpg,outputs/gpde_diffusers_sd15_nfe10_cfg_seed_sweep/schedules/GPDE/diffusers/stable_diffusion_15/euler/cfg_7.5/seed_0/nfe_010,27.441204,-1.113177
actual_sd15_reuse_cfg7p5_seed0_schedule,stable_diffusion_15,euler,D-GPDE-reuse-cfg7p5-seed0,7.5,0,10,10,2,diffusers_ablation_prompts,36,"a luxury watch exploded view on a dark background, precise gears and screws",outputs/gpde_diffusers_sd15_reuse_cfg7p5_seed0_schedule/samples/diffusers/stable_diffusion_15/euler/D-GPDE-reuse-cfg7p5-seed0/cfg_10/seed_002/nfe_010/000036.jpg,outputs/gpde_diffusers_sd15_nfe10_cfg_seed_sweep/schedules/GPDE/diffusers/stable_diffusion_15/euler/cfg_7.5/seed_0/nfe_010,26.841024,0.560887
actual_sd15_reuse_cfg7p5_seed0_schedule,stable_diffusion_15,euler,D-GPDE-reuse-cfg7p5-seed0,7.5,0,10,10,2,diffusers_ablation_prompts,37,"a sunlit greenhouse filled with tomatoes, watering cans, and terracotta pots",outputs/gpde_diffusers_sd15_reuse_cfg7p5_seed0_schedule/samples/diffusers/stable_diffusion_15/euler/D-GPDE-reuse-cfg7p5-seed0/cfg_10/seed_002/nfe_010/000037.jpg,outputs/gpde_diffusers_sd15_nfe10_cfg_seed_sweep/schedules/GPDE/diffusers/stable_diffusion_15/euler/cfg_7.5/seed_0/nfe_010,27.281479,-0.286710
actual_sd15_reuse_cfg7p5_seed0_schedule,stable_diffusion_15,euler,D-GPDE-reuse-cfg7p5-seed0,7.5,0,10,10,2,diffusers_ablation_prompts,38,a night landscape of fireflies over a meadow beside a quiet river,outputs/gpde_diffusers_sd15_reuse_cfg7p5_seed0_schedule/samples/diffusers/stable_diffusion_15/euler/D-GPDE-reuse-cfg7p5-seed0/cfg_10/seed_002/nfe_010/000038.jpg,outputs/gpde_diffusers_sd15_nfe10_cfg_seed_sweep/schedules/GPDE/diffusers/stable_diffusion_15/euler/cfg_7.5/seed_0/nfe_010,29.856337,-0.993705
actual_sd15_reuse_cfg7p5_seed0_schedule,stable_diffusion_15,euler,D-GPDE-reuse-cfg7p5-seed0,7.5,0,10,10,2,diffusers_ablation_prompts,39,a realistic photo of a rescue helicopter landing on a snowy mountain ridge,outputs/gpde_diffusers_sd15_reuse_cfg7p5_seed0_schedule/samples/diffusers/stable_diffusion_15/euler/D-GPDE-reuse-cfg7p5-seed0/cfg_10/seed_002/nfe_010/000039.jpg,outputs/gpde_diffusers_sd15_nfe10_cfg_seed_sweep/schedules/GPDE/diffusers/stable_diffusion_15/euler/cfg_7.5/seed_0/nfe_010,30.359566,0.841901
actual_sd15_reuse_cfg7p5_seed0_schedule,stable_diffusion_15,euler,D-GPDE-reuse-cfg7p5-seed0,7.5,0,10,10,2,diffusers_ablation_prompts,40,a concept art scene of a floating research station above Jupiter's clouds,outputs/gpde_diffusers_sd15_reuse_cfg7p5_seed0_schedule/samples/diffusers/stable_diffusion_15/euler/D-GPDE-reuse-cfg7p5-seed0/cfg_10/seed_002/nfe_010/000040.jpg,outputs/gpde_diffusers_sd15_nfe10_cfg_seed_sweep/schedules/GPDE/diffusers/stable_diffusion_15/euler/cfg_7.5/seed_0/nfe_010,28.748846,0.668664
actual_sd15_reuse_cfg7p5_seed0_schedule,stable_diffusion_15,euler,D-GPDE-reuse-cfg7p5-seed0,7.5,0,10,10,2,diffusers_ablation_prompts,41,a detailed pencil drawing of an old bicycle leaning against a brick wall,outputs/gpde_diffusers_sd15_reuse_cfg7p5_seed0_schedule/samples/diffusers/stable_diffusion_15/euler/D-GPDE-reuse-cfg7p5-seed0/cfg_10/seed_002/nfe_010/000041.jpg,outputs/gpde_diffusers_sd15_nfe10_cfg_seed_sweep/schedules/GPDE/diffusers/stable_diffusion_15/euler/cfg_7.5/seed_0/nfe_010,34.919960,1.140203
actual_sd15_reuse_cfg7p5_seed0_schedule,stable_diffusion_15,euler,D-GPDE-reuse-cfg7p5-seed0,7.5,0,10,10,2,diffusers_ablation_prompts,42,"a museum diorama of prehistoric sea creatures, dramatic educational lighting",outputs/gpde_diffusers_sd15_reuse_cfg7p5_seed0_schedule/samples/diffusers/stable_diffusion_15/euler/D-GPDE-reuse-cfg7p5-seed0/cfg_10/seed_002/nfe_010/000042.jpg,outputs/gpde_diffusers_sd15_nfe10_cfg_seed_sweep/schedules/GPDE/diffusers/stable_diffusion_15/euler/cfg_7.5/seed_0/nfe_010,31.164095,-0.139843
actual_sd15_reuse_cfg7p5_seed0_schedule,stable_diffusion_15,euler,D-GPDE-reuse-cfg7p5-seed0,7.5,0,10,10,2,diffusers_ablation_prompts,43,"a peaceful Japanese garden with koi pond, stone bridge, and maple leaves",outputs/gpde_diffusers_sd15_reuse_cfg7p5_seed0_schedule/samples/diffusers/stable_diffusion_15/euler/D-GPDE-reuse-cfg7p5-seed0/cfg_10/seed_002/nfe_010/000043.jpg,outputs/gpde_diffusers_sd15_nfe10_cfg_seed_sweep/schedules/GPDE/diffusers/stable_diffusion_15/euler/cfg_7.5/seed_0/nfe_010,28.296925,-1.521819
actual_sd15_reuse_cfg7p5_seed0_schedule,stable_diffusion_15,euler,D-GPDE-reuse-cfg7p5-seed0,7.5,0,10,10,2,diffusers_ablation_prompts,44,"a close-up food photograph of ramen with soft egg, steam, and ceramic bowl",outputs/gpde_diffusers_sd15_reuse_cfg7p5_seed0_schedule/samples/diffusers/stable_diffusion_15/euler/D-GPDE-reuse-cfg7p5-seed0/cfg_10/seed_002/nfe_010/000044.jpg,outputs/gpde_diffusers_sd15_nfe10_cfg_seed_sweep/schedules/GPDE/diffusers/stable_diffusion_15/euler/cfg_7.5/seed_0/nfe_010,30.316364,0.609321
actual_sd15_reuse_cfg7p5_seed0_schedule,stable_diffusion_15,euler,D-GPDE-reuse-cfg7p5-seed0,7.5,0,10,10,2,diffusers_ablation_prompts,45,a vibrant parade costume covered with mirrors and embroidered flowers,outputs/gpde_diffusers_sd15_reuse_cfg7p5_seed0_schedule/samples/diffusers/stable_diffusion_15/euler/D-GPDE-reuse-cfg7p5-seed0/cfg_10/seed_002/nfe_010/000045.jpg,outputs/gpde_diffusers_sd15_nfe10_cfg_seed_sweep/schedules/GPDE/diffusers/stable_diffusion_15/euler/cfg_7.5/seed_0/nfe_010,30.515429,-0.168221
actual_sd15_reuse_cfg7p5_seed0_schedule,stable_diffusion_15,euler,D-GPDE-reuse-cfg7p5-seed0,7.5,0,10,10,2,diffusers_ablation_prompts,46,a realistic image of a hand-crafted wooden chess set mid game by candlelight,outputs/gpde_diffusers_sd15_reuse_cfg7p5_seed0_schedule/samples/diffusers/stable_diffusion_15/euler/D-GPDE-reuse-cfg7p5-seed0/cfg_10/seed_002/nfe_010/000046.jpg,outputs/gpde_diffusers_sd15_nfe10_cfg_seed_sweep/schedules/GPDE/diffusers/stable_diffusion_15/euler/cfg_7.5/seed_0/nfe_010,26.714035,-0.593731
actual_sd15_reuse_cfg7p5_seed0_schedule,stable_diffusion_15,euler,D-GPDE-reuse-cfg7p5-seed0,7.5,0,10,10,2,diffusers_ablation_prompts,47,a wide angle view of a data center corridor with blue status lights,outputs/gpde_diffusers_sd15_reuse_cfg7p5_seed0_schedule/samples/diffusers/stable_diffusion_15/euler/D-GPDE-reuse-cfg7p5-seed0/cfg_10/seed_002/nfe_010/000047.jpg,outputs/gpde_diffusers_sd15_nfe10_cfg_seed_sweep/schedules/GPDE/diffusers/stable_diffusion_15/euler/cfg_7.5/seed_0/nfe_010,17.907875,1.343234
actual_sd15_reuse_cfg7p5_seed0_schedule,stable_diffusion_15,euler,D-GPDE-reuse-cfg7p5-seed0,7.5,0,10,10,2,diffusers_ablation_prompts,48,a magical realism scene of books flying through an old train carriage,outputs/gpde_diffusers_sd15_reuse_cfg7p5_seed0_schedule/samples/diffusers/stable_diffusion_15/euler/D-GPDE-reuse-cfg7p5-seed0/cfg_10/seed_002/nfe_010/000048.jpg,outputs/gpde_diffusers_sd15_nfe10_cfg_seed_sweep/schedules/GPDE/diffusers/stable_diffusion_15/euler/cfg_7.5/seed_0/nfe_010,24.537457,-1.895783
actual_sd15_reuse_cfg7p5_seed0_schedule,stable_diffusion_15,euler,D-GPDE-reuse-cfg7p5-seed0,7.5,0,10,10,2,diffusers_ablation_prompts,49,a studio portrait of a golden retriever wearing aviator goggles and a red scarf,outputs/gpde_diffusers_sd15_reuse_cfg7p5_seed0_schedule/samples/diffusers/stable_diffusion_15/euler/D-GPDE-reuse-cfg7p5-seed0/cfg_10/seed_002/nfe_010/000049.jpg,outputs/gpde_diffusers_sd15_nfe10_cfg_seed_sweep/schedules/GPDE/diffusers/stable_diffusion_15/euler/cfg_7.5/seed_0/nfe_010,34.207928,1.636545
