backend,model_asset,solver,schedule,nfe,seed,guidance_scale,prompt_index,prompt,image_path,schedule_dir,output_dir,clip_score,image_reward
diffusers,hf_sdxl_base_10,euler,GPDE,10,0,5.0,0,"a cinematic portrait of an astronaut botanist in a glass greenhouse on Mars, detailed fabric, soft rim light",outputs/gpde_diffusers_sdxl_nfe10_cfg_seed_sweep/samples/diffusers/sdxl/euler/cfg_5/GPDE/seed_000/nfe_010/000000.jpg,outputs/gpde_diffusers_sdxl_nfe10_cfg_seed_sweep/schedules/GPDE/diffusers/sdxl/euler/cfg_5/seed_0/nfe_010,outputs/gpde_diffusers_sdxl_nfe10_cfg_seed_sweep/samples/diffusers/sdxl/euler/cfg_5/GPDE/seed_000/nfe_010,34.56598663330078,1.2191611528396606
diffusers,hf_sdxl_base_10,euler,GPDE,10,0,5.0,1,"a small brass robot repairing an antique clock in a sunlit workshop, shallow depth of field",outputs/gpde_diffusers_sdxl_nfe10_cfg_seed_sweep/samples/diffusers/sdxl/euler/cfg_5/GPDE/seed_000/nfe_010/000001.jpg,outputs/gpde_diffusers_sdxl_nfe10_cfg_seed_sweep/schedules/GPDE/diffusers/sdxl/euler/cfg_5/seed_0/nfe_010,outputs/gpde_diffusers_sdxl_nfe10_cfg_seed_sweep/samples/diffusers/sdxl/euler/cfg_5/GPDE/seed_000/nfe_010,28.011459350585938,1.166908860206604
diffusers,hf_sdxl_base_10,euler,GPDE,10,0,5.0,2,"a watercolor city street after rain with neon signs reflected in puddles, evening atmosphere",outputs/gpde_diffusers_sdxl_nfe10_cfg_seed_sweep/samples/diffusers/sdxl/euler/cfg_5/GPDE/seed_000/nfe_010/000002.jpg,outputs/gpde_diffusers_sdxl_nfe10_cfg_seed_sweep/schedules/GPDE/diffusers/sdxl/euler/cfg_5/seed_0/nfe_010,outputs/gpde_diffusers_sdxl_nfe10_cfg_seed_sweep/samples/diffusers/sdxl/euler/cfg_5/GPDE/seed_000/nfe_010,30.002256393432617,0.8357663750648499
diffusers,hf_sdxl_base_10,euler,GPDE,10,0,5.0,3,a high resolution studio photo of a ceramic teapot shaped like a seashell on a slate table,outputs/gpde_diffusers_sdxl_nfe10_cfg_seed_sweep/samples/diffusers/sdxl/euler/cfg_5/GPDE/seed_000/nfe_010/000003.jpg,outputs/gpde_diffusers_sdxl_nfe10_cfg_seed_sweep/schedules/GPDE/diffusers/sdxl/euler/cfg_5/seed_0/nfe_010,outputs/gpde_diffusers_sdxl_nfe10_cfg_seed_sweep/samples/diffusers/sdxl/euler/cfg_5/GPDE/seed_000/nfe_010,29.061275482177734,1.222166657447815
diffusers,hf_sdxl_base_10,euler,GPDE,10,0,5.0,4,"a fantasy library carved inside a giant tree, spiral stairs, warm lanterns, intricate shelves",outputs/gpde_diffusers_sdxl_nfe10_cfg_seed_sweep/samples/diffusers/sdxl/euler/cfg_5/GPDE/seed_000/nfe_010/000004.jpg,outputs/gpde_diffusers_sdxl_nfe10_cfg_seed_sweep/schedules/GPDE/diffusers/sdxl/euler/cfg_5/seed_0/nfe_010,outputs/gpde_diffusers_sdxl_nfe10_cfg_seed_sweep/samples/diffusers/sdxl/euler/cfg_5/GPDE/seed_000/nfe_010,31.876182556152344,1.5461280345916748
diffusers,hf_sdxl_base_10,euler,GPDE,10,0,5.0,5,"a macro photograph of a snowflake resting on dark wool, crisp crystalline detail",outputs/gpde_diffusers_sdxl_nfe10_cfg_seed_sweep/samples/diffusers/sdxl/euler/cfg_5/GPDE/seed_000/nfe_010/000005.jpg,outputs/gpde_diffusers_sdxl_nfe10_cfg_seed_sweep/schedules/GPDE/diffusers/sdxl/euler/cfg_5/seed_0/nfe_010,outputs/gpde_diffusers_sdxl_nfe10_cfg_seed_sweep/samples/diffusers/sdxl/euler/cfg_5/GPDE/seed_000/nfe_010,26.874906539916992,-0.08111932873725891
diffusers,hf_sdxl_base_10,euler,GPDE,10,0,5.0,6,"a retro futuristic train crossing a desert at sunset, chrome surfaces, long shadows",outputs/gpde_diffusers_sdxl_nfe10_cfg_seed_sweep/samples/diffusers/sdxl/euler/cfg_5/GPDE/seed_000/nfe_010/000006.jpg,outputs/gpde_diffusers_sdxl_nfe10_cfg_seed_sweep/schedules/GPDE/diffusers/sdxl/euler/cfg_5/seed_0/nfe_010,outputs/gpde_diffusers_sdxl_nfe10_cfg_seed_sweep/samples/diffusers/sdxl/euler/cfg_5/GPDE/seed_000/nfe_010,27.531888961791992,1.637996792793274
diffusers,hf_sdxl_base_10,euler,GPDE,10,0,5.0,7,"a chef plating a colorful molecular gastronomy dessert, clean restaurant lighting",outputs/gpde_diffusers_sdxl_nfe10_cfg_seed_sweep/samples/diffusers/sdxl/euler/cfg_5/GPDE/seed_000/nfe_010/000007.jpg,outputs/gpde_diffusers_sdxl_nfe10_cfg_seed_sweep/schedules/GPDE/diffusers/sdxl/euler/cfg_5/seed_0/nfe_010,outputs/gpde_diffusers_sdxl_nfe10_cfg_seed_sweep/samples/diffusers/sdxl/euler/cfg_5/GPDE/seed_000/nfe_010,31.306739807128906,-0.1106291189789772
diffusers,hf_sdxl_base_10,euler,GPDE,10,0,5.0,8,"an isometric cozy bedroom with plants, books, a desk lamp, and a rainy window",outputs/gpde_diffusers_sdxl_nfe10_cfg_seed_sweep/samples/diffusers/sdxl/euler/cfg_5/GPDE/seed_000/nfe_010/000008.jpg,outputs/gpde_diffusers_sdxl_nfe10_cfg_seed_sweep/schedules/GPDE/diffusers/sdxl/euler/cfg_5/seed_0/nfe_010,outputs/gpde_diffusers_sdxl_nfe10_cfg_seed_sweep/samples/diffusers/sdxl/euler/cfg_5/GPDE/seed_000/nfe_010,32.34415817260742,0.07025374472141266
diffusers,hf_sdxl_base_10,euler,GPDE,10,0,5.0,9,"a dramatic mountain monastery above clouds, sunrise, detailed stone architecture",outputs/gpde_diffusers_sdxl_nfe10_cfg_seed_sweep/samples/diffusers/sdxl/euler/cfg_5/GPDE/seed_000/nfe_010/000009.jpg,outputs/gpde_diffusers_sdxl_nfe10_cfg_seed_sweep/schedules/GPDE/diffusers/sdxl/euler/cfg_5/seed_0/nfe_010,outputs/gpde_diffusers_sdxl_nfe10_cfg_seed_sweep/samples/diffusers/sdxl/euler/cfg_5/GPDE/seed_000/nfe_010,32.59919738769531,1.8114262819290161
diffusers,hf_sdxl_base_10,euler,GPDE,10,0,5.0,10,a fashion editorial photo of a model wearing a translucent raincoat in Tokyo at night,outputs/gpde_diffusers_sdxl_nfe10_cfg_seed_sweep/samples/diffusers/sdxl/euler/cfg_5/GPDE/seed_000/nfe_010/000010.jpg,outputs/gpde_diffusers_sdxl_nfe10_cfg_seed_sweep/schedules/GPDE/diffusers/sdxl/euler/cfg_5/seed_0/nfe_010,outputs/gpde_diffusers_sdxl_nfe10_cfg_seed_sweep/samples/diffusers/sdxl/euler/cfg_5/GPDE/seed_000/nfe_010,31.86305809020996,1.9658117294311523
diffusers,hf_sdxl_base_10,euler,GPDE,10,0,5.0,11,a realistic red fox statue made of folded paper on a white museum pedestal,outputs/gpde_diffusers_sdxl_nfe10_cfg_seed_sweep/samples/diffusers/sdxl/euler/cfg_5/GPDE/seed_000/nfe_010/000011.jpg,outputs/gpde_diffusers_sdxl_nfe10_cfg_seed_sweep/schedules/GPDE/diffusers/sdxl/euler/cfg_5/seed_0/nfe_010,outputs/gpde_diffusers_sdxl_nfe10_cfg_seed_sweep/samples/diffusers/sdxl/euler/cfg_5/GPDE/seed_000/nfe_010,35.31500244140625,1.935152292251587
diffusers,hf_sdxl_base_10,euler,GPDE,10,0,5.0,12,a detailed cutaway illustration of a tiny submarine exploring a coral reef,outputs/gpde_diffusers_sdxl_nfe10_cfg_seed_sweep/samples/diffusers/sdxl/euler/cfg_5/GPDE/seed_000/nfe_010/000012.jpg,outputs/gpde_diffusers_sdxl_nfe10_cfg_seed_sweep/schedules/GPDE/diffusers/sdxl/euler/cfg_5/seed_0/nfe_010,outputs/gpde_diffusers_sdxl_nfe10_cfg_seed_sweep/samples/diffusers/sdxl/euler/cfg_5/GPDE/seed_000/nfe_010,29.644393920898438,1.6009886264801025
diffusers,hf_sdxl_base_10,euler,GPDE,10,0,5.0,13,a product photo of wireless headphones on brushed aluminum with blue accent lighting,outputs/gpde_diffusers_sdxl_nfe10_cfg_seed_sweep/samples/diffusers/sdxl/euler/cfg_5/GPDE/seed_000/nfe_010/000013.jpg,outputs/gpde_diffusers_sdxl_nfe10_cfg_seed_sweep/schedules/GPDE/diffusers/sdxl/euler/cfg_5/seed_0/nfe_010,outputs/gpde_diffusers_sdxl_nfe10_cfg_seed_sweep/samples/diffusers/sdxl/euler/cfg_5/GPDE/seed_000/nfe_010,29.580379486083984,1.0802149772644043
diffusers,hf_sdxl_base_10,euler,GPDE,10,0,5.0,14,"a medieval market square during a festival, banners, musicians, detailed crowd",outputs/gpde_diffusers_sdxl_nfe10_cfg_seed_sweep/samples/diffusers/sdxl/euler/cfg_5/GPDE/seed_000/nfe_010/000014.jpg,outputs/gpde_diffusers_sdxl_nfe10_cfg_seed_sweep/schedules/GPDE/diffusers/sdxl/euler/cfg_5/seed_0/nfe_010,outputs/gpde_diffusers_sdxl_nfe10_cfg_seed_sweep/samples/diffusers/sdxl/euler/cfg_5/GPDE/seed_000/nfe_010,26.1575870513916,0.085346519947052
diffusers,hf_sdxl_base_10,euler,GPDE,10,0,5.0,15,an oil painting of a violinist performing in an empty subway station,outputs/gpde_diffusers_sdxl_nfe10_cfg_seed_sweep/samples/diffusers/sdxl/euler/cfg_5/GPDE/seed_000/nfe_010/000015.jpg,outputs/gpde_diffusers_sdxl_nfe10_cfg_seed_sweep/schedules/GPDE/diffusers/sdxl/euler/cfg_5/seed_0/nfe_010,outputs/gpde_diffusers_sdxl_nfe10_cfg_seed_sweep/samples/diffusers/sdxl/euler/cfg_5/GPDE/seed_000/nfe_010,38.7818603515625,1.8930734395980835
diffusers,hf_sdxl_base_10,euler,GPDE,10,0,5.0,16,"a close-up portrait of an elderly sailor, weathered skin, navy coat, overcast harbor",outputs/gpde_diffusers_sdxl_nfe10_cfg_seed_sweep/samples/diffusers/sdxl/euler/cfg_5/GPDE/seed_000/nfe_010/000016.jpg,outputs/gpde_diffusers_sdxl_nfe10_cfg_seed_sweep/schedules/GPDE/diffusers/sdxl/euler/cfg_5/seed_0/nfe_010,outputs/gpde_diffusers_sdxl_nfe10_cfg_seed_sweep/samples/diffusers/sdxl/euler/cfg_5/GPDE/seed_000/nfe_010,30.55890464782715,1.5401980876922607
diffusers,hf_sdxl_base_10,euler,GPDE,10,0,5.0,17,a clean architectural rendering of a modern cabin beside a frozen lake,outputs/gpde_diffusers_sdxl_nfe10_cfg_seed_sweep/samples/diffusers/sdxl/euler/cfg_5/GPDE/seed_000/nfe_010/000017.jpg,outputs/gpde_diffusers_sdxl_nfe10_cfg_seed_sweep/schedules/GPDE/diffusers/sdxl/euler/cfg_5/seed_0/nfe_010,outputs/gpde_diffusers_sdxl_nfe10_cfg_seed_sweep/samples/diffusers/sdxl/euler/cfg_5/GPDE/seed_000/nfe_010,36.482059478759766,1.0863827466964722
diffusers,hf_sdxl_base_10,euler,GPDE,10,0,5.0,18,a surreal desert filled with floating glass spheres and distant black mountains,outputs/gpde_diffusers_sdxl_nfe10_cfg_seed_sweep/samples/diffusers/sdxl/euler/cfg_5/GPDE/seed_000/nfe_010/000018.jpg,outputs/gpde_diffusers_sdxl_nfe10_cfg_seed_sweep/schedules/GPDE/diffusers/sdxl/euler/cfg_5/seed_0/nfe_010,outputs/gpde_diffusers_sdxl_nfe10_cfg_seed_sweep/samples/diffusers/sdxl/euler/cfg_5/GPDE/seed_000/nfe_010,33.39263916015625,0.42374879121780396
diffusers,hf_sdxl_base_10,euler,GPDE,10,0,5.0,19,a documentary photo of a scientist collecting ice cores in Antarctica,outputs/gpde_diffusers_sdxl_nfe10_cfg_seed_sweep/samples/diffusers/sdxl/euler/cfg_5/GPDE/seed_000/nfe_010/000019.jpg,outputs/gpde_diffusers_sdxl_nfe10_cfg_seed_sweep/schedules/GPDE/diffusers/sdxl/euler/cfg_5/seed_0/nfe_010,outputs/gpde_diffusers_sdxl_nfe10_cfg_seed_sweep/samples/diffusers/sdxl/euler/cfg_5/GPDE/seed_000/nfe_010,26.785064697265625,-0.7124369740486145
diffusers,hf_sdxl_base_10,euler,GPDE,10,0,5.0,20,a detailed 3D render of a mechanical hummingbird with copper wings,outputs/gpde_diffusers_sdxl_nfe10_cfg_seed_sweep/samples/diffusers/sdxl/euler/cfg_5/GPDE/seed_000/nfe_010/000020.jpg,outputs/gpde_diffusers_sdxl_nfe10_cfg_seed_sweep/schedules/GPDE/diffusers/sdxl/euler/cfg_5/seed_0/nfe_010,outputs/gpde_diffusers_sdxl_nfe10_cfg_seed_sweep/samples/diffusers/sdxl/euler/cfg_5/GPDE/seed_000/nfe_010,40.00855255126953,1.384472131729126
diffusers,hf_sdxl_base_10,euler,GPDE,10,0,5.0,21,"a cozy cafe interior in autumn, pastries, espresso machine, soft morning light",outputs/gpde_diffusers_sdxl_nfe10_cfg_seed_sweep/samples/diffusers/sdxl/euler/cfg_5/GPDE/seed_000/nfe_010/000021.jpg,outputs/gpde_diffusers_sdxl_nfe10_cfg_seed_sweep/schedules/GPDE/diffusers/sdxl/euler/cfg_5/seed_0/nfe_010,outputs/gpde_diffusers_sdxl_nfe10_cfg_seed_sweep/samples/diffusers/sdxl/euler/cfg_5/GPDE/seed_000/nfe_010,27.900606155395508,0.8542400598526001
diffusers,hf_sdxl_base_10,euler,GPDE,10,0,5.0,22,"a panoramic view of terraced rice fields under mist, workers in colorful clothing",outputs/gpde_diffusers_sdxl_nfe10_cfg_seed_sweep/samples/diffusers/sdxl/euler/cfg_5/GPDE/seed_000/nfe_010/000022.jpg,outputs/gpde_diffusers_sdxl_nfe10_cfg_seed_sweep/schedules/GPDE/diffusers/sdxl/euler/cfg_5/seed_0/nfe_010,outputs/gpde_diffusers_sdxl_nfe10_cfg_seed_sweep/samples/diffusers/sdxl/euler/cfg_5/GPDE/seed_000/nfe_010,27.19913101196289,-0.22651448845863342
diffusers,hf_sdxl_base_10,euler,GPDE,10,0,5.0,23,a children's book illustration of a moonlit boat parade on a quiet canal,outputs/gpde_diffusers_sdxl_nfe10_cfg_seed_sweep/samples/diffusers/sdxl/euler/cfg_5/GPDE/seed_000/nfe_010/000023.jpg,outputs/gpde_diffusers_sdxl_nfe10_cfg_seed_sweep/schedules/GPDE/diffusers/sdxl/euler/cfg_5/seed_0/nfe_010,outputs/gpde_diffusers_sdxl_nfe10_cfg_seed_sweep/samples/diffusers/sdxl/euler/cfg_5/GPDE/seed_000/nfe_010,33.235557556152344,1.5283088684082031
diffusers,hf_sdxl_base_10,euler,GPDE,10,0,5.0,24,"a realistic sports car parked in a concrete tunnel, reflections, low angle",outputs/gpde_diffusers_sdxl_nfe10_cfg_seed_sweep/samples/diffusers/sdxl/euler/cfg_5/GPDE/seed_000/nfe_010/000024.jpg,outputs/gpde_diffusers_sdxl_nfe10_cfg_seed_sweep/schedules/GPDE/diffusers/sdxl/euler/cfg_5/seed_0/nfe_010,outputs/gpde_diffusers_sdxl_nfe10_cfg_seed_sweep/samples/diffusers/sdxl/euler/cfg_5/GPDE/seed_000/nfe_010,25.14431381225586,1.6594985723495483
diffusers,hf_sdxl_base_10,euler,GPDE,10,0,5.0,25,"a botanical diagram of rare orchids with labeled roots and petals, archival paper",outputs/gpde_diffusers_sdxl_nfe10_cfg_seed_sweep/samples/diffusers/sdxl/euler/cfg_5/GPDE/seed_000/nfe_010/000025.jpg,outputs/gpde_diffusers_sdxl_nfe10_cfg_seed_sweep/schedules/GPDE/diffusers/sdxl/euler/cfg_5/seed_0/nfe_010,outputs/gpde_diffusers_sdxl_nfe10_cfg_seed_sweep/samples/diffusers/sdxl/euler/cfg_5/GPDE/seed_000/nfe_010,29.34184455871582,0.3086642920970917
diffusers,hf_sdxl_base_10,euler,GPDE,10,0,5.0,26,"a cyberpunk street food stall with steam, lanterns, and dense urban signage",outputs/gpde_diffusers_sdxl_nfe10_cfg_seed_sweep/samples/diffusers/sdxl/euler/cfg_5/GPDE/seed_000/nfe_010/000026.jpg,outputs/gpde_diffusers_sdxl_nfe10_cfg_seed_sweep/schedules/GPDE/diffusers/sdxl/euler/cfg_5/seed_0/nfe_010,outputs/gpde_diffusers_sdxl_nfe10_cfg_seed_sweep/samples/diffusers/sdxl/euler/cfg_5/GPDE/seed_000/nfe_010,32.379215240478516,1.4909549951553345
diffusers,hf_sdxl_base_10,euler,GPDE,10,0,5.0,27,"a still life of glass fruit bowls, linen cloth, and silver cutlery, natural light",outputs/gpde_diffusers_sdxl_nfe10_cfg_seed_sweep/samples/diffusers/sdxl/euler/cfg_5/GPDE/seed_000/nfe_010/000027.jpg,outputs/gpde_diffusers_sdxl_nfe10_cfg_seed_sweep/schedules/GPDE/diffusers/sdxl/euler/cfg_5/seed_0/nfe_010,outputs/gpde_diffusers_sdxl_nfe10_cfg_seed_sweep/samples/diffusers/sdxl/euler/cfg_5/GPDE/seed_000/nfe_010,31.677776336669922,0.881692111492157
diffusers,hf_sdxl_base_10,euler,GPDE,10,0,5.0,28,a heroic statue covered in vines in an abandoned futuristic plaza,outputs/gpde_diffusers_sdxl_nfe10_cfg_seed_sweep/samples/diffusers/sdxl/euler/cfg_5/GPDE/seed_000/nfe_010/000028.jpg,outputs/gpde_diffusers_sdxl_nfe10_cfg_seed_sweep/schedules/GPDE/diffusers/sdxl/euler/cfg_5/seed_0/nfe_010,outputs/gpde_diffusers_sdxl_nfe10_cfg_seed_sweep/samples/diffusers/sdxl/euler/cfg_5/GPDE/seed_000/nfe_010,35.401573181152344,0.9918453693389893
diffusers,hf_sdxl_base_10,euler,GPDE,10,0,5.0,29,a black and white film photograph of dancers rehearsing in a mirror-lined studio,outputs/gpde_diffusers_sdxl_nfe10_cfg_seed_sweep/samples/diffusers/sdxl/euler/cfg_5/GPDE/seed_000/nfe_010/000029.jpg,outputs/gpde_diffusers_sdxl_nfe10_cfg_seed_sweep/schedules/GPDE/diffusers/sdxl/euler/cfg_5/seed_0/nfe_010,outputs/gpde_diffusers_sdxl_nfe10_cfg_seed_sweep/samples/diffusers/sdxl/euler/cfg_5/GPDE/seed_000/nfe_010,28.65590476989746,0.6812924742698669
diffusers,hf_sdxl_base_10,euler,GPDE,10,0,5.0,30,"a detailed scene of a spacecraft cockpit during reentry, glowing controls, tense mood",outputs/gpde_diffusers_sdxl_nfe10_cfg_seed_sweep/samples/diffusers/sdxl/euler/cfg_5/GPDE/seed_000/nfe_010/000030.jpg,outputs/gpde_diffusers_sdxl_nfe10_cfg_seed_sweep/schedules/GPDE/diffusers/sdxl/euler/cfg_5/seed_0/nfe_010,outputs/gpde_diffusers_sdxl_nfe10_cfg_seed_sweep/samples/diffusers/sdxl/euler/cfg_5/GPDE/seed_000/nfe_010,26.382389068603516,0.7022054195404053
diffusers,hf_sdxl_base_10,euler,GPDE,10,0,5.0,31,a claymation style village bakery with tiny loaves and painted signs,outputs/gpde_diffusers_sdxl_nfe10_cfg_seed_sweep/samples/diffusers/sdxl/euler/cfg_5/GPDE/seed_000/nfe_010/000031.jpg,outputs/gpde_diffusers_sdxl_nfe10_cfg_seed_sweep/schedules/GPDE/diffusers/sdxl/euler/cfg_5/seed_0/nfe_010,outputs/gpde_diffusers_sdxl_nfe10_cfg_seed_sweep/samples/diffusers/sdxl/euler/cfg_5/GPDE/seed_000/nfe_010,35.64542007446289,1.2297511100769043
diffusers,hf_sdxl_base_10,euler,GPDE,10,0,5.0,32,a realistic underwater photograph of a diver inspecting an ancient marble column,outputs/gpde_diffusers_sdxl_nfe10_cfg_seed_sweep/samples/diffusers/sdxl/euler/cfg_5/GPDE/seed_000/nfe_010/000032.jpg,outputs/gpde_diffusers_sdxl_nfe10_cfg_seed_sweep/schedules/GPDE/diffusers/sdxl/euler/cfg_5/seed_0/nfe_010,outputs/gpde_diffusers_sdxl_nfe10_cfg_seed_sweep/samples/diffusers/sdxl/euler/cfg_5/GPDE/seed_000/nfe_010,31.173479080200195,0.7826063632965088
diffusers,hf_sdxl_base_10,euler,GPDE,10,0,5.0,33,"a minimalist poster of a jazz quartet in deep red, cream, and black",outputs/gpde_diffusers_sdxl_nfe10_cfg_seed_sweep/samples/diffusers/sdxl/euler/cfg_5/GPDE/seed_000/nfe_010/000033.jpg,outputs/gpde_diffusers_sdxl_nfe10_cfg_seed_sweep/schedules/GPDE/diffusers/sdxl/euler/cfg_5/seed_0/nfe_010,outputs/gpde_diffusers_sdxl_nfe10_cfg_seed_sweep/samples/diffusers/sdxl/euler/cfg_5/GPDE/seed_000/nfe_010,31.25680923461914,1.1953061819076538
diffusers,hf_sdxl_base_10,euler,GPDE,10,0,5.0,34,a high detail portrait of a queen wearing armor made of mother of pearl,outputs/gpde_diffusers_sdxl_nfe10_cfg_seed_sweep/samples/diffusers/sdxl/euler/cfg_5/GPDE/seed_000/nfe_010/000034.jpg,outputs/gpde_diffusers_sdxl_nfe10_cfg_seed_sweep/schedules/GPDE/diffusers/sdxl/euler/cfg_5/seed_0/nfe_010,outputs/gpde_diffusers_sdxl_nfe10_cfg_seed_sweep/samples/diffusers/sdxl/euler/cfg_5/GPDE/seed_000/nfe_010,28.98237419128418,1.7600712776184082
diffusers,hf_sdxl_base_10,euler,GPDE,10,0,5.0,35,"a top-down board game map of an island with forests, cliffs, and hidden ruins",outputs/gpde_diffusers_sdxl_nfe10_cfg_seed_sweep/samples/diffusers/sdxl/euler/cfg_5/GPDE/seed_000/nfe_010/000035.jpg,outputs/gpde_diffusers_sdxl_nfe10_cfg_seed_sweep/schedules/GPDE/diffusers/sdxl/euler/cfg_5/seed_0/nfe_010,outputs/gpde_diffusers_sdxl_nfe10_cfg_seed_sweep/samples/diffusers/sdxl/euler/cfg_5/GPDE/seed_000/nfe_010,23.895355224609375,-0.4256001114845276
diffusers,hf_sdxl_base_10,euler,GPDE,10,0,5.0,36,"a luxury watch exploded view on a dark background, precise gears and screws",outputs/gpde_diffusers_sdxl_nfe10_cfg_seed_sweep/samples/diffusers/sdxl/euler/cfg_5/GPDE/seed_000/nfe_010/000036.jpg,outputs/gpde_diffusers_sdxl_nfe10_cfg_seed_sweep/schedules/GPDE/diffusers/sdxl/euler/cfg_5/seed_0/nfe_010,outputs/gpde_diffusers_sdxl_nfe10_cfg_seed_sweep/samples/diffusers/sdxl/euler/cfg_5/GPDE/seed_000/nfe_010,32.098121643066406,0.11971109360456467
diffusers,hf_sdxl_base_10,euler,GPDE,10,0,5.0,37,"a sunlit greenhouse filled with tomatoes, watering cans, and terracotta pots",outputs/gpde_diffusers_sdxl_nfe10_cfg_seed_sweep/samples/diffusers/sdxl/euler/cfg_5/GPDE/seed_000/nfe_010/000037.jpg,outputs/gpde_diffusers_sdxl_nfe10_cfg_seed_sweep/schedules/GPDE/diffusers/sdxl/euler/cfg_5/seed_0/nfe_010,outputs/gpde_diffusers_sdxl_nfe10_cfg_seed_sweep/samples/diffusers/sdxl/euler/cfg_5/GPDE/seed_000/nfe_010,32.82709503173828,0.9889909029006958
diffusers,hf_sdxl_base_10,euler,GPDE,10,0,5.0,38,a night landscape of fireflies over a meadow beside a quiet river,outputs/gpde_diffusers_sdxl_nfe10_cfg_seed_sweep/samples/diffusers/sdxl/euler/cfg_5/GPDE/seed_000/nfe_010/000038.jpg,outputs/gpde_diffusers_sdxl_nfe10_cfg_seed_sweep/schedules/GPDE/diffusers/sdxl/euler/cfg_5/seed_0/nfe_010,outputs/gpde_diffusers_sdxl_nfe10_cfg_seed_sweep/samples/diffusers/sdxl/euler/cfg_5/GPDE/seed_000/nfe_010,31.509309768676758,1.4302237033843994
diffusers,hf_sdxl_base_10,euler,GPDE,10,0,5.0,39,a realistic photo of a rescue helicopter landing on a snowy mountain ridge,outputs/gpde_diffusers_sdxl_nfe10_cfg_seed_sweep/samples/diffusers/sdxl/euler/cfg_5/GPDE/seed_000/nfe_010/000039.jpg,outputs/gpde_diffusers_sdxl_nfe10_cfg_seed_sweep/schedules/GPDE/diffusers/sdxl/euler/cfg_5/seed_0/nfe_010,outputs/gpde_diffusers_sdxl_nfe10_cfg_seed_sweep/samples/diffusers/sdxl/euler/cfg_5/GPDE/seed_000/nfe_010,33.163047790527344,0.9931978583335876
diffusers,hf_sdxl_base_10,euler,GPDE,10,0,5.0,40,a concept art scene of a floating research station above Jupiter's clouds,outputs/gpde_diffusers_sdxl_nfe10_cfg_seed_sweep/samples/diffusers/sdxl/euler/cfg_5/GPDE/seed_000/nfe_010/000040.jpg,outputs/gpde_diffusers_sdxl_nfe10_cfg_seed_sweep/schedules/GPDE/diffusers/sdxl/euler/cfg_5/seed_0/nfe_010,outputs/gpde_diffusers_sdxl_nfe10_cfg_seed_sweep/samples/diffusers/sdxl/euler/cfg_5/GPDE/seed_000/nfe_010,29.112417221069336,1.437142014503479
diffusers,hf_sdxl_base_10,euler,GPDE,10,0,5.0,41,a detailed pencil drawing of an old bicycle leaning against a brick wall,outputs/gpde_diffusers_sdxl_nfe10_cfg_seed_sweep/samples/diffusers/sdxl/euler/cfg_5/GPDE/seed_000/nfe_010/000041.jpg,outputs/gpde_diffusers_sdxl_nfe10_cfg_seed_sweep/schedules/GPDE/diffusers/sdxl/euler/cfg_5/seed_0/nfe_010,outputs/gpde_diffusers_sdxl_nfe10_cfg_seed_sweep/samples/diffusers/sdxl/euler/cfg_5/GPDE/seed_000/nfe_010,36.31230545043945,0.922404944896698
diffusers,hf_sdxl_base_10,euler,GPDE,10,0,5.0,42,"a museum diorama of prehistoric sea creatures, dramatic educational lighting",outputs/gpde_diffusers_sdxl_nfe10_cfg_seed_sweep/samples/diffusers/sdxl/euler/cfg_5/GPDE/seed_000/nfe_010/000042.jpg,outputs/gpde_diffusers_sdxl_nfe10_cfg_seed_sweep/schedules/GPDE/diffusers/sdxl/euler/cfg_5/seed_0/nfe_010,outputs/gpde_diffusers_sdxl_nfe10_cfg_seed_sweep/samples/diffusers/sdxl/euler/cfg_5/GPDE/seed_000/nfe_010,30.54691505432129,0.30604133009910583
diffusers,hf_sdxl_base_10,euler,GPDE,10,0,5.0,43,"a peaceful Japanese garden with koi pond, stone bridge, and maple leaves",outputs/gpde_diffusers_sdxl_nfe10_cfg_seed_sweep/samples/diffusers/sdxl/euler/cfg_5/GPDE/seed_000/nfe_010/000043.jpg,outputs/gpde_diffusers_sdxl_nfe10_cfg_seed_sweep/schedules/GPDE/diffusers/sdxl/euler/cfg_5/seed_0/nfe_010,outputs/gpde_diffusers_sdxl_nfe10_cfg_seed_sweep/samples/diffusers/sdxl/euler/cfg_5/GPDE/seed_000/nfe_010,27.898090362548828,0.8995165228843689
diffusers,hf_sdxl_base_10,euler,GPDE,10,0,5.0,44,"a close-up food photograph of ramen with soft egg, steam, and ceramic bowl",outputs/gpde_diffusers_sdxl_nfe10_cfg_seed_sweep/samples/diffusers/sdxl/euler/cfg_5/GPDE/seed_000/nfe_010/000044.jpg,outputs/gpde_diffusers_sdxl_nfe10_cfg_seed_sweep/schedules/GPDE/diffusers/sdxl/euler/cfg_5/seed_0/nfe_010,outputs/gpde_diffusers_sdxl_nfe10_cfg_seed_sweep/samples/diffusers/sdxl/euler/cfg_5/GPDE/seed_000/nfe_010,32.22972869873047,-0.21844527125358582
diffusers,hf_sdxl_base_10,euler,GPDE,10,0,5.0,45,a vibrant parade costume covered with mirrors and embroidered flowers,outputs/gpde_diffusers_sdxl_nfe10_cfg_seed_sweep/samples/diffusers/sdxl/euler/cfg_5/GPDE/seed_000/nfe_010/000045.jpg,outputs/gpde_diffusers_sdxl_nfe10_cfg_seed_sweep/schedules/GPDE/diffusers/sdxl/euler/cfg_5/seed_0/nfe_010,outputs/gpde_diffusers_sdxl_nfe10_cfg_seed_sweep/samples/diffusers/sdxl/euler/cfg_5/GPDE/seed_000/nfe_010,29.260343551635742,0.3079773485660553
diffusers,hf_sdxl_base_10,euler,GPDE,10,0,5.0,46,a realistic image of a hand-crafted wooden chess set mid game by candlelight,outputs/gpde_diffusers_sdxl_nfe10_cfg_seed_sweep/samples/diffusers/sdxl/euler/cfg_5/GPDE/seed_000/nfe_010/000046.jpg,outputs/gpde_diffusers_sdxl_nfe10_cfg_seed_sweep/schedules/GPDE/diffusers/sdxl/euler/cfg_5/seed_0/nfe_010,outputs/gpde_diffusers_sdxl_nfe10_cfg_seed_sweep/samples/diffusers/sdxl/euler/cfg_5/GPDE/seed_000/nfe_010,29.032629013061523,1.5726730823516846
diffusers,hf_sdxl_base_10,euler,GPDE,10,0,5.0,47,a wide angle view of a data center corridor with blue status lights,outputs/gpde_diffusers_sdxl_nfe10_cfg_seed_sweep/samples/diffusers/sdxl/euler/cfg_5/GPDE/seed_000/nfe_010/000047.jpg,outputs/gpde_diffusers_sdxl_nfe10_cfg_seed_sweep/schedules/GPDE/diffusers/sdxl/euler/cfg_5/seed_0/nfe_010,outputs/gpde_diffusers_sdxl_nfe10_cfg_seed_sweep/samples/diffusers/sdxl/euler/cfg_5/GPDE/seed_000/nfe_010,24.923641204833984,1.5611690282821655
diffusers,hf_sdxl_base_10,euler,GPDE,10,0,5.0,48,a magical realism scene of books flying through an old train carriage,outputs/gpde_diffusers_sdxl_nfe10_cfg_seed_sweep/samples/diffusers/sdxl/euler/cfg_5/GPDE/seed_000/nfe_010/000048.jpg,outputs/gpde_diffusers_sdxl_nfe10_cfg_seed_sweep/schedules/GPDE/diffusers/sdxl/euler/cfg_5/seed_0/nfe_010,outputs/gpde_diffusers_sdxl_nfe10_cfg_seed_sweep/samples/diffusers/sdxl/euler/cfg_5/GPDE/seed_000/nfe_010,33.2303466796875,1.0647907257080078
diffusers,hf_sdxl_base_10,euler,GPDE,10,0,5.0,49,a studio portrait of a golden retriever wearing aviator goggles and a red scarf,outputs/gpde_diffusers_sdxl_nfe10_cfg_seed_sweep/samples/diffusers/sdxl/euler/cfg_5/GPDE/seed_000/nfe_010/000049.jpg,outputs/gpde_diffusers_sdxl_nfe10_cfg_seed_sweep/schedules/GPDE/diffusers/sdxl/euler/cfg_5/seed_0/nfe_010,outputs/gpde_diffusers_sdxl_nfe10_cfg_seed_sweep/samples/diffusers/sdxl/euler/cfg_5/GPDE/seed_000/nfe_010,34.32380676269531,1.6258184909820557
diffusers,hf_sdxl_base_10,euler,GPDE,10,1,5.0,0,"a cinematic portrait of an astronaut botanist in a glass greenhouse on Mars, detailed fabric, soft rim light",outputs/gpde_diffusers_sdxl_nfe10_cfg_seed_sweep/samples/diffusers/sdxl/euler/cfg_5/GPDE/seed_001/nfe_010/000000.jpg,outputs/gpde_diffusers_sdxl_nfe10_cfg_seed_sweep/schedules/GPDE/diffusers/sdxl/euler/cfg_5/seed_1/nfe_010,outputs/gpde_diffusers_sdxl_nfe10_cfg_seed_sweep/samples/diffusers/sdxl/euler/cfg_5/GPDE/seed_001/nfe_010,31.675928115844727,1.616835355758667
diffusers,hf_sdxl_base_10,euler,GPDE,10,1,5.0,1,"a small brass robot repairing an antique clock in a sunlit workshop, shallow depth of field",outputs/gpde_diffusers_sdxl_nfe10_cfg_seed_sweep/samples/diffusers/sdxl/euler/cfg_5/GPDE/seed_001/nfe_010/000001.jpg,outputs/gpde_diffusers_sdxl_nfe10_cfg_seed_sweep/schedules/GPDE/diffusers/sdxl/euler/cfg_5/seed_1/nfe_010,outputs/gpde_diffusers_sdxl_nfe10_cfg_seed_sweep/samples/diffusers/sdxl/euler/cfg_5/GPDE/seed_001/nfe_010,30.262474060058594,1.6562457084655762
diffusers,hf_sdxl_base_10,euler,GPDE,10,1,5.0,2,"a watercolor city street after rain with neon signs reflected in puddles, evening atmosphere",outputs/gpde_diffusers_sdxl_nfe10_cfg_seed_sweep/samples/diffusers/sdxl/euler/cfg_5/GPDE/seed_001/nfe_010/000002.jpg,outputs/gpde_diffusers_sdxl_nfe10_cfg_seed_sweep/schedules/GPDE/diffusers/sdxl/euler/cfg_5/seed_1/nfe_010,outputs/gpde_diffusers_sdxl_nfe10_cfg_seed_sweep/samples/diffusers/sdxl/euler/cfg_5/GPDE/seed_001/nfe_010,29.356786727905273,0.9868016839027405
diffusers,hf_sdxl_base_10,euler,GPDE,10,1,5.0,3,a high resolution studio photo of a ceramic teapot shaped like a seashell on a slate table,outputs/gpde_diffusers_sdxl_nfe10_cfg_seed_sweep/samples/diffusers/sdxl/euler/cfg_5/GPDE/seed_001/nfe_010/000003.jpg,outputs/gpde_diffusers_sdxl_nfe10_cfg_seed_sweep/schedules/GPDE/diffusers/sdxl/euler/cfg_5/seed_1/nfe_010,outputs/gpde_diffusers_sdxl_nfe10_cfg_seed_sweep/samples/diffusers/sdxl/euler/cfg_5/GPDE/seed_001/nfe_010,33.81584167480469,1.4365395307540894
diffusers,hf_sdxl_base_10,euler,GPDE,10,1,5.0,4,"a fantasy library carved inside a giant tree, spiral stairs, warm lanterns, intricate shelves",outputs/gpde_diffusers_sdxl_nfe10_cfg_seed_sweep/samples/diffusers/sdxl/euler/cfg_5/GPDE/seed_001/nfe_010/000004.jpg,outputs/gpde_diffusers_sdxl_nfe10_cfg_seed_sweep/schedules/GPDE/diffusers/sdxl/euler/cfg_5/seed_1/nfe_010,outputs/gpde_diffusers_sdxl_nfe10_cfg_seed_sweep/samples/diffusers/sdxl/euler/cfg_5/GPDE/seed_001/nfe_010,29.181941986083984,-0.31255245208740234
diffusers,hf_sdxl_base_10,euler,GPDE,10,1,5.0,5,"a macro photograph of a snowflake resting on dark wool, crisp crystalline detail",outputs/gpde_diffusers_sdxl_nfe10_cfg_seed_sweep/samples/diffusers/sdxl/euler/cfg_5/GPDE/seed_001/nfe_010/000005.jpg,outputs/gpde_diffusers_sdxl_nfe10_cfg_seed_sweep/schedules/GPDE/diffusers/sdxl/euler/cfg_5/seed_1/nfe_010,outputs/gpde_diffusers_sdxl_nfe10_cfg_seed_sweep/samples/diffusers/sdxl/euler/cfg_5/GPDE/seed_001/nfe_010,29.268312454223633,1.0884066820144653
diffusers,hf_sdxl_base_10,euler,GPDE,10,1,5.0,6,"a retro futuristic train crossing a desert at sunset, chrome surfaces, long shadows",outputs/gpde_diffusers_sdxl_nfe10_cfg_seed_sweep/samples/diffusers/sdxl/euler/cfg_5/GPDE/seed_001/nfe_010/000006.jpg,outputs/gpde_diffusers_sdxl_nfe10_cfg_seed_sweep/schedules/GPDE/diffusers/sdxl/euler/cfg_5/seed_1/nfe_010,outputs/gpde_diffusers_sdxl_nfe10_cfg_seed_sweep/samples/diffusers/sdxl/euler/cfg_5/GPDE/seed_001/nfe_010,27.53546142578125,1.5510145425796509
diffusers,hf_sdxl_base_10,euler,GPDE,10,1,5.0,7,"a chef plating a colorful molecular gastronomy dessert, clean restaurant lighting",outputs/gpde_diffusers_sdxl_nfe10_cfg_seed_sweep/samples/diffusers/sdxl/euler/cfg_5/GPDE/seed_001/nfe_010/000007.jpg,outputs/gpde_diffusers_sdxl_nfe10_cfg_seed_sweep/schedules/GPDE/diffusers/sdxl/euler/cfg_5/seed_1/nfe_010,outputs/gpde_diffusers_sdxl_nfe10_cfg_seed_sweep/samples/diffusers/sdxl/euler/cfg_5/GPDE/seed_001/nfe_010,30.208110809326172,-1.6186915636062622
diffusers,hf_sdxl_base_10,euler,GPDE,10,1,5.0,8,"an isometric cozy bedroom with plants, books, a desk lamp, and a rainy window",outputs/gpde_diffusers_sdxl_nfe10_cfg_seed_sweep/samples/diffusers/sdxl/euler/cfg_5/GPDE/seed_001/nfe_010/000008.jpg,outputs/gpde_diffusers_sdxl_nfe10_cfg_seed_sweep/schedules/GPDE/diffusers/sdxl/euler/cfg_5/seed_1/nfe_010,outputs/gpde_diffusers_sdxl_nfe10_cfg_seed_sweep/samples/diffusers/sdxl/euler/cfg_5/GPDE/seed_001/nfe_010,34.75004959106445,0.5257024765014648
diffusers,hf_sdxl_base_10,euler,GPDE,10,1,5.0,9,"a dramatic mountain monastery above clouds, sunrise, detailed stone architecture",outputs/gpde_diffusers_sdxl_nfe10_cfg_seed_sweep/samples/diffusers/sdxl/euler/cfg_5/GPDE/seed_001/nfe_010/000009.jpg,outputs/gpde_diffusers_sdxl_nfe10_cfg_seed_sweep/schedules/GPDE/diffusers/sdxl/euler/cfg_5/seed_1/nfe_010,outputs/gpde_diffusers_sdxl_nfe10_cfg_seed_sweep/samples/diffusers/sdxl/euler/cfg_5/GPDE/seed_001/nfe_010,33.83259582519531,1.7297862768173218
diffusers,hf_sdxl_base_10,euler,GPDE,10,1,5.0,10,a fashion editorial photo of a model wearing a translucent raincoat in Tokyo at night,outputs/gpde_diffusers_sdxl_nfe10_cfg_seed_sweep/samples/diffusers/sdxl/euler/cfg_5/GPDE/seed_001/nfe_010/000010.jpg,outputs/gpde_diffusers_sdxl_nfe10_cfg_seed_sweep/schedules/GPDE/diffusers/sdxl/euler/cfg_5/seed_1/nfe_010,outputs/gpde_diffusers_sdxl_nfe10_cfg_seed_sweep/samples/diffusers/sdxl/euler/cfg_5/GPDE/seed_001/nfe_010,32.34990310668945,1.9482938051223755
diffusers,hf_sdxl_base_10,euler,GPDE,10,1,5.0,11,a realistic red fox statue made of folded paper on a white museum pedestal,outputs/gpde_diffusers_sdxl_nfe10_cfg_seed_sweep/samples/diffusers/sdxl/euler/cfg_5/GPDE/seed_001/nfe_010/000011.jpg,outputs/gpde_diffusers_sdxl_nfe10_cfg_seed_sweep/schedules/GPDE/diffusers/sdxl/euler/cfg_5/seed_1/nfe_010,outputs/gpde_diffusers_sdxl_nfe10_cfg_seed_sweep/samples/diffusers/sdxl/euler/cfg_5/GPDE/seed_001/nfe_010,34.838279724121094,1.653874397277832
diffusers,hf_sdxl_base_10,euler,GPDE,10,1,5.0,12,a detailed cutaway illustration of a tiny submarine exploring a coral reef,outputs/gpde_diffusers_sdxl_nfe10_cfg_seed_sweep/samples/diffusers/sdxl/euler/cfg_5/GPDE/seed_001/nfe_010/000012.jpg,outputs/gpde_diffusers_sdxl_nfe10_cfg_seed_sweep/schedules/GPDE/diffusers/sdxl/euler/cfg_5/seed_1/nfe_010,outputs/gpde_diffusers_sdxl_nfe10_cfg_seed_sweep/samples/diffusers/sdxl/euler/cfg_5/GPDE/seed_001/nfe_010,30.718486785888672,1.6287306547164917
diffusers,hf_sdxl_base_10,euler,GPDE,10,1,5.0,13,a product photo of wireless headphones on brushed aluminum with blue accent lighting,outputs/gpde_diffusers_sdxl_nfe10_cfg_seed_sweep/samples/diffusers/sdxl/euler/cfg_5/GPDE/seed_001/nfe_010/000013.jpg,outputs/gpde_diffusers_sdxl_nfe10_cfg_seed_sweep/schedules/GPDE/diffusers/sdxl/euler/cfg_5/seed_1/nfe_010,outputs/gpde_diffusers_sdxl_nfe10_cfg_seed_sweep/samples/diffusers/sdxl/euler/cfg_5/GPDE/seed_001/nfe_010,26.19963836669922,0.52586829662323
diffusers,hf_sdxl_base_10,euler,GPDE,10,1,5.0,14,"a medieval market square during a festival, banners, musicians, detailed crowd",outputs/gpde_diffusers_sdxl_nfe10_cfg_seed_sweep/samples/diffusers/sdxl/euler/cfg_5/GPDE/seed_001/nfe_010/000014.jpg,outputs/gpde_diffusers_sdxl_nfe10_cfg_seed_sweep/schedules/GPDE/diffusers/sdxl/euler/cfg_5/seed_1/nfe_010,outputs/gpde_diffusers_sdxl_nfe10_cfg_seed_sweep/samples/diffusers/sdxl/euler/cfg_5/GPDE/seed_001/nfe_010,26.354724884033203,0.08939149975776672
diffusers,hf_sdxl_base_10,euler,GPDE,10,1,5.0,15,an oil painting of a violinist performing in an empty subway station,outputs/gpde_diffusers_sdxl_nfe10_cfg_seed_sweep/samples/diffusers/sdxl/euler/cfg_5/GPDE/seed_001/nfe_010/000015.jpg,outputs/gpde_diffusers_sdxl_nfe10_cfg_seed_sweep/schedules/GPDE/diffusers/sdxl/euler/cfg_5/seed_1/nfe_010,outputs/gpde_diffusers_sdxl_nfe10_cfg_seed_sweep/samples/diffusers/sdxl/euler/cfg_5/GPDE/seed_001/nfe_010,38.675941467285156,1.7556649446487427
diffusers,hf_sdxl_base_10,euler,GPDE,10,1,5.0,16,"a close-up portrait of an elderly sailor, weathered skin, navy coat, overcast harbor",outputs/gpde_diffusers_sdxl_nfe10_cfg_seed_sweep/samples/diffusers/sdxl/euler/cfg_5/GPDE/seed_001/nfe_010/000016.jpg,outputs/gpde_diffusers_sdxl_nfe10_cfg_seed_sweep/schedules/GPDE/diffusers/sdxl/euler/cfg_5/seed_1/nfe_010,outputs/gpde_diffusers_sdxl_nfe10_cfg_seed_sweep/samples/diffusers/sdxl/euler/cfg_5/GPDE/seed_001/nfe_010,29.740530014038086,1.8048861026763916
diffusers,hf_sdxl_base_10,euler,GPDE,10,1,5.0,17,a clean architectural rendering of a modern cabin beside a frozen lake,outputs/gpde_diffusers_sdxl_nfe10_cfg_seed_sweep/samples/diffusers/sdxl/euler/cfg_5/GPDE/seed_001/nfe_010/000017.jpg,outputs/gpde_diffusers_sdxl_nfe10_cfg_seed_sweep/schedules/GPDE/diffusers/sdxl/euler/cfg_5/seed_1/nfe_010,outputs/gpde_diffusers_sdxl_nfe10_cfg_seed_sweep/samples/diffusers/sdxl/euler/cfg_5/GPDE/seed_001/nfe_010,36.238868713378906,1.4043540954589844
diffusers,hf_sdxl_base_10,euler,GPDE,10,1,5.0,18,a surreal desert filled with floating glass spheres and distant black mountains,outputs/gpde_diffusers_sdxl_nfe10_cfg_seed_sweep/samples/diffusers/sdxl/euler/cfg_5/GPDE/seed_001/nfe_010/000018.jpg,outputs/gpde_diffusers_sdxl_nfe10_cfg_seed_sweep/schedules/GPDE/diffusers/sdxl/euler/cfg_5/seed_1/nfe_010,outputs/gpde_diffusers_sdxl_nfe10_cfg_seed_sweep/samples/diffusers/sdxl/euler/cfg_5/GPDE/seed_001/nfe_010,35.504722595214844,1.7614424228668213
diffusers,hf_sdxl_base_10,euler,GPDE,10,1,5.0,19,a documentary photo of a scientist collecting ice cores in Antarctica,outputs/gpde_diffusers_sdxl_nfe10_cfg_seed_sweep/samples/diffusers/sdxl/euler/cfg_5/GPDE/seed_001/nfe_010/000019.jpg,outputs/gpde_diffusers_sdxl_nfe10_cfg_seed_sweep/schedules/GPDE/diffusers/sdxl/euler/cfg_5/seed_1/nfe_010,outputs/gpde_diffusers_sdxl_nfe10_cfg_seed_sweep/samples/diffusers/sdxl/euler/cfg_5/GPDE/seed_001/nfe_010,30.00439453125,0.2870340645313263
diffusers,hf_sdxl_base_10,euler,GPDE,10,1,5.0,20,a detailed 3D render of a mechanical hummingbird with copper wings,outputs/gpde_diffusers_sdxl_nfe10_cfg_seed_sweep/samples/diffusers/sdxl/euler/cfg_5/GPDE/seed_001/nfe_010/000020.jpg,outputs/gpde_diffusers_sdxl_nfe10_cfg_seed_sweep/schedules/GPDE/diffusers/sdxl/euler/cfg_5/seed_1/nfe_010,outputs/gpde_diffusers_sdxl_nfe10_cfg_seed_sweep/samples/diffusers/sdxl/euler/cfg_5/GPDE/seed_001/nfe_010,34.76605224609375,-0.43941745162010193
diffusers,hf_sdxl_base_10,euler,GPDE,10,1,5.0,21,"a cozy cafe interior in autumn, pastries, espresso machine, soft morning light",outputs/gpde_diffusers_sdxl_nfe10_cfg_seed_sweep/samples/diffusers/sdxl/euler/cfg_5/GPDE/seed_001/nfe_010/000021.jpg,outputs/gpde_diffusers_sdxl_nfe10_cfg_seed_sweep/schedules/GPDE/diffusers/sdxl/euler/cfg_5/seed_1/nfe_010,outputs/gpde_diffusers_sdxl_nfe10_cfg_seed_sweep/samples/diffusers/sdxl/euler/cfg_5/GPDE/seed_001/nfe_010,28.198688507080078,1.459293246269226
diffusers,hf_sdxl_base_10,euler,GPDE,10,1,5.0,22,"a panoramic view of terraced rice fields under mist, workers in colorful clothing",outputs/gpde_diffusers_sdxl_nfe10_cfg_seed_sweep/samples/diffusers/sdxl/euler/cfg_5/GPDE/seed_001/nfe_010/000022.jpg,outputs/gpde_diffusers_sdxl_nfe10_cfg_seed_sweep/schedules/GPDE/diffusers/sdxl/euler/cfg_5/seed_1/nfe_010,outputs/gpde_diffusers_sdxl_nfe10_cfg_seed_sweep/samples/diffusers/sdxl/euler/cfg_5/GPDE/seed_001/nfe_010,28.499156951904297,0.45620936155319214
diffusers,hf_sdxl_base_10,euler,GPDE,10,1,5.0,23,a children's book illustration of a moonlit boat parade on a quiet canal,outputs/gpde_diffusers_sdxl_nfe10_cfg_seed_sweep/samples/diffusers/sdxl/euler/cfg_5/GPDE/seed_001/nfe_010/000023.jpg,outputs/gpde_diffusers_sdxl_nfe10_cfg_seed_sweep/schedules/GPDE/diffusers/sdxl/euler/cfg_5/seed_1/nfe_010,outputs/gpde_diffusers_sdxl_nfe10_cfg_seed_sweep/samples/diffusers/sdxl/euler/cfg_5/GPDE/seed_001/nfe_010,33.16653060913086,1.3602734804153442
diffusers,hf_sdxl_base_10,euler,GPDE,10,1,5.0,24,"a realistic sports car parked in a concrete tunnel, reflections, low angle",outputs/gpde_diffusers_sdxl_nfe10_cfg_seed_sweep/samples/diffusers/sdxl/euler/cfg_5/GPDE/seed_001/nfe_010/000024.jpg,outputs/gpde_diffusers_sdxl_nfe10_cfg_seed_sweep/schedules/GPDE/diffusers/sdxl/euler/cfg_5/seed_1/nfe_010,outputs/gpde_diffusers_sdxl_nfe10_cfg_seed_sweep/samples/diffusers/sdxl/euler/cfg_5/GPDE/seed_001/nfe_010,28.03261947631836,-0.223439559340477
diffusers,hf_sdxl_base_10,euler,GPDE,10,1,5.0,25,"a botanical diagram of rare orchids with labeled roots and petals, archival paper",outputs/gpde_diffusers_sdxl_nfe10_cfg_seed_sweep/samples/diffusers/sdxl/euler/cfg_5/GPDE/seed_001/nfe_010/000025.jpg,outputs/gpde_diffusers_sdxl_nfe10_cfg_seed_sweep/schedules/GPDE/diffusers/sdxl/euler/cfg_5/seed_1/nfe_010,outputs/gpde_diffusers_sdxl_nfe10_cfg_seed_sweep/samples/diffusers/sdxl/euler/cfg_5/GPDE/seed_001/nfe_010,29.460365295410156,0.7269126772880554
diffusers,hf_sdxl_base_10,euler,GPDE,10,1,5.0,26,"a cyberpunk street food stall with steam, lanterns, and dense urban signage",outputs/gpde_diffusers_sdxl_nfe10_cfg_seed_sweep/samples/diffusers/sdxl/euler/cfg_5/GPDE/seed_001/nfe_010/000026.jpg,outputs/gpde_diffusers_sdxl_nfe10_cfg_seed_sweep/schedules/GPDE/diffusers/sdxl/euler/cfg_5/seed_1/nfe_010,outputs/gpde_diffusers_sdxl_nfe10_cfg_seed_sweep/samples/diffusers/sdxl/euler/cfg_5/GPDE/seed_001/nfe_010,32.51392364501953,0.5469595193862915
diffusers,hf_sdxl_base_10,euler,GPDE,10,1,5.0,27,"a still life of glass fruit bowls, linen cloth, and silver cutlery, natural light",outputs/gpde_diffusers_sdxl_nfe10_cfg_seed_sweep/samples/diffusers/sdxl/euler/cfg_5/GPDE/seed_001/nfe_010/000027.jpg,outputs/gpde_diffusers_sdxl_nfe10_cfg_seed_sweep/schedules/GPDE/diffusers/sdxl/euler/cfg_5/seed_1/nfe_010,outputs/gpde_diffusers_sdxl_nfe10_cfg_seed_sweep/samples/diffusers/sdxl/euler/cfg_5/GPDE/seed_001/nfe_010,30.820358276367188,0.7322291135787964
diffusers,hf_sdxl_base_10,euler,GPDE,10,1,5.0,28,a heroic statue covered in vines in an abandoned futuristic plaza,outputs/gpde_diffusers_sdxl_nfe10_cfg_seed_sweep/samples/diffusers/sdxl/euler/cfg_5/GPDE/seed_001/nfe_010/000028.jpg,outputs/gpde_diffusers_sdxl_nfe10_cfg_seed_sweep/schedules/GPDE/diffusers/sdxl/euler/cfg_5/seed_1/nfe_010,outputs/gpde_diffusers_sdxl_nfe10_cfg_seed_sweep/samples/diffusers/sdxl/euler/cfg_5/GPDE/seed_001/nfe_010,33.01583480834961,1.0794596672058105
diffusers,hf_sdxl_base_10,euler,GPDE,10,1,5.0,29,a black and white film photograph of dancers rehearsing in a mirror-lined studio,outputs/gpde_diffusers_sdxl_nfe10_cfg_seed_sweep/samples/diffusers/sdxl/euler/cfg_5/GPDE/seed_001/nfe_010/000029.jpg,outputs/gpde_diffusers_sdxl_nfe10_cfg_seed_sweep/schedules/GPDE/diffusers/sdxl/euler/cfg_5/seed_1/nfe_010,outputs/gpde_diffusers_sdxl_nfe10_cfg_seed_sweep/samples/diffusers/sdxl/euler/cfg_5/GPDE/seed_001/nfe_010,29.606300354003906,1.4790799617767334
diffusers,hf_sdxl_base_10,euler,GPDE,10,1,5.0,30,"a detailed scene of a spacecraft cockpit during reentry, glowing controls, tense mood",outputs/gpde_diffusers_sdxl_nfe10_cfg_seed_sweep/samples/diffusers/sdxl/euler/cfg_5/GPDE/seed_001/nfe_010/000030.jpg,outputs/gpde_diffusers_sdxl_nfe10_cfg_seed_sweep/schedules/GPDE/diffusers/sdxl/euler/cfg_5/seed_1/nfe_010,outputs/gpde_diffusers_sdxl_nfe10_cfg_seed_sweep/samples/diffusers/sdxl/euler/cfg_5/GPDE/seed_001/nfe_010,25.629878997802734,0.5566512942314148
diffusers,hf_sdxl_base_10,euler,GPDE,10,1,5.0,31,a claymation style village bakery with tiny loaves and painted signs,outputs/gpde_diffusers_sdxl_nfe10_cfg_seed_sweep/samples/diffusers/sdxl/euler/cfg_5/GPDE/seed_001/nfe_010/000031.jpg,outputs/gpde_diffusers_sdxl_nfe10_cfg_seed_sweep/schedules/GPDE/diffusers/sdxl/euler/cfg_5/seed_1/nfe_010,outputs/gpde_diffusers_sdxl_nfe10_cfg_seed_sweep/samples/diffusers/sdxl/euler/cfg_5/GPDE/seed_001/nfe_010,37.018211364746094,1.1833446025848389
diffusers,hf_sdxl_base_10,euler,GPDE,10,1,5.0,32,a realistic underwater photograph of a diver inspecting an ancient marble column,outputs/gpde_diffusers_sdxl_nfe10_cfg_seed_sweep/samples/diffusers/sdxl/euler/cfg_5/GPDE/seed_001/nfe_010/000032.jpg,outputs/gpde_diffusers_sdxl_nfe10_cfg_seed_sweep/schedules/GPDE/diffusers/sdxl/euler/cfg_5/seed_1/nfe_010,outputs/gpde_diffusers_sdxl_nfe10_cfg_seed_sweep/samples/diffusers/sdxl/euler/cfg_5/GPDE/seed_001/nfe_010,31.187517166137695,0.6674107313156128
diffusers,hf_sdxl_base_10,euler,GPDE,10,1,5.0,33,"a minimalist poster of a jazz quartet in deep red, cream, and black",outputs/gpde_diffusers_sdxl_nfe10_cfg_seed_sweep/samples/diffusers/sdxl/euler/cfg_5/GPDE/seed_001/nfe_010/000033.jpg,outputs/gpde_diffusers_sdxl_nfe10_cfg_seed_sweep/schedules/GPDE/diffusers/sdxl/euler/cfg_5/seed_1/nfe_010,outputs/gpde_diffusers_sdxl_nfe10_cfg_seed_sweep/samples/diffusers/sdxl/euler/cfg_5/GPDE/seed_001/nfe_010,29.32303810119629,1.0270432233810425
diffusers,hf_sdxl_base_10,euler,GPDE,10,1,5.0,34,a high detail portrait of a queen wearing armor made of mother of pearl,outputs/gpde_diffusers_sdxl_nfe10_cfg_seed_sweep/samples/diffusers/sdxl/euler/cfg_5/GPDE/seed_001/nfe_010/000034.jpg,outputs/gpde_diffusers_sdxl_nfe10_cfg_seed_sweep/schedules/GPDE/diffusers/sdxl/euler/cfg_5/seed_1/nfe_010,outputs/gpde_diffusers_sdxl_nfe10_cfg_seed_sweep/samples/diffusers/sdxl/euler/cfg_5/GPDE/seed_001/nfe_010,29.194175720214844,1.7759618759155273
diffusers,hf_sdxl_base_10,euler,GPDE,10,1,5.0,35,"a top-down board game map of an island with forests, cliffs, and hidden ruins",outputs/gpde_diffusers_sdxl_nfe10_cfg_seed_sweep/samples/diffusers/sdxl/euler/cfg_5/GPDE/seed_001/nfe_010/000035.jpg,outputs/gpde_diffusers_sdxl_nfe10_cfg_seed_sweep/schedules/GPDE/diffusers/sdxl/euler/cfg_5/seed_1/nfe_010,outputs/gpde_diffusers_sdxl_nfe10_cfg_seed_sweep/samples/diffusers/sdxl/euler/cfg_5/GPDE/seed_001/nfe_010,23.1945743560791,-0.4569918215274811
diffusers,hf_sdxl_base_10,euler,GPDE,10,1,5.0,36,"a luxury watch exploded view on a dark background, precise gears and screws",outputs/gpde_diffusers_sdxl_nfe10_cfg_seed_sweep/samples/diffusers/sdxl/euler/cfg_5/GPDE/seed_001/nfe_010/000036.jpg,outputs/gpde_diffusers_sdxl_nfe10_cfg_seed_sweep/schedules/GPDE/diffusers/sdxl/euler/cfg_5/seed_1/nfe_010,outputs/gpde_diffusers_sdxl_nfe10_cfg_seed_sweep/samples/diffusers/sdxl/euler/cfg_5/GPDE/seed_001/nfe_010,30.88495635986328,0.5031594634056091
diffusers,hf_sdxl_base_10,euler,GPDE,10,1,5.0,37,"a sunlit greenhouse filled with tomatoes, watering cans, and terracotta pots",outputs/gpde_diffusers_sdxl_nfe10_cfg_seed_sweep/samples/diffusers/sdxl/euler/cfg_5/GPDE/seed_001/nfe_010/000037.jpg,outputs/gpde_diffusers_sdxl_nfe10_cfg_seed_sweep/schedules/GPDE/diffusers/sdxl/euler/cfg_5/seed_1/nfe_010,outputs/gpde_diffusers_sdxl_nfe10_cfg_seed_sweep/samples/diffusers/sdxl/euler/cfg_5/GPDE/seed_001/nfe_010,32.22724914550781,0.8848018646240234
diffusers,hf_sdxl_base_10,euler,GPDE,10,1,5.0,38,a night landscape of fireflies over a meadow beside a quiet river,outputs/gpde_diffusers_sdxl_nfe10_cfg_seed_sweep/samples/diffusers/sdxl/euler/cfg_5/GPDE/seed_001/nfe_010/000038.jpg,outputs/gpde_diffusers_sdxl_nfe10_cfg_seed_sweep/schedules/GPDE/diffusers/sdxl/euler/cfg_5/seed_1/nfe_010,outputs/gpde_diffusers_sdxl_nfe10_cfg_seed_sweep/samples/diffusers/sdxl/euler/cfg_5/GPDE/seed_001/nfe_010,31.9916934967041,1.2076647281646729
diffusers,hf_sdxl_base_10,euler,GPDE,10,1,5.0,39,a realistic photo of a rescue helicopter landing on a snowy mountain ridge,outputs/gpde_diffusers_sdxl_nfe10_cfg_seed_sweep/samples/diffusers/sdxl/euler/cfg_5/GPDE/seed_001/nfe_010/000039.jpg,outputs/gpde_diffusers_sdxl_nfe10_cfg_seed_sweep/schedules/GPDE/diffusers/sdxl/euler/cfg_5/seed_1/nfe_010,outputs/gpde_diffusers_sdxl_nfe10_cfg_seed_sweep/samples/diffusers/sdxl/euler/cfg_5/GPDE/seed_001/nfe_010,32.51716613769531,0.8206400871276855
diffusers,hf_sdxl_base_10,euler,GPDE,10,1,5.0,40,a concept art scene of a floating research station above Jupiter's clouds,outputs/gpde_diffusers_sdxl_nfe10_cfg_seed_sweep/samples/diffusers/sdxl/euler/cfg_5/GPDE/seed_001/nfe_010/000040.jpg,outputs/gpde_diffusers_sdxl_nfe10_cfg_seed_sweep/schedules/GPDE/diffusers/sdxl/euler/cfg_5/seed_1/nfe_010,outputs/gpde_diffusers_sdxl_nfe10_cfg_seed_sweep/samples/diffusers/sdxl/euler/cfg_5/GPDE/seed_001/nfe_010,26.45379638671875,1.3683679103851318
diffusers,hf_sdxl_base_10,euler,GPDE,10,1,5.0,41,a detailed pencil drawing of an old bicycle leaning against a brick wall,outputs/gpde_diffusers_sdxl_nfe10_cfg_seed_sweep/samples/diffusers/sdxl/euler/cfg_5/GPDE/seed_001/nfe_010/000041.jpg,outputs/gpde_diffusers_sdxl_nfe10_cfg_seed_sweep/schedules/GPDE/diffusers/sdxl/euler/cfg_5/seed_1/nfe_010,outputs/gpde_diffusers_sdxl_nfe10_cfg_seed_sweep/samples/diffusers/sdxl/euler/cfg_5/GPDE/seed_001/nfe_010,35.092689514160156,0.7746791243553162
diffusers,hf_sdxl_base_10,euler,GPDE,10,1,5.0,42,"a museum diorama of prehistoric sea creatures, dramatic educational lighting",outputs/gpde_diffusers_sdxl_nfe10_cfg_seed_sweep/samples/diffusers/sdxl/euler/cfg_5/GPDE/seed_001/nfe_010/000042.jpg,outputs/gpde_diffusers_sdxl_nfe10_cfg_seed_sweep/schedules/GPDE/diffusers/sdxl/euler/cfg_5/seed_1/nfe_010,outputs/gpde_diffusers_sdxl_nfe10_cfg_seed_sweep/samples/diffusers/sdxl/euler/cfg_5/GPDE/seed_001/nfe_010,29.7085018157959,0.544386088848114
diffusers,hf_sdxl_base_10,euler,GPDE,10,1,5.0,43,"a peaceful Japanese garden with koi pond, stone bridge, and maple leaves",outputs/gpde_diffusers_sdxl_nfe10_cfg_seed_sweep/samples/diffusers/sdxl/euler/cfg_5/GPDE/seed_001/nfe_010/000043.jpg,outputs/gpde_diffusers_sdxl_nfe10_cfg_seed_sweep/schedules/GPDE/diffusers/sdxl/euler/cfg_5/seed_1/nfe_010,outputs/gpde_diffusers_sdxl_nfe10_cfg_seed_sweep/samples/diffusers/sdxl/euler/cfg_5/GPDE/seed_001/nfe_010,28.943140029907227,1.0078099966049194
diffusers,hf_sdxl_base_10,euler,GPDE,10,1,5.0,44,"a close-up food photograph of ramen with soft egg, steam, and ceramic bowl",outputs/gpde_diffusers_sdxl_nfe10_cfg_seed_sweep/samples/diffusers/sdxl/euler/cfg_5/GPDE/seed_001/nfe_010/000044.jpg,outputs/gpde_diffusers_sdxl_nfe10_cfg_seed_sweep/schedules/GPDE/diffusers/sdxl/euler/cfg_5/seed_1/nfe_010,outputs/gpde_diffusers_sdxl_nfe10_cfg_seed_sweep/samples/diffusers/sdxl/euler/cfg_5/GPDE/seed_001/nfe_010,32.546085357666016,0.1805855929851532
diffusers,hf_sdxl_base_10,euler,GPDE,10,1,5.0,45,a vibrant parade costume covered with mirrors and embroidered flowers,outputs/gpde_diffusers_sdxl_nfe10_cfg_seed_sweep/samples/diffusers/sdxl/euler/cfg_5/GPDE/seed_001/nfe_010/000045.jpg,outputs/gpde_diffusers_sdxl_nfe10_cfg_seed_sweep/schedules/GPDE/diffusers/sdxl/euler/cfg_5/seed_1/nfe_010,outputs/gpde_diffusers_sdxl_nfe10_cfg_seed_sweep/samples/diffusers/sdxl/euler/cfg_5/GPDE/seed_001/nfe_010,30.567825317382812,0.8040192723274231
diffusers,hf_sdxl_base_10,euler,GPDE,10,1,5.0,46,a realistic image of a hand-crafted wooden chess set mid game by candlelight,outputs/gpde_diffusers_sdxl_nfe10_cfg_seed_sweep/samples/diffusers/sdxl/euler/cfg_5/GPDE/seed_001/nfe_010/000046.jpg,outputs/gpde_diffusers_sdxl_nfe10_cfg_seed_sweep/schedules/GPDE/diffusers/sdxl/euler/cfg_5/seed_1/nfe_010,outputs/gpde_diffusers_sdxl_nfe10_cfg_seed_sweep/samples/diffusers/sdxl/euler/cfg_5/GPDE/seed_001/nfe_010,24.289613723754883,-1.0413028001785278
diffusers,hf_sdxl_base_10,euler,GPDE,10,1,5.0,47,a wide angle view of a data center corridor with blue status lights,outputs/gpde_diffusers_sdxl_nfe10_cfg_seed_sweep/samples/diffusers/sdxl/euler/cfg_5/GPDE/seed_001/nfe_010/000047.jpg,outputs/gpde_diffusers_sdxl_nfe10_cfg_seed_sweep/schedules/GPDE/diffusers/sdxl/euler/cfg_5/seed_1/nfe_010,outputs/gpde_diffusers_sdxl_nfe10_cfg_seed_sweep/samples/diffusers/sdxl/euler/cfg_5/GPDE/seed_001/nfe_010,24.601667404174805,1.4313790798187256
diffusers,hf_sdxl_base_10,euler,GPDE,10,1,5.0,48,a magical realism scene of books flying through an old train carriage,outputs/gpde_diffusers_sdxl_nfe10_cfg_seed_sweep/samples/diffusers/sdxl/euler/cfg_5/GPDE/seed_001/nfe_010/000048.jpg,outputs/gpde_diffusers_sdxl_nfe10_cfg_seed_sweep/schedules/GPDE/diffusers/sdxl/euler/cfg_5/seed_1/nfe_010,outputs/gpde_diffusers_sdxl_nfe10_cfg_seed_sweep/samples/diffusers/sdxl/euler/cfg_5/GPDE/seed_001/nfe_010,35.417945861816406,1.0721262693405151
diffusers,hf_sdxl_base_10,euler,GPDE,10,1,5.0,49,a studio portrait of a golden retriever wearing aviator goggles and a red scarf,outputs/gpde_diffusers_sdxl_nfe10_cfg_seed_sweep/samples/diffusers/sdxl/euler/cfg_5/GPDE/seed_001/nfe_010/000049.jpg,outputs/gpde_diffusers_sdxl_nfe10_cfg_seed_sweep/schedules/GPDE/diffusers/sdxl/euler/cfg_5/seed_1/nfe_010,outputs/gpde_diffusers_sdxl_nfe10_cfg_seed_sweep/samples/diffusers/sdxl/euler/cfg_5/GPDE/seed_001/nfe_010,35.645172119140625,1.839453101158142
diffusers,hf_sdxl_base_10,euler,GPDE,10,2,5.0,0,"a cinematic portrait of an astronaut botanist in a glass greenhouse on Mars, detailed fabric, soft rim light",outputs/gpde_diffusers_sdxl_nfe10_cfg_seed_sweep/samples/diffusers/sdxl/euler/cfg_5/GPDE/seed_002/nfe_010/000000.jpg,outputs/gpde_diffusers_sdxl_nfe10_cfg_seed_sweep/schedules/GPDE/diffusers/sdxl/euler/cfg_5/seed_2/nfe_010,outputs/gpde_diffusers_sdxl_nfe10_cfg_seed_sweep/samples/diffusers/sdxl/euler/cfg_5/GPDE/seed_002/nfe_010,34.58243942260742,1.5090346336364746
diffusers,hf_sdxl_base_10,euler,GPDE,10,2,5.0,1,"a small brass robot repairing an antique clock in a sunlit workshop, shallow depth of field",outputs/gpde_diffusers_sdxl_nfe10_cfg_seed_sweep/samples/diffusers/sdxl/euler/cfg_5/GPDE/seed_002/nfe_010/000001.jpg,outputs/gpde_diffusers_sdxl_nfe10_cfg_seed_sweep/schedules/GPDE/diffusers/sdxl/euler/cfg_5/seed_2/nfe_010,outputs/gpde_diffusers_sdxl_nfe10_cfg_seed_sweep/samples/diffusers/sdxl/euler/cfg_5/GPDE/seed_002/nfe_010,28.662290573120117,0.9435603618621826
diffusers,hf_sdxl_base_10,euler,GPDE,10,2,5.0,2,"a watercolor city street after rain with neon signs reflected in puddles, evening atmosphere",outputs/gpde_diffusers_sdxl_nfe10_cfg_seed_sweep/samples/diffusers/sdxl/euler/cfg_5/GPDE/seed_002/nfe_010/000002.jpg,outputs/gpde_diffusers_sdxl_nfe10_cfg_seed_sweep/schedules/GPDE/diffusers/sdxl/euler/cfg_5/seed_2/nfe_010,outputs/gpde_diffusers_sdxl_nfe10_cfg_seed_sweep/samples/diffusers/sdxl/euler/cfg_5/GPDE/seed_002/nfe_010,28.361351013183594,0.5905020236968994
diffusers,hf_sdxl_base_10,euler,GPDE,10,2,5.0,3,a high resolution studio photo of a ceramic teapot shaped like a seashell on a slate table,outputs/gpde_diffusers_sdxl_nfe10_cfg_seed_sweep/samples/diffusers/sdxl/euler/cfg_5/GPDE/seed_002/nfe_010/000003.jpg,outputs/gpde_diffusers_sdxl_nfe10_cfg_seed_sweep/schedules/GPDE/diffusers/sdxl/euler/cfg_5/seed_2/nfe_010,outputs/gpde_diffusers_sdxl_nfe10_cfg_seed_sweep/samples/diffusers/sdxl/euler/cfg_5/GPDE/seed_002/nfe_010,30.258100509643555,0.9160605072975159
diffusers,hf_sdxl_base_10,euler,GPDE,10,2,5.0,4,"a fantasy library carved inside a giant tree, spiral stairs, warm lanterns, intricate shelves",outputs/gpde_diffusers_sdxl_nfe10_cfg_seed_sweep/samples/diffusers/sdxl/euler/cfg_5/GPDE/seed_002/nfe_010/000004.jpg,outputs/gpde_diffusers_sdxl_nfe10_cfg_seed_sweep/schedules/GPDE/diffusers/sdxl/euler/cfg_5/seed_2/nfe_010,outputs/gpde_diffusers_sdxl_nfe10_cfg_seed_sweep/samples/diffusers/sdxl/euler/cfg_5/GPDE/seed_002/nfe_010,32.68832015991211,1.4539157152175903
diffusers,hf_sdxl_base_10,euler,GPDE,10,2,5.0,5,"a macro photograph of a snowflake resting on dark wool, crisp crystalline detail",outputs/gpde_diffusers_sdxl_nfe10_cfg_seed_sweep/samples/diffusers/sdxl/euler/cfg_5/GPDE/seed_002/nfe_010/000005.jpg,outputs/gpde_diffusers_sdxl_nfe10_cfg_seed_sweep/schedules/GPDE/diffusers/sdxl/euler/cfg_5/seed_2/nfe_010,outputs/gpde_diffusers_sdxl_nfe10_cfg_seed_sweep/samples/diffusers/sdxl/euler/cfg_5/GPDE/seed_002/nfe_010,27.745283126831055,0.27742618322372437
diffusers,hf_sdxl_base_10,euler,GPDE,10,2,5.0,6,"a retro futuristic train crossing a desert at sunset, chrome surfaces, long shadows",outputs/gpde_diffusers_sdxl_nfe10_cfg_seed_sweep/samples/diffusers/sdxl/euler/cfg_5/GPDE/seed_002/nfe_010/000006.jpg,outputs/gpde_diffusers_sdxl_nfe10_cfg_seed_sweep/schedules/GPDE/diffusers/sdxl/euler/cfg_5/seed_2/nfe_010,outputs/gpde_diffusers_sdxl_nfe10_cfg_seed_sweep/samples/diffusers/sdxl/euler/cfg_5/GPDE/seed_002/nfe_010,25.1595401763916,1.4813203811645508
diffusers,hf_sdxl_base_10,euler,GPDE,10,2,5.0,7,"a chef plating a colorful molecular gastronomy dessert, clean restaurant lighting",outputs/gpde_diffusers_sdxl_nfe10_cfg_seed_sweep/samples/diffusers/sdxl/euler/cfg_5/GPDE/seed_002/nfe_010/000007.jpg,outputs/gpde_diffusers_sdxl_nfe10_cfg_seed_sweep/schedules/GPDE/diffusers/sdxl/euler/cfg_5/seed_2/nfe_010,outputs/gpde_diffusers_sdxl_nfe10_cfg_seed_sweep/samples/diffusers/sdxl/euler/cfg_5/GPDE/seed_002/nfe_010,32.392459869384766,0.9420223236083984
diffusers,hf_sdxl_base_10,euler,GPDE,10,2,5.0,8,"an isometric cozy bedroom with plants, books, a desk lamp, and a rainy window",outputs/gpde_diffusers_sdxl_nfe10_cfg_seed_sweep/samples/diffusers/sdxl/euler/cfg_5/GPDE/seed_002/nfe_010/000008.jpg,outputs/gpde_diffusers_sdxl_nfe10_cfg_seed_sweep/schedules/GPDE/diffusers/sdxl/euler/cfg_5/seed_2/nfe_010,outputs/gpde_diffusers_sdxl_nfe10_cfg_seed_sweep/samples/diffusers/sdxl/euler/cfg_5/GPDE/seed_002/nfe_010,34.79196548461914,0.7774937152862549
diffusers,hf_sdxl_base_10,euler,GPDE,10,2,5.0,9,"a dramatic mountain monastery above clouds, sunrise, detailed stone architecture",outputs/gpde_diffusers_sdxl_nfe10_cfg_seed_sweep/samples/diffusers/sdxl/euler/cfg_5/GPDE/seed_002/nfe_010/000009.jpg,outputs/gpde_diffusers_sdxl_nfe10_cfg_seed_sweep/schedules/GPDE/diffusers/sdxl/euler/cfg_5/seed_2/nfe_010,outputs/gpde_diffusers_sdxl_nfe10_cfg_seed_sweep/samples/diffusers/sdxl/euler/cfg_5/GPDE/seed_002/nfe_010,33.43583297729492,1.6645879745483398
diffusers,hf_sdxl_base_10,euler,GPDE,10,2,5.0,10,a fashion editorial photo of a model wearing a translucent raincoat in Tokyo at night,outputs/gpde_diffusers_sdxl_nfe10_cfg_seed_sweep/samples/diffusers/sdxl/euler/cfg_5/GPDE/seed_002/nfe_010/000010.jpg,outputs/gpde_diffusers_sdxl_nfe10_cfg_seed_sweep/schedules/GPDE/diffusers/sdxl/euler/cfg_5/seed_2/nfe_010,outputs/gpde_diffusers_sdxl_nfe10_cfg_seed_sweep/samples/diffusers/sdxl/euler/cfg_5/GPDE/seed_002/nfe_010,37.633140563964844,1.8575669527053833
diffusers,hf_sdxl_base_10,euler,GPDE,10,2,5.0,11,a realistic red fox statue made of folded paper on a white museum pedestal,outputs/gpde_diffusers_sdxl_nfe10_cfg_seed_sweep/samples/diffusers/sdxl/euler/cfg_5/GPDE/seed_002/nfe_010/000011.jpg,outputs/gpde_diffusers_sdxl_nfe10_cfg_seed_sweep/schedules/GPDE/diffusers/sdxl/euler/cfg_5/seed_2/nfe_010,outputs/gpde_diffusers_sdxl_nfe10_cfg_seed_sweep/samples/diffusers/sdxl/euler/cfg_5/GPDE/seed_002/nfe_010,36.09775161743164,1.907979965209961
diffusers,hf_sdxl_base_10,euler,GPDE,10,2,5.0,12,a detailed cutaway illustration of a tiny submarine exploring a coral reef,outputs/gpde_diffusers_sdxl_nfe10_cfg_seed_sweep/samples/diffusers/sdxl/euler/cfg_5/GPDE/seed_002/nfe_010/000012.jpg,outputs/gpde_diffusers_sdxl_nfe10_cfg_seed_sweep/schedules/GPDE/diffusers/sdxl/euler/cfg_5/seed_2/nfe_010,outputs/gpde_diffusers_sdxl_nfe10_cfg_seed_sweep/samples/diffusers/sdxl/euler/cfg_5/GPDE/seed_002/nfe_010,29.730022430419922,1.3244267702102661
diffusers,hf_sdxl_base_10,euler,GPDE,10,2,5.0,13,a product photo of wireless headphones on brushed aluminum with blue accent lighting,outputs/gpde_diffusers_sdxl_nfe10_cfg_seed_sweep/samples/diffusers/sdxl/euler/cfg_5/GPDE/seed_002/nfe_010/000013.jpg,outputs/gpde_diffusers_sdxl_nfe10_cfg_seed_sweep/schedules/GPDE/diffusers/sdxl/euler/cfg_5/seed_2/nfe_010,outputs/gpde_diffusers_sdxl_nfe10_cfg_seed_sweep/samples/diffusers/sdxl/euler/cfg_5/GPDE/seed_002/nfe_010,29.83294105529785,0.2845427989959717
diffusers,hf_sdxl_base_10,euler,GPDE,10,2,5.0,14,"a medieval market square during a festival, banners, musicians, detailed crowd",outputs/gpde_diffusers_sdxl_nfe10_cfg_seed_sweep/samples/diffusers/sdxl/euler/cfg_5/GPDE/seed_002/nfe_010/000014.jpg,outputs/gpde_diffusers_sdxl_nfe10_cfg_seed_sweep/schedules/GPDE/diffusers/sdxl/euler/cfg_5/seed_2/nfe_010,outputs/gpde_diffusers_sdxl_nfe10_cfg_seed_sweep/samples/diffusers/sdxl/euler/cfg_5/GPDE/seed_002/nfe_010,27.11983299255371,0.18048998713493347
diffusers,hf_sdxl_base_10,euler,GPDE,10,2,5.0,15,an oil painting of a violinist performing in an empty subway station,outputs/gpde_diffusers_sdxl_nfe10_cfg_seed_sweep/samples/diffusers/sdxl/euler/cfg_5/GPDE/seed_002/nfe_010/000015.jpg,outputs/gpde_diffusers_sdxl_nfe10_cfg_seed_sweep/schedules/GPDE/diffusers/sdxl/euler/cfg_5/seed_2/nfe_010,outputs/gpde_diffusers_sdxl_nfe10_cfg_seed_sweep/samples/diffusers/sdxl/euler/cfg_5/GPDE/seed_002/nfe_010,37.64781951904297,1.7858004570007324
diffusers,hf_sdxl_base_10,euler,GPDE,10,2,5.0,16,"a close-up portrait of an elderly sailor, weathered skin, navy coat, overcast harbor",outputs/gpde_diffusers_sdxl_nfe10_cfg_seed_sweep/samples/diffusers/sdxl/euler/cfg_5/GPDE/seed_002/nfe_010/000016.jpg,outputs/gpde_diffusers_sdxl_nfe10_cfg_seed_sweep/schedules/GPDE/diffusers/sdxl/euler/cfg_5/seed_2/nfe_010,outputs/gpde_diffusers_sdxl_nfe10_cfg_seed_sweep/samples/diffusers/sdxl/euler/cfg_5/GPDE/seed_002/nfe_010,30.041610717773438,1.5782804489135742
diffusers,hf_sdxl_base_10,euler,GPDE,10,2,5.0,17,a clean architectural rendering of a modern cabin beside a frozen lake,outputs/gpde_diffusers_sdxl_nfe10_cfg_seed_sweep/samples/diffusers/sdxl/euler/cfg_5/GPDE/seed_002/nfe_010/000017.jpg,outputs/gpde_diffusers_sdxl_nfe10_cfg_seed_sweep/schedules/GPDE/diffusers/sdxl/euler/cfg_5/seed_2/nfe_010,outputs/gpde_diffusers_sdxl_nfe10_cfg_seed_sweep/samples/diffusers/sdxl/euler/cfg_5/GPDE/seed_002/nfe_010,36.33381271362305,0.5422773957252502
diffusers,hf_sdxl_base_10,euler,GPDE,10,2,5.0,18,a surreal desert filled with floating glass spheres and distant black mountains,outputs/gpde_diffusers_sdxl_nfe10_cfg_seed_sweep/samples/diffusers/sdxl/euler/cfg_5/GPDE/seed_002/nfe_010/000018.jpg,outputs/gpde_diffusers_sdxl_nfe10_cfg_seed_sweep/schedules/GPDE/diffusers/sdxl/euler/cfg_5/seed_2/nfe_010,outputs/gpde_diffusers_sdxl_nfe10_cfg_seed_sweep/samples/diffusers/sdxl/euler/cfg_5/GPDE/seed_002/nfe_010,32.16016387939453,1.7250462770462036
diffusers,hf_sdxl_base_10,euler,GPDE,10,2,5.0,19,a documentary photo of a scientist collecting ice cores in Antarctica,outputs/gpde_diffusers_sdxl_nfe10_cfg_seed_sweep/samples/diffusers/sdxl/euler/cfg_5/GPDE/seed_002/nfe_010/000019.jpg,outputs/gpde_diffusers_sdxl_nfe10_cfg_seed_sweep/schedules/GPDE/diffusers/sdxl/euler/cfg_5/seed_2/nfe_010,outputs/gpde_diffusers_sdxl_nfe10_cfg_seed_sweep/samples/diffusers/sdxl/euler/cfg_5/GPDE/seed_002/nfe_010,28.742799758911133,0.6171468496322632
diffusers,hf_sdxl_base_10,euler,GPDE,10,2,5.0,20,a detailed 3D render of a mechanical hummingbird with copper wings,outputs/gpde_diffusers_sdxl_nfe10_cfg_seed_sweep/samples/diffusers/sdxl/euler/cfg_5/GPDE/seed_002/nfe_010/000020.jpg,outputs/gpde_diffusers_sdxl_nfe10_cfg_seed_sweep/schedules/GPDE/diffusers/sdxl/euler/cfg_5/seed_2/nfe_010,outputs/gpde_diffusers_sdxl_nfe10_cfg_seed_sweep/samples/diffusers/sdxl/euler/cfg_5/GPDE/seed_002/nfe_010,35.31233215332031,-1.139286994934082
diffusers,hf_sdxl_base_10,euler,GPDE,10,2,5.0,21,"a cozy cafe interior in autumn, pastries, espresso machine, soft morning light",outputs/gpde_diffusers_sdxl_nfe10_cfg_seed_sweep/samples/diffusers/sdxl/euler/cfg_5/GPDE/seed_002/nfe_010/000021.jpg,outputs/gpde_diffusers_sdxl_nfe10_cfg_seed_sweep/schedules/GPDE/diffusers/sdxl/euler/cfg_5/seed_2/nfe_010,outputs/gpde_diffusers_sdxl_nfe10_cfg_seed_sweep/samples/diffusers/sdxl/euler/cfg_5/GPDE/seed_002/nfe_010,30.2699031829834,1.6616244316101074
diffusers,hf_sdxl_base_10,euler,GPDE,10,2,5.0,22,"a panoramic view of terraced rice fields under mist, workers in colorful clothing",outputs/gpde_diffusers_sdxl_nfe10_cfg_seed_sweep/samples/diffusers/sdxl/euler/cfg_5/GPDE/seed_002/nfe_010/000022.jpg,outputs/gpde_diffusers_sdxl_nfe10_cfg_seed_sweep/schedules/GPDE/diffusers/sdxl/euler/cfg_5/seed_2/nfe_010,outputs/gpde_diffusers_sdxl_nfe10_cfg_seed_sweep/samples/diffusers/sdxl/euler/cfg_5/GPDE/seed_002/nfe_010,29.118770599365234,0.07775383442640305
diffusers,hf_sdxl_base_10,euler,GPDE,10,2,5.0,23,a children's book illustration of a moonlit boat parade on a quiet canal,outputs/gpde_diffusers_sdxl_nfe10_cfg_seed_sweep/samples/diffusers/sdxl/euler/cfg_5/GPDE/seed_002/nfe_010/000023.jpg,outputs/gpde_diffusers_sdxl_nfe10_cfg_seed_sweep/schedules/GPDE/diffusers/sdxl/euler/cfg_5/seed_2/nfe_010,outputs/gpde_diffusers_sdxl_nfe10_cfg_seed_sweep/samples/diffusers/sdxl/euler/cfg_5/GPDE/seed_002/nfe_010,34.48206329345703,1.6248419284820557
diffusers,hf_sdxl_base_10,euler,GPDE,10,2,5.0,24,"a realistic sports car parked in a concrete tunnel, reflections, low angle",outputs/gpde_diffusers_sdxl_nfe10_cfg_seed_sweep/samples/diffusers/sdxl/euler/cfg_5/GPDE/seed_002/nfe_010/000024.jpg,outputs/gpde_diffusers_sdxl_nfe10_cfg_seed_sweep/schedules/GPDE/diffusers/sdxl/euler/cfg_5/seed_2/nfe_010,outputs/gpde_diffusers_sdxl_nfe10_cfg_seed_sweep/samples/diffusers/sdxl/euler/cfg_5/GPDE/seed_002/nfe_010,25.780519485473633,1.561233639717102
diffusers,hf_sdxl_base_10,euler,GPDE,10,2,5.0,25,"a botanical diagram of rare orchids with labeled roots and petals, archival paper",outputs/gpde_diffusers_sdxl_nfe10_cfg_seed_sweep/samples/diffusers/sdxl/euler/cfg_5/GPDE/seed_002/nfe_010/000025.jpg,outputs/gpde_diffusers_sdxl_nfe10_cfg_seed_sweep/schedules/GPDE/diffusers/sdxl/euler/cfg_5/seed_2/nfe_010,outputs/gpde_diffusers_sdxl_nfe10_cfg_seed_sweep/samples/diffusers/sdxl/euler/cfg_5/GPDE/seed_002/nfe_010,32.31333923339844,0.5461657643318176
diffusers,hf_sdxl_base_10,euler,GPDE,10,2,5.0,26,"a cyberpunk street food stall with steam, lanterns, and dense urban signage",outputs/gpde_diffusers_sdxl_nfe10_cfg_seed_sweep/samples/diffusers/sdxl/euler/cfg_5/GPDE/seed_002/nfe_010/000026.jpg,outputs/gpde_diffusers_sdxl_nfe10_cfg_seed_sweep/schedules/GPDE/diffusers/sdxl/euler/cfg_5/seed_2/nfe_010,outputs/gpde_diffusers_sdxl_nfe10_cfg_seed_sweep/samples/diffusers/sdxl/euler/cfg_5/GPDE/seed_002/nfe_010,28.509897232055664,1.142796277999878
diffusers,hf_sdxl_base_10,euler,GPDE,10,2,5.0,27,"a still life of glass fruit bowls, linen cloth, and silver cutlery, natural light",outputs/gpde_diffusers_sdxl_nfe10_cfg_seed_sweep/samples/diffusers/sdxl/euler/cfg_5/GPDE/seed_002/nfe_010/000027.jpg,outputs/gpde_diffusers_sdxl_nfe10_cfg_seed_sweep/schedules/GPDE/diffusers/sdxl/euler/cfg_5/seed_2/nfe_010,outputs/gpde_diffusers_sdxl_nfe10_cfg_seed_sweep/samples/diffusers/sdxl/euler/cfg_5/GPDE/seed_002/nfe_010,30.95317840576172,0.08085739612579346
diffusers,hf_sdxl_base_10,euler,GPDE,10,2,5.0,28,a heroic statue covered in vines in an abandoned futuristic plaza,outputs/gpde_diffusers_sdxl_nfe10_cfg_seed_sweep/samples/diffusers/sdxl/euler/cfg_5/GPDE/seed_002/nfe_010/000028.jpg,outputs/gpde_diffusers_sdxl_nfe10_cfg_seed_sweep/schedules/GPDE/diffusers/sdxl/euler/cfg_5/seed_2/nfe_010,outputs/gpde_diffusers_sdxl_nfe10_cfg_seed_sweep/samples/diffusers/sdxl/euler/cfg_5/GPDE/seed_002/nfe_010,33.49184036254883,1.2429306507110596
diffusers,hf_sdxl_base_10,euler,GPDE,10,2,5.0,29,a black and white film photograph of dancers rehearsing in a mirror-lined studio,outputs/gpde_diffusers_sdxl_nfe10_cfg_seed_sweep/samples/diffusers/sdxl/euler/cfg_5/GPDE/seed_002/nfe_010/000029.jpg,outputs/gpde_diffusers_sdxl_nfe10_cfg_seed_sweep/schedules/GPDE/diffusers/sdxl/euler/cfg_5/seed_2/nfe_010,outputs/gpde_diffusers_sdxl_nfe10_cfg_seed_sweep/samples/diffusers/sdxl/euler/cfg_5/GPDE/seed_002/nfe_010,31.388532638549805,1.3568603992462158
diffusers,hf_sdxl_base_10,euler,GPDE,10,2,5.0,30,"a detailed scene of a spacecraft cockpit during reentry, glowing controls, tense mood",outputs/gpde_diffusers_sdxl_nfe10_cfg_seed_sweep/samples/diffusers/sdxl/euler/cfg_5/GPDE/seed_002/nfe_010/000030.jpg,outputs/gpde_diffusers_sdxl_nfe10_cfg_seed_sweep/schedules/GPDE/diffusers/sdxl/euler/cfg_5/seed_2/nfe_010,outputs/gpde_diffusers_sdxl_nfe10_cfg_seed_sweep/samples/diffusers/sdxl/euler/cfg_5/GPDE/seed_002/nfe_010,24.24711036682129,0.5064005255699158
diffusers,hf_sdxl_base_10,euler,GPDE,10,2,5.0,31,a claymation style village bakery with tiny loaves and painted signs,outputs/gpde_diffusers_sdxl_nfe10_cfg_seed_sweep/samples/diffusers/sdxl/euler/cfg_5/GPDE/seed_002/nfe_010/000031.jpg,outputs/gpde_diffusers_sdxl_nfe10_cfg_seed_sweep/schedules/GPDE/diffusers/sdxl/euler/cfg_5/seed_2/nfe_010,outputs/gpde_diffusers_sdxl_nfe10_cfg_seed_sweep/samples/diffusers/sdxl/euler/cfg_5/GPDE/seed_002/nfe_010,32.05223083496094,0.30257657170295715
diffusers,hf_sdxl_base_10,euler,GPDE,10,2,5.0,32,a realistic underwater photograph of a diver inspecting an ancient marble column,outputs/gpde_diffusers_sdxl_nfe10_cfg_seed_sweep/samples/diffusers/sdxl/euler/cfg_5/GPDE/seed_002/nfe_010/000032.jpg,outputs/gpde_diffusers_sdxl_nfe10_cfg_seed_sweep/schedules/GPDE/diffusers/sdxl/euler/cfg_5/seed_2/nfe_010,outputs/gpde_diffusers_sdxl_nfe10_cfg_seed_sweep/samples/diffusers/sdxl/euler/cfg_5/GPDE/seed_002/nfe_010,26.566118240356445,0.5659409165382385
diffusers,hf_sdxl_base_10,euler,GPDE,10,2,5.0,33,"a minimalist poster of a jazz quartet in deep red, cream, and black",outputs/gpde_diffusers_sdxl_nfe10_cfg_seed_sweep/samples/diffusers/sdxl/euler/cfg_5/GPDE/seed_002/nfe_010/000033.jpg,outputs/gpde_diffusers_sdxl_nfe10_cfg_seed_sweep/schedules/GPDE/diffusers/sdxl/euler/cfg_5/seed_2/nfe_010,outputs/gpde_diffusers_sdxl_nfe10_cfg_seed_sweep/samples/diffusers/sdxl/euler/cfg_5/GPDE/seed_002/nfe_010,27.889589309692383,-1.1501318216323853
diffusers,hf_sdxl_base_10,euler,GPDE,10,2,5.0,34,a high detail portrait of a queen wearing armor made of mother of pearl,outputs/gpde_diffusers_sdxl_nfe10_cfg_seed_sweep/samples/diffusers/sdxl/euler/cfg_5/GPDE/seed_002/nfe_010/000034.jpg,outputs/gpde_diffusers_sdxl_nfe10_cfg_seed_sweep/schedules/GPDE/diffusers/sdxl/euler/cfg_5/seed_2/nfe_010,outputs/gpde_diffusers_sdxl_nfe10_cfg_seed_sweep/samples/diffusers/sdxl/euler/cfg_5/GPDE/seed_002/nfe_010,26.538129806518555,0.48720434308052063
diffusers,hf_sdxl_base_10,euler,GPDE,10,2,5.0,35,"a top-down board game map of an island with forests, cliffs, and hidden ruins",outputs/gpde_diffusers_sdxl_nfe10_cfg_seed_sweep/samples/diffusers/sdxl/euler/cfg_5/GPDE/seed_002/nfe_010/000035.jpg,outputs/gpde_diffusers_sdxl_nfe10_cfg_seed_sweep/schedules/GPDE/diffusers/sdxl/euler/cfg_5/seed_2/nfe_010,outputs/gpde_diffusers_sdxl_nfe10_cfg_seed_sweep/samples/diffusers/sdxl/euler/cfg_5/GPDE/seed_002/nfe_010,23.453060150146484,-0.7869031429290771
diffusers,hf_sdxl_base_10,euler,GPDE,10,2,5.0,36,"a luxury watch exploded view on a dark background, precise gears and screws",outputs/gpde_diffusers_sdxl_nfe10_cfg_seed_sweep/samples/diffusers/sdxl/euler/cfg_5/GPDE/seed_002/nfe_010/000036.jpg,outputs/gpde_diffusers_sdxl_nfe10_cfg_seed_sweep/schedules/GPDE/diffusers/sdxl/euler/cfg_5/seed_2/nfe_010,outputs/gpde_diffusers_sdxl_nfe10_cfg_seed_sweep/samples/diffusers/sdxl/euler/cfg_5/GPDE/seed_002/nfe_010,27.950939178466797,0.07019071280956268
diffusers,hf_sdxl_base_10,euler,GPDE,10,2,5.0,37,"a sunlit greenhouse filled with tomatoes, watering cans, and terracotta pots",outputs/gpde_diffusers_sdxl_nfe10_cfg_seed_sweep/samples/diffusers/sdxl/euler/cfg_5/GPDE/seed_002/nfe_010/000037.jpg,outputs/gpde_diffusers_sdxl_nfe10_cfg_seed_sweep/schedules/GPDE/diffusers/sdxl/euler/cfg_5/seed_2/nfe_010,outputs/gpde_diffusers_sdxl_nfe10_cfg_seed_sweep/samples/diffusers/sdxl/euler/cfg_5/GPDE/seed_002/nfe_010,32.551544189453125,0.8980768918991089
diffusers,hf_sdxl_base_10,euler,GPDE,10,2,5.0,38,a night landscape of fireflies over a meadow beside a quiet river,outputs/gpde_diffusers_sdxl_nfe10_cfg_seed_sweep/samples/diffusers/sdxl/euler/cfg_5/GPDE/seed_002/nfe_010/000038.jpg,outputs/gpde_diffusers_sdxl_nfe10_cfg_seed_sweep/schedules/GPDE/diffusers/sdxl/euler/cfg_5/seed_2/nfe_010,outputs/gpde_diffusers_sdxl_nfe10_cfg_seed_sweep/samples/diffusers/sdxl/euler/cfg_5/GPDE/seed_002/nfe_010,32.42243957519531,1.6086864471435547
diffusers,hf_sdxl_base_10,euler,GPDE,10,2,5.0,39,a realistic photo of a rescue helicopter landing on a snowy mountain ridge,outputs/gpde_diffusers_sdxl_nfe10_cfg_seed_sweep/samples/diffusers/sdxl/euler/cfg_5/GPDE/seed_002/nfe_010/000039.jpg,outputs/gpde_diffusers_sdxl_nfe10_cfg_seed_sweep/schedules/GPDE/diffusers/sdxl/euler/cfg_5/seed_2/nfe_010,outputs/gpde_diffusers_sdxl_nfe10_cfg_seed_sweep/samples/diffusers/sdxl/euler/cfg_5/GPDE/seed_002/nfe_010,33.04585266113281,1.1095540523529053
diffusers,hf_sdxl_base_10,euler,GPDE,10,2,5.0,40,a concept art scene of a floating research station above Jupiter's clouds,outputs/gpde_diffusers_sdxl_nfe10_cfg_seed_sweep/samples/diffusers/sdxl/euler/cfg_5/GPDE/seed_002/nfe_010/000040.jpg,outputs/gpde_diffusers_sdxl_nfe10_cfg_seed_sweep/schedules/GPDE/diffusers/sdxl/euler/cfg_5/seed_2/nfe_010,outputs/gpde_diffusers_sdxl_nfe10_cfg_seed_sweep/samples/diffusers/sdxl/euler/cfg_5/GPDE/seed_002/nfe_010,25.032854080200195,1.8603485822677612
diffusers,hf_sdxl_base_10,euler,GPDE,10,2,5.0,41,a detailed pencil drawing of an old bicycle leaning against a brick wall,outputs/gpde_diffusers_sdxl_nfe10_cfg_seed_sweep/samples/diffusers/sdxl/euler/cfg_5/GPDE/seed_002/nfe_010/000041.jpg,outputs/gpde_diffusers_sdxl_nfe10_cfg_seed_sweep/schedules/GPDE/diffusers/sdxl/euler/cfg_5/seed_2/nfe_010,outputs/gpde_diffusers_sdxl_nfe10_cfg_seed_sweep/samples/diffusers/sdxl/euler/cfg_5/GPDE/seed_002/nfe_010,36.478553771972656,1.3374499082565308
diffusers,hf_sdxl_base_10,euler,GPDE,10,2,5.0,42,"a museum diorama of prehistoric sea creatures, dramatic educational lighting",outputs/gpde_diffusers_sdxl_nfe10_cfg_seed_sweep/samples/diffusers/sdxl/euler/cfg_5/GPDE/seed_002/nfe_010/000042.jpg,outputs/gpde_diffusers_sdxl_nfe10_cfg_seed_sweep/schedules/GPDE/diffusers/sdxl/euler/cfg_5/seed_2/nfe_010,outputs/gpde_diffusers_sdxl_nfe10_cfg_seed_sweep/samples/diffusers/sdxl/euler/cfg_5/GPDE/seed_002/nfe_010,32.35742950439453,-0.022011317312717438
diffusers,hf_sdxl_base_10,euler,GPDE,10,2,5.0,43,"a peaceful Japanese garden with koi pond, stone bridge, and maple leaves",outputs/gpde_diffusers_sdxl_nfe10_cfg_seed_sweep/samples/diffusers/sdxl/euler/cfg_5/GPDE/seed_002/nfe_010/000043.jpg,outputs/gpde_diffusers_sdxl_nfe10_cfg_seed_sweep/schedules/GPDE/diffusers/sdxl/euler/cfg_5/seed_2/nfe_010,outputs/gpde_diffusers_sdxl_nfe10_cfg_seed_sweep/samples/diffusers/sdxl/euler/cfg_5/GPDE/seed_002/nfe_010,29.786754608154297,1.0834749937057495
diffusers,hf_sdxl_base_10,euler,GPDE,10,2,5.0,44,"a close-up food photograph of ramen with soft egg, steam, and ceramic bowl",outputs/gpde_diffusers_sdxl_nfe10_cfg_seed_sweep/samples/diffusers/sdxl/euler/cfg_5/GPDE/seed_002/nfe_010/000044.jpg,outputs/gpde_diffusers_sdxl_nfe10_cfg_seed_sweep/schedules/GPDE/diffusers/sdxl/euler/cfg_5/seed_2/nfe_010,outputs/gpde_diffusers_sdxl_nfe10_cfg_seed_sweep/samples/diffusers/sdxl/euler/cfg_5/GPDE/seed_002/nfe_010,31.609928131103516,0.5249530673027039
diffusers,hf_sdxl_base_10,euler,GPDE,10,2,5.0,45,a vibrant parade costume covered with mirrors and embroidered flowers,outputs/gpde_diffusers_sdxl_nfe10_cfg_seed_sweep/samples/diffusers/sdxl/euler/cfg_5/GPDE/seed_002/nfe_010/000045.jpg,outputs/gpde_diffusers_sdxl_nfe10_cfg_seed_sweep/schedules/GPDE/diffusers/sdxl/euler/cfg_5/seed_2/nfe_010,outputs/gpde_diffusers_sdxl_nfe10_cfg_seed_sweep/samples/diffusers/sdxl/euler/cfg_5/GPDE/seed_002/nfe_010,28.315216064453125,0.36811715364456177
diffusers,hf_sdxl_base_10,euler,GPDE,10,2,5.0,46,a realistic image of a hand-crafted wooden chess set mid game by candlelight,outputs/gpde_diffusers_sdxl_nfe10_cfg_seed_sweep/samples/diffusers/sdxl/euler/cfg_5/GPDE/seed_002/nfe_010/000046.jpg,outputs/gpde_diffusers_sdxl_nfe10_cfg_seed_sweep/schedules/GPDE/diffusers/sdxl/euler/cfg_5/seed_2/nfe_010,outputs/gpde_diffusers_sdxl_nfe10_cfg_seed_sweep/samples/diffusers/sdxl/euler/cfg_5/GPDE/seed_002/nfe_010,26.028038024902344,-1.0754085779190063
diffusers,hf_sdxl_base_10,euler,GPDE,10,2,5.0,47,a wide angle view of a data center corridor with blue status lights,outputs/gpde_diffusers_sdxl_nfe10_cfg_seed_sweep/samples/diffusers/sdxl/euler/cfg_5/GPDE/seed_002/nfe_010/000047.jpg,outputs/gpde_diffusers_sdxl_nfe10_cfg_seed_sweep/schedules/GPDE/diffusers/sdxl/euler/cfg_5/seed_2/nfe_010,outputs/gpde_diffusers_sdxl_nfe10_cfg_seed_sweep/samples/diffusers/sdxl/euler/cfg_5/GPDE/seed_002/nfe_010,21.067724227905273,1.3266289234161377
diffusers,hf_sdxl_base_10,euler,GPDE,10,2,5.0,48,a magical realism scene of books flying through an old train carriage,outputs/gpde_diffusers_sdxl_nfe10_cfg_seed_sweep/samples/diffusers/sdxl/euler/cfg_5/GPDE/seed_002/nfe_010/000048.jpg,outputs/gpde_diffusers_sdxl_nfe10_cfg_seed_sweep/schedules/GPDE/diffusers/sdxl/euler/cfg_5/seed_2/nfe_010,outputs/gpde_diffusers_sdxl_nfe10_cfg_seed_sweep/samples/diffusers/sdxl/euler/cfg_5/GPDE/seed_002/nfe_010,35.79814910888672,0.8428164720535278
diffusers,hf_sdxl_base_10,euler,GPDE,10,2,5.0,49,a studio portrait of a golden retriever wearing aviator goggles and a red scarf,outputs/gpde_diffusers_sdxl_nfe10_cfg_seed_sweep/samples/diffusers/sdxl/euler/cfg_5/GPDE/seed_002/nfe_010/000049.jpg,outputs/gpde_diffusers_sdxl_nfe10_cfg_seed_sweep/schedules/GPDE/diffusers/sdxl/euler/cfg_5/seed_2/nfe_010,outputs/gpde_diffusers_sdxl_nfe10_cfg_seed_sweep/samples/diffusers/sdxl/euler/cfg_5/GPDE/seed_002/nfe_010,34.51834487915039,1.8354707956314087
diffusers,hf_sdxl_base_10,euler,ays,10,0,5.0,0,"a cinematic portrait of an astronaut botanist in a glass greenhouse on Mars, detailed fabric, soft rim light",outputs/gpde_diffusers_sdxl_nfe10_cfg_seed_sweep/samples/diffusers/sdxl/euler/cfg_5/ays/seed_000/nfe_010/000000.jpg,schedules/ays_like/published/sdxl/nfe_010,outputs/gpde_diffusers_sdxl_nfe10_cfg_seed_sweep/samples/diffusers/sdxl/euler/cfg_5/ays/seed_000/nfe_010,34.675662994384766,1.4849573373794556
diffusers,hf_sdxl_base_10,euler,ays,10,0,5.0,1,"a small brass robot repairing an antique clock in a sunlit workshop, shallow depth of field",outputs/gpde_diffusers_sdxl_nfe10_cfg_seed_sweep/samples/diffusers/sdxl/euler/cfg_5/ays/seed_000/nfe_010/000001.jpg,schedules/ays_like/published/sdxl/nfe_010,outputs/gpde_diffusers_sdxl_nfe10_cfg_seed_sweep/samples/diffusers/sdxl/euler/cfg_5/ays/seed_000/nfe_010,30.32402992248535,0.4402918517589569
diffusers,hf_sdxl_base_10,euler,ays,10,0,5.0,2,"a watercolor city street after rain with neon signs reflected in puddles, evening atmosphere",outputs/gpde_diffusers_sdxl_nfe10_cfg_seed_sweep/samples/diffusers/sdxl/euler/cfg_5/ays/seed_000/nfe_010/000002.jpg,schedules/ays_like/published/sdxl/nfe_010,outputs/gpde_diffusers_sdxl_nfe10_cfg_seed_sweep/samples/diffusers/sdxl/euler/cfg_5/ays/seed_000/nfe_010,30.345409393310547,1.3400315046310425
diffusers,hf_sdxl_base_10,euler,ays,10,0,5.0,3,a high resolution studio photo of a ceramic teapot shaped like a seashell on a slate table,outputs/gpde_diffusers_sdxl_nfe10_cfg_seed_sweep/samples/diffusers/sdxl/euler/cfg_5/ays/seed_000/nfe_010/000003.jpg,schedules/ays_like/published/sdxl/nfe_010,outputs/gpde_diffusers_sdxl_nfe10_cfg_seed_sweep/samples/diffusers/sdxl/euler/cfg_5/ays/seed_000/nfe_010,33.07249069213867,1.5491814613342285
diffusers,hf_sdxl_base_10,euler,ays,10,0,5.0,4,"a fantasy library carved inside a giant tree, spiral stairs, warm lanterns, intricate shelves",outputs/gpde_diffusers_sdxl_nfe10_cfg_seed_sweep/samples/diffusers/sdxl/euler/cfg_5/ays/seed_000/nfe_010/000004.jpg,schedules/ays_like/published/sdxl/nfe_010,outputs/gpde_diffusers_sdxl_nfe10_cfg_seed_sweep/samples/diffusers/sdxl/euler/cfg_5/ays/seed_000/nfe_010,30.98711395263672,1.5366060733795166
diffusers,hf_sdxl_base_10,euler,ays,10,0,5.0,5,"a macro photograph of a snowflake resting on dark wool, crisp crystalline detail",outputs/gpde_diffusers_sdxl_nfe10_cfg_seed_sweep/samples/diffusers/sdxl/euler/cfg_5/ays/seed_000/nfe_010/000005.jpg,schedules/ays_like/published/sdxl/nfe_010,outputs/gpde_diffusers_sdxl_nfe10_cfg_seed_sweep/samples/diffusers/sdxl/euler/cfg_5/ays/seed_000/nfe_010,27.838897705078125,1.0852420330047607
diffusers,hf_sdxl_base_10,euler,ays,10,0,5.0,6,"a retro futuristic train crossing a desert at sunset, chrome surfaces, long shadows",outputs/gpde_diffusers_sdxl_nfe10_cfg_seed_sweep/samples/diffusers/sdxl/euler/cfg_5/ays/seed_000/nfe_010/000006.jpg,schedules/ays_like/published/sdxl/nfe_010,outputs/gpde_diffusers_sdxl_nfe10_cfg_seed_sweep/samples/diffusers/sdxl/euler/cfg_5/ays/seed_000/nfe_010,27.597427368164062,1.8134968280792236
diffusers,hf_sdxl_base_10,euler,ays,10,0,5.0,7,"a chef plating a colorful molecular gastronomy dessert, clean restaurant lighting",outputs/gpde_diffusers_sdxl_nfe10_cfg_seed_sweep/samples/diffusers/sdxl/euler/cfg_5/ays/seed_000/nfe_010/000007.jpg,schedules/ays_like/published/sdxl/nfe_010,outputs/gpde_diffusers_sdxl_nfe10_cfg_seed_sweep/samples/diffusers/sdxl/euler/cfg_5/ays/seed_000/nfe_010,32.17097473144531,-0.2298683077096939
diffusers,hf_sdxl_base_10,euler,ays,10,0,5.0,8,"an isometric cozy bedroom with plants, books, a desk lamp, and a rainy window",outputs/gpde_diffusers_sdxl_nfe10_cfg_seed_sweep/samples/diffusers/sdxl/euler/cfg_5/ays/seed_000/nfe_010/000008.jpg,schedules/ays_like/published/sdxl/nfe_010,outputs/gpde_diffusers_sdxl_nfe10_cfg_seed_sweep/samples/diffusers/sdxl/euler/cfg_5/ays/seed_000/nfe_010,31.80764389038086,0.6061739921569824
diffusers,hf_sdxl_base_10,euler,ays,10,0,5.0,9,"a dramatic mountain monastery above clouds, sunrise, detailed stone architecture",outputs/gpde_diffusers_sdxl_nfe10_cfg_seed_sweep/samples/diffusers/sdxl/euler/cfg_5/ays/seed_000/nfe_010/000009.jpg,schedules/ays_like/published/sdxl/nfe_010,outputs/gpde_diffusers_sdxl_nfe10_cfg_seed_sweep/samples/diffusers/sdxl/euler/cfg_5/ays/seed_000/nfe_010,34.74119186401367,1.8147505521774292
diffusers,hf_sdxl_base_10,euler,ays,10,0,5.0,10,a fashion editorial photo of a model wearing a translucent raincoat in Tokyo at night,outputs/gpde_diffusers_sdxl_nfe10_cfg_seed_sweep/samples/diffusers/sdxl/euler/cfg_5/ays/seed_000/nfe_010/000010.jpg,schedules/ays_like/published/sdxl/nfe_010,outputs/gpde_diffusers_sdxl_nfe10_cfg_seed_sweep/samples/diffusers/sdxl/euler/cfg_5/ays/seed_000/nfe_010,32.70456314086914,1.9723230600357056
diffusers,hf_sdxl_base_10,euler,ays,10,0,5.0,11,a realistic red fox statue made of folded paper on a white museum pedestal,outputs/gpde_diffusers_sdxl_nfe10_cfg_seed_sweep/samples/diffusers/sdxl/euler/cfg_5/ays/seed_000/nfe_010/000011.jpg,schedules/ays_like/published/sdxl/nfe_010,outputs/gpde_diffusers_sdxl_nfe10_cfg_seed_sweep/samples/diffusers/sdxl/euler/cfg_5/ays/seed_000/nfe_010,35.81997299194336,1.8888211250305176
diffusers,hf_sdxl_base_10,euler,ays,10,0,5.0,12,a detailed cutaway illustration of a tiny submarine exploring a coral reef,outputs/gpde_diffusers_sdxl_nfe10_cfg_seed_sweep/samples/diffusers/sdxl/euler/cfg_5/ays/seed_000/nfe_010/000012.jpg,schedules/ays_like/published/sdxl/nfe_010,outputs/gpde_diffusers_sdxl_nfe10_cfg_seed_sweep/samples/diffusers/sdxl/euler/cfg_5/ays/seed_000/nfe_010,29.865175247192383,1.5522946119308472
diffusers,hf_sdxl_base_10,euler,ays,10,0,5.0,13,a product photo of wireless headphones on brushed aluminum with blue accent lighting,outputs/gpde_diffusers_sdxl_nfe10_cfg_seed_sweep/samples/diffusers/sdxl/euler/cfg_5/ays/seed_000/nfe_010/000013.jpg,schedules/ays_like/published/sdxl/nfe_010,outputs/gpde_diffusers_sdxl_nfe10_cfg_seed_sweep/samples/diffusers/sdxl/euler/cfg_5/ays/seed_000/nfe_010,31.0493106842041,1.1687910556793213
diffusers,hf_sdxl_base_10,euler,ays,10,0,5.0,14,"a medieval market square during a festival, banners, musicians, detailed crowd",outputs/gpde_diffusers_sdxl_nfe10_cfg_seed_sweep/samples/diffusers/sdxl/euler/cfg_5/ays/seed_000/nfe_010/000014.jpg,schedules/ays_like/published/sdxl/nfe_010,outputs/gpde_diffusers_sdxl_nfe10_cfg_seed_sweep/samples/diffusers/sdxl/euler/cfg_5/ays/seed_000/nfe_010,24.503463745117188,0.31566348671913147
diffusers,hf_sdxl_base_10,euler,ays,10,0,5.0,15,an oil painting of a violinist performing in an empty subway station,outputs/gpde_diffusers_sdxl_nfe10_cfg_seed_sweep/samples/diffusers/sdxl/euler/cfg_5/ays/seed_000/nfe_010/000015.jpg,schedules/ays_like/published/sdxl/nfe_010,outputs/gpde_diffusers_sdxl_nfe10_cfg_seed_sweep/samples/diffusers/sdxl/euler/cfg_5/ays/seed_000/nfe_010,37.8463134765625,1.8480463027954102
diffusers,hf_sdxl_base_10,euler,ays,10,0,5.0,16,"a close-up portrait of an elderly sailor, weathered skin, navy coat, overcast harbor",outputs/gpde_diffusers_sdxl_nfe10_cfg_seed_sweep/samples/diffusers/sdxl/euler/cfg_5/ays/seed_000/nfe_010/000016.jpg,schedules/ays_like/published/sdxl/nfe_010,outputs/gpde_diffusers_sdxl_nfe10_cfg_seed_sweep/samples/diffusers/sdxl/euler/cfg_5/ays/seed_000/nfe_010,28.639057159423828,1.7840100526809692
diffusers,hf_sdxl_base_10,euler,ays,10,0,5.0,17,a clean architectural rendering of a modern cabin beside a frozen lake,outputs/gpde_diffusers_sdxl_nfe10_cfg_seed_sweep/samples/diffusers/sdxl/euler/cfg_5/ays/seed_000/nfe_010/000017.jpg,schedules/ays_like/published/sdxl/nfe_010,outputs/gpde_diffusers_sdxl_nfe10_cfg_seed_sweep/samples/diffusers/sdxl/euler/cfg_5/ays/seed_000/nfe_010,36.11223220825195,0.8987854719161987
diffusers,hf_sdxl_base_10,euler,ays,10,0,5.0,18,a surreal desert filled with floating glass spheres and distant black mountains,outputs/gpde_diffusers_sdxl_nfe10_cfg_seed_sweep/samples/diffusers/sdxl/euler/cfg_5/ays/seed_000/nfe_010/000018.jpg,schedules/ays_like/published/sdxl/nfe_010,outputs/gpde_diffusers_sdxl_nfe10_cfg_seed_sweep/samples/diffusers/sdxl/euler/cfg_5/ays/seed_000/nfe_010,27.81888771057129,0.9184181094169617
diffusers,hf_sdxl_base_10,euler,ays,10,0,5.0,19,a documentary photo of a scientist collecting ice cores in Antarctica,outputs/gpde_diffusers_sdxl_nfe10_cfg_seed_sweep/samples/diffusers/sdxl/euler/cfg_5/ays/seed_000/nfe_010/000019.jpg,schedules/ays_like/published/sdxl/nfe_010,outputs/gpde_diffusers_sdxl_nfe10_cfg_seed_sweep/samples/diffusers/sdxl/euler/cfg_5/ays/seed_000/nfe_010,29.367319107055664,-0.11834034323692322
diffusers,hf_sdxl_base_10,euler,ays,10,0,5.0,20,a detailed 3D render of a mechanical hummingbird with copper wings,outputs/gpde_diffusers_sdxl_nfe10_cfg_seed_sweep/samples/diffusers/sdxl/euler/cfg_5/ays/seed_000/nfe_010/000020.jpg,schedules/ays_like/published/sdxl/nfe_010,outputs/gpde_diffusers_sdxl_nfe10_cfg_seed_sweep/samples/diffusers/sdxl/euler/cfg_5/ays/seed_000/nfe_010,37.963226318359375,1.1690218448638916
diffusers,hf_sdxl_base_10,euler,ays,10,0,5.0,21,"a cozy cafe interior in autumn, pastries, espresso machine, soft morning light",outputs/gpde_diffusers_sdxl_nfe10_cfg_seed_sweep/samples/diffusers/sdxl/euler/cfg_5/ays/seed_000/nfe_010/000021.jpg,schedules/ays_like/published/sdxl/nfe_010,outputs/gpde_diffusers_sdxl_nfe10_cfg_seed_sweep/samples/diffusers/sdxl/euler/cfg_5/ays/seed_000/nfe_010,28.517091751098633,1.1130812168121338
diffusers,hf_sdxl_base_10,euler,ays,10,0,5.0,22,"a panoramic view of terraced rice fields under mist, workers in colorful clothing",outputs/gpde_diffusers_sdxl_nfe10_cfg_seed_sweep/samples/diffusers/sdxl/euler/cfg_5/ays/seed_000/nfe_010/000022.jpg,schedules/ays_like/published/sdxl/nfe_010,outputs/gpde_diffusers_sdxl_nfe10_cfg_seed_sweep/samples/diffusers/sdxl/euler/cfg_5/ays/seed_000/nfe_010,28.364032745361328,-0.44136351346969604
diffusers,hf_sdxl_base_10,euler,ays,10,0,5.0,23,a children's book illustration of a moonlit boat parade on a quiet canal,outputs/gpde_diffusers_sdxl_nfe10_cfg_seed_sweep/samples/diffusers/sdxl/euler/cfg_5/ays/seed_000/nfe_010/000023.jpg,schedules/ays_like/published/sdxl/nfe_010,outputs/gpde_diffusers_sdxl_nfe10_cfg_seed_sweep/samples/diffusers/sdxl/euler/cfg_5/ays/seed_000/nfe_010,34.10072708129883,1.6155798435211182
diffusers,hf_sdxl_base_10,euler,ays,10,0,5.0,24,"a realistic sports car parked in a concrete tunnel, reflections, low angle",outputs/gpde_diffusers_sdxl_nfe10_cfg_seed_sweep/samples/diffusers/sdxl/euler/cfg_5/ays/seed_000/nfe_010/000024.jpg,schedules/ays_like/published/sdxl/nfe_010,outputs/gpde_diffusers_sdxl_nfe10_cfg_seed_sweep/samples/diffusers/sdxl/euler/cfg_5/ays/seed_000/nfe_010,26.276525497436523,1.555197834968567
diffusers,hf_sdxl_base_10,euler,ays,10,0,5.0,25,"a botanical diagram of rare orchids with labeled roots and petals, archival paper",outputs/gpde_diffusers_sdxl_nfe10_cfg_seed_sweep/samples/diffusers/sdxl/euler/cfg_5/ays/seed_000/nfe_010/000025.jpg,schedules/ays_like/published/sdxl/nfe_010,outputs/gpde_diffusers_sdxl_nfe10_cfg_seed_sweep/samples/diffusers/sdxl/euler/cfg_5/ays/seed_000/nfe_010,29.042720794677734,1.0943958759307861
diffusers,hf_sdxl_base_10,euler,ays,10,0,5.0,26,"a cyberpunk street food stall with steam, lanterns, and dense urban signage",outputs/gpde_diffusers_sdxl_nfe10_cfg_seed_sweep/samples/diffusers/sdxl/euler/cfg_5/ays/seed_000/nfe_010/000026.jpg,schedules/ays_like/published/sdxl/nfe_010,outputs/gpde_diffusers_sdxl_nfe10_cfg_seed_sweep/samples/diffusers/sdxl/euler/cfg_5/ays/seed_000/nfe_010,30.959585189819336,1.0259395837783813
diffusers,hf_sdxl_base_10,euler,ays,10,0,5.0,27,"a still life of glass fruit bowls, linen cloth, and silver cutlery, natural light",outputs/gpde_diffusers_sdxl_nfe10_cfg_seed_sweep/samples/diffusers/sdxl/euler/cfg_5/ays/seed_000/nfe_010/000027.jpg,schedules/ays_like/published/sdxl/nfe_010,outputs/gpde_diffusers_sdxl_nfe10_cfg_seed_sweep/samples/diffusers/sdxl/euler/cfg_5/ays/seed_000/nfe_010,33.56916427612305,1.1382018327713013
diffusers,hf_sdxl_base_10,euler,ays,10,0,5.0,28,a heroic statue covered in vines in an abandoned futuristic plaza,outputs/gpde_diffusers_sdxl_nfe10_cfg_seed_sweep/samples/diffusers/sdxl/euler/cfg_5/ays/seed_000/nfe_010/000028.jpg,schedules/ays_like/published/sdxl/nfe_010,outputs/gpde_diffusers_sdxl_nfe10_cfg_seed_sweep/samples/diffusers/sdxl/euler/cfg_5/ays/seed_000/nfe_010,33.56170654296875,1.4147224426269531
diffusers,hf_sdxl_base_10,euler,ays,10,0,5.0,29,a black and white film photograph of dancers rehearsing in a mirror-lined studio,outputs/gpde_diffusers_sdxl_nfe10_cfg_seed_sweep/samples/diffusers/sdxl/euler/cfg_5/ays/seed_000/nfe_010/000029.jpg,schedules/ays_like/published/sdxl/nfe_010,outputs/gpde_diffusers_sdxl_nfe10_cfg_seed_sweep/samples/diffusers/sdxl/euler/cfg_5/ays/seed_000/nfe_010,31.50044059753418,0.8074612617492676
diffusers,hf_sdxl_base_10,euler,ays,10,0,5.0,30,"a detailed scene of a spacecraft cockpit during reentry, glowing controls, tense mood",outputs/gpde_diffusers_sdxl_nfe10_cfg_seed_sweep/samples/diffusers/sdxl/euler/cfg_5/ays/seed_000/nfe_010/000030.jpg,schedules/ays_like/published/sdxl/nfe_010,outputs/gpde_diffusers_sdxl_nfe10_cfg_seed_sweep/samples/diffusers/sdxl/euler/cfg_5/ays/seed_000/nfe_010,26.808292388916016,0.9851689338684082
diffusers,hf_sdxl_base_10,euler,ays,10,0,5.0,31,a claymation style village bakery with tiny loaves and painted signs,outputs/gpde_diffusers_sdxl_nfe10_cfg_seed_sweep/samples/diffusers/sdxl/euler/cfg_5/ays/seed_000/nfe_010/000031.jpg,schedules/ays_like/published/sdxl/nfe_010,outputs/gpde_diffusers_sdxl_nfe10_cfg_seed_sweep/samples/diffusers/sdxl/euler/cfg_5/ays/seed_000/nfe_010,38.33197784423828,1.511836290359497
diffusers,hf_sdxl_base_10,euler,ays,10,0,5.0,32,a realistic underwater photograph of a diver inspecting an ancient marble column,outputs/gpde_diffusers_sdxl_nfe10_cfg_seed_sweep/samples/diffusers/sdxl/euler/cfg_5/ays/seed_000/nfe_010/000032.jpg,schedules/ays_like/published/sdxl/nfe_010,outputs/gpde_diffusers_sdxl_nfe10_cfg_seed_sweep/samples/diffusers/sdxl/euler/cfg_5/ays/seed_000/nfe_010,30.864503860473633,1.6502621173858643
diffusers,hf_sdxl_base_10,euler,ays,10,0,5.0,33,"a minimalist poster of a jazz quartet in deep red, cream, and black",outputs/gpde_diffusers_sdxl_nfe10_cfg_seed_sweep/samples/diffusers/sdxl/euler/cfg_5/ays/seed_000/nfe_010/000033.jpg,schedules/ays_like/published/sdxl/nfe_010,outputs/gpde_diffusers_sdxl_nfe10_cfg_seed_sweep/samples/diffusers/sdxl/euler/cfg_5/ays/seed_000/nfe_010,29.4561710357666,1.0930649042129517
diffusers,hf_sdxl_base_10,euler,ays,10,0,5.0,34,a high detail portrait of a queen wearing armor made of mother of pearl,outputs/gpde_diffusers_sdxl_nfe10_cfg_seed_sweep/samples/diffusers/sdxl/euler/cfg_5/ays/seed_000/nfe_010/000034.jpg,schedules/ays_like/published/sdxl/nfe_010,outputs/gpde_diffusers_sdxl_nfe10_cfg_seed_sweep/samples/diffusers/sdxl/euler/cfg_5/ays/seed_000/nfe_010,29.8580322265625,1.4813954830169678
diffusers,hf_sdxl_base_10,euler,ays,10,0,5.0,35,"a top-down board game map of an island with forests, cliffs, and hidden ruins",outputs/gpde_diffusers_sdxl_nfe10_cfg_seed_sweep/samples/diffusers/sdxl/euler/cfg_5/ays/seed_000/nfe_010/000035.jpg,schedules/ays_like/published/sdxl/nfe_010,outputs/gpde_diffusers_sdxl_nfe10_cfg_seed_sweep/samples/diffusers/sdxl/euler/cfg_5/ays/seed_000/nfe_010,22.889909744262695,-0.5272424817085266
diffusers,hf_sdxl_base_10,euler,ays,10,0,5.0,36,"a luxury watch exploded view on a dark background, precise gears and screws",outputs/gpde_diffusers_sdxl_nfe10_cfg_seed_sweep/samples/diffusers/sdxl/euler/cfg_5/ays/seed_000/nfe_010/000036.jpg,schedules/ays_like/published/sdxl/nfe_010,outputs/gpde_diffusers_sdxl_nfe10_cfg_seed_sweep/samples/diffusers/sdxl/euler/cfg_5/ays/seed_000/nfe_010,30.733036041259766,0.8959510326385498
diffusers,hf_sdxl_base_10,euler,ays,10,0,5.0,37,"a sunlit greenhouse filled with tomatoes, watering cans, and terracotta pots",outputs/gpde_diffusers_sdxl_nfe10_cfg_seed_sweep/samples/diffusers/sdxl/euler/cfg_5/ays/seed_000/nfe_010/000037.jpg,schedules/ays_like/published/sdxl/nfe_010,outputs/gpde_diffusers_sdxl_nfe10_cfg_seed_sweep/samples/diffusers/sdxl/euler/cfg_5/ays/seed_000/nfe_010,31.327930450439453,1.1629841327667236
diffusers,hf_sdxl_base_10,euler,ays,10,0,5.0,38,a night landscape of fireflies over a meadow beside a quiet river,outputs/gpde_diffusers_sdxl_nfe10_cfg_seed_sweep/samples/diffusers/sdxl/euler/cfg_5/ays/seed_000/nfe_010/000038.jpg,schedules/ays_like/published/sdxl/nfe_010,outputs/gpde_diffusers_sdxl_nfe10_cfg_seed_sweep/samples/diffusers/sdxl/euler/cfg_5/ays/seed_000/nfe_010,29.59127426147461,1.4154510498046875
diffusers,hf_sdxl_base_10,euler,ays,10,0,5.0,39,a realistic photo of a rescue helicopter landing on a snowy mountain ridge,outputs/gpde_diffusers_sdxl_nfe10_cfg_seed_sweep/samples/diffusers/sdxl/euler/cfg_5/ays/seed_000/nfe_010/000039.jpg,schedules/ays_like/published/sdxl/nfe_010,outputs/gpde_diffusers_sdxl_nfe10_cfg_seed_sweep/samples/diffusers/sdxl/euler/cfg_5/ays/seed_000/nfe_010,36.70631790161133,1.1873879432678223
diffusers,hf_sdxl_base_10,euler,ays,10,0,5.0,40,a concept art scene of a floating research station above Jupiter's clouds,outputs/gpde_diffusers_sdxl_nfe10_cfg_seed_sweep/samples/diffusers/sdxl/euler/cfg_5/ays/seed_000/nfe_010/000040.jpg,schedules/ays_like/published/sdxl/nfe_010,outputs/gpde_diffusers_sdxl_nfe10_cfg_seed_sweep/samples/diffusers/sdxl/euler/cfg_5/ays/seed_000/nfe_010,26.310863494873047,1.697961449623108
diffusers,hf_sdxl_base_10,euler,ays,10,0,5.0,41,a detailed pencil drawing of an old bicycle leaning against a brick wall,outputs/gpde_diffusers_sdxl_nfe10_cfg_seed_sweep/samples/diffusers/sdxl/euler/cfg_5/ays/seed_000/nfe_010/000041.jpg,schedules/ays_like/published/sdxl/nfe_010,outputs/gpde_diffusers_sdxl_nfe10_cfg_seed_sweep/samples/diffusers/sdxl/euler/cfg_5/ays/seed_000/nfe_010,34.48392868041992,1.1881181001663208
diffusers,hf_sdxl_base_10,euler,ays,10,0,5.0,42,"a museum diorama of prehistoric sea creatures, dramatic educational lighting",outputs/gpde_diffusers_sdxl_nfe10_cfg_seed_sweep/samples/diffusers/sdxl/euler/cfg_5/ays/seed_000/nfe_010/000042.jpg,schedules/ays_like/published/sdxl/nfe_010,outputs/gpde_diffusers_sdxl_nfe10_cfg_seed_sweep/samples/diffusers/sdxl/euler/cfg_5/ays/seed_000/nfe_010,30.90018081665039,0.05041235312819481
diffusers,hf_sdxl_base_10,euler,ays,10,0,5.0,43,"a peaceful Japanese garden with koi pond, stone bridge, and maple leaves",outputs/gpde_diffusers_sdxl_nfe10_cfg_seed_sweep/samples/diffusers/sdxl/euler/cfg_5/ays/seed_000/nfe_010/000043.jpg,schedules/ays_like/published/sdxl/nfe_010,outputs/gpde_diffusers_sdxl_nfe10_cfg_seed_sweep/samples/diffusers/sdxl/euler/cfg_5/ays/seed_000/nfe_010,30.189191818237305,1.1306982040405273
diffusers,hf_sdxl_base_10,euler,ays,10,0,5.0,44,"a close-up food photograph of ramen with soft egg, steam, and ceramic bowl",outputs/gpde_diffusers_sdxl_nfe10_cfg_seed_sweep/samples/diffusers/sdxl/euler/cfg_5/ays/seed_000/nfe_010/000044.jpg,schedules/ays_like/published/sdxl/nfe_010,outputs/gpde_diffusers_sdxl_nfe10_cfg_seed_sweep/samples/diffusers/sdxl/euler/cfg_5/ays/seed_000/nfe_010,32.03086853027344,-0.21888397634029388
diffusers,hf_sdxl_base_10,euler,ays,10,0,5.0,45,a vibrant parade costume covered with mirrors and embroidered flowers,outputs/gpde_diffusers_sdxl_nfe10_cfg_seed_sweep/samples/diffusers/sdxl/euler/cfg_5/ays/seed_000/nfe_010/000045.jpg,schedules/ays_like/published/sdxl/nfe_010,outputs/gpde_diffusers_sdxl_nfe10_cfg_seed_sweep/samples/diffusers/sdxl/euler/cfg_5/ays/seed_000/nfe_010,29.656564712524414,0.08286044001579285
diffusers,hf_sdxl_base_10,euler,ays,10,0,5.0,46,a realistic image of a hand-crafted wooden chess set mid game by candlelight,outputs/gpde_diffusers_sdxl_nfe10_cfg_seed_sweep/samples/diffusers/sdxl/euler/cfg_5/ays/seed_000/nfe_010/000046.jpg,schedules/ays_like/published/sdxl/nfe_010,outputs/gpde_diffusers_sdxl_nfe10_cfg_seed_sweep/samples/diffusers/sdxl/euler/cfg_5/ays/seed_000/nfe_010,29.16924285888672,1.6686443090438843
diffusers,hf_sdxl_base_10,euler,ays,10,0,5.0,47,a wide angle view of a data center corridor with blue status lights,outputs/gpde_diffusers_sdxl_nfe10_cfg_seed_sweep/samples/diffusers/sdxl/euler/cfg_5/ays/seed_000/nfe_010/000047.jpg,schedules/ays_like/published/sdxl/nfe_010,outputs/gpde_diffusers_sdxl_nfe10_cfg_seed_sweep/samples/diffusers/sdxl/euler/cfg_5/ays/seed_000/nfe_010,22.336427688598633,1.6648426055908203
diffusers,hf_sdxl_base_10,euler,ays,10,0,5.0,48,a magical realism scene of books flying through an old train carriage,outputs/gpde_diffusers_sdxl_nfe10_cfg_seed_sweep/samples/diffusers/sdxl/euler/cfg_5/ays/seed_000/nfe_010/000048.jpg,schedules/ays_like/published/sdxl/nfe_010,outputs/gpde_diffusers_sdxl_nfe10_cfg_seed_sweep/samples/diffusers/sdxl/euler/cfg_5/ays/seed_000/nfe_010,33.44308853149414,0.465324729681015
diffusers,hf_sdxl_base_10,euler,ays,10,0,5.0,49,a studio portrait of a golden retriever wearing aviator goggles and a red scarf,outputs/gpde_diffusers_sdxl_nfe10_cfg_seed_sweep/samples/diffusers/sdxl/euler/cfg_5/ays/seed_000/nfe_010/000049.jpg,schedules/ays_like/published/sdxl/nfe_010,outputs/gpde_diffusers_sdxl_nfe10_cfg_seed_sweep/samples/diffusers/sdxl/euler/cfg_5/ays/seed_000/nfe_010,33.52064514160156,1.9336957931518555
diffusers,hf_sdxl_base_10,euler,ays,10,1,5.0,0,"a cinematic portrait of an astronaut botanist in a glass greenhouse on Mars, detailed fabric, soft rim light",outputs/gpde_diffusers_sdxl_nfe10_cfg_seed_sweep/samples/diffusers/sdxl/euler/cfg_5/ays/seed_001/nfe_010/000000.jpg,schedules/ays_like/published/sdxl/nfe_010,outputs/gpde_diffusers_sdxl_nfe10_cfg_seed_sweep/samples/diffusers/sdxl/euler/cfg_5/ays/seed_001/nfe_010,30.156898498535156,1.4023289680480957
diffusers,hf_sdxl_base_10,euler,ays,10,1,5.0,1,"a small brass robot repairing an antique clock in a sunlit workshop, shallow depth of field",outputs/gpde_diffusers_sdxl_nfe10_cfg_seed_sweep/samples/diffusers/sdxl/euler/cfg_5/ays/seed_001/nfe_010/000001.jpg,schedules/ays_like/published/sdxl/nfe_010,outputs/gpde_diffusers_sdxl_nfe10_cfg_seed_sweep/samples/diffusers/sdxl/euler/cfg_5/ays/seed_001/nfe_010,29.6148738861084,1.6906683444976807
diffusers,hf_sdxl_base_10,euler,ays,10,1,5.0,2,"a watercolor city street after rain with neon signs reflected in puddles, evening atmosphere",outputs/gpde_diffusers_sdxl_nfe10_cfg_seed_sweep/samples/diffusers/sdxl/euler/cfg_5/ays/seed_001/nfe_010/000002.jpg,schedules/ays_like/published/sdxl/nfe_010,outputs/gpde_diffusers_sdxl_nfe10_cfg_seed_sweep/samples/diffusers/sdxl/euler/cfg_5/ays/seed_001/nfe_010,31.17881965637207,0.7828542590141296
diffusers,hf_sdxl_base_10,euler,ays,10,1,5.0,3,a high resolution studio photo of a ceramic teapot shaped like a seashell on a slate table,outputs/gpde_diffusers_sdxl_nfe10_cfg_seed_sweep/samples/diffusers/sdxl/euler/cfg_5/ays/seed_001/nfe_010/000003.jpg,schedules/ays_like/published/sdxl/nfe_010,outputs/gpde_diffusers_sdxl_nfe10_cfg_seed_sweep/samples/diffusers/sdxl/euler/cfg_5/ays/seed_001/nfe_010,32.134456634521484,1.5978140830993652
diffusers,hf_sdxl_base_10,euler,ays,10,1,5.0,4,"a fantasy library carved inside a giant tree, spiral stairs, warm lanterns, intricate shelves",outputs/gpde_diffusers_sdxl_nfe10_cfg_seed_sweep/samples/diffusers/sdxl/euler/cfg_5/ays/seed_001/nfe_010/000004.jpg,schedules/ays_like/published/sdxl/nfe_010,outputs/gpde_diffusers_sdxl_nfe10_cfg_seed_sweep/samples/diffusers/sdxl/euler/cfg_5/ays/seed_001/nfe_010,29.696924209594727,1.5679340362548828
diffusers,hf_sdxl_base_10,euler,ays,10,1,5.0,5,"a macro photograph of a snowflake resting on dark wool, crisp crystalline detail",outputs/gpde_diffusers_sdxl_nfe10_cfg_seed_sweep/samples/diffusers/sdxl/euler/cfg_5/ays/seed_001/nfe_010/000005.jpg,schedules/ays_like/published/sdxl/nfe_010,outputs/gpde_diffusers_sdxl_nfe10_cfg_seed_sweep/samples/diffusers/sdxl/euler/cfg_5/ays/seed_001/nfe_010,29.39997100830078,1.0998523235321045
diffusers,hf_sdxl_base_10,euler,ays,10,1,5.0,6,"a retro futuristic train crossing a desert at sunset, chrome surfaces, long shadows",outputs/gpde_diffusers_sdxl_nfe10_cfg_seed_sweep/samples/diffusers/sdxl/euler/cfg_5/ays/seed_001/nfe_010/000006.jpg,schedules/ays_like/published/sdxl/nfe_010,outputs/gpde_diffusers_sdxl_nfe10_cfg_seed_sweep/samples/diffusers/sdxl/euler/cfg_5/ays/seed_001/nfe_010,30.37737274169922,1.791953444480896
diffusers,hf_sdxl_base_10,euler,ays,10,1,5.0,7,"a chef plating a colorful molecular gastronomy dessert, clean restaurant lighting",outputs/gpde_diffusers_sdxl_nfe10_cfg_seed_sweep/samples/diffusers/sdxl/euler/cfg_5/ays/seed_001/nfe_010/000007.jpg,schedules/ays_like/published/sdxl/nfe_010,outputs/gpde_diffusers_sdxl_nfe10_cfg_seed_sweep/samples/diffusers/sdxl/euler/cfg_5/ays/seed_001/nfe_010,29.725950241088867,-2.094858169555664
diffusers,hf_sdxl_base_10,euler,ays,10,1,5.0,8,"an isometric cozy bedroom with plants, books, a desk lamp, and a rainy window",outputs/gpde_diffusers_sdxl_nfe10_cfg_seed_sweep/samples/diffusers/sdxl/euler/cfg_5/ays/seed_001/nfe_010/000008.jpg,schedules/ays_like/published/sdxl/nfe_010,outputs/gpde_diffusers_sdxl_nfe10_cfg_seed_sweep/samples/diffusers/sdxl/euler/cfg_5/ays/seed_001/nfe_010,35.29774475097656,0.127011239528656
diffusers,hf_sdxl_base_10,euler,ays,10,1,5.0,9,"a dramatic mountain monastery above clouds, sunrise, detailed stone architecture",outputs/gpde_diffusers_sdxl_nfe10_cfg_seed_sweep/samples/diffusers/sdxl/euler/cfg_5/ays/seed_001/nfe_010/000009.jpg,schedules/ays_like/published/sdxl/nfe_010,outputs/gpde_diffusers_sdxl_nfe10_cfg_seed_sweep/samples/diffusers/sdxl/euler/cfg_5/ays/seed_001/nfe_010,31.967365264892578,1.7609912157058716
diffusers,hf_sdxl_base_10,euler,ays,10,1,5.0,10,a fashion editorial photo of a model wearing a translucent raincoat in Tokyo at night,outputs/gpde_diffusers_sdxl_nfe10_cfg_seed_sweep/samples/diffusers/sdxl/euler/cfg_5/ays/seed_001/nfe_010/000010.jpg,schedules/ays_like/published/sdxl/nfe_010,outputs/gpde_diffusers_sdxl_nfe10_cfg_seed_sweep/samples/diffusers/sdxl/euler/cfg_5/ays/seed_001/nfe_010,36.18518829345703,1.9752272367477417
diffusers,hf_sdxl_base_10,euler,ays,10,1,5.0,11,a realistic red fox statue made of folded paper on a white museum pedestal,outputs/gpde_diffusers_sdxl_nfe10_cfg_seed_sweep/samples/diffusers/sdxl/euler/cfg_5/ays/seed_001/nfe_010/000011.jpg,schedules/ays_like/published/sdxl/nfe_010,outputs/gpde_diffusers_sdxl_nfe10_cfg_seed_sweep/samples/diffusers/sdxl/euler/cfg_5/ays/seed_001/nfe_010,33.88356018066406,1.7297450304031372
diffusers,hf_sdxl_base_10,euler,ays,10,1,5.0,12,a detailed cutaway illustration of a tiny submarine exploring a coral reef,outputs/gpde_diffusers_sdxl_nfe10_cfg_seed_sweep/samples/diffusers/sdxl/euler/cfg_5/ays/seed_001/nfe_010/000012.jpg,schedules/ays_like/published/sdxl/nfe_010,outputs/gpde_diffusers_sdxl_nfe10_cfg_seed_sweep/samples/diffusers/sdxl/euler/cfg_5/ays/seed_001/nfe_010,27.565025329589844,1.5795297622680664
diffusers,hf_sdxl_base_10,euler,ays,10,1,5.0,13,a product photo of wireless headphones on brushed aluminum with blue accent lighting,outputs/gpde_diffusers_sdxl_nfe10_cfg_seed_sweep/samples/diffusers/sdxl/euler/cfg_5/ays/seed_001/nfe_010/000013.jpg,schedules/ays_like/published/sdxl/nfe_010,outputs/gpde_diffusers_sdxl_nfe10_cfg_seed_sweep/samples/diffusers/sdxl/euler/cfg_5/ays/seed_001/nfe_010,33.6597900390625,0.5907977223396301
diffusers,hf_sdxl_base_10,euler,ays,10,1,5.0,14,"a medieval market square during a festival, banners, musicians, detailed crowd",outputs/gpde_diffusers_sdxl_nfe10_cfg_seed_sweep/samples/diffusers/sdxl/euler/cfg_5/ays/seed_001/nfe_010/000014.jpg,schedules/ays_like/published/sdxl/nfe_010,outputs/gpde_diffusers_sdxl_nfe10_cfg_seed_sweep/samples/diffusers/sdxl/euler/cfg_5/ays/seed_001/nfe_010,26.108583450317383,0.2899401783943176
diffusers,hf_sdxl_base_10,euler,ays,10,1,5.0,15,an oil painting of a violinist performing in an empty subway station,outputs/gpde_diffusers_sdxl_nfe10_cfg_seed_sweep/samples/diffusers/sdxl/euler/cfg_5/ays/seed_001/nfe_010/000015.jpg,schedules/ays_like/published/sdxl/nfe_010,outputs/gpde_diffusers_sdxl_nfe10_cfg_seed_sweep/samples/diffusers/sdxl/euler/cfg_5/ays/seed_001/nfe_010,37.98028564453125,1.8917912244796753
diffusers,hf_sdxl_base_10,euler,ays,10,1,5.0,16,"a close-up portrait of an elderly sailor, weathered skin, navy coat, overcast harbor",outputs/gpde_diffusers_sdxl_nfe10_cfg_seed_sweep/samples/diffusers/sdxl/euler/cfg_5/ays/seed_001/nfe_010/000016.jpg,schedules/ays_like/published/sdxl/nfe_010,outputs/gpde_diffusers_sdxl_nfe10_cfg_seed_sweep/samples/diffusers/sdxl/euler/cfg_5/ays/seed_001/nfe_010,32.27217483520508,1.914214849472046
diffusers,hf_sdxl_base_10,euler,ays,10,1,5.0,17,a clean architectural rendering of a modern cabin beside a frozen lake,outputs/gpde_diffusers_sdxl_nfe10_cfg_seed_sweep/samples/diffusers/sdxl/euler/cfg_5/ays/seed_001/nfe_010/000017.jpg,schedules/ays_like/published/sdxl/nfe_010,outputs/gpde_diffusers_sdxl_nfe10_cfg_seed_sweep/samples/diffusers/sdxl/euler/cfg_5/ays/seed_001/nfe_010,36.34185028076172,1.4988682270050049
diffusers,hf_sdxl_base_10,euler,ays,10,1,5.0,18,a surreal desert filled with floating glass spheres and distant black mountains,outputs/gpde_diffusers_sdxl_nfe10_cfg_seed_sweep/samples/diffusers/sdxl/euler/cfg_5/ays/seed_001/nfe_010/000018.jpg,schedules/ays_like/published/sdxl/nfe_010,outputs/gpde_diffusers_sdxl_nfe10_cfg_seed_sweep/samples/diffusers/sdxl/euler/cfg_5/ays/seed_001/nfe_010,32.683509826660156,1.714368462562561
diffusers,hf_sdxl_base_10,euler,ays,10,1,5.0,19,a documentary photo of a scientist collecting ice cores in Antarctica,outputs/gpde_diffusers_sdxl_nfe10_cfg_seed_sweep/samples/diffusers/sdxl/euler/cfg_5/ays/seed_001/nfe_010/000019.jpg,schedules/ays_like/published/sdxl/nfe_010,outputs/gpde_diffusers_sdxl_nfe10_cfg_seed_sweep/samples/diffusers/sdxl/euler/cfg_5/ays/seed_001/nfe_010,30.939085006713867,0.6938102841377258
diffusers,hf_sdxl_base_10,euler,ays,10,1,5.0,20,a detailed 3D render of a mechanical hummingbird with copper wings,outputs/gpde_diffusers_sdxl_nfe10_cfg_seed_sweep/samples/diffusers/sdxl/euler/cfg_5/ays/seed_001/nfe_010/000020.jpg,schedules/ays_like/published/sdxl/nfe_010,outputs/gpde_diffusers_sdxl_nfe10_cfg_seed_sweep/samples/diffusers/sdxl/euler/cfg_5/ays/seed_001/nfe_010,37.75576400756836,0.2572818398475647
diffusers,hf_sdxl_base_10,euler,ays,10,1,5.0,21,"a cozy cafe interior in autumn, pastries, espresso machine, soft morning light",outputs/gpde_diffusers_sdxl_nfe10_cfg_seed_sweep/samples/diffusers/sdxl/euler/cfg_5/ays/seed_001/nfe_010/000021.jpg,schedules/ays_like/published/sdxl/nfe_010,outputs/gpde_diffusers_sdxl_nfe10_cfg_seed_sweep/samples/diffusers/sdxl/euler/cfg_5/ays/seed_001/nfe_010,31.308265686035156,0.5070406794548035
diffusers,hf_sdxl_base_10,euler,ays,10,1,5.0,22,"a panoramic view of terraced rice fields under mist, workers in colorful clothing",outputs/gpde_diffusers_sdxl_nfe10_cfg_seed_sweep/samples/diffusers/sdxl/euler/cfg_5/ays/seed_001/nfe_010/000022.jpg,schedules/ays_like/published/sdxl/nfe_010,outputs/gpde_diffusers_sdxl_nfe10_cfg_seed_sweep/samples/diffusers/sdxl/euler/cfg_5/ays/seed_001/nfe_010,29.13864517211914,-0.9842962026596069
diffusers,hf_sdxl_base_10,euler,ays,10,1,5.0,23,a children's book illustration of a moonlit boat parade on a quiet canal,outputs/gpde_diffusers_sdxl_nfe10_cfg_seed_sweep/samples/diffusers/sdxl/euler/cfg_5/ays/seed_001/nfe_010/000023.jpg,schedules/ays_like/published/sdxl/nfe_010,outputs/gpde_diffusers_sdxl_nfe10_cfg_seed_sweep/samples/diffusers/sdxl/euler/cfg_5/ays/seed_001/nfe_010,33.409149169921875,1.1179580688476562
diffusers,hf_sdxl_base_10,euler,ays,10,1,5.0,24,"a realistic sports car parked in a concrete tunnel, reflections, low angle",outputs/gpde_diffusers_sdxl_nfe10_cfg_seed_sweep/samples/diffusers/sdxl/euler/cfg_5/ays/seed_001/nfe_010/000024.jpg,schedules/ays_like/published/sdxl/nfe_010,outputs/gpde_diffusers_sdxl_nfe10_cfg_seed_sweep/samples/diffusers/sdxl/euler/cfg_5/ays/seed_001/nfe_010,26.396310806274414,1.403013825416565
diffusers,hf_sdxl_base_10,euler,ays,10,1,5.0,25,"a botanical diagram of rare orchids with labeled roots and petals, archival paper",outputs/gpde_diffusers_sdxl_nfe10_cfg_seed_sweep/samples/diffusers/sdxl/euler/cfg_5/ays/seed_001/nfe_010/000025.jpg,schedules/ays_like/published/sdxl/nfe_010,outputs/gpde_diffusers_sdxl_nfe10_cfg_seed_sweep/samples/diffusers/sdxl/euler/cfg_5/ays/seed_001/nfe_010,29.025482177734375,0.9360842108726501
diffusers,hf_sdxl_base_10,euler,ays,10,1,5.0,26,"a cyberpunk street food stall with steam, lanterns, and dense urban signage",outputs/gpde_diffusers_sdxl_nfe10_cfg_seed_sweep/samples/diffusers/sdxl/euler/cfg_5/ays/seed_001/nfe_010/000026.jpg,schedules/ays_like/published/sdxl/nfe_010,outputs/gpde_diffusers_sdxl_nfe10_cfg_seed_sweep/samples/diffusers/sdxl/euler/cfg_5/ays/seed_001/nfe_010,33.707706451416016,0.9860150218009949
diffusers,hf_sdxl_base_10,euler,ays,10,1,5.0,27,"a still life of glass fruit bowls, linen cloth, and silver cutlery, natural light",outputs/gpde_diffusers_sdxl_nfe10_cfg_seed_sweep/samples/diffusers/sdxl/euler/cfg_5/ays/seed_001/nfe_010/000027.jpg,schedules/ays_like/published/sdxl/nfe_010,outputs/gpde_diffusers_sdxl_nfe10_cfg_seed_sweep/samples/diffusers/sdxl/euler/cfg_5/ays/seed_001/nfe_010,32.51055145263672,1.3945133686065674
diffusers,hf_sdxl_base_10,euler,ays,10,1,5.0,28,a heroic statue covered in vines in an abandoned futuristic plaza,outputs/gpde_diffusers_sdxl_nfe10_cfg_seed_sweep/samples/diffusers/sdxl/euler/cfg_5/ays/seed_001/nfe_010/000028.jpg,schedules/ays_like/published/sdxl/nfe_010,outputs/gpde_diffusers_sdxl_nfe10_cfg_seed_sweep/samples/diffusers/sdxl/euler/cfg_5/ays/seed_001/nfe_010,30.09497833251953,1.2387824058532715
diffusers,hf_sdxl_base_10,euler,ays,10,1,5.0,29,a black and white film photograph of dancers rehearsing in a mirror-lined studio,outputs/gpde_diffusers_sdxl_nfe10_cfg_seed_sweep/samples/diffusers/sdxl/euler/cfg_5/ays/seed_001/nfe_010/000029.jpg,schedules/ays_like/published/sdxl/nfe_010,outputs/gpde_diffusers_sdxl_nfe10_cfg_seed_sweep/samples/diffusers/sdxl/euler/cfg_5/ays/seed_001/nfe_010,32.945343017578125,0.8943339586257935
diffusers,hf_sdxl_base_10,euler,ays,10,1,5.0,30,"a detailed scene of a spacecraft cockpit during reentry, glowing controls, tense mood",outputs/gpde_diffusers_sdxl_nfe10_cfg_seed_sweep/samples/diffusers/sdxl/euler/cfg_5/ays/seed_001/nfe_010/000030.jpg,schedules/ays_like/published/sdxl/nfe_010,outputs/gpde_diffusers_sdxl_nfe10_cfg_seed_sweep/samples/diffusers/sdxl/euler/cfg_5/ays/seed_001/nfe_010,23.929468154907227,0.8138328790664673
diffusers,hf_sdxl_base_10,euler,ays,10,1,5.0,31,a claymation style village bakery with tiny loaves and painted signs,outputs/gpde_diffusers_sdxl_nfe10_cfg_seed_sweep/samples/diffusers/sdxl/euler/cfg_5/ays/seed_001/nfe_010/000031.jpg,schedules/ays_like/published/sdxl/nfe_010,outputs/gpde_diffusers_sdxl_nfe10_cfg_seed_sweep/samples/diffusers/sdxl/euler/cfg_5/ays/seed_001/nfe_010,35.21607208251953,1.119661808013916
diffusers,hf_sdxl_base_10,euler,ays,10,1,5.0,32,a realistic underwater photograph of a diver inspecting an ancient marble column,outputs/gpde_diffusers_sdxl_nfe10_cfg_seed_sweep/samples/diffusers/sdxl/euler/cfg_5/ays/seed_001/nfe_010/000032.jpg,schedules/ays_like/published/sdxl/nfe_010,outputs/gpde_diffusers_sdxl_nfe10_cfg_seed_sweep/samples/diffusers/sdxl/euler/cfg_5/ays/seed_001/nfe_010,31.66082191467285,1.5732448101043701
diffusers,hf_sdxl_base_10,euler,ays,10,1,5.0,33,"a minimalist poster of a jazz quartet in deep red, cream, and black",outputs/gpde_diffusers_sdxl_nfe10_cfg_seed_sweep/samples/diffusers/sdxl/euler/cfg_5/ays/seed_001/nfe_010/000033.jpg,schedules/ays_like/published/sdxl/nfe_010,outputs/gpde_diffusers_sdxl_nfe10_cfg_seed_sweep/samples/diffusers/sdxl/euler/cfg_5/ays/seed_001/nfe_010,26.51268768310547,0.7725907564163208
diffusers,hf_sdxl_base_10,euler,ays,10,1,5.0,34,a high detail portrait of a queen wearing armor made of mother of pearl,outputs/gpde_diffusers_sdxl_nfe10_cfg_seed_sweep/samples/diffusers/sdxl/euler/cfg_5/ays/seed_001/nfe_010/000034.jpg,schedules/ays_like/published/sdxl/nfe_010,outputs/gpde_diffusers_sdxl_nfe10_cfg_seed_sweep/samples/diffusers/sdxl/euler/cfg_5/ays/seed_001/nfe_010,29.609643936157227,1.5402716398239136
diffusers,hf_sdxl_base_10,euler,ays,10,1,5.0,35,"a top-down board game map of an island with forests, cliffs, and hidden ruins",outputs/gpde_diffusers_sdxl_nfe10_cfg_seed_sweep/samples/diffusers/sdxl/euler/cfg_5/ays/seed_001/nfe_010/000035.jpg,schedules/ays_like/published/sdxl/nfe_010,outputs/gpde_diffusers_sdxl_nfe10_cfg_seed_sweep/samples/diffusers/sdxl/euler/cfg_5/ays/seed_001/nfe_010,25.63151741027832,-0.03982314094901085
diffusers,hf_sdxl_base_10,euler,ays,10,1,5.0,36,"a luxury watch exploded view on a dark background, precise gears and screws",outputs/gpde_diffusers_sdxl_nfe10_cfg_seed_sweep/samples/diffusers/sdxl/euler/cfg_5/ays/seed_001/nfe_010/000036.jpg,schedules/ays_like/published/sdxl/nfe_010,outputs/gpde_diffusers_sdxl_nfe10_cfg_seed_sweep/samples/diffusers/sdxl/euler/cfg_5/ays/seed_001/nfe_010,31.1976261138916,0.6153374910354614
diffusers,hf_sdxl_base_10,euler,ays,10,1,5.0,37,"a sunlit greenhouse filled with tomatoes, watering cans, and terracotta pots",outputs/gpde_diffusers_sdxl_nfe10_cfg_seed_sweep/samples/diffusers/sdxl/euler/cfg_5/ays/seed_001/nfe_010/000037.jpg,schedules/ays_like/published/sdxl/nfe_010,outputs/gpde_diffusers_sdxl_nfe10_cfg_seed_sweep/samples/diffusers/sdxl/euler/cfg_5/ays/seed_001/nfe_010,31.69446563720703,0.6683129072189331
diffusers,hf_sdxl_base_10,euler,ays,10,1,5.0,38,a night landscape of fireflies over a meadow beside a quiet river,outputs/gpde_diffusers_sdxl_nfe10_cfg_seed_sweep/samples/diffusers/sdxl/euler/cfg_5/ays/seed_001/nfe_010/000038.jpg,schedules/ays_like/published/sdxl/nfe_010,outputs/gpde_diffusers_sdxl_nfe10_cfg_seed_sweep/samples/diffusers/sdxl/euler/cfg_5/ays/seed_001/nfe_010,31.80890655517578,1.349565863609314
diffusers,hf_sdxl_base_10,euler,ays,10,1,5.0,39,a realistic photo of a rescue helicopter landing on a snowy mountain ridge,outputs/gpde_diffusers_sdxl_nfe10_cfg_seed_sweep/samples/diffusers/sdxl/euler/cfg_5/ays/seed_001/nfe_010/000039.jpg,schedules/ays_like/published/sdxl/nfe_010,outputs/gpde_diffusers_sdxl_nfe10_cfg_seed_sweep/samples/diffusers/sdxl/euler/cfg_5/ays/seed_001/nfe_010,34.39966583251953,1.3975192308425903
diffusers,hf_sdxl_base_10,euler,ays,10,1,5.0,40,a concept art scene of a floating research station above Jupiter's clouds,outputs/gpde_diffusers_sdxl_nfe10_cfg_seed_sweep/samples/diffusers/sdxl/euler/cfg_5/ays/seed_001/nfe_010/000040.jpg,schedules/ays_like/published/sdxl/nfe_010,outputs/gpde_diffusers_sdxl_nfe10_cfg_seed_sweep/samples/diffusers/sdxl/euler/cfg_5/ays/seed_001/nfe_010,27.873607635498047,0.18005648255348206
diffusers,hf_sdxl_base_10,euler,ays,10,1,5.0,41,a detailed pencil drawing of an old bicycle leaning against a brick wall,outputs/gpde_diffusers_sdxl_nfe10_cfg_seed_sweep/samples/diffusers/sdxl/euler/cfg_5/ays/seed_001/nfe_010/000041.jpg,schedules/ays_like/published/sdxl/nfe_010,outputs/gpde_diffusers_sdxl_nfe10_cfg_seed_sweep/samples/diffusers/sdxl/euler/cfg_5/ays/seed_001/nfe_010,37.345951080322266,1.0868794918060303
diffusers,hf_sdxl_base_10,euler,ays,10,1,5.0,42,"a museum diorama of prehistoric sea creatures, dramatic educational lighting",outputs/gpde_diffusers_sdxl_nfe10_cfg_seed_sweep/samples/diffusers/sdxl/euler/cfg_5/ays/seed_001/nfe_010/000042.jpg,schedules/ays_like/published/sdxl/nfe_010,outputs/gpde_diffusers_sdxl_nfe10_cfg_seed_sweep/samples/diffusers/sdxl/euler/cfg_5/ays/seed_001/nfe_010,30.128562927246094,0.49099817872047424
diffusers,hf_sdxl_base_10,euler,ays,10,1,5.0,43,"a peaceful Japanese garden with koi pond, stone bridge, and maple leaves",outputs/gpde_diffusers_sdxl_nfe10_cfg_seed_sweep/samples/diffusers/sdxl/euler/cfg_5/ays/seed_001/nfe_010/000043.jpg,schedules/ays_like/published/sdxl/nfe_010,outputs/gpde_diffusers_sdxl_nfe10_cfg_seed_sweep/samples/diffusers/sdxl/euler/cfg_5/ays/seed_001/nfe_010,29.067075729370117,1.1632909774780273
diffusers,hf_sdxl_base_10,euler,ays,10,1,5.0,44,"a close-up food photograph of ramen with soft egg, steam, and ceramic bowl",outputs/gpde_diffusers_sdxl_nfe10_cfg_seed_sweep/samples/diffusers/sdxl/euler/cfg_5/ays/seed_001/nfe_010/000044.jpg,schedules/ays_like/published/sdxl/nfe_010,outputs/gpde_diffusers_sdxl_nfe10_cfg_seed_sweep/samples/diffusers/sdxl/euler/cfg_5/ays/seed_001/nfe_010,31.203767776489258,0.22821180522441864
diffusers,hf_sdxl_base_10,euler,ays,10,1,5.0,45,a vibrant parade costume covered with mirrors and embroidered flowers,outputs/gpde_diffusers_sdxl_nfe10_cfg_seed_sweep/samples/diffusers/sdxl/euler/cfg_5/ays/seed_001/nfe_010/000045.jpg,schedules/ays_like/published/sdxl/nfe_010,outputs/gpde_diffusers_sdxl_nfe10_cfg_seed_sweep/samples/diffusers/sdxl/euler/cfg_5/ays/seed_001/nfe_010,31.462631225585938,0.9719980359077454
diffusers,hf_sdxl_base_10,euler,ays,10,1,5.0,46,a realistic image of a hand-crafted wooden chess set mid game by candlelight,outputs/gpde_diffusers_sdxl_nfe10_cfg_seed_sweep/samples/diffusers/sdxl/euler/cfg_5/ays/seed_001/nfe_010/000046.jpg,schedules/ays_like/published/sdxl/nfe_010,outputs/gpde_diffusers_sdxl_nfe10_cfg_seed_sweep/samples/diffusers/sdxl/euler/cfg_5/ays/seed_001/nfe_010,29.03343963623047,1.2248834371566772
diffusers,hf_sdxl_base_10,euler,ays,10,1,5.0,47,a wide angle view of a data center corridor with blue status lights,outputs/gpde_diffusers_sdxl_nfe10_cfg_seed_sweep/samples/diffusers/sdxl/euler/cfg_5/ays/seed_001/nfe_010/000047.jpg,schedules/ays_like/published/sdxl/nfe_010,outputs/gpde_diffusers_sdxl_nfe10_cfg_seed_sweep/samples/diffusers/sdxl/euler/cfg_5/ays/seed_001/nfe_010,26.660411834716797,1.5408869981765747
diffusers,hf_sdxl_base_10,euler,ays,10,1,5.0,48,a magical realism scene of books flying through an old train carriage,outputs/gpde_diffusers_sdxl_nfe10_cfg_seed_sweep/samples/diffusers/sdxl/euler/cfg_5/ays/seed_001/nfe_010/000048.jpg,schedules/ays_like/published/sdxl/nfe_010,outputs/gpde_diffusers_sdxl_nfe10_cfg_seed_sweep/samples/diffusers/sdxl/euler/cfg_5/ays/seed_001/nfe_010,33.16057205200195,0.5309770703315735
diffusers,hf_sdxl_base_10,euler,ays,10,1,5.0,49,a studio portrait of a golden retriever wearing aviator goggles and a red scarf,outputs/gpde_diffusers_sdxl_nfe10_cfg_seed_sweep/samples/diffusers/sdxl/euler/cfg_5/ays/seed_001/nfe_010/000049.jpg,schedules/ays_like/published/sdxl/nfe_010,outputs/gpde_diffusers_sdxl_nfe10_cfg_seed_sweep/samples/diffusers/sdxl/euler/cfg_5/ays/seed_001/nfe_010,34.890716552734375,1.3373408317565918
diffusers,hf_sdxl_base_10,euler,ays,10,2,5.0,0,"a cinematic portrait of an astronaut botanist in a glass greenhouse on Mars, detailed fabric, soft rim light",outputs/gpde_diffusers_sdxl_nfe10_cfg_seed_sweep/samples/diffusers/sdxl/euler/cfg_5/ays/seed_002/nfe_010/000000.jpg,schedules/ays_like/published/sdxl/nfe_010,outputs/gpde_diffusers_sdxl_nfe10_cfg_seed_sweep/samples/diffusers/sdxl/euler/cfg_5/ays/seed_002/nfe_010,34.276885986328125,1.5495285987854004
diffusers,hf_sdxl_base_10,euler,ays,10,2,5.0,1,"a small brass robot repairing an antique clock in a sunlit workshop, shallow depth of field",outputs/gpde_diffusers_sdxl_nfe10_cfg_seed_sweep/samples/diffusers/sdxl/euler/cfg_5/ays/seed_002/nfe_010/000001.jpg,schedules/ays_like/published/sdxl/nfe_010,outputs/gpde_diffusers_sdxl_nfe10_cfg_seed_sweep/samples/diffusers/sdxl/euler/cfg_5/ays/seed_002/nfe_010,31.15330696105957,0.669811487197876
diffusers,hf_sdxl_base_10,euler,ays,10,2,5.0,2,"a watercolor city street after rain with neon signs reflected in puddles, evening atmosphere",outputs/gpde_diffusers_sdxl_nfe10_cfg_seed_sweep/samples/diffusers/sdxl/euler/cfg_5/ays/seed_002/nfe_010/000002.jpg,schedules/ays_like/published/sdxl/nfe_010,outputs/gpde_diffusers_sdxl_nfe10_cfg_seed_sweep/samples/diffusers/sdxl/euler/cfg_5/ays/seed_002/nfe_010,27.87957763671875,0.6849803328514099
diffusers,hf_sdxl_base_10,euler,ays,10,2,5.0,3,a high resolution studio photo of a ceramic teapot shaped like a seashell on a slate table,outputs/gpde_diffusers_sdxl_nfe10_cfg_seed_sweep/samples/diffusers/sdxl/euler/cfg_5/ays/seed_002/nfe_010/000003.jpg,schedules/ays_like/published/sdxl/nfe_010,outputs/gpde_diffusers_sdxl_nfe10_cfg_seed_sweep/samples/diffusers/sdxl/euler/cfg_5/ays/seed_002/nfe_010,28.080907821655273,1.5138390064239502
diffusers,hf_sdxl_base_10,euler,ays,10,2,5.0,4,"a fantasy library carved inside a giant tree, spiral stairs, warm lanterns, intricate shelves",outputs/gpde_diffusers_sdxl_nfe10_cfg_seed_sweep/samples/diffusers/sdxl/euler/cfg_5/ays/seed_002/nfe_010/000004.jpg,schedules/ays_like/published/sdxl/nfe_010,outputs/gpde_diffusers_sdxl_nfe10_cfg_seed_sweep/samples/diffusers/sdxl/euler/cfg_5/ays/seed_002/nfe_010,31.3236141204834,1.6870614290237427
diffusers,hf_sdxl_base_10,euler,ays,10,2,5.0,5,"a macro photograph of a snowflake resting on dark wool, crisp crystalline detail",outputs/gpde_diffusers_sdxl_nfe10_cfg_seed_sweep/samples/diffusers/sdxl/euler/cfg_5/ays/seed_002/nfe_010/000005.jpg,schedules/ays_like/published/sdxl/nfe_010,outputs/gpde_diffusers_sdxl_nfe10_cfg_seed_sweep/samples/diffusers/sdxl/euler/cfg_5/ays/seed_002/nfe_010,27.67742347717285,0.22172939777374268
diffusers,hf_sdxl_base_10,euler,ays,10,2,5.0,6,"a retro futuristic train crossing a desert at sunset, chrome surfaces, long shadows",outputs/gpde_diffusers_sdxl_nfe10_cfg_seed_sweep/samples/diffusers/sdxl/euler/cfg_5/ays/seed_002/nfe_010/000006.jpg,schedules/ays_like/published/sdxl/nfe_010,outputs/gpde_diffusers_sdxl_nfe10_cfg_seed_sweep/samples/diffusers/sdxl/euler/cfg_5/ays/seed_002/nfe_010,28.729129791259766,1.518985629081726
diffusers,hf_sdxl_base_10,euler,ays,10,2,5.0,7,"a chef plating a colorful molecular gastronomy dessert, clean restaurant lighting",outputs/gpde_diffusers_sdxl_nfe10_cfg_seed_sweep/samples/diffusers/sdxl/euler/cfg_5/ays/seed_002/nfe_010/000007.jpg,schedules/ays_like/published/sdxl/nfe_010,outputs/gpde_diffusers_sdxl_nfe10_cfg_seed_sweep/samples/diffusers/sdxl/euler/cfg_5/ays/seed_002/nfe_010,32.181732177734375,-0.13522766530513763
diffusers,hf_sdxl_base_10,euler,ays,10,2,5.0,8,"an isometric cozy bedroom with plants, books, a desk lamp, and a rainy window",outputs/gpde_diffusers_sdxl_nfe10_cfg_seed_sweep/samples/diffusers/sdxl/euler/cfg_5/ays/seed_002/nfe_010/000008.jpg,schedules/ays_like/published/sdxl/nfe_010,outputs/gpde_diffusers_sdxl_nfe10_cfg_seed_sweep/samples/diffusers/sdxl/euler/cfg_5/ays/seed_002/nfe_010,35.75501251220703,-0.2607055604457855
diffusers,hf_sdxl_base_10,euler,ays,10,2,5.0,9,"a dramatic mountain monastery above clouds, sunrise, detailed stone architecture",outputs/gpde_diffusers_sdxl_nfe10_cfg_seed_sweep/samples/diffusers/sdxl/euler/cfg_5/ays/seed_002/nfe_010/000009.jpg,schedules/ays_like/published/sdxl/nfe_010,outputs/gpde_diffusers_sdxl_nfe10_cfg_seed_sweep/samples/diffusers/sdxl/euler/cfg_5/ays/seed_002/nfe_010,32.80876159667969,1.3030259609222412
diffusers,hf_sdxl_base_10,euler,ays,10,2,5.0,10,a fashion editorial photo of a model wearing a translucent raincoat in Tokyo at night,outputs/gpde_diffusers_sdxl_nfe10_cfg_seed_sweep/samples/diffusers/sdxl/euler/cfg_5/ays/seed_002/nfe_010/000010.jpg,schedules/ays_like/published/sdxl/nfe_010,outputs/gpde_diffusers_sdxl_nfe10_cfg_seed_sweep/samples/diffusers/sdxl/euler/cfg_5/ays/seed_002/nfe_010,36.76674270629883,1.922319769859314
diffusers,hf_sdxl_base_10,euler,ays,10,2,5.0,11,a realistic red fox statue made of folded paper on a white museum pedestal,outputs/gpde_diffusers_sdxl_nfe10_cfg_seed_sweep/samples/diffusers/sdxl/euler/cfg_5/ays/seed_002/nfe_010/000011.jpg,schedules/ays_like/published/sdxl/nfe_010,outputs/gpde_diffusers_sdxl_nfe10_cfg_seed_sweep/samples/diffusers/sdxl/euler/cfg_5/ays/seed_002/nfe_010,35.230411529541016,1.643845796585083
diffusers,hf_sdxl_base_10,euler,ays,10,2,5.0,12,a detailed cutaway illustration of a tiny submarine exploring a coral reef,outputs/gpde_diffusers_sdxl_nfe10_cfg_seed_sweep/samples/diffusers/sdxl/euler/cfg_5/ays/seed_002/nfe_010/000012.jpg,schedules/ays_like/published/sdxl/nfe_010,outputs/gpde_diffusers_sdxl_nfe10_cfg_seed_sweep/samples/diffusers/sdxl/euler/cfg_5/ays/seed_002/nfe_010,28.12921905517578,1.3998013734817505
diffusers,hf_sdxl_base_10,euler,ays,10,2,5.0,13,a product photo of wireless headphones on brushed aluminum with blue accent lighting,outputs/gpde_diffusers_sdxl_nfe10_cfg_seed_sweep/samples/diffusers/sdxl/euler/cfg_5/ays/seed_002/nfe_010/000013.jpg,schedules/ays_like/published/sdxl/nfe_010,outputs/gpde_diffusers_sdxl_nfe10_cfg_seed_sweep/samples/diffusers/sdxl/euler/cfg_5/ays/seed_002/nfe_010,28.029176712036133,-1.1390584707260132
diffusers,hf_sdxl_base_10,euler,ays,10,2,5.0,14,"a medieval market square during a festival, banners, musicians, detailed crowd",outputs/gpde_diffusers_sdxl_nfe10_cfg_seed_sweep/samples/diffusers/sdxl/euler/cfg_5/ays/seed_002/nfe_010/000014.jpg,schedules/ays_like/published/sdxl/nfe_010,outputs/gpde_diffusers_sdxl_nfe10_cfg_seed_sweep/samples/diffusers/sdxl/euler/cfg_5/ays/seed_002/nfe_010,25.210725784301758,0.3409486711025238
diffusers,hf_sdxl_base_10,euler,ays,10,2,5.0,15,an oil painting of a violinist performing in an empty subway station,outputs/gpde_diffusers_sdxl_nfe10_cfg_seed_sweep/samples/diffusers/sdxl/euler/cfg_5/ays/seed_002/nfe_010/000015.jpg,schedules/ays_like/published/sdxl/nfe_010,outputs/gpde_diffusers_sdxl_nfe10_cfg_seed_sweep/samples/diffusers/sdxl/euler/cfg_5/ays/seed_002/nfe_010,37.62431335449219,1.8720676898956299
diffusers,hf_sdxl_base_10,euler,ays,10,2,5.0,16,"a close-up portrait of an elderly sailor, weathered skin, navy coat, overcast harbor",outputs/gpde_diffusers_sdxl_nfe10_cfg_seed_sweep/samples/diffusers/sdxl/euler/cfg_5/ays/seed_002/nfe_010/000016.jpg,schedules/ays_like/published/sdxl/nfe_010,outputs/gpde_diffusers_sdxl_nfe10_cfg_seed_sweep/samples/diffusers/sdxl/euler/cfg_5/ays/seed_002/nfe_010,30.522960662841797,1.8566703796386719
diffusers,hf_sdxl_base_10,euler,ays,10,2,5.0,17,a clean architectural rendering of a modern cabin beside a frozen lake,outputs/gpde_diffusers_sdxl_nfe10_cfg_seed_sweep/samples/diffusers/sdxl/euler/cfg_5/ays/seed_002/nfe_010/000017.jpg,schedules/ays_like/published/sdxl/nfe_010,outputs/gpde_diffusers_sdxl_nfe10_cfg_seed_sweep/samples/diffusers/sdxl/euler/cfg_5/ays/seed_002/nfe_010,37.01451873779297,0.9951885938644409
diffusers,hf_sdxl_base_10,euler,ays,10,2,5.0,18,a surreal desert filled with floating glass spheres and distant black mountains,outputs/gpde_diffusers_sdxl_nfe10_cfg_seed_sweep/samples/diffusers/sdxl/euler/cfg_5/ays/seed_002/nfe_010/000018.jpg,schedules/ays_like/published/sdxl/nfe_010,outputs/gpde_diffusers_sdxl_nfe10_cfg_seed_sweep/samples/diffusers/sdxl/euler/cfg_5/ays/seed_002/nfe_010,28.582551956176758,1.7959916591644287
diffusers,hf_sdxl_base_10,euler,ays,10,2,5.0,19,a documentary photo of a scientist collecting ice cores in Antarctica,outputs/gpde_diffusers_sdxl_nfe10_cfg_seed_sweep/samples/diffusers/sdxl/euler/cfg_5/ays/seed_002/nfe_010/000019.jpg,schedules/ays_like/published/sdxl/nfe_010,outputs/gpde_diffusers_sdxl_nfe10_cfg_seed_sweep/samples/diffusers/sdxl/euler/cfg_5/ays/seed_002/nfe_010,28.310298919677734,0.8677273988723755
diffusers,hf_sdxl_base_10,euler,ays,10,2,5.0,20,a detailed 3D render of a mechanical hummingbird with copper wings,outputs/gpde_diffusers_sdxl_nfe10_cfg_seed_sweep/samples/diffusers/sdxl/euler/cfg_5/ays/seed_002/nfe_010/000020.jpg,schedules/ays_like/published/sdxl/nfe_010,outputs/gpde_diffusers_sdxl_nfe10_cfg_seed_sweep/samples/diffusers/sdxl/euler/cfg_5/ays/seed_002/nfe_010,37.732330322265625,0.15058864653110504
diffusers,hf_sdxl_base_10,euler,ays,10,2,5.0,21,"a cozy cafe interior in autumn, pastries, espresso machine, soft morning light",outputs/gpde_diffusers_sdxl_nfe10_cfg_seed_sweep/samples/diffusers/sdxl/euler/cfg_5/ays/seed_002/nfe_010/000021.jpg,schedules/ays_like/published/sdxl/nfe_010,outputs/gpde_diffusers_sdxl_nfe10_cfg_seed_sweep/samples/diffusers/sdxl/euler/cfg_5/ays/seed_002/nfe_010,28.672271728515625,1.7206530570983887
diffusers,hf_sdxl_base_10,euler,ays,10,2,5.0,22,"a panoramic view of terraced rice fields under mist, workers in colorful clothing",outputs/gpde_diffusers_sdxl_nfe10_cfg_seed_sweep/samples/diffusers/sdxl/euler/cfg_5/ays/seed_002/nfe_010/000022.jpg,schedules/ays_like/published/sdxl/nfe_010,outputs/gpde_diffusers_sdxl_nfe10_cfg_seed_sweep/samples/diffusers/sdxl/euler/cfg_5/ays/seed_002/nfe_010,27.902667999267578,0.3360440731048584
diffusers,hf_sdxl_base_10,euler,ays,10,2,5.0,23,a children's book illustration of a moonlit boat parade on a quiet canal,outputs/gpde_diffusers_sdxl_nfe10_cfg_seed_sweep/samples/diffusers/sdxl/euler/cfg_5/ays/seed_002/nfe_010/000023.jpg,schedules/ays_like/published/sdxl/nfe_010,outputs/gpde_diffusers_sdxl_nfe10_cfg_seed_sweep/samples/diffusers/sdxl/euler/cfg_5/ays/seed_002/nfe_010,34.90929412841797,1.6293401718139648
diffusers,hf_sdxl_base_10,euler,ays,10,2,5.0,24,"a realistic sports car parked in a concrete tunnel, reflections, low angle",outputs/gpde_diffusers_sdxl_nfe10_cfg_seed_sweep/samples/diffusers/sdxl/euler/cfg_5/ays/seed_002/nfe_010/000024.jpg,schedules/ays_like/published/sdxl/nfe_010,outputs/gpde_diffusers_sdxl_nfe10_cfg_seed_sweep/samples/diffusers/sdxl/euler/cfg_5/ays/seed_002/nfe_010,24.337610244750977,1.401008129119873
diffusers,hf_sdxl_base_10,euler,ays,10,2,5.0,25,"a botanical diagram of rare orchids with labeled roots and petals, archival paper",outputs/gpde_diffusers_sdxl_nfe10_cfg_seed_sweep/samples/diffusers/sdxl/euler/cfg_5/ays/seed_002/nfe_010/000025.jpg,schedules/ays_like/published/sdxl/nfe_010,outputs/gpde_diffusers_sdxl_nfe10_cfg_seed_sweep/samples/diffusers/sdxl/euler/cfg_5/ays/seed_002/nfe_010,29.30194664001465,0.9776217937469482
diffusers,hf_sdxl_base_10,euler,ays,10,2,5.0,26,"a cyberpunk street food stall with steam, lanterns, and dense urban signage",outputs/gpde_diffusers_sdxl_nfe10_cfg_seed_sweep/samples/diffusers/sdxl/euler/cfg_5/ays/seed_002/nfe_010/000026.jpg,schedules/ays_like/published/sdxl/nfe_010,outputs/gpde_diffusers_sdxl_nfe10_cfg_seed_sweep/samples/diffusers/sdxl/euler/cfg_5/ays/seed_002/nfe_010,31.515037536621094,1.029815673828125
diffusers,hf_sdxl_base_10,euler,ays,10,2,5.0,27,"a still life of glass fruit bowls, linen cloth, and silver cutlery, natural light",outputs/gpde_diffusers_sdxl_nfe10_cfg_seed_sweep/samples/diffusers/sdxl/euler/cfg_5/ays/seed_002/nfe_010/000027.jpg,schedules/ays_like/published/sdxl/nfe_010,outputs/gpde_diffusers_sdxl_nfe10_cfg_seed_sweep/samples/diffusers/sdxl/euler/cfg_5/ays/seed_002/nfe_010,33.95714569091797,0.620978832244873
diffusers,hf_sdxl_base_10,euler,ays,10,2,5.0,28,a heroic statue covered in vines in an abandoned futuristic plaza,outputs/gpde_diffusers_sdxl_nfe10_cfg_seed_sweep/samples/diffusers/sdxl/euler/cfg_5/ays/seed_002/nfe_010/000028.jpg,schedules/ays_like/published/sdxl/nfe_010,outputs/gpde_diffusers_sdxl_nfe10_cfg_seed_sweep/samples/diffusers/sdxl/euler/cfg_5/ays/seed_002/nfe_010,33.8632698059082,1.669833779335022
diffusers,hf_sdxl_base_10,euler,ays,10,2,5.0,29,a black and white film photograph of dancers rehearsing in a mirror-lined studio,outputs/gpde_diffusers_sdxl_nfe10_cfg_seed_sweep/samples/diffusers/sdxl/euler/cfg_5/ays/seed_002/nfe_010/000029.jpg,schedules/ays_like/published/sdxl/nfe_010,outputs/gpde_diffusers_sdxl_nfe10_cfg_seed_sweep/samples/diffusers/sdxl/euler/cfg_5/ays/seed_002/nfe_010,30.97372055053711,0.8692111968994141
diffusers,hf_sdxl_base_10,euler,ays,10,2,5.0,30,"a detailed scene of a spacecraft cockpit during reentry, glowing controls, tense mood",outputs/gpde_diffusers_sdxl_nfe10_cfg_seed_sweep/samples/diffusers/sdxl/euler/cfg_5/ays/seed_002/nfe_010/000030.jpg,schedules/ays_like/published/sdxl/nfe_010,outputs/gpde_diffusers_sdxl_nfe10_cfg_seed_sweep/samples/diffusers/sdxl/euler/cfg_5/ays/seed_002/nfe_010,25.75261878967285,0.7267036437988281
diffusers,hf_sdxl_base_10,euler,ays,10,2,5.0,31,a claymation style village bakery with tiny loaves and painted signs,outputs/gpde_diffusers_sdxl_nfe10_cfg_seed_sweep/samples/diffusers/sdxl/euler/cfg_5/ays/seed_002/nfe_010/000031.jpg,schedules/ays_like/published/sdxl/nfe_010,outputs/gpde_diffusers_sdxl_nfe10_cfg_seed_sweep/samples/diffusers/sdxl/euler/cfg_5/ays/seed_002/nfe_010,35.06516647338867,0.6587084531784058
diffusers,hf_sdxl_base_10,euler,ays,10,2,5.0,32,a realistic underwater photograph of a diver inspecting an ancient marble column,outputs/gpde_diffusers_sdxl_nfe10_cfg_seed_sweep/samples/diffusers/sdxl/euler/cfg_5/ays/seed_002/nfe_010/000032.jpg,schedules/ays_like/published/sdxl/nfe_010,outputs/gpde_diffusers_sdxl_nfe10_cfg_seed_sweep/samples/diffusers/sdxl/euler/cfg_5/ays/seed_002/nfe_010,29.108613967895508,1.3340617418289185
diffusers,hf_sdxl_base_10,euler,ays,10,2,5.0,33,"a minimalist poster of a jazz quartet in deep red, cream, and black",outputs/gpde_diffusers_sdxl_nfe10_cfg_seed_sweep/samples/diffusers/sdxl/euler/cfg_5/ays/seed_002/nfe_010/000033.jpg,schedules/ays_like/published/sdxl/nfe_010,outputs/gpde_diffusers_sdxl_nfe10_cfg_seed_sweep/samples/diffusers/sdxl/euler/cfg_5/ays/seed_002/nfe_010,26.138412475585938,-0.8024675250053406
diffusers,hf_sdxl_base_10,euler,ays,10,2,5.0,34,a high detail portrait of a queen wearing armor made of mother of pearl,outputs/gpde_diffusers_sdxl_nfe10_cfg_seed_sweep/samples/diffusers/sdxl/euler/cfg_5/ays/seed_002/nfe_010/000034.jpg,schedules/ays_like/published/sdxl/nfe_010,outputs/gpde_diffusers_sdxl_nfe10_cfg_seed_sweep/samples/diffusers/sdxl/euler/cfg_5/ays/seed_002/nfe_010,26.18366241455078,1.0103557109832764
diffusers,hf_sdxl_base_10,euler,ays,10,2,5.0,35,"a top-down board game map of an island with forests, cliffs, and hidden ruins",outputs/gpde_diffusers_sdxl_nfe10_cfg_seed_sweep/samples/diffusers/sdxl/euler/cfg_5/ays/seed_002/nfe_010/000035.jpg,schedules/ays_like/published/sdxl/nfe_010,outputs/gpde_diffusers_sdxl_nfe10_cfg_seed_sweep/samples/diffusers/sdxl/euler/cfg_5/ays/seed_002/nfe_010,23.631887435913086,0.35027623176574707
diffusers,hf_sdxl_base_10,euler,ays,10,2,5.0,36,"a luxury watch exploded view on a dark background, precise gears and screws",outputs/gpde_diffusers_sdxl_nfe10_cfg_seed_sweep/samples/diffusers/sdxl/euler/cfg_5/ays/seed_002/nfe_010/000036.jpg,schedules/ays_like/published/sdxl/nfe_010,outputs/gpde_diffusers_sdxl_nfe10_cfg_seed_sweep/samples/diffusers/sdxl/euler/cfg_5/ays/seed_002/nfe_010,32.30483627319336,0.3243318200111389
diffusers,hf_sdxl_base_10,euler,ays,10,2,5.0,37,"a sunlit greenhouse filled with tomatoes, watering cans, and terracotta pots",outputs/gpde_diffusers_sdxl_nfe10_cfg_seed_sweep/samples/diffusers/sdxl/euler/cfg_5/ays/seed_002/nfe_010/000037.jpg,schedules/ays_like/published/sdxl/nfe_010,outputs/gpde_diffusers_sdxl_nfe10_cfg_seed_sweep/samples/diffusers/sdxl/euler/cfg_5/ays/seed_002/nfe_010,32.23208236694336,0.18606503307819366
diffusers,hf_sdxl_base_10,euler,ays,10,2,5.0,38,a night landscape of fireflies over a meadow beside a quiet river,outputs/gpde_diffusers_sdxl_nfe10_cfg_seed_sweep/samples/diffusers/sdxl/euler/cfg_5/ays/seed_002/nfe_010/000038.jpg,schedules/ays_like/published/sdxl/nfe_010,outputs/gpde_diffusers_sdxl_nfe10_cfg_seed_sweep/samples/diffusers/sdxl/euler/cfg_5/ays/seed_002/nfe_010,32.216094970703125,1.5876766443252563
diffusers,hf_sdxl_base_10,euler,ays,10,2,5.0,39,a realistic photo of a rescue helicopter landing on a snowy mountain ridge,outputs/gpde_diffusers_sdxl_nfe10_cfg_seed_sweep/samples/diffusers/sdxl/euler/cfg_5/ays/seed_002/nfe_010/000039.jpg,schedules/ays_like/published/sdxl/nfe_010,outputs/gpde_diffusers_sdxl_nfe10_cfg_seed_sweep/samples/diffusers/sdxl/euler/cfg_5/ays/seed_002/nfe_010,33.61509323120117,1.3270246982574463
diffusers,hf_sdxl_base_10,euler,ays,10,2,5.0,40,a concept art scene of a floating research station above Jupiter's clouds,outputs/gpde_diffusers_sdxl_nfe10_cfg_seed_sweep/samples/diffusers/sdxl/euler/cfg_5/ays/seed_002/nfe_010/000040.jpg,schedules/ays_like/published/sdxl/nfe_010,outputs/gpde_diffusers_sdxl_nfe10_cfg_seed_sweep/samples/diffusers/sdxl/euler/cfg_5/ays/seed_002/nfe_010,24.17510414123535,1.8458598852157593
diffusers,hf_sdxl_base_10,euler,ays,10,2,5.0,41,a detailed pencil drawing of an old bicycle leaning against a brick wall,outputs/gpde_diffusers_sdxl_nfe10_cfg_seed_sweep/samples/diffusers/sdxl/euler/cfg_5/ays/seed_002/nfe_010/000041.jpg,schedules/ays_like/published/sdxl/nfe_010,outputs/gpde_diffusers_sdxl_nfe10_cfg_seed_sweep/samples/diffusers/sdxl/euler/cfg_5/ays/seed_002/nfe_010,38.451419830322266,1.1647735834121704
diffusers,hf_sdxl_base_10,euler,ays,10,2,5.0,42,"a museum diorama of prehistoric sea creatures, dramatic educational lighting",outputs/gpde_diffusers_sdxl_nfe10_cfg_seed_sweep/samples/diffusers/sdxl/euler/cfg_5/ays/seed_002/nfe_010/000042.jpg,schedules/ays_like/published/sdxl/nfe_010,outputs/gpde_diffusers_sdxl_nfe10_cfg_seed_sweep/samples/diffusers/sdxl/euler/cfg_5/ays/seed_002/nfe_010,30.518739700317383,0.12956547737121582
diffusers,hf_sdxl_base_10,euler,ays,10,2,5.0,43,"a peaceful Japanese garden with koi pond, stone bridge, and maple leaves",outputs/gpde_diffusers_sdxl_nfe10_cfg_seed_sweep/samples/diffusers/sdxl/euler/cfg_5/ays/seed_002/nfe_010/000043.jpg,schedules/ays_like/published/sdxl/nfe_010,outputs/gpde_diffusers_sdxl_nfe10_cfg_seed_sweep/samples/diffusers/sdxl/euler/cfg_5/ays/seed_002/nfe_010,30.533985137939453,1.3903635740280151
diffusers,hf_sdxl_base_10,euler,ays,10,2,5.0,44,"a close-up food photograph of ramen with soft egg, steam, and ceramic bowl",outputs/gpde_diffusers_sdxl_nfe10_cfg_seed_sweep/samples/diffusers/sdxl/euler/cfg_5/ays/seed_002/nfe_010/000044.jpg,schedules/ays_like/published/sdxl/nfe_010,outputs/gpde_diffusers_sdxl_nfe10_cfg_seed_sweep/samples/diffusers/sdxl/euler/cfg_5/ays/seed_002/nfe_010,31.105825424194336,0.5609405040740967
diffusers,hf_sdxl_base_10,euler,ays,10,2,5.0,45,a vibrant parade costume covered with mirrors and embroidered flowers,outputs/gpde_diffusers_sdxl_nfe10_cfg_seed_sweep/samples/diffusers/sdxl/euler/cfg_5/ays/seed_002/nfe_010/000045.jpg,schedules/ays_like/published/sdxl/nfe_010,outputs/gpde_diffusers_sdxl_nfe10_cfg_seed_sweep/samples/diffusers/sdxl/euler/cfg_5/ays/seed_002/nfe_010,27.560270309448242,-0.036066584289073944
diffusers,hf_sdxl_base_10,euler,ays,10,2,5.0,46,a realistic image of a hand-crafted wooden chess set mid game by candlelight,outputs/gpde_diffusers_sdxl_nfe10_cfg_seed_sweep/samples/diffusers/sdxl/euler/cfg_5/ays/seed_002/nfe_010/000046.jpg,schedules/ays_like/published/sdxl/nfe_010,outputs/gpde_diffusers_sdxl_nfe10_cfg_seed_sweep/samples/diffusers/sdxl/euler/cfg_5/ays/seed_002/nfe_010,29.482358932495117,1.6376914978027344
diffusers,hf_sdxl_base_10,euler,ays,10,2,5.0,47,a wide angle view of a data center corridor with blue status lights,outputs/gpde_diffusers_sdxl_nfe10_cfg_seed_sweep/samples/diffusers/sdxl/euler/cfg_5/ays/seed_002/nfe_010/000047.jpg,schedules/ays_like/published/sdxl/nfe_010,outputs/gpde_diffusers_sdxl_nfe10_cfg_seed_sweep/samples/diffusers/sdxl/euler/cfg_5/ays/seed_002/nfe_010,21.71588897705078,1.5041602849960327
diffusers,hf_sdxl_base_10,euler,ays,10,2,5.0,48,a magical realism scene of books flying through an old train carriage,outputs/gpde_diffusers_sdxl_nfe10_cfg_seed_sweep/samples/diffusers/sdxl/euler/cfg_5/ays/seed_002/nfe_010/000048.jpg,schedules/ays_like/published/sdxl/nfe_010,outputs/gpde_diffusers_sdxl_nfe10_cfg_seed_sweep/samples/diffusers/sdxl/euler/cfg_5/ays/seed_002/nfe_010,34.0633544921875,0.7497544288635254
diffusers,hf_sdxl_base_10,euler,ays,10,2,5.0,49,a studio portrait of a golden retriever wearing aviator goggles and a red scarf,outputs/gpde_diffusers_sdxl_nfe10_cfg_seed_sweep/samples/diffusers/sdxl/euler/cfg_5/ays/seed_002/nfe_010/000049.jpg,schedules/ays_like/published/sdxl/nfe_010,outputs/gpde_diffusers_sdxl_nfe10_cfg_seed_sweep/samples/diffusers/sdxl/euler/cfg_5/ays/seed_002/nfe_010,35.825077056884766,1.9204977750778198
diffusers,hf_sdxl_base_10,euler,base,10,0,5.0,0,"a cinematic portrait of an astronaut botanist in a glass greenhouse on Mars, detailed fabric, soft rim light",outputs/gpde_diffusers_sdxl_nfe10_cfg_seed_sweep/samples/diffusers/sdxl/euler/cfg_5/base/seed_000/nfe_010/000000.jpg,,outputs/gpde_diffusers_sdxl_nfe10_cfg_seed_sweep/samples/diffusers/sdxl/euler/cfg_5/base/seed_000/nfe_010,32.791908264160156,1.408455491065979
diffusers,hf_sdxl_base_10,euler,base,10,0,5.0,1,"a small brass robot repairing an antique clock in a sunlit workshop, shallow depth of field",outputs/gpde_diffusers_sdxl_nfe10_cfg_seed_sweep/samples/diffusers/sdxl/euler/cfg_5/base/seed_000/nfe_010/000001.jpg,,outputs/gpde_diffusers_sdxl_nfe10_cfg_seed_sweep/samples/diffusers/sdxl/euler/cfg_5/base/seed_000/nfe_010,30.251127243041992,1.6023517847061157
diffusers,hf_sdxl_base_10,euler,base,10,0,5.0,2,"a watercolor city street after rain with neon signs reflected in puddles, evening atmosphere",outputs/gpde_diffusers_sdxl_nfe10_cfg_seed_sweep/samples/diffusers/sdxl/euler/cfg_5/base/seed_000/nfe_010/000002.jpg,,outputs/gpde_diffusers_sdxl_nfe10_cfg_seed_sweep/samples/diffusers/sdxl/euler/cfg_5/base/seed_000/nfe_010,31.14461326599121,1.2232670783996582
diffusers,hf_sdxl_base_10,euler,base,10,0,5.0,3,a high resolution studio photo of a ceramic teapot shaped like a seashell on a slate table,outputs/gpde_diffusers_sdxl_nfe10_cfg_seed_sweep/samples/diffusers/sdxl/euler/cfg_5/base/seed_000/nfe_010/000003.jpg,,outputs/gpde_diffusers_sdxl_nfe10_cfg_seed_sweep/samples/diffusers/sdxl/euler/cfg_5/base/seed_000/nfe_010,31.584749221801758,1.3037163019180298
diffusers,hf_sdxl_base_10,euler,base,10,0,5.0,4,"a fantasy library carved inside a giant tree, spiral stairs, warm lanterns, intricate shelves",outputs/gpde_diffusers_sdxl_nfe10_cfg_seed_sweep/samples/diffusers/sdxl/euler/cfg_5/base/seed_000/nfe_010/000004.jpg,,outputs/gpde_diffusers_sdxl_nfe10_cfg_seed_sweep/samples/diffusers/sdxl/euler/cfg_5/base/seed_000/nfe_010,32.334312438964844,1.4872554540634155
diffusers,hf_sdxl_base_10,euler,base,10,0,5.0,5,"a macro photograph of a snowflake resting on dark wool, crisp crystalline detail",outputs/gpde_diffusers_sdxl_nfe10_cfg_seed_sweep/samples/diffusers/sdxl/euler/cfg_5/base/seed_000/nfe_010/000005.jpg,,outputs/gpde_diffusers_sdxl_nfe10_cfg_seed_sweep/samples/diffusers/sdxl/euler/cfg_5/base/seed_000/nfe_010,27.7015323638916,-0.31565016508102417
diffusers,hf_sdxl_base_10,euler,base,10,0,5.0,6,"a retro futuristic train crossing a desert at sunset, chrome surfaces, long shadows",outputs/gpde_diffusers_sdxl_nfe10_cfg_seed_sweep/samples/diffusers/sdxl/euler/cfg_5/base/seed_000/nfe_010/000006.jpg,,outputs/gpde_diffusers_sdxl_nfe10_cfg_seed_sweep/samples/diffusers/sdxl/euler/cfg_5/base/seed_000/nfe_010,28.65450096130371,1.3756741285324097
diffusers,hf_sdxl_base_10,euler,base,10,0,5.0,7,"a chef plating a colorful molecular gastronomy dessert, clean restaurant lighting",outputs/gpde_diffusers_sdxl_nfe10_cfg_seed_sweep/samples/diffusers/sdxl/euler/cfg_5/base/seed_000/nfe_010/000007.jpg,,outputs/gpde_diffusers_sdxl_nfe10_cfg_seed_sweep/samples/diffusers/sdxl/euler/cfg_5/base/seed_000/nfe_010,30.072933197021484,0.14894099533557892
diffusers,hf_sdxl_base_10,euler,base,10,0,5.0,8,"an isometric cozy bedroom with plants, books, a desk lamp, and a rainy window",outputs/gpde_diffusers_sdxl_nfe10_cfg_seed_sweep/samples/diffusers/sdxl/euler/cfg_5/base/seed_000/nfe_010/000008.jpg,,outputs/gpde_diffusers_sdxl_nfe10_cfg_seed_sweep/samples/diffusers/sdxl/euler/cfg_5/base/seed_000/nfe_010,32.9549446105957,0.09329406172037125
diffusers,hf_sdxl_base_10,euler,base,10,0,5.0,9,"a dramatic mountain monastery above clouds, sunrise, detailed stone architecture",outputs/gpde_diffusers_sdxl_nfe10_cfg_seed_sweep/samples/diffusers/sdxl/euler/cfg_5/base/seed_000/nfe_010/000009.jpg,,outputs/gpde_diffusers_sdxl_nfe10_cfg_seed_sweep/samples/diffusers/sdxl/euler/cfg_5/base/seed_000/nfe_010,32.991004943847656,1.7525426149368286
diffusers,hf_sdxl_base_10,euler,base,10,0,5.0,10,a fashion editorial photo of a model wearing a translucent raincoat in Tokyo at night,outputs/gpde_diffusers_sdxl_nfe10_cfg_seed_sweep/samples/diffusers/sdxl/euler/cfg_5/base/seed_000/nfe_010/000010.jpg,,outputs/gpde_diffusers_sdxl_nfe10_cfg_seed_sweep/samples/diffusers/sdxl/euler/cfg_5/base/seed_000/nfe_010,31.010467529296875,1.9013696908950806
diffusers,hf_sdxl_base_10,euler,base,10,0,5.0,11,a realistic red fox statue made of folded paper on a white museum pedestal,outputs/gpde_diffusers_sdxl_nfe10_cfg_seed_sweep/samples/diffusers/sdxl/euler/cfg_5/base/seed_000/nfe_010/000011.jpg,,outputs/gpde_diffusers_sdxl_nfe10_cfg_seed_sweep/samples/diffusers/sdxl/euler/cfg_5/base/seed_000/nfe_010,34.881385803222656,1.7935822010040283
diffusers,hf_sdxl_base_10,euler,base,10,0,5.0,12,a detailed cutaway illustration of a tiny submarine exploring a coral reef,outputs/gpde_diffusers_sdxl_nfe10_cfg_seed_sweep/samples/diffusers/sdxl/euler/cfg_5/base/seed_000/nfe_010/000012.jpg,,outputs/gpde_diffusers_sdxl_nfe10_cfg_seed_sweep/samples/diffusers/sdxl/euler/cfg_5/base/seed_000/nfe_010,29.0737361907959,1.566891074180603
diffusers,hf_sdxl_base_10,euler,base,10,0,5.0,13,a product photo of wireless headphones on brushed aluminum with blue accent lighting,outputs/gpde_diffusers_sdxl_nfe10_cfg_seed_sweep/samples/diffusers/sdxl/euler/cfg_5/base/seed_000/nfe_010/000013.jpg,,outputs/gpde_diffusers_sdxl_nfe10_cfg_seed_sweep/samples/diffusers/sdxl/euler/cfg_5/base/seed_000/nfe_010,24.332902908325195,-0.34656646847724915
diffusers,hf_sdxl_base_10,euler,base,10,0,5.0,14,"a medieval market square during a festival, banners, musicians, detailed crowd",outputs/gpde_diffusers_sdxl_nfe10_cfg_seed_sweep/samples/diffusers/sdxl/euler/cfg_5/base/seed_000/nfe_010/000014.jpg,,outputs/gpde_diffusers_sdxl_nfe10_cfg_seed_sweep/samples/diffusers/sdxl/euler/cfg_5/base/seed_000/nfe_010,25.523094177246094,-0.41845938563346863
diffusers,hf_sdxl_base_10,euler,base,10,0,5.0,15,an oil painting of a violinist performing in an empty subway station,outputs/gpde_diffusers_sdxl_nfe10_cfg_seed_sweep/samples/diffusers/sdxl/euler/cfg_5/base/seed_000/nfe_010/000015.jpg,,outputs/gpde_diffusers_sdxl_nfe10_cfg_seed_sweep/samples/diffusers/sdxl/euler/cfg_5/base/seed_000/nfe_010,37.64726638793945,1.8643980026245117
diffusers,hf_sdxl_base_10,euler,base,10,0,5.0,16,"a close-up portrait of an elderly sailor, weathered skin, navy coat, overcast harbor",outputs/gpde_diffusers_sdxl_nfe10_cfg_seed_sweep/samples/diffusers/sdxl/euler/cfg_5/base/seed_000/nfe_010/000016.jpg,,outputs/gpde_diffusers_sdxl_nfe10_cfg_seed_sweep/samples/diffusers/sdxl/euler/cfg_5/base/seed_000/nfe_010,32.92289352416992,-0.35415640473365784
diffusers,hf_sdxl_base_10,euler,base,10,0,5.0,17,a clean architectural rendering of a modern cabin beside a frozen lake,outputs/gpde_diffusers_sdxl_nfe10_cfg_seed_sweep/samples/diffusers/sdxl/euler/cfg_5/base/seed_000/nfe_010/000017.jpg,,outputs/gpde_diffusers_sdxl_nfe10_cfg_seed_sweep/samples/diffusers/sdxl/euler/cfg_5/base/seed_000/nfe_010,37.33393096923828,1.2170921564102173
diffusers,hf_sdxl_base_10,euler,base,10,0,5.0,18,a surreal desert filled with floating glass spheres and distant black mountains,outputs/gpde_diffusers_sdxl_nfe10_cfg_seed_sweep/samples/diffusers/sdxl/euler/cfg_5/base/seed_000/nfe_010/000018.jpg,,outputs/gpde_diffusers_sdxl_nfe10_cfg_seed_sweep/samples/diffusers/sdxl/euler/cfg_5/base/seed_000/nfe_010,29.6203670501709,1.5076287984848022
diffusers,hf_sdxl_base_10,euler,base,10,0,5.0,19,a documentary photo of a scientist collecting ice cores in Antarctica,outputs/gpde_diffusers_sdxl_nfe10_cfg_seed_sweep/samples/diffusers/sdxl/euler/cfg_5/base/seed_000/nfe_010/000019.jpg,,outputs/gpde_diffusers_sdxl_nfe10_cfg_seed_sweep/samples/diffusers/sdxl/euler/cfg_5/base/seed_000/nfe_010,27.836524963378906,-0.7231682538986206
diffusers,hf_sdxl_base_10,euler,base,10,0,5.0,20,a detailed 3D render of a mechanical hummingbird with copper wings,outputs/gpde_diffusers_sdxl_nfe10_cfg_seed_sweep/samples/diffusers/sdxl/euler/cfg_5/base/seed_000/nfe_010/000020.jpg,,outputs/gpde_diffusers_sdxl_nfe10_cfg_seed_sweep/samples/diffusers/sdxl/euler/cfg_5/base/seed_000/nfe_010,35.4546012878418,1.0691642761230469
diffusers,hf_sdxl_base_10,euler,base,10,0,5.0,21,"a cozy cafe interior in autumn, pastries, espresso machine, soft morning light",outputs/gpde_diffusers_sdxl_nfe10_cfg_seed_sweep/samples/diffusers/sdxl/euler/cfg_5/base/seed_000/nfe_010/000021.jpg,,outputs/gpde_diffusers_sdxl_nfe10_cfg_seed_sweep/samples/diffusers/sdxl/euler/cfg_5/base/seed_000/nfe_010,29.11149787902832,0.9510671496391296
diffusers,hf_sdxl_base_10,euler,base,10,0,5.0,22,"a panoramic view of terraced rice fields under mist, workers in colorful clothing",outputs/gpde_diffusers_sdxl_nfe10_cfg_seed_sweep/samples/diffusers/sdxl/euler/cfg_5/base/seed_000/nfe_010/000022.jpg,,outputs/gpde_diffusers_sdxl_nfe10_cfg_seed_sweep/samples/diffusers/sdxl/euler/cfg_5/base/seed_000/nfe_010,30.102447509765625,-0.7149109840393066
diffusers,hf_sdxl_base_10,euler,base,10,0,5.0,23,a children's book illustration of a moonlit boat parade on a quiet canal,outputs/gpde_diffusers_sdxl_nfe10_cfg_seed_sweep/samples/diffusers/sdxl/euler/cfg_5/base/seed_000/nfe_010/000023.jpg,,outputs/gpde_diffusers_sdxl_nfe10_cfg_seed_sweep/samples/diffusers/sdxl/euler/cfg_5/base/seed_000/nfe_010,30.548429489135742,1.0694053173065186
diffusers,hf_sdxl_base_10,euler,base,10,0,5.0,24,"a realistic sports car parked in a concrete tunnel, reflections, low angle",outputs/gpde_diffusers_sdxl_nfe10_cfg_seed_sweep/samples/diffusers/sdxl/euler/cfg_5/base/seed_000/nfe_010/000024.jpg,,outputs/gpde_diffusers_sdxl_nfe10_cfg_seed_sweep/samples/diffusers/sdxl/euler/cfg_5/base/seed_000/nfe_010,29.48721694946289,1.7131205797195435
diffusers,hf_sdxl_base_10,euler,base,10,0,5.0,25,"a botanical diagram of rare orchids with labeled roots and petals, archival paper",outputs/gpde_diffusers_sdxl_nfe10_cfg_seed_sweep/samples/diffusers/sdxl/euler/cfg_5/base/seed_000/nfe_010/000025.jpg,,outputs/gpde_diffusers_sdxl_nfe10_cfg_seed_sweep/samples/diffusers/sdxl/euler/cfg_5/base/seed_000/nfe_010,30.69205665588379,0.599864661693573
diffusers,hf_sdxl_base_10,euler,base,10,0,5.0,26,"a cyberpunk street food stall with steam, lanterns, and dense urban signage",outputs/gpde_diffusers_sdxl_nfe10_cfg_seed_sweep/samples/diffusers/sdxl/euler/cfg_5/base/seed_000/nfe_010/000026.jpg,,outputs/gpde_diffusers_sdxl_nfe10_cfg_seed_sweep/samples/diffusers/sdxl/euler/cfg_5/base/seed_000/nfe_010,31.994224548339844,1.4157785177230835
diffusers,hf_sdxl_base_10,euler,base,10,0,5.0,27,"a still life of glass fruit bowls, linen cloth, and silver cutlery, natural light",outputs/gpde_diffusers_sdxl_nfe10_cfg_seed_sweep/samples/diffusers/sdxl/euler/cfg_5/base/seed_000/nfe_010/000027.jpg,,outputs/gpde_diffusers_sdxl_nfe10_cfg_seed_sweep/samples/diffusers/sdxl/euler/cfg_5/base/seed_000/nfe_010,30.380619049072266,0.37365683913230896
diffusers,hf_sdxl_base_10,euler,base,10,0,5.0,28,a heroic statue covered in vines in an abandoned futuristic plaza,outputs/gpde_diffusers_sdxl_nfe10_cfg_seed_sweep/samples/diffusers/sdxl/euler/cfg_5/base/seed_000/nfe_010/000028.jpg,,outputs/gpde_diffusers_sdxl_nfe10_cfg_seed_sweep/samples/diffusers/sdxl/euler/cfg_5/base/seed_000/nfe_010,35.27580642700195,1.3996787071228027
diffusers,hf_sdxl_base_10,euler,base,10,0,5.0,29,a black and white film photograph of dancers rehearsing in a mirror-lined studio,outputs/gpde_diffusers_sdxl_nfe10_cfg_seed_sweep/samples/diffusers/sdxl/euler/cfg_5/base/seed_000/nfe_010/000029.jpg,,outputs/gpde_diffusers_sdxl_nfe10_cfg_seed_sweep/samples/diffusers/sdxl/euler/cfg_5/base/seed_000/nfe_010,31.727767944335938,1.6033591032028198
diffusers,hf_sdxl_base_10,euler,base,10,0,5.0,30,"a detailed scene of a spacecraft cockpit during reentry, glowing controls, tense mood",outputs/gpde_diffusers_sdxl_nfe10_cfg_seed_sweep/samples/diffusers/sdxl/euler/cfg_5/base/seed_000/nfe_010/000030.jpg,,outputs/gpde_diffusers_sdxl_nfe10_cfg_seed_sweep/samples/diffusers/sdxl/euler/cfg_5/base/seed_000/nfe_010,24.95256233215332,0.4645736515522003
diffusers,hf_sdxl_base_10,euler,base,10,0,5.0,31,a claymation style village bakery with tiny loaves and painted signs,outputs/gpde_diffusers_sdxl_nfe10_cfg_seed_sweep/samples/diffusers/sdxl/euler/cfg_5/base/seed_000/nfe_010/000031.jpg,,outputs/gpde_diffusers_sdxl_nfe10_cfg_seed_sweep/samples/diffusers/sdxl/euler/cfg_5/base/seed_000/nfe_010,36.368896484375,1.119602918624878
diffusers,hf_sdxl_base_10,euler,base,10,0,5.0,32,a realistic underwater photograph of a diver inspecting an ancient marble column,outputs/gpde_diffusers_sdxl_nfe10_cfg_seed_sweep/samples/diffusers/sdxl/euler/cfg_5/base/seed_000/nfe_010/000032.jpg,,outputs/gpde_diffusers_sdxl_nfe10_cfg_seed_sweep/samples/diffusers/sdxl/euler/cfg_5/base/seed_000/nfe_010,22.296480178833008,-1.1446688175201416
diffusers,hf_sdxl_base_10,euler,base,10,0,5.0,33,"a minimalist poster of a jazz quartet in deep red, cream, and black",outputs/gpde_diffusers_sdxl_nfe10_cfg_seed_sweep/samples/diffusers/sdxl/euler/cfg_5/base/seed_000/nfe_010/000033.jpg,,outputs/gpde_diffusers_sdxl_nfe10_cfg_seed_sweep/samples/diffusers/sdxl/euler/cfg_5/base/seed_000/nfe_010,29.111783981323242,0.34438377618789673
diffusers,hf_sdxl_base_10,euler,base,10,0,5.0,34,a high detail portrait of a queen wearing armor made of mother of pearl,outputs/gpde_diffusers_sdxl_nfe10_cfg_seed_sweep/samples/diffusers/sdxl/euler/cfg_5/base/seed_000/nfe_010/000034.jpg,,outputs/gpde_diffusers_sdxl_nfe10_cfg_seed_sweep/samples/diffusers/sdxl/euler/cfg_5/base/seed_000/nfe_010,28.9581356048584,1.7315236330032349
diffusers,hf_sdxl_base_10,euler,base,10,0,5.0,35,"a top-down board game map of an island with forests, cliffs, and hidden ruins",outputs/gpde_diffusers_sdxl_nfe10_cfg_seed_sweep/samples/diffusers/sdxl/euler/cfg_5/base/seed_000/nfe_010/000035.jpg,,outputs/gpde_diffusers_sdxl_nfe10_cfg_seed_sweep/samples/diffusers/sdxl/euler/cfg_5/base/seed_000/nfe_010,24.40346908569336,-0.23013649880886078
diffusers,hf_sdxl_base_10,euler,base,10,0,5.0,36,"a luxury watch exploded view on a dark background, precise gears and screws",outputs/gpde_diffusers_sdxl_nfe10_cfg_seed_sweep/samples/diffusers/sdxl/euler/cfg_5/base/seed_000/nfe_010/000036.jpg,,outputs/gpde_diffusers_sdxl_nfe10_cfg_seed_sweep/samples/diffusers/sdxl/euler/cfg_5/base/seed_000/nfe_010,31.940975189208984,0.3122766613960266
diffusers,hf_sdxl_base_10,euler,base,10,0,5.0,37,"a sunlit greenhouse filled with tomatoes, watering cans, and terracotta pots",outputs/gpde_diffusers_sdxl_nfe10_cfg_seed_sweep/samples/diffusers/sdxl/euler/cfg_5/base/seed_000/nfe_010/000037.jpg,,outputs/gpde_diffusers_sdxl_nfe10_cfg_seed_sweep/samples/diffusers/sdxl/euler/cfg_5/base/seed_000/nfe_010,33.09770584106445,1.0142762660980225
diffusers,hf_sdxl_base_10,euler,base,10,0,5.0,38,a night landscape of fireflies over a meadow beside a quiet river,outputs/gpde_diffusers_sdxl_nfe10_cfg_seed_sweep/samples/diffusers/sdxl/euler/cfg_5/base/seed_000/nfe_010/000038.jpg,,outputs/gpde_diffusers_sdxl_nfe10_cfg_seed_sweep/samples/diffusers/sdxl/euler/cfg_5/base/seed_000/nfe_010,31.452402114868164,1.4399333000183105
diffusers,hf_sdxl_base_10,euler,base,10,0,5.0,39,a realistic photo of a rescue helicopter landing on a snowy mountain ridge,outputs/gpde_diffusers_sdxl_nfe10_cfg_seed_sweep/samples/diffusers/sdxl/euler/cfg_5/base/seed_000/nfe_010/000039.jpg,,outputs/gpde_diffusers_sdxl_nfe10_cfg_seed_sweep/samples/diffusers/sdxl/euler/cfg_5/base/seed_000/nfe_010,34.93966293334961,1.1134551763534546
diffusers,hf_sdxl_base_10,euler,base,10,0,5.0,40,a concept art scene of a floating research station above Jupiter's clouds,outputs/gpde_diffusers_sdxl_nfe10_cfg_seed_sweep/samples/diffusers/sdxl/euler/cfg_5/base/seed_000/nfe_010/000040.jpg,,outputs/gpde_diffusers_sdxl_nfe10_cfg_seed_sweep/samples/diffusers/sdxl/euler/cfg_5/base/seed_000/nfe_010,29.657285690307617,1.6423686742782593
diffusers,hf_sdxl_base_10,euler,base,10,0,5.0,41,a detailed pencil drawing of an old bicycle leaning against a brick wall,outputs/gpde_diffusers_sdxl_nfe10_cfg_seed_sweep/samples/diffusers/sdxl/euler/cfg_5/base/seed_000/nfe_010/000041.jpg,,outputs/gpde_diffusers_sdxl_nfe10_cfg_seed_sweep/samples/diffusers/sdxl/euler/cfg_5/base/seed_000/nfe_010,36.80887985229492,1.1965091228485107
diffusers,hf_sdxl_base_10,euler,base,10,0,5.0,42,"a museum diorama of prehistoric sea creatures, dramatic educational lighting",outputs/gpde_diffusers_sdxl_nfe10_cfg_seed_sweep/samples/diffusers/sdxl/euler/cfg_5/base/seed_000/nfe_010/000042.jpg,,outputs/gpde_diffusers_sdxl_nfe10_cfg_seed_sweep/samples/diffusers/sdxl/euler/cfg_5/base/seed_000/nfe_010,33.581642150878906,-0.2608492076396942
diffusers,hf_sdxl_base_10,euler,base,10,0,5.0,43,"a peaceful Japanese garden with koi pond, stone bridge, and maple leaves",outputs/gpde_diffusers_sdxl_nfe10_cfg_seed_sweep/samples/diffusers/sdxl/euler/cfg_5/base/seed_000/nfe_010/000043.jpg,,outputs/gpde_diffusers_sdxl_nfe10_cfg_seed_sweep/samples/diffusers/sdxl/euler/cfg_5/base/seed_000/nfe_010,28.66156005859375,1.0263700485229492
diffusers,hf_sdxl_base_10,euler,base,10,0,5.0,44,"a close-up food photograph of ramen with soft egg, steam, and ceramic bowl",outputs/gpde_diffusers_sdxl_nfe10_cfg_seed_sweep/samples/diffusers/sdxl/euler/cfg_5/base/seed_000/nfe_010/000044.jpg,,outputs/gpde_diffusers_sdxl_nfe10_cfg_seed_sweep/samples/diffusers/sdxl/euler/cfg_5/base/seed_000/nfe_010,29.81937026977539,0.017576657235622406
diffusers,hf_sdxl_base_10,euler,base,10,0,5.0,45,a vibrant parade costume covered with mirrors and embroidered flowers,outputs/gpde_diffusers_sdxl_nfe10_cfg_seed_sweep/samples/diffusers/sdxl/euler/cfg_5/base/seed_000/nfe_010/000045.jpg,,outputs/gpde_diffusers_sdxl_nfe10_cfg_seed_sweep/samples/diffusers/sdxl/euler/cfg_5/base/seed_000/nfe_010,28.76567840576172,-0.16018973290920258
diffusers,hf_sdxl_base_10,euler,base,10,0,5.0,46,a realistic image of a hand-crafted wooden chess set mid game by candlelight,outputs/gpde_diffusers_sdxl_nfe10_cfg_seed_sweep/samples/diffusers/sdxl/euler/cfg_5/base/seed_000/nfe_010/000046.jpg,,outputs/gpde_diffusers_sdxl_nfe10_cfg_seed_sweep/samples/diffusers/sdxl/euler/cfg_5/base/seed_000/nfe_010,30.45688819885254,1.452632188796997
diffusers,hf_sdxl_base_10,euler,base,10,0,5.0,47,a wide angle view of a data center corridor with blue status lights,outputs/gpde_diffusers_sdxl_nfe10_cfg_seed_sweep/samples/diffusers/sdxl/euler/cfg_5/base/seed_000/nfe_010/000047.jpg,,outputs/gpde_diffusers_sdxl_nfe10_cfg_seed_sweep/samples/diffusers/sdxl/euler/cfg_5/base/seed_000/nfe_010,26.230262756347656,1.5530140399932861
diffusers,hf_sdxl_base_10,euler,base,10,0,5.0,48,a magical realism scene of books flying through an old train carriage,outputs/gpde_diffusers_sdxl_nfe10_cfg_seed_sweep/samples/diffusers/sdxl/euler/cfg_5/base/seed_000/nfe_010/000048.jpg,,outputs/gpde_diffusers_sdxl_nfe10_cfg_seed_sweep/samples/diffusers/sdxl/euler/cfg_5/base/seed_000/nfe_010,34.926883697509766,1.5800724029541016
diffusers,hf_sdxl_base_10,euler,base,10,0,5.0,49,a studio portrait of a golden retriever wearing aviator goggles and a red scarf,outputs/gpde_diffusers_sdxl_nfe10_cfg_seed_sweep/samples/diffusers/sdxl/euler/cfg_5/base/seed_000/nfe_010/000049.jpg,,outputs/gpde_diffusers_sdxl_nfe10_cfg_seed_sweep/samples/diffusers/sdxl/euler/cfg_5/base/seed_000/nfe_010,39.066402435302734,1.874804973602295
diffusers,hf_sdxl_base_10,euler,base,10,1,5.0,0,"a cinematic portrait of an astronaut botanist in a glass greenhouse on Mars, detailed fabric, soft rim light",outputs/gpde_diffusers_sdxl_nfe10_cfg_seed_sweep/samples/diffusers/sdxl/euler/cfg_5/base/seed_001/nfe_010/000000.jpg,,outputs/gpde_diffusers_sdxl_nfe10_cfg_seed_sweep/samples/diffusers/sdxl/euler/cfg_5/base/seed_001/nfe_010,32.99712371826172,1.6993401050567627
diffusers,hf_sdxl_base_10,euler,base,10,1,5.0,1,"a small brass robot repairing an antique clock in a sunlit workshop, shallow depth of field",outputs/gpde_diffusers_sdxl_nfe10_cfg_seed_sweep/samples/diffusers/sdxl/euler/cfg_5/base/seed_001/nfe_010/000001.jpg,,outputs/gpde_diffusers_sdxl_nfe10_cfg_seed_sweep/samples/diffusers/sdxl/euler/cfg_5/base/seed_001/nfe_010,29.166152954101562,1.5034176111221313
diffusers,hf_sdxl_base_10,euler,base,10,1,5.0,2,"a watercolor city street after rain with neon signs reflected in puddles, evening atmosphere",outputs/gpde_diffusers_sdxl_nfe10_cfg_seed_sweep/samples/diffusers/sdxl/euler/cfg_5/base/seed_001/nfe_010/000002.jpg,,outputs/gpde_diffusers_sdxl_nfe10_cfg_seed_sweep/samples/diffusers/sdxl/euler/cfg_5/base/seed_001/nfe_010,30.05322265625,0.48581206798553467
diffusers,hf_sdxl_base_10,euler,base,10,1,5.0,3,a high resolution studio photo of a ceramic teapot shaped like a seashell on a slate table,outputs/gpde_diffusers_sdxl_nfe10_cfg_seed_sweep/samples/diffusers/sdxl/euler/cfg_5/base/seed_001/nfe_010/000003.jpg,,outputs/gpde_diffusers_sdxl_nfe10_cfg_seed_sweep/samples/diffusers/sdxl/euler/cfg_5/base/seed_001/nfe_010,31.70105743408203,0.968266487121582
diffusers,hf_sdxl_base_10,euler,base,10,1,5.0,4,"a fantasy library carved inside a giant tree, spiral stairs, warm lanterns, intricate shelves",outputs/gpde_diffusers_sdxl_nfe10_cfg_seed_sweep/samples/diffusers/sdxl/euler/cfg_5/base/seed_001/nfe_010/000004.jpg,,outputs/gpde_diffusers_sdxl_nfe10_cfg_seed_sweep/samples/diffusers/sdxl/euler/cfg_5/base/seed_001/nfe_010,29.875802993774414,1.5787572860717773
diffusers,hf_sdxl_base_10,euler,base,10,1,5.0,5,"a macro photograph of a snowflake resting on dark wool, crisp crystalline detail",outputs/gpde_diffusers_sdxl_nfe10_cfg_seed_sweep/samples/diffusers/sdxl/euler/cfg_5/base/seed_001/nfe_010/000005.jpg,,outputs/gpde_diffusers_sdxl_nfe10_cfg_seed_sweep/samples/diffusers/sdxl/euler/cfg_5/base/seed_001/nfe_010,28.643856048583984,-0.5602240562438965
diffusers,hf_sdxl_base_10,euler,base,10,1,5.0,6,"a retro futuristic train crossing a desert at sunset, chrome surfaces, long shadows",outputs/gpde_diffusers_sdxl_nfe10_cfg_seed_sweep/samples/diffusers/sdxl/euler/cfg_5/base/seed_001/nfe_010/000006.jpg,,outputs/gpde_diffusers_sdxl_nfe10_cfg_seed_sweep/samples/diffusers/sdxl/euler/cfg_5/base/seed_001/nfe_010,29.9370174407959,0.5835946202278137
diffusers,hf_sdxl_base_10,euler,base,10,1,5.0,7,"a chef plating a colorful molecular gastronomy dessert, clean restaurant lighting",outputs/gpde_diffusers_sdxl_nfe10_cfg_seed_sweep/samples/diffusers/sdxl/euler/cfg_5/base/seed_001/nfe_010/000007.jpg,,outputs/gpde_diffusers_sdxl_nfe10_cfg_seed_sweep/samples/diffusers/sdxl/euler/cfg_5/base/seed_001/nfe_010,29.234006881713867,-1.6154731512069702
diffusers,hf_sdxl_base_10,euler,base,10,1,5.0,8,"an isometric cozy bedroom with plants, books, a desk lamp, and a rainy window",outputs/gpde_diffusers_sdxl_nfe10_cfg_seed_sweep/samples/diffusers/sdxl/euler/cfg_5/base/seed_001/nfe_010/000008.jpg,,outputs/gpde_diffusers_sdxl_nfe10_cfg_seed_sweep/samples/diffusers/sdxl/euler/cfg_5/base/seed_001/nfe_010,31.459613800048828,1.159364104270935
diffusers,hf_sdxl_base_10,euler,base,10,1,5.0,9,"a dramatic mountain monastery above clouds, sunrise, detailed stone architecture",outputs/gpde_diffusers_sdxl_nfe10_cfg_seed_sweep/samples/diffusers/sdxl/euler/cfg_5/base/seed_001/nfe_010/000009.jpg,,outputs/gpde_diffusers_sdxl_nfe10_cfg_seed_sweep/samples/diffusers/sdxl/euler/cfg_5/base/seed_001/nfe_010,33.135799407958984,1.7134205102920532
diffusers,hf_sdxl_base_10,euler,base,10,1,5.0,10,a fashion editorial photo of a model wearing a translucent raincoat in Tokyo at night,outputs/gpde_diffusers_sdxl_nfe10_cfg_seed_sweep/samples/diffusers/sdxl/euler/cfg_5/base/seed_001/nfe_010/000010.jpg,,outputs/gpde_diffusers_sdxl_nfe10_cfg_seed_sweep/samples/diffusers/sdxl/euler/cfg_5/base/seed_001/nfe_010,33.99378204345703,1.9442545175552368
diffusers,hf_sdxl_base_10,euler,base,10,1,5.0,11,a realistic red fox statue made of folded paper on a white museum pedestal,outputs/gpde_diffusers_sdxl_nfe10_cfg_seed_sweep/samples/diffusers/sdxl/euler/cfg_5/base/seed_001/nfe_010/000011.jpg,,outputs/gpde_diffusers_sdxl_nfe10_cfg_seed_sweep/samples/diffusers/sdxl/euler/cfg_5/base/seed_001/nfe_010,35.5048713684082,1.2004520893096924
diffusers,hf_sdxl_base_10,euler,base,10,1,5.0,12,a detailed cutaway illustration of a tiny submarine exploring a coral reef,outputs/gpde_diffusers_sdxl_nfe10_cfg_seed_sweep/samples/diffusers/sdxl/euler/cfg_5/base/seed_001/nfe_010/000012.jpg,,outputs/gpde_diffusers_sdxl_nfe10_cfg_seed_sweep/samples/diffusers/sdxl/euler/cfg_5/base/seed_001/nfe_010,30.084991455078125,1.173835277557373
diffusers,hf_sdxl_base_10,euler,base,10,1,5.0,13,a product photo of wireless headphones on brushed aluminum with blue accent lighting,outputs/gpde_diffusers_sdxl_nfe10_cfg_seed_sweep/samples/diffusers/sdxl/euler/cfg_5/base/seed_001/nfe_010/000013.jpg,,outputs/gpde_diffusers_sdxl_nfe10_cfg_seed_sweep/samples/diffusers/sdxl/euler/cfg_5/base/seed_001/nfe_010,28.436410903930664,0.07514911144971848
diffusers,hf_sdxl_base_10,euler,base,10,1,5.0,14,"a medieval market square during a festival, banners, musicians, detailed crowd",outputs/gpde_diffusers_sdxl_nfe10_cfg_seed_sweep/samples/diffusers/sdxl/euler/cfg_5/base/seed_001/nfe_010/000014.jpg,,outputs/gpde_diffusers_sdxl_nfe10_cfg_seed_sweep/samples/diffusers/sdxl/euler/cfg_5/base/seed_001/nfe_010,27.612781524658203,0.11899904161691666
diffusers,hf_sdxl_base_10,euler,base,10,1,5.0,15,an oil painting of a violinist performing in an empty subway station,outputs/gpde_diffusers_sdxl_nfe10_cfg_seed_sweep/samples/diffusers/sdxl/euler/cfg_5/base/seed_001/nfe_010/000015.jpg,,outputs/gpde_diffusers_sdxl_nfe10_cfg_seed_sweep/samples/diffusers/sdxl/euler/cfg_5/base/seed_001/nfe_010,35.69898223876953,1.6753902435302734
diffusers,hf_sdxl_base_10,euler,base,10,1,5.0,16,"a close-up portrait of an elderly sailor, weathered skin, navy coat, overcast harbor",outputs/gpde_diffusers_sdxl_nfe10_cfg_seed_sweep/samples/diffusers/sdxl/euler/cfg_5/base/seed_001/nfe_010/000016.jpg,,outputs/gpde_diffusers_sdxl_nfe10_cfg_seed_sweep/samples/diffusers/sdxl/euler/cfg_5/base/seed_001/nfe_010,27.361377716064453,1.2253921031951904
diffusers,hf_sdxl_base_10,euler,base,10,1,5.0,17,a clean architectural rendering of a modern cabin beside a frozen lake,outputs/gpde_diffusers_sdxl_nfe10_cfg_seed_sweep/samples/diffusers/sdxl/euler/cfg_5/base/seed_001/nfe_010/000017.jpg,,outputs/gpde_diffusers_sdxl_nfe10_cfg_seed_sweep/samples/diffusers/sdxl/euler/cfg_5/base/seed_001/nfe_010,36.30652618408203,1.2258418798446655
diffusers,hf_sdxl_base_10,euler,base,10,1,5.0,18,a surreal desert filled with floating glass spheres and distant black mountains,outputs/gpde_diffusers_sdxl_nfe10_cfg_seed_sweep/samples/diffusers/sdxl/euler/cfg_5/base/seed_001/nfe_010/000018.jpg,,outputs/gpde_diffusers_sdxl_nfe10_cfg_seed_sweep/samples/diffusers/sdxl/euler/cfg_5/base/seed_001/nfe_010,34.70119857788086,1.7221428155899048
diffusers,hf_sdxl_base_10,euler,base,10,1,5.0,19,a documentary photo of a scientist collecting ice cores in Antarctica,outputs/gpde_diffusers_sdxl_nfe10_cfg_seed_sweep/samples/diffusers/sdxl/euler/cfg_5/base/seed_001/nfe_010/000019.jpg,,outputs/gpde_diffusers_sdxl_nfe10_cfg_seed_sweep/samples/diffusers/sdxl/euler/cfg_5/base/seed_001/nfe_010,30.129119873046875,-0.5351841449737549
diffusers,hf_sdxl_base_10,euler,base,10,1,5.0,20,a detailed 3D render of a mechanical hummingbird with copper wings,outputs/gpde_diffusers_sdxl_nfe10_cfg_seed_sweep/samples/diffusers/sdxl/euler/cfg_5/base/seed_001/nfe_010/000020.jpg,,outputs/gpde_diffusers_sdxl_nfe10_cfg_seed_sweep/samples/diffusers/sdxl/euler/cfg_5/base/seed_001/nfe_010,35.23335266113281,-0.4087965488433838
diffusers,hf_sdxl_base_10,euler,base,10,1,5.0,21,"a cozy cafe interior in autumn, pastries, espresso machine, soft morning light",outputs/gpde_diffusers_sdxl_nfe10_cfg_seed_sweep/samples/diffusers/sdxl/euler/cfg_5/base/seed_001/nfe_010/000021.jpg,,outputs/gpde_diffusers_sdxl_nfe10_cfg_seed_sweep/samples/diffusers/sdxl/euler/cfg_5/base/seed_001/nfe_010,27.395511627197266,-0.5422073602676392
diffusers,hf_sdxl_base_10,euler,base,10,1,5.0,22,"a panoramic view of terraced rice fields under mist, workers in colorful clothing",outputs/gpde_diffusers_sdxl_nfe10_cfg_seed_sweep/samples/diffusers/sdxl/euler/cfg_5/base/seed_001/nfe_010/000022.jpg,,outputs/gpde_diffusers_sdxl_nfe10_cfg_seed_sweep/samples/diffusers/sdxl/euler/cfg_5/base/seed_001/nfe_010,29.881023406982422,1.507252812385559
diffusers,hf_sdxl_base_10,euler,base,10,1,5.0,23,a children's book illustration of a moonlit boat parade on a quiet canal,outputs/gpde_diffusers_sdxl_nfe10_cfg_seed_sweep/samples/diffusers/sdxl/euler/cfg_5/base/seed_001/nfe_010/000023.jpg,,outputs/gpde_diffusers_sdxl_nfe10_cfg_seed_sweep/samples/diffusers/sdxl/euler/cfg_5/base/seed_001/nfe_010,34.36119079589844,1.5962584018707275
diffusers,hf_sdxl_base_10,euler,base,10,1,5.0,24,"a realistic sports car parked in a concrete tunnel, reflections, low angle",outputs/gpde_diffusers_sdxl_nfe10_cfg_seed_sweep/samples/diffusers/sdxl/euler/cfg_5/base/seed_001/nfe_010/000024.jpg,,outputs/gpde_diffusers_sdxl_nfe10_cfg_seed_sweep/samples/diffusers/sdxl/euler/cfg_5/base/seed_001/nfe_010,28.907865524291992,0.655333399772644
diffusers,hf_sdxl_base_10,euler,base,10,1,5.0,25,"a botanical diagram of rare orchids with labeled roots and petals, archival paper",outputs/gpde_diffusers_sdxl_nfe10_cfg_seed_sweep/samples/diffusers/sdxl/euler/cfg_5/base/seed_001/nfe_010/000025.jpg,,outputs/gpde_diffusers_sdxl_nfe10_cfg_seed_sweep/samples/diffusers/sdxl/euler/cfg_5/base/seed_001/nfe_010,29.8009033203125,0.8444854617118835
diffusers,hf_sdxl_base_10,euler,base,10,1,5.0,26,"a cyberpunk street food stall with steam, lanterns, and dense urban signage",outputs/gpde_diffusers_sdxl_nfe10_cfg_seed_sweep/samples/diffusers/sdxl/euler/cfg_5/base/seed_001/nfe_010/000026.jpg,,outputs/gpde_diffusers_sdxl_nfe10_cfg_seed_sweep/samples/diffusers/sdxl/euler/cfg_5/base/seed_001/nfe_010,29.6759090423584,0.03473402559757233
diffusers,hf_sdxl_base_10,euler,base,10,1,5.0,27,"a still life of glass fruit bowls, linen cloth, and silver cutlery, natural light",outputs/gpde_diffusers_sdxl_nfe10_cfg_seed_sweep/samples/diffusers/sdxl/euler/cfg_5/base/seed_001/nfe_010/000027.jpg,,outputs/gpde_diffusers_sdxl_nfe10_cfg_seed_sweep/samples/diffusers/sdxl/euler/cfg_5/base/seed_001/nfe_010,29.395835876464844,0.8632375001907349
diffusers,hf_sdxl_base_10,euler,base,10,1,5.0,28,a heroic statue covered in vines in an abandoned futuristic plaza,outputs/gpde_diffusers_sdxl_nfe10_cfg_seed_sweep/samples/diffusers/sdxl/euler/cfg_5/base/seed_001/nfe_010/000028.jpg,,outputs/gpde_diffusers_sdxl_nfe10_cfg_seed_sweep/samples/diffusers/sdxl/euler/cfg_5/base/seed_001/nfe_010,33.39179611206055,1.6780482530593872
diffusers,hf_sdxl_base_10,euler,base,10,1,5.0,29,a black and white film photograph of dancers rehearsing in a mirror-lined studio,outputs/gpde_diffusers_sdxl_nfe10_cfg_seed_sweep/samples/diffusers/sdxl/euler/cfg_5/base/seed_001/nfe_010/000029.jpg,,outputs/gpde_diffusers_sdxl_nfe10_cfg_seed_sweep/samples/diffusers/sdxl/euler/cfg_5/base/seed_001/nfe_010,28.947580337524414,1.6266447305679321
diffusers,hf_sdxl_base_10,euler,base,10,1,5.0,30,"a detailed scene of a spacecraft cockpit during reentry, glowing controls, tense mood",outputs/gpde_diffusers_sdxl_nfe10_cfg_seed_sweep/samples/diffusers/sdxl/euler/cfg_5/base/seed_001/nfe_010/000030.jpg,,outputs/gpde_diffusers_sdxl_nfe10_cfg_seed_sweep/samples/diffusers/sdxl/euler/cfg_5/base/seed_001/nfe_010,24.758546829223633,0.3433993458747864
diffusers,hf_sdxl_base_10,euler,base,10,1,5.0,31,a claymation style village bakery with tiny loaves and painted signs,outputs/gpde_diffusers_sdxl_nfe10_cfg_seed_sweep/samples/diffusers/sdxl/euler/cfg_5/base/seed_001/nfe_010/000031.jpg,,outputs/gpde_diffusers_sdxl_nfe10_cfg_seed_sweep/samples/diffusers/sdxl/euler/cfg_5/base/seed_001/nfe_010,39.379600524902344,0.13899372518062592
diffusers,hf_sdxl_base_10,euler,base,10,1,5.0,32,a realistic underwater photograph of a diver inspecting an ancient marble column,outputs/gpde_diffusers_sdxl_nfe10_cfg_seed_sweep/samples/diffusers/sdxl/euler/cfg_5/base/seed_001/nfe_010/000032.jpg,,outputs/gpde_diffusers_sdxl_nfe10_cfg_seed_sweep/samples/diffusers/sdxl/euler/cfg_5/base/seed_001/nfe_010,30.863380432128906,0.648468554019928
diffusers,hf_sdxl_base_10,euler,base,10,1,5.0,33,"a minimalist poster of a jazz quartet in deep red, cream, and black",outputs/gpde_diffusers_sdxl_nfe10_cfg_seed_sweep/samples/diffusers/sdxl/euler/cfg_5/base/seed_001/nfe_010/000033.jpg,,outputs/gpde_diffusers_sdxl_nfe10_cfg_seed_sweep/samples/diffusers/sdxl/euler/cfg_5/base/seed_001/nfe_010,27.286914825439453,0.7555639743804932
diffusers,hf_sdxl_base_10,euler,base,10,1,5.0,34,a high detail portrait of a queen wearing armor made of mother of pearl,outputs/gpde_diffusers_sdxl_nfe10_cfg_seed_sweep/samples/diffusers/sdxl/euler/cfg_5/base/seed_001/nfe_010/000034.jpg,,outputs/gpde_diffusers_sdxl_nfe10_cfg_seed_sweep/samples/diffusers/sdxl/euler/cfg_5/base/seed_001/nfe_010,30.40623664855957,1.6844496726989746
diffusers,hf_sdxl_base_10,euler,base,10,1,5.0,35,"a top-down board game map of an island with forests, cliffs, and hidden ruins",outputs/gpde_diffusers_sdxl_nfe10_cfg_seed_sweep/samples/diffusers/sdxl/euler/cfg_5/base/seed_001/nfe_010/000035.jpg,,outputs/gpde_diffusers_sdxl_nfe10_cfg_seed_sweep/samples/diffusers/sdxl/euler/cfg_5/base/seed_001/nfe_010,23.37169647216797,0.2387269288301468
diffusers,hf_sdxl_base_10,euler,base,10,1,5.0,36,"a luxury watch exploded view on a dark background, precise gears and screws",outputs/gpde_diffusers_sdxl_nfe10_cfg_seed_sweep/samples/diffusers/sdxl/euler/cfg_5/base/seed_001/nfe_010/000036.jpg,,outputs/gpde_diffusers_sdxl_nfe10_cfg_seed_sweep/samples/diffusers/sdxl/euler/cfg_5/base/seed_001/nfe_010,29.341339111328125,0.8130966424942017
diffusers,hf_sdxl_base_10,euler,base,10,1,5.0,37,"a sunlit greenhouse filled with tomatoes, watering cans, and terracotta pots",outputs/gpde_diffusers_sdxl_nfe10_cfg_seed_sweep/samples/diffusers/sdxl/euler/cfg_5/base/seed_001/nfe_010/000037.jpg,,outputs/gpde_diffusers_sdxl_nfe10_cfg_seed_sweep/samples/diffusers/sdxl/euler/cfg_5/base/seed_001/nfe_010,33.36024475097656,1.5803688764572144
diffusers,hf_sdxl_base_10,euler,base,10,1,5.0,38,a night landscape of fireflies over a meadow beside a quiet river,outputs/gpde_diffusers_sdxl_nfe10_cfg_seed_sweep/samples/diffusers/sdxl/euler/cfg_5/base/seed_001/nfe_010/000038.jpg,,outputs/gpde_diffusers_sdxl_nfe10_cfg_seed_sweep/samples/diffusers/sdxl/euler/cfg_5/base/seed_001/nfe_010,32.16095733642578,1.2444276809692383
diffusers,hf_sdxl_base_10,euler,base,10,1,5.0,39,a realistic photo of a rescue helicopter landing on a snowy mountain ridge,outputs/gpde_diffusers_sdxl_nfe10_cfg_seed_sweep/samples/diffusers/sdxl/euler/cfg_5/base/seed_001/nfe_010/000039.jpg,,outputs/gpde_diffusers_sdxl_nfe10_cfg_seed_sweep/samples/diffusers/sdxl/euler/cfg_5/base/seed_001/nfe_010,33.704383850097656,1.2820675373077393
diffusers,hf_sdxl_base_10,euler,base,10,1,5.0,40,a concept art scene of a floating research station above Jupiter's clouds,outputs/gpde_diffusers_sdxl_nfe10_cfg_seed_sweep/samples/diffusers/sdxl/euler/cfg_5/base/seed_001/nfe_010/000040.jpg,,outputs/gpde_diffusers_sdxl_nfe10_cfg_seed_sweep/samples/diffusers/sdxl/euler/cfg_5/base/seed_001/nfe_010,26.83371353149414,1.541635513305664
diffusers,hf_sdxl_base_10,euler,base,10,1,5.0,41,a detailed pencil drawing of an old bicycle leaning against a brick wall,outputs/gpde_diffusers_sdxl_nfe10_cfg_seed_sweep/samples/diffusers/sdxl/euler/cfg_5/base/seed_001/nfe_010/000041.jpg,,outputs/gpde_diffusers_sdxl_nfe10_cfg_seed_sweep/samples/diffusers/sdxl/euler/cfg_5/base/seed_001/nfe_010,36.08470153808594,1.1657768487930298
diffusers,hf_sdxl_base_10,euler,base,10,1,5.0,42,"a museum diorama of prehistoric sea creatures, dramatic educational lighting",outputs/gpde_diffusers_sdxl_nfe10_cfg_seed_sweep/samples/diffusers/sdxl/euler/cfg_5/base/seed_001/nfe_010/000042.jpg,,outputs/gpde_diffusers_sdxl_nfe10_cfg_seed_sweep/samples/diffusers/sdxl/euler/cfg_5/base/seed_001/nfe_010,32.63827133178711,0.750527560710907
diffusers,hf_sdxl_base_10,euler,base,10,1,5.0,43,"a peaceful Japanese garden with koi pond, stone bridge, and maple leaves",outputs/gpde_diffusers_sdxl_nfe10_cfg_seed_sweep/samples/diffusers/sdxl/euler/cfg_5/base/seed_001/nfe_010/000043.jpg,,outputs/gpde_diffusers_sdxl_nfe10_cfg_seed_sweep/samples/diffusers/sdxl/euler/cfg_5/base/seed_001/nfe_010,29.070293426513672,0.9181337356567383
diffusers,hf_sdxl_base_10,euler,base,10,1,5.0,44,"a close-up food photograph of ramen with soft egg, steam, and ceramic bowl",outputs/gpde_diffusers_sdxl_nfe10_cfg_seed_sweep/samples/diffusers/sdxl/euler/cfg_5/base/seed_001/nfe_010/000044.jpg,,outputs/gpde_diffusers_sdxl_nfe10_cfg_seed_sweep/samples/diffusers/sdxl/euler/cfg_5/base/seed_001/nfe_010,31.295665740966797,-0.10826924443244934
diffusers,hf_sdxl_base_10,euler,base,10,1,5.0,45,a vibrant parade costume covered with mirrors and embroidered flowers,outputs/gpde_diffusers_sdxl_nfe10_cfg_seed_sweep/samples/diffusers/sdxl/euler/cfg_5/base/seed_001/nfe_010/000045.jpg,,outputs/gpde_diffusers_sdxl_nfe10_cfg_seed_sweep/samples/diffusers/sdxl/euler/cfg_5/base/seed_001/nfe_010,31.651681900024414,0.7147746682167053
diffusers,hf_sdxl_base_10,euler,base,10,1,5.0,46,a realistic image of a hand-crafted wooden chess set mid game by candlelight,outputs/gpde_diffusers_sdxl_nfe10_cfg_seed_sweep/samples/diffusers/sdxl/euler/cfg_5/base/seed_001/nfe_010/000046.jpg,,outputs/gpde_diffusers_sdxl_nfe10_cfg_seed_sweep/samples/diffusers/sdxl/euler/cfg_5/base/seed_001/nfe_010,30.307727813720703,-0.3309851586818695
diffusers,hf_sdxl_base_10,euler,base,10,1,5.0,47,a wide angle view of a data center corridor with blue status lights,outputs/gpde_diffusers_sdxl_nfe10_cfg_seed_sweep/samples/diffusers/sdxl/euler/cfg_5/base/seed_001/nfe_010/000047.jpg,,outputs/gpde_diffusers_sdxl_nfe10_cfg_seed_sweep/samples/diffusers/sdxl/euler/cfg_5/base/seed_001/nfe_010,30.05145263671875,1.0017249584197998
diffusers,hf_sdxl_base_10,euler,base,10,1,5.0,48,a magical realism scene of books flying through an old train carriage,outputs/gpde_diffusers_sdxl_nfe10_cfg_seed_sweep/samples/diffusers/sdxl/euler/cfg_5/base/seed_001/nfe_010/000048.jpg,,outputs/gpde_diffusers_sdxl_nfe10_cfg_seed_sweep/samples/diffusers/sdxl/euler/cfg_5/base/seed_001/nfe_010,35.76991653442383,1.683104157447815
diffusers,hf_sdxl_base_10,euler,base,10,1,5.0,49,a studio portrait of a golden retriever wearing aviator goggles and a red scarf,outputs/gpde_diffusers_sdxl_nfe10_cfg_seed_sweep/samples/diffusers/sdxl/euler/cfg_5/base/seed_001/nfe_010/000049.jpg,,outputs/gpde_diffusers_sdxl_nfe10_cfg_seed_sweep/samples/diffusers/sdxl/euler/cfg_5/base/seed_001/nfe_010,36.730064392089844,1.7985905408859253
diffusers,hf_sdxl_base_10,euler,base,10,2,5.0,0,"a cinematic portrait of an astronaut botanist in a glass greenhouse on Mars, detailed fabric, soft rim light",outputs/gpde_diffusers_sdxl_nfe10_cfg_seed_sweep/samples/diffusers/sdxl/euler/cfg_5/base/seed_002/nfe_010/000000.jpg,,outputs/gpde_diffusers_sdxl_nfe10_cfg_seed_sweep/samples/diffusers/sdxl/euler/cfg_5/base/seed_002/nfe_010,32.2805061340332,1.5156335830688477
diffusers,hf_sdxl_base_10,euler,base,10,2,5.0,1,"a small brass robot repairing an antique clock in a sunlit workshop, shallow depth of field",outputs/gpde_diffusers_sdxl_nfe10_cfg_seed_sweep/samples/diffusers/sdxl/euler/cfg_5/base/seed_002/nfe_010/000001.jpg,,outputs/gpde_diffusers_sdxl_nfe10_cfg_seed_sweep/samples/diffusers/sdxl/euler/cfg_5/base/seed_002/nfe_010,31.159465789794922,1.3341808319091797
diffusers,hf_sdxl_base_10,euler,base,10,2,5.0,2,"a watercolor city street after rain with neon signs reflected in puddles, evening atmosphere",outputs/gpde_diffusers_sdxl_nfe10_cfg_seed_sweep/samples/diffusers/sdxl/euler/cfg_5/base/seed_002/nfe_010/000002.jpg,,outputs/gpde_diffusers_sdxl_nfe10_cfg_seed_sweep/samples/diffusers/sdxl/euler/cfg_5/base/seed_002/nfe_010,28.198497772216797,0.48610901832580566
diffusers,hf_sdxl_base_10,euler,base,10,2,5.0,3,a high resolution studio photo of a ceramic teapot shaped like a seashell on a slate table,outputs/gpde_diffusers_sdxl_nfe10_cfg_seed_sweep/samples/diffusers/sdxl/euler/cfg_5/base/seed_002/nfe_010/000003.jpg,,outputs/gpde_diffusers_sdxl_nfe10_cfg_seed_sweep/samples/diffusers/sdxl/euler/cfg_5/base/seed_002/nfe_010,28.192115783691406,-1.6158230304718018
diffusers,hf_sdxl_base_10,euler,base,10,2,5.0,4,"a fantasy library carved inside a giant tree, spiral stairs, warm lanterns, intricate shelves",outputs/gpde_diffusers_sdxl_nfe10_cfg_seed_sweep/samples/diffusers/sdxl/euler/cfg_5/base/seed_002/nfe_010/000004.jpg,,outputs/gpde_diffusers_sdxl_nfe10_cfg_seed_sweep/samples/diffusers/sdxl/euler/cfg_5/base/seed_002/nfe_010,31.309253692626953,1.8121720552444458
diffusers,hf_sdxl_base_10,euler,base,10,2,5.0,5,"a macro photograph of a snowflake resting on dark wool, crisp crystalline detail",outputs/gpde_diffusers_sdxl_nfe10_cfg_seed_sweep/samples/diffusers/sdxl/euler/cfg_5/base/seed_002/nfe_010/000005.jpg,,outputs/gpde_diffusers_sdxl_nfe10_cfg_seed_sweep/samples/diffusers/sdxl/euler/cfg_5/base/seed_002/nfe_010,28.728261947631836,0.03250807896256447
diffusers,hf_sdxl_base_10,euler,base,10,2,5.0,6,"a retro futuristic train crossing a desert at sunset, chrome surfaces, long shadows",outputs/gpde_diffusers_sdxl_nfe10_cfg_seed_sweep/samples/diffusers/sdxl/euler/cfg_5/base/seed_002/nfe_010/000006.jpg,,outputs/gpde_diffusers_sdxl_nfe10_cfg_seed_sweep/samples/diffusers/sdxl/euler/cfg_5/base/seed_002/nfe_010,27.852380752563477,1.1241796016693115
diffusers,hf_sdxl_base_10,euler,base,10,2,5.0,7,"a chef plating a colorful molecular gastronomy dessert, clean restaurant lighting",outputs/gpde_diffusers_sdxl_nfe10_cfg_seed_sweep/samples/diffusers/sdxl/euler/cfg_5/base/seed_002/nfe_010/000007.jpg,,outputs/gpde_diffusers_sdxl_nfe10_cfg_seed_sweep/samples/diffusers/sdxl/euler/cfg_5/base/seed_002/nfe_010,33.387393951416016,0.1975926011800766
diffusers,hf_sdxl_base_10,euler,base,10,2,5.0,8,"an isometric cozy bedroom with plants, books, a desk lamp, and a rainy window",outputs/gpde_diffusers_sdxl_nfe10_cfg_seed_sweep/samples/diffusers/sdxl/euler/cfg_5/base/seed_002/nfe_010/000008.jpg,,outputs/gpde_diffusers_sdxl_nfe10_cfg_seed_sweep/samples/diffusers/sdxl/euler/cfg_5/base/seed_002/nfe_010,33.92560577392578,0.051673199981451035
diffusers,hf_sdxl_base_10,euler,base,10,2,5.0,9,"a dramatic mountain monastery above clouds, sunrise, detailed stone architecture",outputs/gpde_diffusers_sdxl_nfe10_cfg_seed_sweep/samples/diffusers/sdxl/euler/cfg_5/base/seed_002/nfe_010/000009.jpg,,outputs/gpde_diffusers_sdxl_nfe10_cfg_seed_sweep/samples/diffusers/sdxl/euler/cfg_5/base/seed_002/nfe_010,33.60161209106445,1.4711424112319946
diffusers,hf_sdxl_base_10,euler,base,10,2,5.0,10,a fashion editorial photo of a model wearing a translucent raincoat in Tokyo at night,outputs/gpde_diffusers_sdxl_nfe10_cfg_seed_sweep/samples/diffusers/sdxl/euler/cfg_5/base/seed_002/nfe_010/000010.jpg,,outputs/gpde_diffusers_sdxl_nfe10_cfg_seed_sweep/samples/diffusers/sdxl/euler/cfg_5/base/seed_002/nfe_010,35.69367599487305,1.879583716392517
diffusers,hf_sdxl_base_10,euler,base,10,2,5.0,11,a realistic red fox statue made of folded paper on a white museum pedestal,outputs/gpde_diffusers_sdxl_nfe10_cfg_seed_sweep/samples/diffusers/sdxl/euler/cfg_5/base/seed_002/nfe_010/000011.jpg,,outputs/gpde_diffusers_sdxl_nfe10_cfg_seed_sweep/samples/diffusers/sdxl/euler/cfg_5/base/seed_002/nfe_010,34.485931396484375,1.2367593050003052
diffusers,hf_sdxl_base_10,euler,base,10,2,5.0,12,a detailed cutaway illustration of a tiny submarine exploring a coral reef,outputs/gpde_diffusers_sdxl_nfe10_cfg_seed_sweep/samples/diffusers/sdxl/euler/cfg_5/base/seed_002/nfe_010/000012.jpg,,outputs/gpde_diffusers_sdxl_nfe10_cfg_seed_sweep/samples/diffusers/sdxl/euler/cfg_5/base/seed_002/nfe_010,31.7872257232666,1.0432894229888916
diffusers,hf_sdxl_base_10,euler,base,10,2,5.0,13,a product photo of wireless headphones on brushed aluminum with blue accent lighting,outputs/gpde_diffusers_sdxl_nfe10_cfg_seed_sweep/samples/diffusers/sdxl/euler/cfg_5/base/seed_002/nfe_010/000013.jpg,,outputs/gpde_diffusers_sdxl_nfe10_cfg_seed_sweep/samples/diffusers/sdxl/euler/cfg_5/base/seed_002/nfe_010,29.09804344177246,-0.6461858153343201
diffusers,hf_sdxl_base_10,euler,base,10,2,5.0,14,"a medieval market square during a festival, banners, musicians, detailed crowd",outputs/gpde_diffusers_sdxl_nfe10_cfg_seed_sweep/samples/diffusers/sdxl/euler/cfg_5/base/seed_002/nfe_010/000014.jpg,,outputs/gpde_diffusers_sdxl_nfe10_cfg_seed_sweep/samples/diffusers/sdxl/euler/cfg_5/base/seed_002/nfe_010,29.572725296020508,0.23758307099342346
diffusers,hf_sdxl_base_10,euler,base,10,2,5.0,15,an oil painting of a violinist performing in an empty subway station,outputs/gpde_diffusers_sdxl_nfe10_cfg_seed_sweep/samples/diffusers/sdxl/euler/cfg_5/base/seed_002/nfe_010/000015.jpg,,outputs/gpde_diffusers_sdxl_nfe10_cfg_seed_sweep/samples/diffusers/sdxl/euler/cfg_5/base/seed_002/nfe_010,40.081748962402344,1.7188783884048462
diffusers,hf_sdxl_base_10,euler,base,10,2,5.0,16,"a close-up portrait of an elderly sailor, weathered skin, navy coat, overcast harbor",outputs/gpde_diffusers_sdxl_nfe10_cfg_seed_sweep/samples/diffusers/sdxl/euler/cfg_5/base/seed_002/nfe_010/000016.jpg,,outputs/gpde_diffusers_sdxl_nfe10_cfg_seed_sweep/samples/diffusers/sdxl/euler/cfg_5/base/seed_002/nfe_010,27.403095245361328,0.3599265515804291
diffusers,hf_sdxl_base_10,euler,base,10,2,5.0,17,a clean architectural rendering of a modern cabin beside a frozen lake,outputs/gpde_diffusers_sdxl_nfe10_cfg_seed_sweep/samples/diffusers/sdxl/euler/cfg_5/base/seed_002/nfe_010/000017.jpg,,outputs/gpde_diffusers_sdxl_nfe10_cfg_seed_sweep/samples/diffusers/sdxl/euler/cfg_5/base/seed_002/nfe_010,36.4338264465332,0.63731449842453
diffusers,hf_sdxl_base_10,euler,base,10,2,5.0,18,a surreal desert filled with floating glass spheres and distant black mountains,outputs/gpde_diffusers_sdxl_nfe10_cfg_seed_sweep/samples/diffusers/sdxl/euler/cfg_5/base/seed_002/nfe_010/000018.jpg,,outputs/gpde_diffusers_sdxl_nfe10_cfg_seed_sweep/samples/diffusers/sdxl/euler/cfg_5/base/seed_002/nfe_010,28.584457397460938,1.482208251953125
diffusers,hf_sdxl_base_10,euler,base,10,2,5.0,19,a documentary photo of a scientist collecting ice cores in Antarctica,outputs/gpde_diffusers_sdxl_nfe10_cfg_seed_sweep/samples/diffusers/sdxl/euler/cfg_5/base/seed_002/nfe_010/000019.jpg,,outputs/gpde_diffusers_sdxl_nfe10_cfg_seed_sweep/samples/diffusers/sdxl/euler/cfg_5/base/seed_002/nfe_010,27.925201416015625,0.3681008219718933
diffusers,hf_sdxl_base_10,euler,base,10,2,5.0,20,a detailed 3D render of a mechanical hummingbird with copper wings,outputs/gpde_diffusers_sdxl_nfe10_cfg_seed_sweep/samples/diffusers/sdxl/euler/cfg_5/base/seed_002/nfe_010/000020.jpg,,outputs/gpde_diffusers_sdxl_nfe10_cfg_seed_sweep/samples/diffusers/sdxl/euler/cfg_5/base/seed_002/nfe_010,34.915531158447266,-0.4387121796607971
diffusers,hf_sdxl_base_10,euler,base,10,2,5.0,21,"a cozy cafe interior in autumn, pastries, espresso machine, soft morning light",outputs/gpde_diffusers_sdxl_nfe10_cfg_seed_sweep/samples/diffusers/sdxl/euler/cfg_5/base/seed_002/nfe_010/000021.jpg,,outputs/gpde_diffusers_sdxl_nfe10_cfg_seed_sweep/samples/diffusers/sdxl/euler/cfg_5/base/seed_002/nfe_010,30.644073486328125,1.7044566869735718
diffusers,hf_sdxl_base_10,euler,base,10,2,5.0,22,"a panoramic view of terraced rice fields under mist, workers in colorful clothing",outputs/gpde_diffusers_sdxl_nfe10_cfg_seed_sweep/samples/diffusers/sdxl/euler/cfg_5/base/seed_002/nfe_010/000022.jpg,,outputs/gpde_diffusers_sdxl_nfe10_cfg_seed_sweep/samples/diffusers/sdxl/euler/cfg_5/base/seed_002/nfe_010,29.09267807006836,-0.3922636806964874
diffusers,hf_sdxl_base_10,euler,base,10,2,5.0,23,a children's book illustration of a moonlit boat parade on a quiet canal,outputs/gpde_diffusers_sdxl_nfe10_cfg_seed_sweep/samples/diffusers/sdxl/euler/cfg_5/base/seed_002/nfe_010/000023.jpg,,outputs/gpde_diffusers_sdxl_nfe10_cfg_seed_sweep/samples/diffusers/sdxl/euler/cfg_5/base/seed_002/nfe_010,31.385278701782227,1.203970193862915
diffusers,hf_sdxl_base_10,euler,base,10,2,5.0,24,"a realistic sports car parked in a concrete tunnel, reflections, low angle",outputs/gpde_diffusers_sdxl_nfe10_cfg_seed_sweep/samples/diffusers/sdxl/euler/cfg_5/base/seed_002/nfe_010/000024.jpg,,outputs/gpde_diffusers_sdxl_nfe10_cfg_seed_sweep/samples/diffusers/sdxl/euler/cfg_5/base/seed_002/nfe_010,24.692886352539062,1.6535509824752808
diffusers,hf_sdxl_base_10,euler,base,10,2,5.0,25,"a botanical diagram of rare orchids with labeled roots and petals, archival paper",outputs/gpde_diffusers_sdxl_nfe10_cfg_seed_sweep/samples/diffusers/sdxl/euler/cfg_5/base/seed_002/nfe_010/000025.jpg,,outputs/gpde_diffusers_sdxl_nfe10_cfg_seed_sweep/samples/diffusers/sdxl/euler/cfg_5/base/seed_002/nfe_010,29.378704071044922,0.929248034954071
diffusers,hf_sdxl_base_10,euler,base,10,2,5.0,26,"a cyberpunk street food stall with steam, lanterns, and dense urban signage",outputs/gpde_diffusers_sdxl_nfe10_cfg_seed_sweep/samples/diffusers/sdxl/euler/cfg_5/base/seed_002/nfe_010/000026.jpg,,outputs/gpde_diffusers_sdxl_nfe10_cfg_seed_sweep/samples/diffusers/sdxl/euler/cfg_5/base/seed_002/nfe_010,32.987003326416016,1.4692325592041016
diffusers,hf_sdxl_base_10,euler,base,10,2,5.0,27,"a still life of glass fruit bowls, linen cloth, and silver cutlery, natural light",outputs/gpde_diffusers_sdxl_nfe10_cfg_seed_sweep/samples/diffusers/sdxl/euler/cfg_5/base/seed_002/nfe_010/000027.jpg,,outputs/gpde_diffusers_sdxl_nfe10_cfg_seed_sweep/samples/diffusers/sdxl/euler/cfg_5/base/seed_002/nfe_010,31.774747848510742,1.215431571006775
diffusers,hf_sdxl_base_10,euler,base,10,2,5.0,28,a heroic statue covered in vines in an abandoned futuristic plaza,outputs/gpde_diffusers_sdxl_nfe10_cfg_seed_sweep/samples/diffusers/sdxl/euler/cfg_5/base/seed_002/nfe_010/000028.jpg,,outputs/gpde_diffusers_sdxl_nfe10_cfg_seed_sweep/samples/diffusers/sdxl/euler/cfg_5/base/seed_002/nfe_010,33.940547943115234,1.2293931245803833
diffusers,hf_sdxl_base_10,euler,base,10,2,5.0,29,a black and white film photograph of dancers rehearsing in a mirror-lined studio,outputs/gpde_diffusers_sdxl_nfe10_cfg_seed_sweep/samples/diffusers/sdxl/euler/cfg_5/base/seed_002/nfe_010/000029.jpg,,outputs/gpde_diffusers_sdxl_nfe10_cfg_seed_sweep/samples/diffusers/sdxl/euler/cfg_5/base/seed_002/nfe_010,31.517345428466797,1.3233602046966553
diffusers,hf_sdxl_base_10,euler,base,10,2,5.0,30,"a detailed scene of a spacecraft cockpit during reentry, glowing controls, tense mood",outputs/gpde_diffusers_sdxl_nfe10_cfg_seed_sweep/samples/diffusers/sdxl/euler/cfg_5/base/seed_002/nfe_010/000030.jpg,,outputs/gpde_diffusers_sdxl_nfe10_cfg_seed_sweep/samples/diffusers/sdxl/euler/cfg_5/base/seed_002/nfe_010,27.256244659423828,0.29659539461135864
diffusers,hf_sdxl_base_10,euler,base,10,2,5.0,31,a claymation style village bakery with tiny loaves and painted signs,outputs/gpde_diffusers_sdxl_nfe10_cfg_seed_sweep/samples/diffusers/sdxl/euler/cfg_5/base/seed_002/nfe_010/000031.jpg,,outputs/gpde_diffusers_sdxl_nfe10_cfg_seed_sweep/samples/diffusers/sdxl/euler/cfg_5/base/seed_002/nfe_010,35.66958999633789,1.4819523096084595
diffusers,hf_sdxl_base_10,euler,base,10,2,5.0,32,a realistic underwater photograph of a diver inspecting an ancient marble column,outputs/gpde_diffusers_sdxl_nfe10_cfg_seed_sweep/samples/diffusers/sdxl/euler/cfg_5/base/seed_002/nfe_010/000032.jpg,,outputs/gpde_diffusers_sdxl_nfe10_cfg_seed_sweep/samples/diffusers/sdxl/euler/cfg_5/base/seed_002/nfe_010,24.587968826293945,-1.1180181503295898
diffusers,hf_sdxl_base_10,euler,base,10,2,5.0,33,"a minimalist poster of a jazz quartet in deep red, cream, and black",outputs/gpde_diffusers_sdxl_nfe10_cfg_seed_sweep/samples/diffusers/sdxl/euler/cfg_5/base/seed_002/nfe_010/000033.jpg,,outputs/gpde_diffusers_sdxl_nfe10_cfg_seed_sweep/samples/diffusers/sdxl/euler/cfg_5/base/seed_002/nfe_010,24.563135147094727,-1.3213858604431152
diffusers,hf_sdxl_base_10,euler,base,10,2,5.0,34,a high detail portrait of a queen wearing armor made of mother of pearl,outputs/gpde_diffusers_sdxl_nfe10_cfg_seed_sweep/samples/diffusers/sdxl/euler/cfg_5/base/seed_002/nfe_010/000034.jpg,,outputs/gpde_diffusers_sdxl_nfe10_cfg_seed_sweep/samples/diffusers/sdxl/euler/cfg_5/base/seed_002/nfe_010,24.761377334594727,0.6742965579032898
diffusers,hf_sdxl_base_10,euler,base,10,2,5.0,35,"a top-down board game map of an island with forests, cliffs, and hidden ruins",outputs/gpde_diffusers_sdxl_nfe10_cfg_seed_sweep/samples/diffusers/sdxl/euler/cfg_5/base/seed_002/nfe_010/000035.jpg,,outputs/gpde_diffusers_sdxl_nfe10_cfg_seed_sweep/samples/diffusers/sdxl/euler/cfg_5/base/seed_002/nfe_010,27.617443084716797,-0.18820428848266602
diffusers,hf_sdxl_base_10,euler,base,10,2,5.0,36,"a luxury watch exploded view on a dark background, precise gears and screws",outputs/gpde_diffusers_sdxl_nfe10_cfg_seed_sweep/samples/diffusers/sdxl/euler/cfg_5/base/seed_002/nfe_010/000036.jpg,,outputs/gpde_diffusers_sdxl_nfe10_cfg_seed_sweep/samples/diffusers/sdxl/euler/cfg_5/base/seed_002/nfe_010,29.981157302856445,0.16324850916862488
diffusers,hf_sdxl_base_10,euler,base,10,2,5.0,37,"a sunlit greenhouse filled with tomatoes, watering cans, and terracotta pots",outputs/gpde_diffusers_sdxl_nfe10_cfg_seed_sweep/samples/diffusers/sdxl/euler/cfg_5/base/seed_002/nfe_010/000037.jpg,,outputs/gpde_diffusers_sdxl_nfe10_cfg_seed_sweep/samples/diffusers/sdxl/euler/cfg_5/base/seed_002/nfe_010,33.22526931762695,1.1411210298538208
diffusers,hf_sdxl_base_10,euler,base,10,2,5.0,38,a night landscape of fireflies over a meadow beside a quiet river,outputs/gpde_diffusers_sdxl_nfe10_cfg_seed_sweep/samples/diffusers/sdxl/euler/cfg_5/base/seed_002/nfe_010/000038.jpg,,outputs/gpde_diffusers_sdxl_nfe10_cfg_seed_sweep/samples/diffusers/sdxl/euler/cfg_5/base/seed_002/nfe_010,32.0204963684082,1.6510323286056519
diffusers,hf_sdxl_base_10,euler,base,10,2,5.0,39,a realistic photo of a rescue helicopter landing on a snowy mountain ridge,outputs/gpde_diffusers_sdxl_nfe10_cfg_seed_sweep/samples/diffusers/sdxl/euler/cfg_5/base/seed_002/nfe_010/000039.jpg,,outputs/gpde_diffusers_sdxl_nfe10_cfg_seed_sweep/samples/diffusers/sdxl/euler/cfg_5/base/seed_002/nfe_010,32.560569763183594,1.285191297531128
diffusers,hf_sdxl_base_10,euler,base,10,2,5.0,40,a concept art scene of a floating research station above Jupiter's clouds,outputs/gpde_diffusers_sdxl_nfe10_cfg_seed_sweep/samples/diffusers/sdxl/euler/cfg_5/base/seed_002/nfe_010/000040.jpg,,outputs/gpde_diffusers_sdxl_nfe10_cfg_seed_sweep/samples/diffusers/sdxl/euler/cfg_5/base/seed_002/nfe_010,26.007217407226562,1.8775372505187988
diffusers,hf_sdxl_base_10,euler,base,10,2,5.0,41,a detailed pencil drawing of an old bicycle leaning against a brick wall,outputs/gpde_diffusers_sdxl_nfe10_cfg_seed_sweep/samples/diffusers/sdxl/euler/cfg_5/base/seed_002/nfe_010/000041.jpg,,outputs/gpde_diffusers_sdxl_nfe10_cfg_seed_sweep/samples/diffusers/sdxl/euler/cfg_5/base/seed_002/nfe_010,37.62464904785156,1.1817184686660767
diffusers,hf_sdxl_base_10,euler,base,10,2,5.0,42,"a museum diorama of prehistoric sea creatures, dramatic educational lighting",outputs/gpde_diffusers_sdxl_nfe10_cfg_seed_sweep/samples/diffusers/sdxl/euler/cfg_5/base/seed_002/nfe_010/000042.jpg,,outputs/gpde_diffusers_sdxl_nfe10_cfg_seed_sweep/samples/diffusers/sdxl/euler/cfg_5/base/seed_002/nfe_010,31.0487060546875,0.3755628168582916
diffusers,hf_sdxl_base_10,euler,base,10,2,5.0,43,"a peaceful Japanese garden with koi pond, stone bridge, and maple leaves",outputs/gpde_diffusers_sdxl_nfe10_cfg_seed_sweep/samples/diffusers/sdxl/euler/cfg_5/base/seed_002/nfe_010/000043.jpg,,outputs/gpde_diffusers_sdxl_nfe10_cfg_seed_sweep/samples/diffusers/sdxl/euler/cfg_5/base/seed_002/nfe_010,30.825820922851562,1.2879830598831177
diffusers,hf_sdxl_base_10,euler,base,10,2,5.0,44,"a close-up food photograph of ramen with soft egg, steam, and ceramic bowl",outputs/gpde_diffusers_sdxl_nfe10_cfg_seed_sweep/samples/diffusers/sdxl/euler/cfg_5/base/seed_002/nfe_010/000044.jpg,,outputs/gpde_diffusers_sdxl_nfe10_cfg_seed_sweep/samples/diffusers/sdxl/euler/cfg_5/base/seed_002/nfe_010,32.5636100769043,0.1621776819229126
diffusers,hf_sdxl_base_10,euler,base,10,2,5.0,45,a vibrant parade costume covered with mirrors and embroidered flowers,outputs/gpde_diffusers_sdxl_nfe10_cfg_seed_sweep/samples/diffusers/sdxl/euler/cfg_5/base/seed_002/nfe_010/000045.jpg,,outputs/gpde_diffusers_sdxl_nfe10_cfg_seed_sweep/samples/diffusers/sdxl/euler/cfg_5/base/seed_002/nfe_010,28.537050247192383,0.358927845954895
diffusers,hf_sdxl_base_10,euler,base,10,2,5.0,46,a realistic image of a hand-crafted wooden chess set mid game by candlelight,outputs/gpde_diffusers_sdxl_nfe10_cfg_seed_sweep/samples/diffusers/sdxl/euler/cfg_5/base/seed_002/nfe_010/000046.jpg,,outputs/gpde_diffusers_sdxl_nfe10_cfg_seed_sweep/samples/diffusers/sdxl/euler/cfg_5/base/seed_002/nfe_010,26.783206939697266,-1.430177092552185
diffusers,hf_sdxl_base_10,euler,base,10,2,5.0,47,a wide angle view of a data center corridor with blue status lights,outputs/gpde_diffusers_sdxl_nfe10_cfg_seed_sweep/samples/diffusers/sdxl/euler/cfg_5/base/seed_002/nfe_010/000047.jpg,,outputs/gpde_diffusers_sdxl_nfe10_cfg_seed_sweep/samples/diffusers/sdxl/euler/cfg_5/base/seed_002/nfe_010,26.724811553955078,1.3661845922470093
diffusers,hf_sdxl_base_10,euler,base,10,2,5.0,48,a magical realism scene of books flying through an old train carriage,outputs/gpde_diffusers_sdxl_nfe10_cfg_seed_sweep/samples/diffusers/sdxl/euler/cfg_5/base/seed_002/nfe_010/000048.jpg,,outputs/gpde_diffusers_sdxl_nfe10_cfg_seed_sweep/samples/diffusers/sdxl/euler/cfg_5/base/seed_002/nfe_010,35.682613372802734,0.9017713069915771
diffusers,hf_sdxl_base_10,euler,base,10,2,5.0,49,a studio portrait of a golden retriever wearing aviator goggles and a red scarf,outputs/gpde_diffusers_sdxl_nfe10_cfg_seed_sweep/samples/diffusers/sdxl/euler/cfg_5/base/seed_002/nfe_010/000049.jpg,,outputs/gpde_diffusers_sdxl_nfe10_cfg_seed_sweep/samples/diffusers/sdxl/euler/cfg_5/base/seed_002/nfe_010,33.174713134765625,1.8087307214736938
diffusers,hf_sdxl_base_10,euler,GPDE,10,0,7.5,0,"a cinematic portrait of an astronaut botanist in a glass greenhouse on Mars, detailed fabric, soft rim light",outputs/gpde_diffusers_sdxl_nfe10_cfg_seed_sweep/samples/diffusers/sdxl/euler/cfg_7.5/GPDE/seed_000/nfe_010/000000.jpg,outputs/gpde_diffusers_sdxl_nfe10_cfg_seed_sweep/schedules/GPDE/diffusers/sdxl/euler/cfg_7.5/seed_0/nfe_010,outputs/gpde_diffusers_sdxl_nfe10_cfg_seed_sweep/samples/diffusers/sdxl/euler/cfg_7.5/GPDE/seed_000/nfe_010,35.97916793823242,1.3779525756835938
diffusers,hf_sdxl_base_10,euler,GPDE,10,0,7.5,1,"a small brass robot repairing an antique clock in a sunlit workshop, shallow depth of field",outputs/gpde_diffusers_sdxl_nfe10_cfg_seed_sweep/samples/diffusers/sdxl/euler/cfg_7.5/GPDE/seed_000/nfe_010/000001.jpg,outputs/gpde_diffusers_sdxl_nfe10_cfg_seed_sweep/schedules/GPDE/diffusers/sdxl/euler/cfg_7.5/seed_0/nfe_010,outputs/gpde_diffusers_sdxl_nfe10_cfg_seed_sweep/samples/diffusers/sdxl/euler/cfg_7.5/GPDE/seed_000/nfe_010,25.541675567626953,1.181923508644104
diffusers,hf_sdxl_base_10,euler,GPDE,10,0,7.5,2,"a watercolor city street after rain with neon signs reflected in puddles, evening atmosphere",outputs/gpde_diffusers_sdxl_nfe10_cfg_seed_sweep/samples/diffusers/sdxl/euler/cfg_7.5/GPDE/seed_000/nfe_010/000002.jpg,outputs/gpde_diffusers_sdxl_nfe10_cfg_seed_sweep/schedules/GPDE/diffusers/sdxl/euler/cfg_7.5/seed_0/nfe_010,outputs/gpde_diffusers_sdxl_nfe10_cfg_seed_sweep/samples/diffusers/sdxl/euler/cfg_7.5/GPDE/seed_000/nfe_010,29.96744155883789,1.1498042345046997
diffusers,hf_sdxl_base_10,euler,GPDE,10,0,7.5,3,a high resolution studio photo of a ceramic teapot shaped like a seashell on a slate table,outputs/gpde_diffusers_sdxl_nfe10_cfg_seed_sweep/samples/diffusers/sdxl/euler/cfg_7.5/GPDE/seed_000/nfe_010/000003.jpg,outputs/gpde_diffusers_sdxl_nfe10_cfg_seed_sweep/schedules/GPDE/diffusers/sdxl/euler/cfg_7.5/seed_0/nfe_010,outputs/gpde_diffusers_sdxl_nfe10_cfg_seed_sweep/samples/diffusers/sdxl/euler/cfg_7.5/GPDE/seed_000/nfe_010,28.23992919921875,1.7073781490325928
diffusers,hf_sdxl_base_10,euler,GPDE,10,0,7.5,4,"a fantasy library carved inside a giant tree, spiral stairs, warm lanterns, intricate shelves",outputs/gpde_diffusers_sdxl_nfe10_cfg_seed_sweep/samples/diffusers/sdxl/euler/cfg_7.5/GPDE/seed_000/nfe_010/000004.jpg,outputs/gpde_diffusers_sdxl_nfe10_cfg_seed_sweep/schedules/GPDE/diffusers/sdxl/euler/cfg_7.5/seed_0/nfe_010,outputs/gpde_diffusers_sdxl_nfe10_cfg_seed_sweep/samples/diffusers/sdxl/euler/cfg_7.5/GPDE/seed_000/nfe_010,31.584733963012695,1.687004804611206
diffusers,hf_sdxl_base_10,euler,GPDE,10,0,7.5,5,"a macro photograph of a snowflake resting on dark wool, crisp crystalline detail",outputs/gpde_diffusers_sdxl_nfe10_cfg_seed_sweep/samples/diffusers/sdxl/euler/cfg_7.5/GPDE/seed_000/nfe_010/000005.jpg,outputs/gpde_diffusers_sdxl_nfe10_cfg_seed_sweep/schedules/GPDE/diffusers/sdxl/euler/cfg_7.5/seed_0/nfe_010,outputs/gpde_diffusers_sdxl_nfe10_cfg_seed_sweep/samples/diffusers/sdxl/euler/cfg_7.5/GPDE/seed_000/nfe_010,27.733051300048828,-0.22721682488918304
diffusers,hf_sdxl_base_10,euler,GPDE,10,0,7.5,6,"a retro futuristic train crossing a desert at sunset, chrome surfaces, long shadows",outputs/gpde_diffusers_sdxl_nfe10_cfg_seed_sweep/samples/diffusers/sdxl/euler/cfg_7.5/GPDE/seed_000/nfe_010/000006.jpg,outputs/gpde_diffusers_sdxl_nfe10_cfg_seed_sweep/schedules/GPDE/diffusers/sdxl/euler/cfg_7.5/seed_0/nfe_010,outputs/gpde_diffusers_sdxl_nfe10_cfg_seed_sweep/samples/diffusers/sdxl/euler/cfg_7.5/GPDE/seed_000/nfe_010,27.349651336669922,1.8185073137283325
diffusers,hf_sdxl_base_10,euler,GPDE,10,0,7.5,7,"a chef plating a colorful molecular gastronomy dessert, clean restaurant lighting",outputs/gpde_diffusers_sdxl_nfe10_cfg_seed_sweep/samples/diffusers/sdxl/euler/cfg_7.5/GPDE/seed_000/nfe_010/000007.jpg,outputs/gpde_diffusers_sdxl_nfe10_cfg_seed_sweep/schedules/GPDE/diffusers/sdxl/euler/cfg_7.5/seed_0/nfe_010,outputs/gpde_diffusers_sdxl_nfe10_cfg_seed_sweep/samples/diffusers/sdxl/euler/cfg_7.5/GPDE/seed_000/nfe_010,31.18721580505371,-0.047270942479372025
diffusers,hf_sdxl_base_10,euler,GPDE,10,0,7.5,8,"an isometric cozy bedroom with plants, books, a desk lamp, and a rainy window",outputs/gpde_diffusers_sdxl_nfe10_cfg_seed_sweep/samples/diffusers/sdxl/euler/cfg_7.5/GPDE/seed_000/nfe_010/000008.jpg,outputs/gpde_diffusers_sdxl_nfe10_cfg_seed_sweep/schedules/GPDE/diffusers/sdxl/euler/cfg_7.5/seed_0/nfe_010,outputs/gpde_diffusers_sdxl_nfe10_cfg_seed_sweep/samples/diffusers/sdxl/euler/cfg_7.5/GPDE/seed_000/nfe_010,34.06894302368164,-0.005776780657470226
diffusers,hf_sdxl_base_10,euler,GPDE,10,0,7.5,9,"a dramatic mountain monastery above clouds, sunrise, detailed stone architecture",outputs/gpde_diffusers_sdxl_nfe10_cfg_seed_sweep/samples/diffusers/sdxl/euler/cfg_7.5/GPDE/seed_000/nfe_010/000009.jpg,outputs/gpde_diffusers_sdxl_nfe10_cfg_seed_sweep/schedules/GPDE/diffusers/sdxl/euler/cfg_7.5/seed_0/nfe_010,outputs/gpde_diffusers_sdxl_nfe10_cfg_seed_sweep/samples/diffusers/sdxl/euler/cfg_7.5/GPDE/seed_000/nfe_010,31.74384307861328,1.805463194847107
diffusers,hf_sdxl_base_10,euler,GPDE,10,0,7.5,10,a fashion editorial photo of a model wearing a translucent raincoat in Tokyo at night,outputs/gpde_diffusers_sdxl_nfe10_cfg_seed_sweep/samples/diffusers/sdxl/euler/cfg_7.5/GPDE/seed_000/nfe_010/000010.jpg,outputs/gpde_diffusers_sdxl_nfe10_cfg_seed_sweep/schedules/GPDE/diffusers/sdxl/euler/cfg_7.5/seed_0/nfe_010,outputs/gpde_diffusers_sdxl_nfe10_cfg_seed_sweep/samples/diffusers/sdxl/euler/cfg_7.5/GPDE/seed_000/nfe_010,31.643844604492188,1.9870131015777588
diffusers,hf_sdxl_base_10,euler,GPDE,10,0,7.5,11,a realistic red fox statue made of folded paper on a white museum pedestal,outputs/gpde_diffusers_sdxl_nfe10_cfg_seed_sweep/samples/diffusers/sdxl/euler/cfg_7.5/GPDE/seed_000/nfe_010/000011.jpg,outputs/gpde_diffusers_sdxl_nfe10_cfg_seed_sweep/schedules/GPDE/diffusers/sdxl/euler/cfg_7.5/seed_0/nfe_010,outputs/gpde_diffusers_sdxl_nfe10_cfg_seed_sweep/samples/diffusers/sdxl/euler/cfg_7.5/GPDE/seed_000/nfe_010,34.20331954956055,1.873498797416687
diffusers,hf_sdxl_base_10,euler,GPDE,10,0,7.5,12,a detailed cutaway illustration of a tiny submarine exploring a coral reef,outputs/gpde_diffusers_sdxl_nfe10_cfg_seed_sweep/samples/diffusers/sdxl/euler/cfg_7.5/GPDE/seed_000/nfe_010/000012.jpg,outputs/gpde_diffusers_sdxl_nfe10_cfg_seed_sweep/schedules/GPDE/diffusers/sdxl/euler/cfg_7.5/seed_0/nfe_010,outputs/gpde_diffusers_sdxl_nfe10_cfg_seed_sweep/samples/diffusers/sdxl/euler/cfg_7.5/GPDE/seed_000/nfe_010,29.79545021057129,1.7054314613342285
diffusers,hf_sdxl_base_10,euler,GPDE,10,0,7.5,13,a product photo of wireless headphones on brushed aluminum with blue accent lighting,outputs/gpde_diffusers_sdxl_nfe10_cfg_seed_sweep/samples/diffusers/sdxl/euler/cfg_7.5/GPDE/seed_000/nfe_010/000013.jpg,outputs/gpde_diffusers_sdxl_nfe10_cfg_seed_sweep/schedules/GPDE/diffusers/sdxl/euler/cfg_7.5/seed_0/nfe_010,outputs/gpde_diffusers_sdxl_nfe10_cfg_seed_sweep/samples/diffusers/sdxl/euler/cfg_7.5/GPDE/seed_000/nfe_010,30.843368530273438,1.265122413635254
diffusers,hf_sdxl_base_10,euler,GPDE,10,0,7.5,14,"a medieval market square during a festival, banners, musicians, detailed crowd",outputs/gpde_diffusers_sdxl_nfe10_cfg_seed_sweep/samples/diffusers/sdxl/euler/cfg_7.5/GPDE/seed_000/nfe_010/000014.jpg,outputs/gpde_diffusers_sdxl_nfe10_cfg_seed_sweep/schedules/GPDE/diffusers/sdxl/euler/cfg_7.5/seed_0/nfe_010,outputs/gpde_diffusers_sdxl_nfe10_cfg_seed_sweep/samples/diffusers/sdxl/euler/cfg_7.5/GPDE/seed_000/nfe_010,26.547168731689453,0.7982372641563416
diffusers,hf_sdxl_base_10,euler,GPDE,10,0,7.5,15,an oil painting of a violinist performing in an empty subway station,outputs/gpde_diffusers_sdxl_nfe10_cfg_seed_sweep/samples/diffusers/sdxl/euler/cfg_7.5/GPDE/seed_000/nfe_010/000015.jpg,outputs/gpde_diffusers_sdxl_nfe10_cfg_seed_sweep/schedules/GPDE/diffusers/sdxl/euler/cfg_7.5/seed_0/nfe_010,outputs/gpde_diffusers_sdxl_nfe10_cfg_seed_sweep/samples/diffusers/sdxl/euler/cfg_7.5/GPDE/seed_000/nfe_010,36.61354064941406,1.8757659196853638
diffusers,hf_sdxl_base_10,euler,GPDE,10,0,7.5,16,"a close-up portrait of an elderly sailor, weathered skin, navy coat, overcast harbor",outputs/gpde_diffusers_sdxl_nfe10_cfg_seed_sweep/samples/diffusers/sdxl/euler/cfg_7.5/GPDE/seed_000/nfe_010/000016.jpg,outputs/gpde_diffusers_sdxl_nfe10_cfg_seed_sweep/schedules/GPDE/diffusers/sdxl/euler/cfg_7.5/seed_0/nfe_010,outputs/gpde_diffusers_sdxl_nfe10_cfg_seed_sweep/samples/diffusers/sdxl/euler/cfg_7.5/GPDE/seed_000/nfe_010,31.06979751586914,1.927242636680603
diffusers,hf_sdxl_base_10,euler,GPDE,10,0,7.5,17,a clean architectural rendering of a modern cabin beside a frozen lake,outputs/gpde_diffusers_sdxl_nfe10_cfg_seed_sweep/samples/diffusers/sdxl/euler/cfg_7.5/GPDE/seed_000/nfe_010/000017.jpg,outputs/gpde_diffusers_sdxl_nfe10_cfg_seed_sweep/schedules/GPDE/diffusers/sdxl/euler/cfg_7.5/seed_0/nfe_010,outputs/gpde_diffusers_sdxl_nfe10_cfg_seed_sweep/samples/diffusers/sdxl/euler/cfg_7.5/GPDE/seed_000/nfe_010,35.36353302001953,1.0576635599136353
diffusers,hf_sdxl_base_10,euler,GPDE,10,0,7.5,18,a surreal desert filled with floating glass spheres and distant black mountains,outputs/gpde_diffusers_sdxl_nfe10_cfg_seed_sweep/samples/diffusers/sdxl/euler/cfg_7.5/GPDE/seed_000/nfe_010/000018.jpg,outputs/gpde_diffusers_sdxl_nfe10_cfg_seed_sweep/schedules/GPDE/diffusers/sdxl/euler/cfg_7.5/seed_0/nfe_010,outputs/gpde_diffusers_sdxl_nfe10_cfg_seed_sweep/samples/diffusers/sdxl/euler/cfg_7.5/GPDE/seed_000/nfe_010,32.12979507446289,1.6689399480819702
diffusers,hf_sdxl_base_10,euler,GPDE,10,0,7.5,19,a documentary photo of a scientist collecting ice cores in Antarctica,outputs/gpde_diffusers_sdxl_nfe10_cfg_seed_sweep/samples/diffusers/sdxl/euler/cfg_7.5/GPDE/seed_000/nfe_010/000019.jpg,outputs/gpde_diffusers_sdxl_nfe10_cfg_seed_sweep/schedules/GPDE/diffusers/sdxl/euler/cfg_7.5/seed_0/nfe_010,outputs/gpde_diffusers_sdxl_nfe10_cfg_seed_sweep/samples/diffusers/sdxl/euler/cfg_7.5/GPDE/seed_000/nfe_010,31.119234085083008,0.2720063328742981
diffusers,hf_sdxl_base_10,euler,GPDE,10,0,7.5,20,a detailed 3D render of a mechanical hummingbird with copper wings,outputs/gpde_diffusers_sdxl_nfe10_cfg_seed_sweep/samples/diffusers/sdxl/euler/cfg_7.5/GPDE/seed_000/nfe_010/000020.jpg,outputs/gpde_diffusers_sdxl_nfe10_cfg_seed_sweep/schedules/GPDE/diffusers/sdxl/euler/cfg_7.5/seed_0/nfe_010,outputs/gpde_diffusers_sdxl_nfe10_cfg_seed_sweep/samples/diffusers/sdxl/euler/cfg_7.5/GPDE/seed_000/nfe_010,39.7796630859375,1.2306541204452515
diffusers,hf_sdxl_base_10,euler,GPDE,10,0,7.5,21,"a cozy cafe interior in autumn, pastries, espresso machine, soft morning light",outputs/gpde_diffusers_sdxl_nfe10_cfg_seed_sweep/samples/diffusers/sdxl/euler/cfg_7.5/GPDE/seed_000/nfe_010/000021.jpg,outputs/gpde_diffusers_sdxl_nfe10_cfg_seed_sweep/schedules/GPDE/diffusers/sdxl/euler/cfg_7.5/seed_0/nfe_010,outputs/gpde_diffusers_sdxl_nfe10_cfg_seed_sweep/samples/diffusers/sdxl/euler/cfg_7.5/GPDE/seed_000/nfe_010,28.51620864868164,0.9564866423606873
diffusers,hf_sdxl_base_10,euler,GPDE,10,0,7.5,22,"a panoramic view of terraced rice fields under mist, workers in colorful clothing",outputs/gpde_diffusers_sdxl_nfe10_cfg_seed_sweep/samples/diffusers/sdxl/euler/cfg_7.5/GPDE/seed_000/nfe_010/000022.jpg,outputs/gpde_diffusers_sdxl_nfe10_cfg_seed_sweep/schedules/GPDE/diffusers/sdxl/euler/cfg_7.5/seed_0/nfe_010,outputs/gpde_diffusers_sdxl_nfe10_cfg_seed_sweep/samples/diffusers/sdxl/euler/cfg_7.5/GPDE/seed_000/nfe_010,26.853593826293945,0.1064232811331749
diffusers,hf_sdxl_base_10,euler,GPDE,10,0,7.5,23,a children's book illustration of a moonlit boat parade on a quiet canal,outputs/gpde_diffusers_sdxl_nfe10_cfg_seed_sweep/samples/diffusers/sdxl/euler/cfg_7.5/GPDE/seed_000/nfe_010/000023.jpg,outputs/gpde_diffusers_sdxl_nfe10_cfg_seed_sweep/schedules/GPDE/diffusers/sdxl/euler/cfg_7.5/seed_0/nfe_010,outputs/gpde_diffusers_sdxl_nfe10_cfg_seed_sweep/samples/diffusers/sdxl/euler/cfg_7.5/GPDE/seed_000/nfe_010,36.101627349853516,1.6343005895614624
diffusers,hf_sdxl_base_10,euler,GPDE,10,0,7.5,24,"a realistic sports car parked in a concrete tunnel, reflections, low angle",outputs/gpde_diffusers_sdxl_nfe10_cfg_seed_sweep/samples/diffusers/sdxl/euler/cfg_7.5/GPDE/seed_000/nfe_010/000024.jpg,outputs/gpde_diffusers_sdxl_nfe10_cfg_seed_sweep/schedules/GPDE/diffusers/sdxl/euler/cfg_7.5/seed_0/nfe_010,outputs/gpde_diffusers_sdxl_nfe10_cfg_seed_sweep/samples/diffusers/sdxl/euler/cfg_7.5/GPDE/seed_000/nfe_010,27.500429153442383,1.6832587718963623
diffusers,hf_sdxl_base_10,euler,GPDE,10,0,7.5,25,"a botanical diagram of rare orchids with labeled roots and petals, archival paper",outputs/gpde_diffusers_sdxl_nfe10_cfg_seed_sweep/samples/diffusers/sdxl/euler/cfg_7.5/GPDE/seed_000/nfe_010/000025.jpg,outputs/gpde_diffusers_sdxl_nfe10_cfg_seed_sweep/schedules/GPDE/diffusers/sdxl/euler/cfg_7.5/seed_0/nfe_010,outputs/gpde_diffusers_sdxl_nfe10_cfg_seed_sweep/samples/diffusers/sdxl/euler/cfg_7.5/GPDE/seed_000/nfe_010,30.55508804321289,1.122086763381958
diffusers,hf_sdxl_base_10,euler,GPDE,10,0,7.5,26,"a cyberpunk street food stall with steam, lanterns, and dense urban signage",outputs/gpde_diffusers_sdxl_nfe10_cfg_seed_sweep/samples/diffusers/sdxl/euler/cfg_7.5/GPDE/seed_000/nfe_010/000026.jpg,outputs/gpde_diffusers_sdxl_nfe10_cfg_seed_sweep/schedules/GPDE/diffusers/sdxl/euler/cfg_7.5/seed_0/nfe_010,outputs/gpde_diffusers_sdxl_nfe10_cfg_seed_sweep/samples/diffusers/sdxl/euler/cfg_7.5/GPDE/seed_000/nfe_010,30.987464904785156,1.3437610864639282
diffusers,hf_sdxl_base_10,euler,GPDE,10,0,7.5,27,"a still life of glass fruit bowls, linen cloth, and silver cutlery, natural light",outputs/gpde_diffusers_sdxl_nfe10_cfg_seed_sweep/samples/diffusers/sdxl/euler/cfg_7.5/GPDE/seed_000/nfe_010/000027.jpg,outputs/gpde_diffusers_sdxl_nfe10_cfg_seed_sweep/schedules/GPDE/diffusers/sdxl/euler/cfg_7.5/seed_0/nfe_010,outputs/gpde_diffusers_sdxl_nfe10_cfg_seed_sweep/samples/diffusers/sdxl/euler/cfg_7.5/GPDE/seed_000/nfe_010,31.29567527770996,0.9620552659034729
diffusers,hf_sdxl_base_10,euler,GPDE,10,0,7.5,28,a heroic statue covered in vines in an abandoned futuristic plaza,outputs/gpde_diffusers_sdxl_nfe10_cfg_seed_sweep/samples/diffusers/sdxl/euler/cfg_7.5/GPDE/seed_000/nfe_010/000028.jpg,outputs/gpde_diffusers_sdxl_nfe10_cfg_seed_sweep/schedules/GPDE/diffusers/sdxl/euler/cfg_7.5/seed_0/nfe_010,outputs/gpde_diffusers_sdxl_nfe10_cfg_seed_sweep/samples/diffusers/sdxl/euler/cfg_7.5/GPDE/seed_000/nfe_010,35.968994140625,1.5619251728057861
diffusers,hf_sdxl_base_10,euler,GPDE,10,0,7.5,29,a black and white film photograph of dancers rehearsing in a mirror-lined studio,outputs/gpde_diffusers_sdxl_nfe10_cfg_seed_sweep/samples/diffusers/sdxl/euler/cfg_7.5/GPDE/seed_000/nfe_010/000029.jpg,outputs/gpde_diffusers_sdxl_nfe10_cfg_seed_sweep/schedules/GPDE/diffusers/sdxl/euler/cfg_7.5/seed_0/nfe_010,outputs/gpde_diffusers_sdxl_nfe10_cfg_seed_sweep/samples/diffusers/sdxl/euler/cfg_7.5/GPDE/seed_000/nfe_010,29.115447998046875,0.8613630533218384
diffusers,hf_sdxl_base_10,euler,GPDE,10,0,7.5,30,"a detailed scene of a spacecraft cockpit during reentry, glowing controls, tense mood",outputs/gpde_diffusers_sdxl_nfe10_cfg_seed_sweep/samples/diffusers/sdxl/euler/cfg_7.5/GPDE/seed_000/nfe_010/000030.jpg,outputs/gpde_diffusers_sdxl_nfe10_cfg_seed_sweep/schedules/GPDE/diffusers/sdxl/euler/cfg_7.5/seed_0/nfe_010,outputs/gpde_diffusers_sdxl_nfe10_cfg_seed_sweep/samples/diffusers/sdxl/euler/cfg_7.5/GPDE/seed_000/nfe_010,23.795333862304688,0.6680318117141724
diffusers,hf_sdxl_base_10,euler,GPDE,10,0,7.5,31,a claymation style village bakery with tiny loaves and painted signs,outputs/gpde_diffusers_sdxl_nfe10_cfg_seed_sweep/samples/diffusers/sdxl/euler/cfg_7.5/GPDE/seed_000/nfe_010/000031.jpg,outputs/gpde_diffusers_sdxl_nfe10_cfg_seed_sweep/schedules/GPDE/diffusers/sdxl/euler/cfg_7.5/seed_0/nfe_010,outputs/gpde_diffusers_sdxl_nfe10_cfg_seed_sweep/samples/diffusers/sdxl/euler/cfg_7.5/GPDE/seed_000/nfe_010,35.9510612487793,1.3634161949157715
diffusers,hf_sdxl_base_10,euler,GPDE,10,0,7.5,32,a realistic underwater photograph of a diver inspecting an ancient marble column,outputs/gpde_diffusers_sdxl_nfe10_cfg_seed_sweep/samples/diffusers/sdxl/euler/cfg_7.5/GPDE/seed_000/nfe_010/000032.jpg,outputs/gpde_diffusers_sdxl_nfe10_cfg_seed_sweep/schedules/GPDE/diffusers/sdxl/euler/cfg_7.5/seed_0/nfe_010,outputs/gpde_diffusers_sdxl_nfe10_cfg_seed_sweep/samples/diffusers/sdxl/euler/cfg_7.5/GPDE/seed_000/nfe_010,31.66942024230957,1.17399001121521
diffusers,hf_sdxl_base_10,euler,GPDE,10,0,7.5,33,"a minimalist poster of a jazz quartet in deep red, cream, and black",outputs/gpde_diffusers_sdxl_nfe10_cfg_seed_sweep/samples/diffusers/sdxl/euler/cfg_7.5/GPDE/seed_000/nfe_010/000033.jpg,outputs/gpde_diffusers_sdxl_nfe10_cfg_seed_sweep/schedules/GPDE/diffusers/sdxl/euler/cfg_7.5/seed_0/nfe_010,outputs/gpde_diffusers_sdxl_nfe10_cfg_seed_sweep/samples/diffusers/sdxl/euler/cfg_7.5/GPDE/seed_000/nfe_010,31.593364715576172,1.563331127166748
diffusers,hf_sdxl_base_10,euler,GPDE,10,0,7.5,34,a high detail portrait of a queen wearing armor made of mother of pearl,outputs/gpde_diffusers_sdxl_nfe10_cfg_seed_sweep/samples/diffusers/sdxl/euler/cfg_7.5/GPDE/seed_000/nfe_010/000034.jpg,outputs/gpde_diffusers_sdxl_nfe10_cfg_seed_sweep/schedules/GPDE/diffusers/sdxl/euler/cfg_7.5/seed_0/nfe_010,outputs/gpde_diffusers_sdxl_nfe10_cfg_seed_sweep/samples/diffusers/sdxl/euler/cfg_7.5/GPDE/seed_000/nfe_010,30.631954193115234,1.7359541654586792
diffusers,hf_sdxl_base_10,euler,GPDE,10,0,7.5,35,"a top-down board game map of an island with forests, cliffs, and hidden ruins",outputs/gpde_diffusers_sdxl_nfe10_cfg_seed_sweep/samples/diffusers/sdxl/euler/cfg_7.5/GPDE/seed_000/nfe_010/000035.jpg,outputs/gpde_diffusers_sdxl_nfe10_cfg_seed_sweep/schedules/GPDE/diffusers/sdxl/euler/cfg_7.5/seed_0/nfe_010,outputs/gpde_diffusers_sdxl_nfe10_cfg_seed_sweep/samples/diffusers/sdxl/euler/cfg_7.5/GPDE/seed_000/nfe_010,24.766544342041016,-0.2625868618488312
diffusers,hf_sdxl_base_10,euler,GPDE,10,0,7.5,36,"a luxury watch exploded view on a dark background, precise gears and screws",outputs/gpde_diffusers_sdxl_nfe10_cfg_seed_sweep/samples/diffusers/sdxl/euler/cfg_7.5/GPDE/seed_000/nfe_010/000036.jpg,outputs/gpde_diffusers_sdxl_nfe10_cfg_seed_sweep/schedules/GPDE/diffusers/sdxl/euler/cfg_7.5/seed_0/nfe_010,outputs/gpde_diffusers_sdxl_nfe10_cfg_seed_sweep/samples/diffusers/sdxl/euler/cfg_7.5/GPDE/seed_000/nfe_010,29.698434829711914,0.9036473631858826
diffusers,hf_sdxl_base_10,euler,GPDE,10,0,7.5,37,"a sunlit greenhouse filled with tomatoes, watering cans, and terracotta pots",outputs/gpde_diffusers_sdxl_nfe10_cfg_seed_sweep/samples/diffusers/sdxl/euler/cfg_7.5/GPDE/seed_000/nfe_010/000037.jpg,outputs/gpde_diffusers_sdxl_nfe10_cfg_seed_sweep/schedules/GPDE/diffusers/sdxl/euler/cfg_7.5/seed_0/nfe_010,outputs/gpde_diffusers_sdxl_nfe10_cfg_seed_sweep/samples/diffusers/sdxl/euler/cfg_7.5/GPDE/seed_000/nfe_010,31.68657112121582,1.003084659576416
diffusers,hf_sdxl_base_10,euler,GPDE,10,0,7.5,38,a night landscape of fireflies over a meadow beside a quiet river,outputs/gpde_diffusers_sdxl_nfe10_cfg_seed_sweep/samples/diffusers/sdxl/euler/cfg_7.5/GPDE/seed_000/nfe_010/000038.jpg,outputs/gpde_diffusers_sdxl_nfe10_cfg_seed_sweep/schedules/GPDE/diffusers/sdxl/euler/cfg_7.5/seed_0/nfe_010,outputs/gpde_diffusers_sdxl_nfe10_cfg_seed_sweep/samples/diffusers/sdxl/euler/cfg_7.5/GPDE/seed_000/nfe_010,32.68754959106445,1.3969621658325195
diffusers,hf_sdxl_base_10,euler,GPDE,10,0,7.5,39,a realistic photo of a rescue helicopter landing on a snowy mountain ridge,outputs/gpde_diffusers_sdxl_nfe10_cfg_seed_sweep/samples/diffusers/sdxl/euler/cfg_7.5/GPDE/seed_000/nfe_010/000039.jpg,outputs/gpde_diffusers_sdxl_nfe10_cfg_seed_sweep/schedules/GPDE/diffusers/sdxl/euler/cfg_7.5/seed_0/nfe_010,outputs/gpde_diffusers_sdxl_nfe10_cfg_seed_sweep/samples/diffusers/sdxl/euler/cfg_7.5/GPDE/seed_000/nfe_010,31.822856903076172,1.1584062576293945
diffusers,hf_sdxl_base_10,euler,GPDE,10,0,7.5,40,a concept art scene of a floating research station above Jupiter's clouds,outputs/gpde_diffusers_sdxl_nfe10_cfg_seed_sweep/samples/diffusers/sdxl/euler/cfg_7.5/GPDE/seed_000/nfe_010/000040.jpg,outputs/gpde_diffusers_sdxl_nfe10_cfg_seed_sweep/schedules/GPDE/diffusers/sdxl/euler/cfg_7.5/seed_0/nfe_010,outputs/gpde_diffusers_sdxl_nfe10_cfg_seed_sweep/samples/diffusers/sdxl/euler/cfg_7.5/GPDE/seed_000/nfe_010,27.861000061035156,1.594963788986206
diffusers,hf_sdxl_base_10,euler,GPDE,10,0,7.5,41,a detailed pencil drawing of an old bicycle leaning against a brick wall,outputs/gpde_diffusers_sdxl_nfe10_cfg_seed_sweep/samples/diffusers/sdxl/euler/cfg_7.5/GPDE/seed_000/nfe_010/000041.jpg,outputs/gpde_diffusers_sdxl_nfe10_cfg_seed_sweep/schedules/GPDE/diffusers/sdxl/euler/cfg_7.5/seed_0/nfe_010,outputs/gpde_diffusers_sdxl_nfe10_cfg_seed_sweep/samples/diffusers/sdxl/euler/cfg_7.5/GPDE/seed_000/nfe_010,35.717594146728516,0.9697741866111755
diffusers,hf_sdxl_base_10,euler,GPDE,10,0,7.5,42,"a museum diorama of prehistoric sea creatures, dramatic educational lighting",outputs/gpde_diffusers_sdxl_nfe10_cfg_seed_sweep/samples/diffusers/sdxl/euler/cfg_7.5/GPDE/seed_000/nfe_010/000042.jpg,outputs/gpde_diffusers_sdxl_nfe10_cfg_seed_sweep/schedules/GPDE/diffusers/sdxl/euler/cfg_7.5/seed_0/nfe_010,outputs/gpde_diffusers_sdxl_nfe10_cfg_seed_sweep/samples/diffusers/sdxl/euler/cfg_7.5/GPDE/seed_000/nfe_010,34.20071029663086,0.3662078380584717
diffusers,hf_sdxl_base_10,euler,GPDE,10,0,7.5,43,"a peaceful Japanese garden with koi pond, stone bridge, and maple leaves",outputs/gpde_diffusers_sdxl_nfe10_cfg_seed_sweep/samples/diffusers/sdxl/euler/cfg_7.5/GPDE/seed_000/nfe_010/000043.jpg,outputs/gpde_diffusers_sdxl_nfe10_cfg_seed_sweep/schedules/GPDE/diffusers/sdxl/euler/cfg_7.5/seed_0/nfe_010,outputs/gpde_diffusers_sdxl_nfe10_cfg_seed_sweep/samples/diffusers/sdxl/euler/cfg_7.5/GPDE/seed_000/nfe_010,29.99565315246582,0.8884767293930054
diffusers,hf_sdxl_base_10,euler,GPDE,10,0,7.5,44,"a close-up food photograph of ramen with soft egg, steam, and ceramic bowl",outputs/gpde_diffusers_sdxl_nfe10_cfg_seed_sweep/samples/diffusers/sdxl/euler/cfg_7.5/GPDE/seed_000/nfe_010/000044.jpg,outputs/gpde_diffusers_sdxl_nfe10_cfg_seed_sweep/schedules/GPDE/diffusers/sdxl/euler/cfg_7.5/seed_0/nfe_010,outputs/gpde_diffusers_sdxl_nfe10_cfg_seed_sweep/samples/diffusers/sdxl/euler/cfg_7.5/GPDE/seed_000/nfe_010,31.6649169921875,-0.276863694190979
diffusers,hf_sdxl_base_10,euler,GPDE,10,0,7.5,45,a vibrant parade costume covered with mirrors and embroidered flowers,outputs/gpde_diffusers_sdxl_nfe10_cfg_seed_sweep/samples/diffusers/sdxl/euler/cfg_7.5/GPDE/seed_000/nfe_010/000045.jpg,outputs/gpde_diffusers_sdxl_nfe10_cfg_seed_sweep/schedules/GPDE/diffusers/sdxl/euler/cfg_7.5/seed_0/nfe_010,outputs/gpde_diffusers_sdxl_nfe10_cfg_seed_sweep/samples/diffusers/sdxl/euler/cfg_7.5/GPDE/seed_000/nfe_010,29.657094955444336,0.6571666598320007
diffusers,hf_sdxl_base_10,euler,GPDE,10,0,7.5,46,a realistic image of a hand-crafted wooden chess set mid game by candlelight,outputs/gpde_diffusers_sdxl_nfe10_cfg_seed_sweep/samples/diffusers/sdxl/euler/cfg_7.5/GPDE/seed_000/nfe_010/000046.jpg,outputs/gpde_diffusers_sdxl_nfe10_cfg_seed_sweep/schedules/GPDE/diffusers/sdxl/euler/cfg_7.5/seed_0/nfe_010,outputs/gpde_diffusers_sdxl_nfe10_cfg_seed_sweep/samples/diffusers/sdxl/euler/cfg_7.5/GPDE/seed_000/nfe_010,26.20209503173828,1.5989296436309814
diffusers,hf_sdxl_base_10,euler,GPDE,10,0,7.5,47,a wide angle view of a data center corridor with blue status lights,outputs/gpde_diffusers_sdxl_nfe10_cfg_seed_sweep/samples/diffusers/sdxl/euler/cfg_7.5/GPDE/seed_000/nfe_010/000047.jpg,outputs/gpde_diffusers_sdxl_nfe10_cfg_seed_sweep/schedules/GPDE/diffusers/sdxl/euler/cfg_7.5/seed_0/nfe_010,outputs/gpde_diffusers_sdxl_nfe10_cfg_seed_sweep/samples/diffusers/sdxl/euler/cfg_7.5/GPDE/seed_000/nfe_010,22.917686462402344,1.6754485368728638
diffusers,hf_sdxl_base_10,euler,GPDE,10,0,7.5,48,a magical realism scene of books flying through an old train carriage,outputs/gpde_diffusers_sdxl_nfe10_cfg_seed_sweep/samples/diffusers/sdxl/euler/cfg_7.5/GPDE/seed_000/nfe_010/000048.jpg,outputs/gpde_diffusers_sdxl_nfe10_cfg_seed_sweep/schedules/GPDE/diffusers/sdxl/euler/cfg_7.5/seed_0/nfe_010,outputs/gpde_diffusers_sdxl_nfe10_cfg_seed_sweep/samples/diffusers/sdxl/euler/cfg_7.5/GPDE/seed_000/nfe_010,35.00181198120117,1.0042451620101929
diffusers,hf_sdxl_base_10,euler,GPDE,10,0,7.5,49,a studio portrait of a golden retriever wearing aviator goggles and a red scarf,outputs/gpde_diffusers_sdxl_nfe10_cfg_seed_sweep/samples/diffusers/sdxl/euler/cfg_7.5/GPDE/seed_000/nfe_010/000049.jpg,outputs/gpde_diffusers_sdxl_nfe10_cfg_seed_sweep/schedules/GPDE/diffusers/sdxl/euler/cfg_7.5/seed_0/nfe_010,outputs/gpde_diffusers_sdxl_nfe10_cfg_seed_sweep/samples/diffusers/sdxl/euler/cfg_7.5/GPDE/seed_000/nfe_010,35.58457946777344,1.8455333709716797
diffusers,hf_sdxl_base_10,euler,GPDE,10,1,7.5,0,"a cinematic portrait of an astronaut botanist in a glass greenhouse on Mars, detailed fabric, soft rim light",outputs/gpde_diffusers_sdxl_nfe10_cfg_seed_sweep/samples/diffusers/sdxl/euler/cfg_7.5/GPDE/seed_001/nfe_010/000000.jpg,outputs/gpde_diffusers_sdxl_nfe10_cfg_seed_sweep/schedules/GPDE/diffusers/sdxl/euler/cfg_7.5/seed_1/nfe_010,outputs/gpde_diffusers_sdxl_nfe10_cfg_seed_sweep/samples/diffusers/sdxl/euler/cfg_7.5/GPDE/seed_001/nfe_010,32.38874053955078,1.543314814567566
diffusers,hf_sdxl_base_10,euler,GPDE,10,1,7.5,1,"a small brass robot repairing an antique clock in a sunlit workshop, shallow depth of field",outputs/gpde_diffusers_sdxl_nfe10_cfg_seed_sweep/samples/diffusers/sdxl/euler/cfg_7.5/GPDE/seed_001/nfe_010/000001.jpg,outputs/gpde_diffusers_sdxl_nfe10_cfg_seed_sweep/schedules/GPDE/diffusers/sdxl/euler/cfg_7.5/seed_1/nfe_010,outputs/gpde_diffusers_sdxl_nfe10_cfg_seed_sweep/samples/diffusers/sdxl/euler/cfg_7.5/GPDE/seed_001/nfe_010,30.130035400390625,1.6092060804367065
diffusers,hf_sdxl_base_10,euler,GPDE,10,1,7.5,2,"a watercolor city street after rain with neon signs reflected in puddles, evening atmosphere",outputs/gpde_diffusers_sdxl_nfe10_cfg_seed_sweep/samples/diffusers/sdxl/euler/cfg_7.5/GPDE/seed_001/nfe_010/000002.jpg,outputs/gpde_diffusers_sdxl_nfe10_cfg_seed_sweep/schedules/GPDE/diffusers/sdxl/euler/cfg_7.5/seed_1/nfe_010,outputs/gpde_diffusers_sdxl_nfe10_cfg_seed_sweep/samples/diffusers/sdxl/euler/cfg_7.5/GPDE/seed_001/nfe_010,30.37512969970703,1.3721474409103394
diffusers,hf_sdxl_base_10,euler,GPDE,10,1,7.5,3,a high resolution studio photo of a ceramic teapot shaped like a seashell on a slate table,outputs/gpde_diffusers_sdxl_nfe10_cfg_seed_sweep/samples/diffusers/sdxl/euler/cfg_7.5/GPDE/seed_001/nfe_010/000003.jpg,outputs/gpde_diffusers_sdxl_nfe10_cfg_seed_sweep/schedules/GPDE/diffusers/sdxl/euler/cfg_7.5/seed_1/nfe_010,outputs/gpde_diffusers_sdxl_nfe10_cfg_seed_sweep/samples/diffusers/sdxl/euler/cfg_7.5/GPDE/seed_001/nfe_010,35.13447952270508,1.745363473892212
diffusers,hf_sdxl_base_10,euler,GPDE,10,1,7.5,4,"a fantasy library carved inside a giant tree, spiral stairs, warm lanterns, intricate shelves",outputs/gpde_diffusers_sdxl_nfe10_cfg_seed_sweep/samples/diffusers/sdxl/euler/cfg_7.5/GPDE/seed_001/nfe_010/000004.jpg,outputs/gpde_diffusers_sdxl_nfe10_cfg_seed_sweep/schedules/GPDE/diffusers/sdxl/euler/cfg_7.5/seed_1/nfe_010,outputs/gpde_diffusers_sdxl_nfe10_cfg_seed_sweep/samples/diffusers/sdxl/euler/cfg_7.5/GPDE/seed_001/nfe_010,30.00994300842285,1.1412827968597412
diffusers,hf_sdxl_base_10,euler,GPDE,10,1,7.5,5,"a macro photograph of a snowflake resting on dark wool, crisp crystalline detail",outputs/gpde_diffusers_sdxl_nfe10_cfg_seed_sweep/samples/diffusers/sdxl/euler/cfg_7.5/GPDE/seed_001/nfe_010/000005.jpg,outputs/gpde_diffusers_sdxl_nfe10_cfg_seed_sweep/schedules/GPDE/diffusers/sdxl/euler/cfg_7.5/seed_1/nfe_010,outputs/gpde_diffusers_sdxl_nfe10_cfg_seed_sweep/samples/diffusers/sdxl/euler/cfg_7.5/GPDE/seed_001/nfe_010,28.775161743164062,1.3622052669525146
diffusers,hf_sdxl_base_10,euler,GPDE,10,1,7.5,6,"a retro futuristic train crossing a desert at sunset, chrome surfaces, long shadows",outputs/gpde_diffusers_sdxl_nfe10_cfg_seed_sweep/samples/diffusers/sdxl/euler/cfg_7.5/GPDE/seed_001/nfe_010/000006.jpg,outputs/gpde_diffusers_sdxl_nfe10_cfg_seed_sweep/schedules/GPDE/diffusers/sdxl/euler/cfg_7.5/seed_1/nfe_010,outputs/gpde_diffusers_sdxl_nfe10_cfg_seed_sweep/samples/diffusers/sdxl/euler/cfg_7.5/GPDE/seed_001/nfe_010,27.641063690185547,1.787619948387146
diffusers,hf_sdxl_base_10,euler,GPDE,10,1,7.5,7,"a chef plating a colorful molecular gastronomy dessert, clean restaurant lighting",outputs/gpde_diffusers_sdxl_nfe10_cfg_seed_sweep/samples/diffusers/sdxl/euler/cfg_7.5/GPDE/seed_001/nfe_010/000007.jpg,outputs/gpde_diffusers_sdxl_nfe10_cfg_seed_sweep/schedules/GPDE/diffusers/sdxl/euler/cfg_7.5/seed_1/nfe_010,outputs/gpde_diffusers_sdxl_nfe10_cfg_seed_sweep/samples/diffusers/sdxl/euler/cfg_7.5/GPDE/seed_001/nfe_010,28.786287307739258,-1.139060378074646
diffusers,hf_sdxl_base_10,euler,GPDE,10,1,7.5,8,"an isometric cozy bedroom with plants, books, a desk lamp, and a rainy window",outputs/gpde_diffusers_sdxl_nfe10_cfg_seed_sweep/samples/diffusers/sdxl/euler/cfg_7.5/GPDE/seed_001/nfe_010/000008.jpg,outputs/gpde_diffusers_sdxl_nfe10_cfg_seed_sweep/schedules/GPDE/diffusers/sdxl/euler/cfg_7.5/seed_1/nfe_010,outputs/gpde_diffusers_sdxl_nfe10_cfg_seed_sweep/samples/diffusers/sdxl/euler/cfg_7.5/GPDE/seed_001/nfe_010,34.43437576293945,1.1728425025939941
diffusers,hf_sdxl_base_10,euler,GPDE,10,1,7.5,9,"a dramatic mountain monastery above clouds, sunrise, detailed stone architecture",outputs/gpde_diffusers_sdxl_nfe10_cfg_seed_sweep/samples/diffusers/sdxl/euler/cfg_7.5/GPDE/seed_001/nfe_010/000009.jpg,outputs/gpde_diffusers_sdxl_nfe10_cfg_seed_sweep/schedules/GPDE/diffusers/sdxl/euler/cfg_7.5/seed_1/nfe_010,outputs/gpde_diffusers_sdxl_nfe10_cfg_seed_sweep/samples/diffusers/sdxl/euler/cfg_7.5/GPDE/seed_001/nfe_010,34.56439208984375,1.81299889087677
diffusers,hf_sdxl_base_10,euler,GPDE,10,1,7.5,10,a fashion editorial photo of a model wearing a translucent raincoat in Tokyo at night,outputs/gpde_diffusers_sdxl_nfe10_cfg_seed_sweep/samples/diffusers/sdxl/euler/cfg_7.5/GPDE/seed_001/nfe_010/000010.jpg,outputs/gpde_diffusers_sdxl_nfe10_cfg_seed_sweep/schedules/GPDE/diffusers/sdxl/euler/cfg_7.5/seed_1/nfe_010,outputs/gpde_diffusers_sdxl_nfe10_cfg_seed_sweep/samples/diffusers/sdxl/euler/cfg_7.5/GPDE/seed_001/nfe_010,34.87950134277344,1.9708510637283325
diffusers,hf_sdxl_base_10,euler,GPDE,10,1,7.5,11,a realistic red fox statue made of folded paper on a white museum pedestal,outputs/gpde_diffusers_sdxl_nfe10_cfg_seed_sweep/samples/diffusers/sdxl/euler/cfg_7.5/GPDE/seed_001/nfe_010/000011.jpg,outputs/gpde_diffusers_sdxl_nfe10_cfg_seed_sweep/schedules/GPDE/diffusers/sdxl/euler/cfg_7.5/seed_1/nfe_010,outputs/gpde_diffusers_sdxl_nfe10_cfg_seed_sweep/samples/diffusers/sdxl/euler/cfg_7.5/GPDE/seed_001/nfe_010,32.8226318359375,1.6715136766433716
diffusers,hf_sdxl_base_10,euler,GPDE,10,1,7.5,12,a detailed cutaway illustration of a tiny submarine exploring a coral reef,outputs/gpde_diffusers_sdxl_nfe10_cfg_seed_sweep/samples/diffusers/sdxl/euler/cfg_7.5/GPDE/seed_001/nfe_010/000012.jpg,outputs/gpde_diffusers_sdxl_nfe10_cfg_seed_sweep/schedules/GPDE/diffusers/sdxl/euler/cfg_7.5/seed_1/nfe_010,outputs/gpde_diffusers_sdxl_nfe10_cfg_seed_sweep/samples/diffusers/sdxl/euler/cfg_7.5/GPDE/seed_001/nfe_010,31.274742126464844,1.740984320640564
diffusers,hf_sdxl_base_10,euler,GPDE,10,1,7.5,13,a product photo of wireless headphones on brushed aluminum with blue accent lighting,outputs/gpde_diffusers_sdxl_nfe10_cfg_seed_sweep/samples/diffusers/sdxl/euler/cfg_7.5/GPDE/seed_001/nfe_010/000013.jpg,outputs/gpde_diffusers_sdxl_nfe10_cfg_seed_sweep/schedules/GPDE/diffusers/sdxl/euler/cfg_7.5/seed_1/nfe_010,outputs/gpde_diffusers_sdxl_nfe10_cfg_seed_sweep/samples/diffusers/sdxl/euler/cfg_7.5/GPDE/seed_001/nfe_010,27.854257583618164,0.6148741245269775
diffusers,hf_sdxl_base_10,euler,GPDE,10,1,7.5,14,"a medieval market square during a festival, banners, musicians, detailed crowd",outputs/gpde_diffusers_sdxl_nfe10_cfg_seed_sweep/samples/diffusers/sdxl/euler/cfg_7.5/GPDE/seed_001/nfe_010/000014.jpg,outputs/gpde_diffusers_sdxl_nfe10_cfg_seed_sweep/schedules/GPDE/diffusers/sdxl/euler/cfg_7.5/seed_1/nfe_010,outputs/gpde_diffusers_sdxl_nfe10_cfg_seed_sweep/samples/diffusers/sdxl/euler/cfg_7.5/GPDE/seed_001/nfe_010,26.31761932373047,0.28748050332069397
diffusers,hf_sdxl_base_10,euler,GPDE,10,1,7.5,15,an oil painting of a violinist performing in an empty subway station,outputs/gpde_diffusers_sdxl_nfe10_cfg_seed_sweep/samples/diffusers/sdxl/euler/cfg_7.5/GPDE/seed_001/nfe_010/000015.jpg,outputs/gpde_diffusers_sdxl_nfe10_cfg_seed_sweep/schedules/GPDE/diffusers/sdxl/euler/cfg_7.5/seed_1/nfe_010,outputs/gpde_diffusers_sdxl_nfe10_cfg_seed_sweep/samples/diffusers/sdxl/euler/cfg_7.5/GPDE/seed_001/nfe_010,38.065059661865234,1.801171898841858
diffusers,hf_sdxl_base_10,euler,GPDE,10,1,7.5,16,"a close-up portrait of an elderly sailor, weathered skin, navy coat, overcast harbor",outputs/gpde_diffusers_sdxl_nfe10_cfg_seed_sweep/samples/diffusers/sdxl/euler/cfg_7.5/GPDE/seed_001/nfe_010/000016.jpg,outputs/gpde_diffusers_sdxl_nfe10_cfg_seed_sweep/schedules/GPDE/diffusers/sdxl/euler/cfg_7.5/seed_1/nfe_010,outputs/gpde_diffusers_sdxl_nfe10_cfg_seed_sweep/samples/diffusers/sdxl/euler/cfg_7.5/GPDE/seed_001/nfe_010,31.539344787597656,1.92080557346344
diffusers,hf_sdxl_base_10,euler,GPDE,10,1,7.5,17,a clean architectural rendering of a modern cabin beside a frozen lake,outputs/gpde_diffusers_sdxl_nfe10_cfg_seed_sweep/samples/diffusers/sdxl/euler/cfg_7.5/GPDE/seed_001/nfe_010/000017.jpg,outputs/gpde_diffusers_sdxl_nfe10_cfg_seed_sweep/schedules/GPDE/diffusers/sdxl/euler/cfg_7.5/seed_1/nfe_010,outputs/gpde_diffusers_sdxl_nfe10_cfg_seed_sweep/samples/diffusers/sdxl/euler/cfg_7.5/GPDE/seed_001/nfe_010,35.554203033447266,1.4839537143707275
diffusers,hf_sdxl_base_10,euler,GPDE,10,1,7.5,18,a surreal desert filled with floating glass spheres and distant black mountains,outputs/gpde_diffusers_sdxl_nfe10_cfg_seed_sweep/samples/diffusers/sdxl/euler/cfg_7.5/GPDE/seed_001/nfe_010/000018.jpg,outputs/gpde_diffusers_sdxl_nfe10_cfg_seed_sweep/schedules/GPDE/diffusers/sdxl/euler/cfg_7.5/seed_1/nfe_010,outputs/gpde_diffusers_sdxl_nfe10_cfg_seed_sweep/samples/diffusers/sdxl/euler/cfg_7.5/GPDE/seed_001/nfe_010,34.22419357299805,1.8214677572250366
diffusers,hf_sdxl_base_10,euler,GPDE,10,1,7.5,19,a documentary photo of a scientist collecting ice cores in Antarctica,outputs/gpde_diffusers_sdxl_nfe10_cfg_seed_sweep/samples/diffusers/sdxl/euler/cfg_7.5/GPDE/seed_001/nfe_010/000019.jpg,outputs/gpde_diffusers_sdxl_nfe10_cfg_seed_sweep/schedules/GPDE/diffusers/sdxl/euler/cfg_7.5/seed_1/nfe_010,outputs/gpde_diffusers_sdxl_nfe10_cfg_seed_sweep/samples/diffusers/sdxl/euler/cfg_7.5/GPDE/seed_001/nfe_010,32.814388275146484,0.7939451932907104
diffusers,hf_sdxl_base_10,euler,GPDE,10,1,7.5,20,a detailed 3D render of a mechanical hummingbird with copper wings,outputs/gpde_diffusers_sdxl_nfe10_cfg_seed_sweep/samples/diffusers/sdxl/euler/cfg_7.5/GPDE/seed_001/nfe_010/000020.jpg,outputs/gpde_diffusers_sdxl_nfe10_cfg_seed_sweep/schedules/GPDE/diffusers/sdxl/euler/cfg_7.5/seed_1/nfe_010,outputs/gpde_diffusers_sdxl_nfe10_cfg_seed_sweep/samples/diffusers/sdxl/euler/cfg_7.5/GPDE/seed_001/nfe_010,34.82802963256836,-0.24208465218544006
diffusers,hf_sdxl_base_10,euler,GPDE,10,1,7.5,21,"a cozy cafe interior in autumn, pastries, espresso machine, soft morning light",outputs/gpde_diffusers_sdxl_nfe10_cfg_seed_sweep/samples/diffusers/sdxl/euler/cfg_7.5/GPDE/seed_001/nfe_010/000021.jpg,outputs/gpde_diffusers_sdxl_nfe10_cfg_seed_sweep/schedules/GPDE/diffusers/sdxl/euler/cfg_7.5/seed_1/nfe_010,outputs/gpde_diffusers_sdxl_nfe10_cfg_seed_sweep/samples/diffusers/sdxl/euler/cfg_7.5/GPDE/seed_001/nfe_010,28.788379669189453,1.3585028648376465
diffusers,hf_sdxl_base_10,euler,GPDE,10,1,7.5,22,"a panoramic view of terraced rice fields under mist, workers in colorful clothing",outputs/gpde_diffusers_sdxl_nfe10_cfg_seed_sweep/samples/diffusers/sdxl/euler/cfg_7.5/GPDE/seed_001/nfe_010/000022.jpg,outputs/gpde_diffusers_sdxl_nfe10_cfg_seed_sweep/schedules/GPDE/diffusers/sdxl/euler/cfg_7.5/seed_1/nfe_010,outputs/gpde_diffusers_sdxl_nfe10_cfg_seed_sweep/samples/diffusers/sdxl/euler/cfg_7.5/GPDE/seed_001/nfe_010,30.209123611450195,1.4673187732696533
diffusers,hf_sdxl_base_10,euler,GPDE,10,1,7.5,23,a children's book illustration of a moonlit boat parade on a quiet canal,outputs/gpde_diffusers_sdxl_nfe10_cfg_seed_sweep/samples/diffusers/sdxl/euler/cfg_7.5/GPDE/seed_001/nfe_010/000023.jpg,outputs/gpde_diffusers_sdxl_nfe10_cfg_seed_sweep/schedules/GPDE/diffusers/sdxl/euler/cfg_7.5/seed_1/nfe_010,outputs/gpde_diffusers_sdxl_nfe10_cfg_seed_sweep/samples/diffusers/sdxl/euler/cfg_7.5/GPDE/seed_001/nfe_010,33.533634185791016,1.2437931299209595
diffusers,hf_sdxl_base_10,euler,GPDE,10,1,7.5,24,"a realistic sports car parked in a concrete tunnel, reflections, low angle",outputs/gpde_diffusers_sdxl_nfe10_cfg_seed_sweep/samples/diffusers/sdxl/euler/cfg_7.5/GPDE/seed_001/nfe_010/000024.jpg,outputs/gpde_diffusers_sdxl_nfe10_cfg_seed_sweep/schedules/GPDE/diffusers/sdxl/euler/cfg_7.5/seed_1/nfe_010,outputs/gpde_diffusers_sdxl_nfe10_cfg_seed_sweep/samples/diffusers/sdxl/euler/cfg_7.5/GPDE/seed_001/nfe_010,24.72953224182129,1.4310038089752197
diffusers,hf_sdxl_base_10,euler,GPDE,10,1,7.5,25,"a botanical diagram of rare orchids with labeled roots and petals, archival paper",outputs/gpde_diffusers_sdxl_nfe10_cfg_seed_sweep/samples/diffusers/sdxl/euler/cfg_7.5/GPDE/seed_001/nfe_010/000025.jpg,outputs/gpde_diffusers_sdxl_nfe10_cfg_seed_sweep/schedules/GPDE/diffusers/sdxl/euler/cfg_7.5/seed_1/nfe_010,outputs/gpde_diffusers_sdxl_nfe10_cfg_seed_sweep/samples/diffusers/sdxl/euler/cfg_7.5/GPDE/seed_001/nfe_010,30.034643173217773,0.9404639005661011
diffusers,hf_sdxl_base_10,euler,GPDE,10,1,7.5,26,"a cyberpunk street food stall with steam, lanterns, and dense urban signage",outputs/gpde_diffusers_sdxl_nfe10_cfg_seed_sweep/samples/diffusers/sdxl/euler/cfg_7.5/GPDE/seed_001/nfe_010/000026.jpg,outputs/gpde_diffusers_sdxl_nfe10_cfg_seed_sweep/schedules/GPDE/diffusers/sdxl/euler/cfg_7.5/seed_1/nfe_010,outputs/gpde_diffusers_sdxl_nfe10_cfg_seed_sweep/samples/diffusers/sdxl/euler/cfg_7.5/GPDE/seed_001/nfe_010,33.61348342895508,1.6285041570663452
diffusers,hf_sdxl_base_10,euler,GPDE,10,1,7.5,27,"a still life of glass fruit bowls, linen cloth, and silver cutlery, natural light",outputs/gpde_diffusers_sdxl_nfe10_cfg_seed_sweep/samples/diffusers/sdxl/euler/cfg_7.5/GPDE/seed_001/nfe_010/000027.jpg,outputs/gpde_diffusers_sdxl_nfe10_cfg_seed_sweep/schedules/GPDE/diffusers/sdxl/euler/cfg_7.5/seed_1/nfe_010,outputs/gpde_diffusers_sdxl_nfe10_cfg_seed_sweep/samples/diffusers/sdxl/euler/cfg_7.5/GPDE/seed_001/nfe_010,29.880077362060547,0.8429135084152222
diffusers,hf_sdxl_base_10,euler,GPDE,10,1,7.5,28,a heroic statue covered in vines in an abandoned futuristic plaza,outputs/gpde_diffusers_sdxl_nfe10_cfg_seed_sweep/samples/diffusers/sdxl/euler/cfg_7.5/GPDE/seed_001/nfe_010/000028.jpg,outputs/gpde_diffusers_sdxl_nfe10_cfg_seed_sweep/schedules/GPDE/diffusers/sdxl/euler/cfg_7.5/seed_1/nfe_010,outputs/gpde_diffusers_sdxl_nfe10_cfg_seed_sweep/samples/diffusers/sdxl/euler/cfg_7.5/GPDE/seed_001/nfe_010,32.4149055480957,1.684453010559082
diffusers,hf_sdxl_base_10,euler,GPDE,10,1,7.5,29,a black and white film photograph of dancers rehearsing in a mirror-lined studio,outputs/gpde_diffusers_sdxl_nfe10_cfg_seed_sweep/samples/diffusers/sdxl/euler/cfg_7.5/GPDE/seed_001/nfe_010/000029.jpg,outputs/gpde_diffusers_sdxl_nfe10_cfg_seed_sweep/schedules/GPDE/diffusers/sdxl/euler/cfg_7.5/seed_1/nfe_010,outputs/gpde_diffusers_sdxl_nfe10_cfg_seed_sweep/samples/diffusers/sdxl/euler/cfg_7.5/GPDE/seed_001/nfe_010,35.471988677978516,1.5824899673461914
diffusers,hf_sdxl_base_10,euler,GPDE,10,1,7.5,30,"a detailed scene of a spacecraft cockpit during reentry, glowing controls, tense mood",outputs/gpde_diffusers_sdxl_nfe10_cfg_seed_sweep/samples/diffusers/sdxl/euler/cfg_7.5/GPDE/seed_001/nfe_010/000030.jpg,outputs/gpde_diffusers_sdxl_nfe10_cfg_seed_sweep/schedules/GPDE/diffusers/sdxl/euler/cfg_7.5/seed_1/nfe_010,outputs/gpde_diffusers_sdxl_nfe10_cfg_seed_sweep/samples/diffusers/sdxl/euler/cfg_7.5/GPDE/seed_001/nfe_010,28.24490737915039,0.8367292284965515
diffusers,hf_sdxl_base_10,euler,GPDE,10,1,7.5,31,a claymation style village bakery with tiny loaves and painted signs,outputs/gpde_diffusers_sdxl_nfe10_cfg_seed_sweep/samples/diffusers/sdxl/euler/cfg_7.5/GPDE/seed_001/nfe_010/000031.jpg,outputs/gpde_diffusers_sdxl_nfe10_cfg_seed_sweep/schedules/GPDE/diffusers/sdxl/euler/cfg_7.5/seed_1/nfe_010,outputs/gpde_diffusers_sdxl_nfe10_cfg_seed_sweep/samples/diffusers/sdxl/euler/cfg_7.5/GPDE/seed_001/nfe_010,38.295780181884766,1.4609334468841553
diffusers,hf_sdxl_base_10,euler,GPDE,10,1,7.5,32,a realistic underwater photograph of a diver inspecting an ancient marble column,outputs/gpde_diffusers_sdxl_nfe10_cfg_seed_sweep/samples/diffusers/sdxl/euler/cfg_7.5/GPDE/seed_001/nfe_010/000032.jpg,outputs/gpde_diffusers_sdxl_nfe10_cfg_seed_sweep/schedules/GPDE/diffusers/sdxl/euler/cfg_7.5/seed_1/nfe_010,outputs/gpde_diffusers_sdxl_nfe10_cfg_seed_sweep/samples/diffusers/sdxl/euler/cfg_7.5/GPDE/seed_001/nfe_010,31.344783782958984,0.9528612494468689
diffusers,hf_sdxl_base_10,euler,GPDE,10,1,7.5,33,"a minimalist poster of a jazz quartet in deep red, cream, and black",outputs/gpde_diffusers_sdxl_nfe10_cfg_seed_sweep/samples/diffusers/sdxl/euler/cfg_7.5/GPDE/seed_001/nfe_010/000033.jpg,outputs/gpde_diffusers_sdxl_nfe10_cfg_seed_sweep/schedules/GPDE/diffusers/sdxl/euler/cfg_7.5/seed_1/nfe_010,outputs/gpde_diffusers_sdxl_nfe10_cfg_seed_sweep/samples/diffusers/sdxl/euler/cfg_7.5/GPDE/seed_001/nfe_010,29.702495574951172,1.2752677202224731
diffusers,hf_sdxl_base_10,euler,GPDE,10,1,7.5,34,a high detail portrait of a queen wearing armor made of mother of pearl,outputs/gpde_diffusers_sdxl_nfe10_cfg_seed_sweep/samples/diffusers/sdxl/euler/cfg_7.5/GPDE/seed_001/nfe_010/000034.jpg,outputs/gpde_diffusers_sdxl_nfe10_cfg_seed_sweep/schedules/GPDE/diffusers/sdxl/euler/cfg_7.5/seed_1/nfe_010,outputs/gpde_diffusers_sdxl_nfe10_cfg_seed_sweep/samples/diffusers/sdxl/euler/cfg_7.5/GPDE/seed_001/nfe_010,29.722572326660156,1.7656300067901611
diffusers,hf_sdxl_base_10,euler,GPDE,10,1,7.5,35,"a top-down board game map of an island with forests, cliffs, and hidden ruins",outputs/gpde_diffusers_sdxl_nfe10_cfg_seed_sweep/samples/diffusers/sdxl/euler/cfg_7.5/GPDE/seed_001/nfe_010/000035.jpg,outputs/gpde_diffusers_sdxl_nfe10_cfg_seed_sweep/schedules/GPDE/diffusers/sdxl/euler/cfg_7.5/seed_1/nfe_010,outputs/gpde_diffusers_sdxl_nfe10_cfg_seed_sweep/samples/diffusers/sdxl/euler/cfg_7.5/GPDE/seed_001/nfe_010,25.570287704467773,-0.04967285320162773
diffusers,hf_sdxl_base_10,euler,GPDE,10,1,7.5,36,"a luxury watch exploded view on a dark background, precise gears and screws",outputs/gpde_diffusers_sdxl_nfe10_cfg_seed_sweep/samples/diffusers/sdxl/euler/cfg_7.5/GPDE/seed_001/nfe_010/000036.jpg,outputs/gpde_diffusers_sdxl_nfe10_cfg_seed_sweep/schedules/GPDE/diffusers/sdxl/euler/cfg_7.5/seed_1/nfe_010,outputs/gpde_diffusers_sdxl_nfe10_cfg_seed_sweep/samples/diffusers/sdxl/euler/cfg_7.5/GPDE/seed_001/nfe_010,28.628318786621094,0.9866124987602234
diffusers,hf_sdxl_base_10,euler,GPDE,10,1,7.5,37,"a sunlit greenhouse filled with tomatoes, watering cans, and terracotta pots",outputs/gpde_diffusers_sdxl_nfe10_cfg_seed_sweep/samples/diffusers/sdxl/euler/cfg_7.5/GPDE/seed_001/nfe_010/000037.jpg,outputs/gpde_diffusers_sdxl_nfe10_cfg_seed_sweep/schedules/GPDE/diffusers/sdxl/euler/cfg_7.5/seed_1/nfe_010,outputs/gpde_diffusers_sdxl_nfe10_cfg_seed_sweep/samples/diffusers/sdxl/euler/cfg_7.5/GPDE/seed_001/nfe_010,32.94998550415039,0.9887089729309082
diffusers,hf_sdxl_base_10,euler,GPDE,10,1,7.5,38,a night landscape of fireflies over a meadow beside a quiet river,outputs/gpde_diffusers_sdxl_nfe10_cfg_seed_sweep/samples/diffusers/sdxl/euler/cfg_7.5/GPDE/seed_001/nfe_010/000038.jpg,outputs/gpde_diffusers_sdxl_nfe10_cfg_seed_sweep/schedules/GPDE/diffusers/sdxl/euler/cfg_7.5/seed_1/nfe_010,outputs/gpde_diffusers_sdxl_nfe10_cfg_seed_sweep/samples/diffusers/sdxl/euler/cfg_7.5/GPDE/seed_001/nfe_010,32.69032669067383,1.459526538848877
diffusers,hf_sdxl_base_10,euler,GPDE,10,1,7.5,39,a realistic photo of a rescue helicopter landing on a snowy mountain ridge,outputs/gpde_diffusers_sdxl_nfe10_cfg_seed_sweep/samples/diffusers/sdxl/euler/cfg_7.5/GPDE/seed_001/nfe_010/000039.jpg,outputs/gpde_diffusers_sdxl_nfe10_cfg_seed_sweep/schedules/GPDE/diffusers/sdxl/euler/cfg_7.5/seed_1/nfe_010,outputs/gpde_diffusers_sdxl_nfe10_cfg_seed_sweep/samples/diffusers/sdxl/euler/cfg_7.5/GPDE/seed_001/nfe_010,31.9678897857666,0.9750151634216309
diffusers,hf_sdxl_base_10,euler,GPDE,10,1,7.5,40,a concept art scene of a floating research station above Jupiter's clouds,outputs/gpde_diffusers_sdxl_nfe10_cfg_seed_sweep/samples/diffusers/sdxl/euler/cfg_7.5/GPDE/seed_001/nfe_010/000040.jpg,outputs/gpde_diffusers_sdxl_nfe10_cfg_seed_sweep/schedules/GPDE/diffusers/sdxl/euler/cfg_7.5/seed_1/nfe_010,outputs/gpde_diffusers_sdxl_nfe10_cfg_seed_sweep/samples/diffusers/sdxl/euler/cfg_7.5/GPDE/seed_001/nfe_010,26.456378936767578,1.6526641845703125
diffusers,hf_sdxl_base_10,euler,GPDE,10,1,7.5,41,a detailed pencil drawing of an old bicycle leaning against a brick wall,outputs/gpde_diffusers_sdxl_nfe10_cfg_seed_sweep/samples/diffusers/sdxl/euler/cfg_7.5/GPDE/seed_001/nfe_010/000041.jpg,outputs/gpde_diffusers_sdxl_nfe10_cfg_seed_sweep/schedules/GPDE/diffusers/sdxl/euler/cfg_7.5/seed_1/nfe_010,outputs/gpde_diffusers_sdxl_nfe10_cfg_seed_sweep/samples/diffusers/sdxl/euler/cfg_7.5/GPDE/seed_001/nfe_010,35.101219177246094,0.6634865403175354
diffusers,hf_sdxl_base_10,euler,GPDE,10,1,7.5,42,"a museum diorama of prehistoric sea creatures, dramatic educational lighting",outputs/gpde_diffusers_sdxl_nfe10_cfg_seed_sweep/samples/diffusers/sdxl/euler/cfg_7.5/GPDE/seed_001/nfe_010/000042.jpg,outputs/gpde_diffusers_sdxl_nfe10_cfg_seed_sweep/schedules/GPDE/diffusers/sdxl/euler/cfg_7.5/seed_1/nfe_010,outputs/gpde_diffusers_sdxl_nfe10_cfg_seed_sweep/samples/diffusers/sdxl/euler/cfg_7.5/GPDE/seed_001/nfe_010,32.6338005065918,0.4944430887699127
diffusers,hf_sdxl_base_10,euler,GPDE,10,1,7.5,43,"a peaceful Japanese garden with koi pond, stone bridge, and maple leaves",outputs/gpde_diffusers_sdxl_nfe10_cfg_seed_sweep/samples/diffusers/sdxl/euler/cfg_7.5/GPDE/seed_001/nfe_010/000043.jpg,outputs/gpde_diffusers_sdxl_nfe10_cfg_seed_sweep/schedules/GPDE/diffusers/sdxl/euler/cfg_7.5/seed_1/nfe_010,outputs/gpde_diffusers_sdxl_nfe10_cfg_seed_sweep/samples/diffusers/sdxl/euler/cfg_7.5/GPDE/seed_001/nfe_010,29.43345069885254,0.9412245750427246
diffusers,hf_sdxl_base_10,euler,GPDE,10,1,7.5,44,"a close-up food photograph of ramen with soft egg, steam, and ceramic bowl",outputs/gpde_diffusers_sdxl_nfe10_cfg_seed_sweep/samples/diffusers/sdxl/euler/cfg_7.5/GPDE/seed_001/nfe_010/000044.jpg,outputs/gpde_diffusers_sdxl_nfe10_cfg_seed_sweep/schedules/GPDE/diffusers/sdxl/euler/cfg_7.5/seed_1/nfe_010,outputs/gpde_diffusers_sdxl_nfe10_cfg_seed_sweep/samples/diffusers/sdxl/euler/cfg_7.5/GPDE/seed_001/nfe_010,32.77177047729492,0.15632013976573944
diffusers,hf_sdxl_base_10,euler,GPDE,10,1,7.5,45,a vibrant parade costume covered with mirrors and embroidered flowers,outputs/gpde_diffusers_sdxl_nfe10_cfg_seed_sweep/samples/diffusers/sdxl/euler/cfg_7.5/GPDE/seed_001/nfe_010/000045.jpg,outputs/gpde_diffusers_sdxl_nfe10_cfg_seed_sweep/schedules/GPDE/diffusers/sdxl/euler/cfg_7.5/seed_1/nfe_010,outputs/gpde_diffusers_sdxl_nfe10_cfg_seed_sweep/samples/diffusers/sdxl/euler/cfg_7.5/GPDE/seed_001/nfe_010,32.69776916503906,0.6984587907791138
diffusers,hf_sdxl_base_10,euler,GPDE,10,1,7.5,46,a realistic image of a hand-crafted wooden chess set mid game by candlelight,outputs/gpde_diffusers_sdxl_nfe10_cfg_seed_sweep/samples/diffusers/sdxl/euler/cfg_7.5/GPDE/seed_001/nfe_010/000046.jpg,outputs/gpde_diffusers_sdxl_nfe10_cfg_seed_sweep/schedules/GPDE/diffusers/sdxl/euler/cfg_7.5/seed_1/nfe_010,outputs/gpde_diffusers_sdxl_nfe10_cfg_seed_sweep/samples/diffusers/sdxl/euler/cfg_7.5/GPDE/seed_001/nfe_010,26.82007598876953,1.5725325345993042
diffusers,hf_sdxl_base_10,euler,GPDE,10,1,7.5,47,a wide angle view of a data center corridor with blue status lights,outputs/gpde_diffusers_sdxl_nfe10_cfg_seed_sweep/samples/diffusers/sdxl/euler/cfg_7.5/GPDE/seed_001/nfe_010/000047.jpg,outputs/gpde_diffusers_sdxl_nfe10_cfg_seed_sweep/schedules/GPDE/diffusers/sdxl/euler/cfg_7.5/seed_1/nfe_010,outputs/gpde_diffusers_sdxl_nfe10_cfg_seed_sweep/samples/diffusers/sdxl/euler/cfg_7.5/GPDE/seed_001/nfe_010,23.704349517822266,1.6043840646743774
diffusers,hf_sdxl_base_10,euler,GPDE,10,1,7.5,48,a magical realism scene of books flying through an old train carriage,outputs/gpde_diffusers_sdxl_nfe10_cfg_seed_sweep/samples/diffusers/sdxl/euler/cfg_7.5/GPDE/seed_001/nfe_010/000048.jpg,outputs/gpde_diffusers_sdxl_nfe10_cfg_seed_sweep/schedules/GPDE/diffusers/sdxl/euler/cfg_7.5/seed_1/nfe_010,outputs/gpde_diffusers_sdxl_nfe10_cfg_seed_sweep/samples/diffusers/sdxl/euler/cfg_7.5/GPDE/seed_001/nfe_010,33.85466766357422,0.5358355641365051
diffusers,hf_sdxl_base_10,euler,GPDE,10,1,7.5,49,a studio portrait of a golden retriever wearing aviator goggles and a red scarf,outputs/gpde_diffusers_sdxl_nfe10_cfg_seed_sweep/samples/diffusers/sdxl/euler/cfg_7.5/GPDE/seed_001/nfe_010/000049.jpg,outputs/gpde_diffusers_sdxl_nfe10_cfg_seed_sweep/schedules/GPDE/diffusers/sdxl/euler/cfg_7.5/seed_1/nfe_010,outputs/gpde_diffusers_sdxl_nfe10_cfg_seed_sweep/samples/diffusers/sdxl/euler/cfg_7.5/GPDE/seed_001/nfe_010,35.26148986816406,1.8964087963104248
diffusers,hf_sdxl_base_10,euler,GPDE,10,2,7.5,0,"a cinematic portrait of an astronaut botanist in a glass greenhouse on Mars, detailed fabric, soft rim light",outputs/gpde_diffusers_sdxl_nfe10_cfg_seed_sweep/samples/diffusers/sdxl/euler/cfg_7.5/GPDE/seed_002/nfe_010/000000.jpg,outputs/gpde_diffusers_sdxl_nfe10_cfg_seed_sweep/schedules/GPDE/diffusers/sdxl/euler/cfg_7.5/seed_2/nfe_010,outputs/gpde_diffusers_sdxl_nfe10_cfg_seed_sweep/samples/diffusers/sdxl/euler/cfg_7.5/GPDE/seed_002/nfe_010,34.41798782348633,1.1330631971359253
diffusers,hf_sdxl_base_10,euler,GPDE,10,2,7.5,1,"a small brass robot repairing an antique clock in a sunlit workshop, shallow depth of field",outputs/gpde_diffusers_sdxl_nfe10_cfg_seed_sweep/samples/diffusers/sdxl/euler/cfg_7.5/GPDE/seed_002/nfe_010/000001.jpg,outputs/gpde_diffusers_sdxl_nfe10_cfg_seed_sweep/schedules/GPDE/diffusers/sdxl/euler/cfg_7.5/seed_2/nfe_010,outputs/gpde_diffusers_sdxl_nfe10_cfg_seed_sweep/samples/diffusers/sdxl/euler/cfg_7.5/GPDE/seed_002/nfe_010,26.946453094482422,0.986055850982666
diffusers,hf_sdxl_base_10,euler,GPDE,10,2,7.5,2,"a watercolor city street after rain with neon signs reflected in puddles, evening atmosphere",outputs/gpde_diffusers_sdxl_nfe10_cfg_seed_sweep/samples/diffusers/sdxl/euler/cfg_7.5/GPDE/seed_002/nfe_010/000002.jpg,outputs/gpde_diffusers_sdxl_nfe10_cfg_seed_sweep/schedules/GPDE/diffusers/sdxl/euler/cfg_7.5/seed_2/nfe_010,outputs/gpde_diffusers_sdxl_nfe10_cfg_seed_sweep/samples/diffusers/sdxl/euler/cfg_7.5/GPDE/seed_002/nfe_010,29.076171875,0.6152502298355103
diffusers,hf_sdxl_base_10,euler,GPDE,10,2,7.5,3,a high resolution studio photo of a ceramic teapot shaped like a seashell on a slate table,outputs/gpde_diffusers_sdxl_nfe10_cfg_seed_sweep/samples/diffusers/sdxl/euler/cfg_7.5/GPDE/seed_002/nfe_010/000003.jpg,outputs/gpde_diffusers_sdxl_nfe10_cfg_seed_sweep/schedules/GPDE/diffusers/sdxl/euler/cfg_7.5/seed_2/nfe_010,outputs/gpde_diffusers_sdxl_nfe10_cfg_seed_sweep/samples/diffusers/sdxl/euler/cfg_7.5/GPDE/seed_002/nfe_010,30.872154235839844,1.4790562391281128
diffusers,hf_sdxl_base_10,euler,GPDE,10,2,7.5,4,"a fantasy library carved inside a giant tree, spiral stairs, warm lanterns, intricate shelves",outputs/gpde_diffusers_sdxl_nfe10_cfg_seed_sweep/samples/diffusers/sdxl/euler/cfg_7.5/GPDE/seed_002/nfe_010/000004.jpg,outputs/gpde_diffusers_sdxl_nfe10_cfg_seed_sweep/schedules/GPDE/diffusers/sdxl/euler/cfg_7.5/seed_2/nfe_010,outputs/gpde_diffusers_sdxl_nfe10_cfg_seed_sweep/samples/diffusers/sdxl/euler/cfg_7.5/GPDE/seed_002/nfe_010,32.68695831298828,1.6467257738113403
diffusers,hf_sdxl_base_10,euler,GPDE,10,2,7.5,5,"a macro photograph of a snowflake resting on dark wool, crisp crystalline detail",outputs/gpde_diffusers_sdxl_nfe10_cfg_seed_sweep/samples/diffusers/sdxl/euler/cfg_7.5/GPDE/seed_002/nfe_010/000005.jpg,outputs/gpde_diffusers_sdxl_nfe10_cfg_seed_sweep/schedules/GPDE/diffusers/sdxl/euler/cfg_7.5/seed_2/nfe_010,outputs/gpde_diffusers_sdxl_nfe10_cfg_seed_sweep/samples/diffusers/sdxl/euler/cfg_7.5/GPDE/seed_002/nfe_010,27.17641830444336,-0.20164182782173157
diffusers,hf_sdxl_base_10,euler,GPDE,10,2,7.5,6,"a retro futuristic train crossing a desert at sunset, chrome surfaces, long shadows",outputs/gpde_diffusers_sdxl_nfe10_cfg_seed_sweep/samples/diffusers/sdxl/euler/cfg_7.5/GPDE/seed_002/nfe_010/000006.jpg,outputs/gpde_diffusers_sdxl_nfe10_cfg_seed_sweep/schedules/GPDE/diffusers/sdxl/euler/cfg_7.5/seed_2/nfe_010,outputs/gpde_diffusers_sdxl_nfe10_cfg_seed_sweep/samples/diffusers/sdxl/euler/cfg_7.5/GPDE/seed_002/nfe_010,26.10480499267578,1.7489956617355347
diffusers,hf_sdxl_base_10,euler,GPDE,10,2,7.5,7,"a chef plating a colorful molecular gastronomy dessert, clean restaurant lighting",outputs/gpde_diffusers_sdxl_nfe10_cfg_seed_sweep/samples/diffusers/sdxl/euler/cfg_7.5/GPDE/seed_002/nfe_010/000007.jpg,outputs/gpde_diffusers_sdxl_nfe10_cfg_seed_sweep/schedules/GPDE/diffusers/sdxl/euler/cfg_7.5/seed_2/nfe_010,outputs/gpde_diffusers_sdxl_nfe10_cfg_seed_sweep/samples/diffusers/sdxl/euler/cfg_7.5/GPDE/seed_002/nfe_010,32.16878128051758,-0.30048733949661255
diffusers,hf_sdxl_base_10,euler,GPDE,10,2,7.5,8,"an isometric cozy bedroom with plants, books, a desk lamp, and a rainy window",outputs/gpde_diffusers_sdxl_nfe10_cfg_seed_sweep/samples/diffusers/sdxl/euler/cfg_7.5/GPDE/seed_002/nfe_010/000008.jpg,outputs/gpde_diffusers_sdxl_nfe10_cfg_seed_sweep/schedules/GPDE/diffusers/sdxl/euler/cfg_7.5/seed_2/nfe_010,outputs/gpde_diffusers_sdxl_nfe10_cfg_seed_sweep/samples/diffusers/sdxl/euler/cfg_7.5/GPDE/seed_002/nfe_010,35.36981201171875,1.557052731513977
diffusers,hf_sdxl_base_10,euler,GPDE,10,2,7.5,9,"a dramatic mountain monastery above clouds, sunrise, detailed stone architecture",outputs/gpde_diffusers_sdxl_nfe10_cfg_seed_sweep/samples/diffusers/sdxl/euler/cfg_7.5/GPDE/seed_002/nfe_010/000009.jpg,outputs/gpde_diffusers_sdxl_nfe10_cfg_seed_sweep/schedules/GPDE/diffusers/sdxl/euler/cfg_7.5/seed_2/nfe_010,outputs/gpde_diffusers_sdxl_nfe10_cfg_seed_sweep/samples/diffusers/sdxl/euler/cfg_7.5/GPDE/seed_002/nfe_010,33.05047607421875,1.5239801406860352
diffusers,hf_sdxl_base_10,euler,GPDE,10,2,7.5,10,a fashion editorial photo of a model wearing a translucent raincoat in Tokyo at night,outputs/gpde_diffusers_sdxl_nfe10_cfg_seed_sweep/samples/diffusers/sdxl/euler/cfg_7.5/GPDE/seed_002/nfe_010/000010.jpg,outputs/gpde_diffusers_sdxl_nfe10_cfg_seed_sweep/schedules/GPDE/diffusers/sdxl/euler/cfg_7.5/seed_2/nfe_010,outputs/gpde_diffusers_sdxl_nfe10_cfg_seed_sweep/samples/diffusers/sdxl/euler/cfg_7.5/GPDE/seed_002/nfe_010,37.399559020996094,1.8911501169204712
diffusers,hf_sdxl_base_10,euler,GPDE,10,2,7.5,11,a realistic red fox statue made of folded paper on a white museum pedestal,outputs/gpde_diffusers_sdxl_nfe10_cfg_seed_sweep/samples/diffusers/sdxl/euler/cfg_7.5/GPDE/seed_002/nfe_010/000011.jpg,outputs/gpde_diffusers_sdxl_nfe10_cfg_seed_sweep/schedules/GPDE/diffusers/sdxl/euler/cfg_7.5/seed_2/nfe_010,outputs/gpde_diffusers_sdxl_nfe10_cfg_seed_sweep/samples/diffusers/sdxl/euler/cfg_7.5/GPDE/seed_002/nfe_010,35.546077728271484,1.8871252536773682
diffusers,hf_sdxl_base_10,euler,GPDE,10,2,7.5,12,a detailed cutaway illustration of a tiny submarine exploring a coral reef,outputs/gpde_diffusers_sdxl_nfe10_cfg_seed_sweep/samples/diffusers/sdxl/euler/cfg_7.5/GPDE/seed_002/nfe_010/000012.jpg,outputs/gpde_diffusers_sdxl_nfe10_cfg_seed_sweep/schedules/GPDE/diffusers/sdxl/euler/cfg_7.5/seed_2/nfe_010,outputs/gpde_diffusers_sdxl_nfe10_cfg_seed_sweep/samples/diffusers/sdxl/euler/cfg_7.5/GPDE/seed_002/nfe_010,30.811744689941406,1.5191175937652588
diffusers,hf_sdxl_base_10,euler,GPDE,10,2,7.5,13,a product photo of wireless headphones on brushed aluminum with blue accent lighting,outputs/gpde_diffusers_sdxl_nfe10_cfg_seed_sweep/samples/diffusers/sdxl/euler/cfg_7.5/GPDE/seed_002/nfe_010/000013.jpg,outputs/gpde_diffusers_sdxl_nfe10_cfg_seed_sweep/schedules/GPDE/diffusers/sdxl/euler/cfg_7.5/seed_2/nfe_010,outputs/gpde_diffusers_sdxl_nfe10_cfg_seed_sweep/samples/diffusers/sdxl/euler/cfg_7.5/GPDE/seed_002/nfe_010,31.365049362182617,1.4570626020431519
diffusers,hf_sdxl_base_10,euler,GPDE,10,2,7.5,14,"a medieval market square during a festival, banners, musicians, detailed crowd",outputs/gpde_diffusers_sdxl_nfe10_cfg_seed_sweep/samples/diffusers/sdxl/euler/cfg_7.5/GPDE/seed_002/nfe_010/000014.jpg,outputs/gpde_diffusers_sdxl_nfe10_cfg_seed_sweep/schedules/GPDE/diffusers/sdxl/euler/cfg_7.5/seed_2/nfe_010,outputs/gpde_diffusers_sdxl_nfe10_cfg_seed_sweep/samples/diffusers/sdxl/euler/cfg_7.5/GPDE/seed_002/nfe_010,26.78849983215332,0.6629137396812439
diffusers,hf_sdxl_base_10,euler,GPDE,10,2,7.5,15,an oil painting of a violinist performing in an empty subway station,outputs/gpde_diffusers_sdxl_nfe10_cfg_seed_sweep/samples/diffusers/sdxl/euler/cfg_7.5/GPDE/seed_002/nfe_010/000015.jpg,outputs/gpde_diffusers_sdxl_nfe10_cfg_seed_sweep/schedules/GPDE/diffusers/sdxl/euler/cfg_7.5/seed_2/nfe_010,outputs/gpde_diffusers_sdxl_nfe10_cfg_seed_sweep/samples/diffusers/sdxl/euler/cfg_7.5/GPDE/seed_002/nfe_010,41.92133712768555,1.85673189163208
diffusers,hf_sdxl_base_10,euler,GPDE,10,2,7.5,16,"a close-up portrait of an elderly sailor, weathered skin, navy coat, overcast harbor",outputs/gpde_diffusers_sdxl_nfe10_cfg_seed_sweep/samples/diffusers/sdxl/euler/cfg_7.5/GPDE/seed_002/nfe_010/000016.jpg,outputs/gpde_diffusers_sdxl_nfe10_cfg_seed_sweep/schedules/GPDE/diffusers/sdxl/euler/cfg_7.5/seed_2/nfe_010,outputs/gpde_diffusers_sdxl_nfe10_cfg_seed_sweep/samples/diffusers/sdxl/euler/cfg_7.5/GPDE/seed_002/nfe_010,31.417470932006836,1.5191185474395752
diffusers,hf_sdxl_base_10,euler,GPDE,10,2,7.5,17,a clean architectural rendering of a modern cabin beside a frozen lake,outputs/gpde_diffusers_sdxl_nfe10_cfg_seed_sweep/samples/diffusers/sdxl/euler/cfg_7.5/GPDE/seed_002/nfe_010/000017.jpg,outputs/gpde_diffusers_sdxl_nfe10_cfg_seed_sweep/schedules/GPDE/diffusers/sdxl/euler/cfg_7.5/seed_2/nfe_010,outputs/gpde_diffusers_sdxl_nfe10_cfg_seed_sweep/samples/diffusers/sdxl/euler/cfg_7.5/GPDE/seed_002/nfe_010,36.14580535888672,0.9394709467887878
diffusers,hf_sdxl_base_10,euler,GPDE,10,2,7.5,18,a surreal desert filled with floating glass spheres and distant black mountains,outputs/gpde_diffusers_sdxl_nfe10_cfg_seed_sweep/samples/diffusers/sdxl/euler/cfg_7.5/GPDE/seed_002/nfe_010/000018.jpg,outputs/gpde_diffusers_sdxl_nfe10_cfg_seed_sweep/schedules/GPDE/diffusers/sdxl/euler/cfg_7.5/seed_2/nfe_010,outputs/gpde_diffusers_sdxl_nfe10_cfg_seed_sweep/samples/diffusers/sdxl/euler/cfg_7.5/GPDE/seed_002/nfe_010,31.311553955078125,1.8650330305099487
diffusers,hf_sdxl_base_10,euler,GPDE,10,2,7.5,19,a documentary photo of a scientist collecting ice cores in Antarctica,outputs/gpde_diffusers_sdxl_nfe10_cfg_seed_sweep/samples/diffusers/sdxl/euler/cfg_7.5/GPDE/seed_002/nfe_010/000019.jpg,outputs/gpde_diffusers_sdxl_nfe10_cfg_seed_sweep/schedules/GPDE/diffusers/sdxl/euler/cfg_7.5/seed_2/nfe_010,outputs/gpde_diffusers_sdxl_nfe10_cfg_seed_sweep/samples/diffusers/sdxl/euler/cfg_7.5/GPDE/seed_002/nfe_010,31.514406204223633,1.0295391082763672
diffusers,hf_sdxl_base_10,euler,GPDE,10,2,7.5,20,a detailed 3D render of a mechanical hummingbird with copper wings,outputs/gpde_diffusers_sdxl_nfe10_cfg_seed_sweep/samples/diffusers/sdxl/euler/cfg_7.5/GPDE/seed_002/nfe_010/000020.jpg,outputs/gpde_diffusers_sdxl_nfe10_cfg_seed_sweep/schedules/GPDE/diffusers/sdxl/euler/cfg_7.5/seed_2/nfe_010,outputs/gpde_diffusers_sdxl_nfe10_cfg_seed_sweep/samples/diffusers/sdxl/euler/cfg_7.5/GPDE/seed_002/nfe_010,35.28278350830078,-0.3148445188999176
diffusers,hf_sdxl_base_10,euler,GPDE,10,2,7.5,21,"a cozy cafe interior in autumn, pastries, espresso machine, soft morning light",outputs/gpde_diffusers_sdxl_nfe10_cfg_seed_sweep/samples/diffusers/sdxl/euler/cfg_7.5/GPDE/seed_002/nfe_010/000021.jpg,outputs/gpde_diffusers_sdxl_nfe10_cfg_seed_sweep/schedules/GPDE/diffusers/sdxl/euler/cfg_7.5/seed_2/nfe_010,outputs/gpde_diffusers_sdxl_nfe10_cfg_seed_sweep/samples/diffusers/sdxl/euler/cfg_7.5/GPDE/seed_002/nfe_010,28.917407989501953,1.564761757850647
diffusers,hf_sdxl_base_10,euler,GPDE,10,2,7.5,22,"a panoramic view of terraced rice fields under mist, workers in colorful clothing",outputs/gpde_diffusers_sdxl_nfe10_cfg_seed_sweep/samples/diffusers/sdxl/euler/cfg_7.5/GPDE/seed_002/nfe_010/000022.jpg,outputs/gpde_diffusers_sdxl_nfe10_cfg_seed_sweep/schedules/GPDE/diffusers/sdxl/euler/cfg_7.5/seed_2/nfe_010,outputs/gpde_diffusers_sdxl_nfe10_cfg_seed_sweep/samples/diffusers/sdxl/euler/cfg_7.5/GPDE/seed_002/nfe_010,29.38094139099121,0.4453163146972656
diffusers,hf_sdxl_base_10,euler,GPDE,10,2,7.5,23,a children's book illustration of a moonlit boat parade on a quiet canal,outputs/gpde_diffusers_sdxl_nfe10_cfg_seed_sweep/samples/diffusers/sdxl/euler/cfg_7.5/GPDE/seed_002/nfe_010/000023.jpg,outputs/gpde_diffusers_sdxl_nfe10_cfg_seed_sweep/schedules/GPDE/diffusers/sdxl/euler/cfg_7.5/seed_2/nfe_010,outputs/gpde_diffusers_sdxl_nfe10_cfg_seed_sweep/samples/diffusers/sdxl/euler/cfg_7.5/GPDE/seed_002/nfe_010,35.893070220947266,1.7134063243865967
diffusers,hf_sdxl_base_10,euler,GPDE,10,2,7.5,24,"a realistic sports car parked in a concrete tunnel, reflections, low angle",outputs/gpde_diffusers_sdxl_nfe10_cfg_seed_sweep/samples/diffusers/sdxl/euler/cfg_7.5/GPDE/seed_002/nfe_010/000024.jpg,outputs/gpde_diffusers_sdxl_nfe10_cfg_seed_sweep/schedules/GPDE/diffusers/sdxl/euler/cfg_7.5/seed_2/nfe_010,outputs/gpde_diffusers_sdxl_nfe10_cfg_seed_sweep/samples/diffusers/sdxl/euler/cfg_7.5/GPDE/seed_002/nfe_010,22.871673583984375,1.7225531339645386
diffusers,hf_sdxl_base_10,euler,GPDE,10,2,7.5,25,"a botanical diagram of rare orchids with labeled roots and petals, archival paper",outputs/gpde_diffusers_sdxl_nfe10_cfg_seed_sweep/samples/diffusers/sdxl/euler/cfg_7.5/GPDE/seed_002/nfe_010/000025.jpg,outputs/gpde_diffusers_sdxl_nfe10_cfg_seed_sweep/schedules/GPDE/diffusers/sdxl/euler/cfg_7.5/seed_2/nfe_010,outputs/gpde_diffusers_sdxl_nfe10_cfg_seed_sweep/samples/diffusers/sdxl/euler/cfg_7.5/GPDE/seed_002/nfe_010,30.897083282470703,1.108834147453308
diffusers,hf_sdxl_base_10,euler,GPDE,10,2,7.5,26,"a cyberpunk street food stall with steam, lanterns, and dense urban signage",outputs/gpde_diffusers_sdxl_nfe10_cfg_seed_sweep/samples/diffusers/sdxl/euler/cfg_7.5/GPDE/seed_002/nfe_010/000026.jpg,outputs/gpde_diffusers_sdxl_nfe10_cfg_seed_sweep/schedules/GPDE/diffusers/sdxl/euler/cfg_7.5/seed_2/nfe_010,outputs/gpde_diffusers_sdxl_nfe10_cfg_seed_sweep/samples/diffusers/sdxl/euler/cfg_7.5/GPDE/seed_002/nfe_010,29.957366943359375,1.5141650438308716
diffusers,hf_sdxl_base_10,euler,GPDE,10,2,7.5,27,"a still life of glass fruit bowls, linen cloth, and silver cutlery, natural light",outputs/gpde_diffusers_sdxl_nfe10_cfg_seed_sweep/samples/diffusers/sdxl/euler/cfg_7.5/GPDE/seed_002/nfe_010/000027.jpg,outputs/gpde_diffusers_sdxl_nfe10_cfg_seed_sweep/schedules/GPDE/diffusers/sdxl/euler/cfg_7.5/seed_2/nfe_010,outputs/gpde_diffusers_sdxl_nfe10_cfg_seed_sweep/samples/diffusers/sdxl/euler/cfg_7.5/GPDE/seed_002/nfe_010,29.091999053955078,1.1856547594070435
diffusers,hf_sdxl_base_10,euler,GPDE,10,2,7.5,28,a heroic statue covered in vines in an abandoned futuristic plaza,outputs/gpde_diffusers_sdxl_nfe10_cfg_seed_sweep/samples/diffusers/sdxl/euler/cfg_7.5/GPDE/seed_002/nfe_010/000028.jpg,outputs/gpde_diffusers_sdxl_nfe10_cfg_seed_sweep/schedules/GPDE/diffusers/sdxl/euler/cfg_7.5/seed_2/nfe_010,outputs/gpde_diffusers_sdxl_nfe10_cfg_seed_sweep/samples/diffusers/sdxl/euler/cfg_7.5/GPDE/seed_002/nfe_010,35.38924789428711,1.67765212059021
diffusers,hf_sdxl_base_10,euler,GPDE,10,2,7.5,29,a black and white film photograph of dancers rehearsing in a mirror-lined studio,outputs/gpde_diffusers_sdxl_nfe10_cfg_seed_sweep/samples/diffusers/sdxl/euler/cfg_7.5/GPDE/seed_002/nfe_010/000029.jpg,outputs/gpde_diffusers_sdxl_nfe10_cfg_seed_sweep/schedules/GPDE/diffusers/sdxl/euler/cfg_7.5/seed_2/nfe_010,outputs/gpde_diffusers_sdxl_nfe10_cfg_seed_sweep/samples/diffusers/sdxl/euler/cfg_7.5/GPDE/seed_002/nfe_010,30.798017501831055,1.463524341583252
diffusers,hf_sdxl_base_10,euler,GPDE,10,2,7.5,30,"a detailed scene of a spacecraft cockpit during reentry, glowing controls, tense mood",outputs/gpde_diffusers_sdxl_nfe10_cfg_seed_sweep/samples/diffusers/sdxl/euler/cfg_7.5/GPDE/seed_002/nfe_010/000030.jpg,outputs/gpde_diffusers_sdxl_nfe10_cfg_seed_sweep/schedules/GPDE/diffusers/sdxl/euler/cfg_7.5/seed_2/nfe_010,outputs/gpde_diffusers_sdxl_nfe10_cfg_seed_sweep/samples/diffusers/sdxl/euler/cfg_7.5/GPDE/seed_002/nfe_010,23.53170394897461,0.2665969729423523
diffusers,hf_sdxl_base_10,euler,GPDE,10,2,7.5,31,a claymation style village bakery with tiny loaves and painted signs,outputs/gpde_diffusers_sdxl_nfe10_cfg_seed_sweep/samples/diffusers/sdxl/euler/cfg_7.5/GPDE/seed_002/nfe_010/000031.jpg,outputs/gpde_diffusers_sdxl_nfe10_cfg_seed_sweep/schedules/GPDE/diffusers/sdxl/euler/cfg_7.5/seed_2/nfe_010,outputs/gpde_diffusers_sdxl_nfe10_cfg_seed_sweep/samples/diffusers/sdxl/euler/cfg_7.5/GPDE/seed_002/nfe_010,33.66962814331055,0.7422555088996887
diffusers,hf_sdxl_base_10,euler,GPDE,10,2,7.5,32,a realistic underwater photograph of a diver inspecting an ancient marble column,outputs/gpde_diffusers_sdxl_nfe10_cfg_seed_sweep/samples/diffusers/sdxl/euler/cfg_7.5/GPDE/seed_002/nfe_010/000032.jpg,outputs/gpde_diffusers_sdxl_nfe10_cfg_seed_sweep/schedules/GPDE/diffusers/sdxl/euler/cfg_7.5/seed_2/nfe_010,outputs/gpde_diffusers_sdxl_nfe10_cfg_seed_sweep/samples/diffusers/sdxl/euler/cfg_7.5/GPDE/seed_002/nfe_010,26.411855697631836,0.5632049441337585
diffusers,hf_sdxl_base_10,euler,GPDE,10,2,7.5,33,"a minimalist poster of a jazz quartet in deep red, cream, and black",outputs/gpde_diffusers_sdxl_nfe10_cfg_seed_sweep/samples/diffusers/sdxl/euler/cfg_7.5/GPDE/seed_002/nfe_010/000033.jpg,outputs/gpde_diffusers_sdxl_nfe10_cfg_seed_sweep/schedules/GPDE/diffusers/sdxl/euler/cfg_7.5/seed_2/nfe_010,outputs/gpde_diffusers_sdxl_nfe10_cfg_seed_sweep/samples/diffusers/sdxl/euler/cfg_7.5/GPDE/seed_002/nfe_010,29.37222671508789,-0.08202995359897614
diffusers,hf_sdxl_base_10,euler,GPDE,10,2,7.5,34,a high detail portrait of a queen wearing armor made of mother of pearl,outputs/gpde_diffusers_sdxl_nfe10_cfg_seed_sweep/samples/diffusers/sdxl/euler/cfg_7.5/GPDE/seed_002/nfe_010/000034.jpg,outputs/gpde_diffusers_sdxl_nfe10_cfg_seed_sweep/schedules/GPDE/diffusers/sdxl/euler/cfg_7.5/seed_2/nfe_010,outputs/gpde_diffusers_sdxl_nfe10_cfg_seed_sweep/samples/diffusers/sdxl/euler/cfg_7.5/GPDE/seed_002/nfe_010,27.279651641845703,0.5653241872787476
diffusers,hf_sdxl_base_10,euler,GPDE,10,2,7.5,35,"a top-down board game map of an island with forests, cliffs, and hidden ruins",outputs/gpde_diffusers_sdxl_nfe10_cfg_seed_sweep/samples/diffusers/sdxl/euler/cfg_7.5/GPDE/seed_002/nfe_010/000035.jpg,outputs/gpde_diffusers_sdxl_nfe10_cfg_seed_sweep/schedules/GPDE/diffusers/sdxl/euler/cfg_7.5/seed_2/nfe_010,outputs/gpde_diffusers_sdxl_nfe10_cfg_seed_sweep/samples/diffusers/sdxl/euler/cfg_7.5/GPDE/seed_002/nfe_010,24.576637268066406,-0.07194091379642487
diffusers,hf_sdxl_base_10,euler,GPDE,10,2,7.5,36,"a luxury watch exploded view on a dark background, precise gears and screws",outputs/gpde_diffusers_sdxl_nfe10_cfg_seed_sweep/samples/diffusers/sdxl/euler/cfg_7.5/GPDE/seed_002/nfe_010/000036.jpg,outputs/gpde_diffusers_sdxl_nfe10_cfg_seed_sweep/schedules/GPDE/diffusers/sdxl/euler/cfg_7.5/seed_2/nfe_010,outputs/gpde_diffusers_sdxl_nfe10_cfg_seed_sweep/samples/diffusers/sdxl/euler/cfg_7.5/GPDE/seed_002/nfe_010,28.14653205871582,0.18697117269039154
diffusers,hf_sdxl_base_10,euler,GPDE,10,2,7.5,37,"a sunlit greenhouse filled with tomatoes, watering cans, and terracotta pots",outputs/gpde_diffusers_sdxl_nfe10_cfg_seed_sweep/samples/diffusers/sdxl/euler/cfg_7.5/GPDE/seed_002/nfe_010/000037.jpg,outputs/gpde_diffusers_sdxl_nfe10_cfg_seed_sweep/schedules/GPDE/diffusers/sdxl/euler/cfg_7.5/seed_2/nfe_010,outputs/gpde_diffusers_sdxl_nfe10_cfg_seed_sweep/samples/diffusers/sdxl/euler/cfg_7.5/GPDE/seed_002/nfe_010,32.04381561279297,1.4742035865783691
diffusers,hf_sdxl_base_10,euler,GPDE,10,2,7.5,38,a night landscape of fireflies over a meadow beside a quiet river,outputs/gpde_diffusers_sdxl_nfe10_cfg_seed_sweep/samples/diffusers/sdxl/euler/cfg_7.5/GPDE/seed_002/nfe_010/000038.jpg,outputs/gpde_diffusers_sdxl_nfe10_cfg_seed_sweep/schedules/GPDE/diffusers/sdxl/euler/cfg_7.5/seed_2/nfe_010,outputs/gpde_diffusers_sdxl_nfe10_cfg_seed_sweep/samples/diffusers/sdxl/euler/cfg_7.5/GPDE/seed_002/nfe_010,32.56686782836914,1.55036461353302
diffusers,hf_sdxl_base_10,euler,GPDE,10,2,7.5,39,a realistic photo of a rescue helicopter landing on a snowy mountain ridge,outputs/gpde_diffusers_sdxl_nfe10_cfg_seed_sweep/samples/diffusers/sdxl/euler/cfg_7.5/GPDE/seed_002/nfe_010/000039.jpg,outputs/gpde_diffusers_sdxl_nfe10_cfg_seed_sweep/schedules/GPDE/diffusers/sdxl/euler/cfg_7.5/seed_2/nfe_010,outputs/gpde_diffusers_sdxl_nfe10_cfg_seed_sweep/samples/diffusers/sdxl/euler/cfg_7.5/GPDE/seed_002/nfe_010,31.96534538269043,1.2043617963790894
diffusers,hf_sdxl_base_10,euler,GPDE,10,2,7.5,40,a concept art scene of a floating research station above Jupiter's clouds,outputs/gpde_diffusers_sdxl_nfe10_cfg_seed_sweep/samples/diffusers/sdxl/euler/cfg_7.5/GPDE/seed_002/nfe_010/000040.jpg,outputs/gpde_diffusers_sdxl_nfe10_cfg_seed_sweep/schedules/GPDE/diffusers/sdxl/euler/cfg_7.5/seed_2/nfe_010,outputs/gpde_diffusers_sdxl_nfe10_cfg_seed_sweep/samples/diffusers/sdxl/euler/cfg_7.5/GPDE/seed_002/nfe_010,24.185895919799805,1.8684110641479492
diffusers,hf_sdxl_base_10,euler,GPDE,10,2,7.5,41,a detailed pencil drawing of an old bicycle leaning against a brick wall,outputs/gpde_diffusers_sdxl_nfe10_cfg_seed_sweep/samples/diffusers/sdxl/euler/cfg_7.5/GPDE/seed_002/nfe_010/000041.jpg,outputs/gpde_diffusers_sdxl_nfe10_cfg_seed_sweep/schedules/GPDE/diffusers/sdxl/euler/cfg_7.5/seed_2/nfe_010,outputs/gpde_diffusers_sdxl_nfe10_cfg_seed_sweep/samples/diffusers/sdxl/euler/cfg_7.5/GPDE/seed_002/nfe_010,36.37139129638672,1.4436553716659546
diffusers,hf_sdxl_base_10,euler,GPDE,10,2,7.5,42,"a museum diorama of prehistoric sea creatures, dramatic educational lighting",outputs/gpde_diffusers_sdxl_nfe10_cfg_seed_sweep/samples/diffusers/sdxl/euler/cfg_7.5/GPDE/seed_002/nfe_010/000042.jpg,outputs/gpde_diffusers_sdxl_nfe10_cfg_seed_sweep/schedules/GPDE/diffusers/sdxl/euler/cfg_7.5/seed_2/nfe_010,outputs/gpde_diffusers_sdxl_nfe10_cfg_seed_sweep/samples/diffusers/sdxl/euler/cfg_7.5/GPDE/seed_002/nfe_010,34.86199951171875,0.43920639157295227
diffusers,hf_sdxl_base_10,euler,GPDE,10,2,7.5,43,"a peaceful Japanese garden with koi pond, stone bridge, and maple leaves",outputs/gpde_diffusers_sdxl_nfe10_cfg_seed_sweep/samples/diffusers/sdxl/euler/cfg_7.5/GPDE/seed_002/nfe_010/000043.jpg,outputs/gpde_diffusers_sdxl_nfe10_cfg_seed_sweep/schedules/GPDE/diffusers/sdxl/euler/cfg_7.5/seed_2/nfe_010,outputs/gpde_diffusers_sdxl_nfe10_cfg_seed_sweep/samples/diffusers/sdxl/euler/cfg_7.5/GPDE/seed_002/nfe_010,29.268169403076172,1.091164231300354
diffusers,hf_sdxl_base_10,euler,GPDE,10,2,7.5,44,"a close-up food photograph of ramen with soft egg, steam, and ceramic bowl",outputs/gpde_diffusers_sdxl_nfe10_cfg_seed_sweep/samples/diffusers/sdxl/euler/cfg_7.5/GPDE/seed_002/nfe_010/000044.jpg,outputs/gpde_diffusers_sdxl_nfe10_cfg_seed_sweep/schedules/GPDE/diffusers/sdxl/euler/cfg_7.5/seed_2/nfe_010,outputs/gpde_diffusers_sdxl_nfe10_cfg_seed_sweep/samples/diffusers/sdxl/euler/cfg_7.5/GPDE/seed_002/nfe_010,30.74275779724121,0.5433502793312073
diffusers,hf_sdxl_base_10,euler,GPDE,10,2,7.5,45,a vibrant parade costume covered with mirrors and embroidered flowers,outputs/gpde_diffusers_sdxl_nfe10_cfg_seed_sweep/samples/diffusers/sdxl/euler/cfg_7.5/GPDE/seed_002/nfe_010/000045.jpg,outputs/gpde_diffusers_sdxl_nfe10_cfg_seed_sweep/schedules/GPDE/diffusers/sdxl/euler/cfg_7.5/seed_2/nfe_010,outputs/gpde_diffusers_sdxl_nfe10_cfg_seed_sweep/samples/diffusers/sdxl/euler/cfg_7.5/GPDE/seed_002/nfe_010,31.95633888244629,0.7780946493148804
diffusers,hf_sdxl_base_10,euler,GPDE,10,2,7.5,46,a realistic image of a hand-crafted wooden chess set mid game by candlelight,outputs/gpde_diffusers_sdxl_nfe10_cfg_seed_sweep/samples/diffusers/sdxl/euler/cfg_7.5/GPDE/seed_002/nfe_010/000046.jpg,outputs/gpde_diffusers_sdxl_nfe10_cfg_seed_sweep/schedules/GPDE/diffusers/sdxl/euler/cfg_7.5/seed_2/nfe_010,outputs/gpde_diffusers_sdxl_nfe10_cfg_seed_sweep/samples/diffusers/sdxl/euler/cfg_7.5/GPDE/seed_002/nfe_010,25.473085403442383,-1.0291519165039062
diffusers,hf_sdxl_base_10,euler,GPDE,10,2,7.5,47,a wide angle view of a data center corridor with blue status lights,outputs/gpde_diffusers_sdxl_nfe10_cfg_seed_sweep/samples/diffusers/sdxl/euler/cfg_7.5/GPDE/seed_002/nfe_010/000047.jpg,outputs/gpde_diffusers_sdxl_nfe10_cfg_seed_sweep/schedules/GPDE/diffusers/sdxl/euler/cfg_7.5/seed_2/nfe_010,outputs/gpde_diffusers_sdxl_nfe10_cfg_seed_sweep/samples/diffusers/sdxl/euler/cfg_7.5/GPDE/seed_002/nfe_010,19.572574615478516,1.4402989149093628
diffusers,hf_sdxl_base_10,euler,GPDE,10,2,7.5,48,a magical realism scene of books flying through an old train carriage,outputs/gpde_diffusers_sdxl_nfe10_cfg_seed_sweep/samples/diffusers/sdxl/euler/cfg_7.5/GPDE/seed_002/nfe_010/000048.jpg,outputs/gpde_diffusers_sdxl_nfe10_cfg_seed_sweep/schedules/GPDE/diffusers/sdxl/euler/cfg_7.5/seed_2/nfe_010,outputs/gpde_diffusers_sdxl_nfe10_cfg_seed_sweep/samples/diffusers/sdxl/euler/cfg_7.5/GPDE/seed_002/nfe_010,35.59175491333008,0.9395021200180054
diffusers,hf_sdxl_base_10,euler,GPDE,10,2,7.5,49,a studio portrait of a golden retriever wearing aviator goggles and a red scarf,outputs/gpde_diffusers_sdxl_nfe10_cfg_seed_sweep/samples/diffusers/sdxl/euler/cfg_7.5/GPDE/seed_002/nfe_010/000049.jpg,outputs/gpde_diffusers_sdxl_nfe10_cfg_seed_sweep/schedules/GPDE/diffusers/sdxl/euler/cfg_7.5/seed_2/nfe_010,outputs/gpde_diffusers_sdxl_nfe10_cfg_seed_sweep/samples/diffusers/sdxl/euler/cfg_7.5/GPDE/seed_002/nfe_010,36.5517692565918,1.8785810470581055
diffusers,hf_sdxl_base_10,euler,ays,10,0,7.5,0,"a cinematic portrait of an astronaut botanist in a glass greenhouse on Mars, detailed fabric, soft rim light",outputs/gpde_diffusers_sdxl_nfe10_cfg_seed_sweep/samples/diffusers/sdxl/euler/cfg_7.5/ays/seed_000/nfe_010/000000.jpg,schedules/ays_like/published/sdxl/nfe_010,outputs/gpde_diffusers_sdxl_nfe10_cfg_seed_sweep/samples/diffusers/sdxl/euler/cfg_7.5/ays/seed_000/nfe_010,32.591243743896484,0.314738929271698
diffusers,hf_sdxl_base_10,euler,ays,10,0,7.5,1,"a small brass robot repairing an antique clock in a sunlit workshop, shallow depth of field",outputs/gpde_diffusers_sdxl_nfe10_cfg_seed_sweep/samples/diffusers/sdxl/euler/cfg_7.5/ays/seed_000/nfe_010/000001.jpg,schedules/ays_like/published/sdxl/nfe_010,outputs/gpde_diffusers_sdxl_nfe10_cfg_seed_sweep/samples/diffusers/sdxl/euler/cfg_7.5/ays/seed_000/nfe_010,27.567106246948242,0.7465571761131287
diffusers,hf_sdxl_base_10,euler,ays,10,0,7.5,2,"a watercolor city street after rain with neon signs reflected in puddles, evening atmosphere",outputs/gpde_diffusers_sdxl_nfe10_cfg_seed_sweep/samples/diffusers/sdxl/euler/cfg_7.5/ays/seed_000/nfe_010/000002.jpg,schedules/ays_like/published/sdxl/nfe_010,outputs/gpde_diffusers_sdxl_nfe10_cfg_seed_sweep/samples/diffusers/sdxl/euler/cfg_7.5/ays/seed_000/nfe_010,32.67813491821289,1.3807834386825562
diffusers,hf_sdxl_base_10,euler,ays,10,0,7.5,3,a high resolution studio photo of a ceramic teapot shaped like a seashell on a slate table,outputs/gpde_diffusers_sdxl_nfe10_cfg_seed_sweep/samples/diffusers/sdxl/euler/cfg_7.5/ays/seed_000/nfe_010/000003.jpg,schedules/ays_like/published/sdxl/nfe_010,outputs/gpde_diffusers_sdxl_nfe10_cfg_seed_sweep/samples/diffusers/sdxl/euler/cfg_7.5/ays/seed_000/nfe_010,30.023563385009766,1.2242286205291748
diffusers,hf_sdxl_base_10,euler,ays,10,0,7.5,4,"a fantasy library carved inside a giant tree, spiral stairs, warm lanterns, intricate shelves",outputs/gpde_diffusers_sdxl_nfe10_cfg_seed_sweep/samples/diffusers/sdxl/euler/cfg_7.5/ays/seed_000/nfe_010/000004.jpg,schedules/ays_like/published/sdxl/nfe_010,outputs/gpde_diffusers_sdxl_nfe10_cfg_seed_sweep/samples/diffusers/sdxl/euler/cfg_7.5/ays/seed_000/nfe_010,30.48212242126465,1.600697636604309
diffusers,hf_sdxl_base_10,euler,ays,10,0,7.5,5,"a macro photograph of a snowflake resting on dark wool, crisp crystalline detail",outputs/gpde_diffusers_sdxl_nfe10_cfg_seed_sweep/samples/diffusers/sdxl/euler/cfg_7.5/ays/seed_000/nfe_010/000005.jpg,schedules/ays_like/published/sdxl/nfe_010,outputs/gpde_diffusers_sdxl_nfe10_cfg_seed_sweep/samples/diffusers/sdxl/euler/cfg_7.5/ays/seed_000/nfe_010,26.608394622802734,-0.06782932579517365
diffusers,hf_sdxl_base_10,euler,ays,10,0,7.5,6,"a retro futuristic train crossing a desert at sunset, chrome surfaces, long shadows",outputs/gpde_diffusers_sdxl_nfe10_cfg_seed_sweep/samples/diffusers/sdxl/euler/cfg_7.5/ays/seed_000/nfe_010/000006.jpg,schedules/ays_like/published/sdxl/nfe_010,outputs/gpde_diffusers_sdxl_nfe10_cfg_seed_sweep/samples/diffusers/sdxl/euler/cfg_7.5/ays/seed_000/nfe_010,31.26648712158203,1.832138180732727
diffusers,hf_sdxl_base_10,euler,ays,10,0,7.5,7,"a chef plating a colorful molecular gastronomy dessert, clean restaurant lighting",outputs/gpde_diffusers_sdxl_nfe10_cfg_seed_sweep/samples/diffusers/sdxl/euler/cfg_7.5/ays/seed_000/nfe_010/000007.jpg,schedules/ays_like/published/sdxl/nfe_010,outputs/gpde_diffusers_sdxl_nfe10_cfg_seed_sweep/samples/diffusers/sdxl/euler/cfg_7.5/ays/seed_000/nfe_010,31.861007690429688,-0.24165275692939758
diffusers,hf_sdxl_base_10,euler,ays,10,0,7.5,8,"an isometric cozy bedroom with plants, books, a desk lamp, and a rainy window",outputs/gpde_diffusers_sdxl_nfe10_cfg_seed_sweep/samples/diffusers/sdxl/euler/cfg_7.5/ays/seed_000/nfe_010/000008.jpg,schedules/ays_like/published/sdxl/nfe_010,outputs/gpde_diffusers_sdxl_nfe10_cfg_seed_sweep/samples/diffusers/sdxl/euler/cfg_7.5/ays/seed_000/nfe_010,35.6167106628418,0.5787324905395508
diffusers,hf_sdxl_base_10,euler,ays,10,0,7.5,9,"a dramatic mountain monastery above clouds, sunrise, detailed stone architecture",outputs/gpde_diffusers_sdxl_nfe10_cfg_seed_sweep/samples/diffusers/sdxl/euler/cfg_7.5/ays/seed_000/nfe_010/000009.jpg,schedules/ays_like/published/sdxl/nfe_010,outputs/gpde_diffusers_sdxl_nfe10_cfg_seed_sweep/samples/diffusers/sdxl/euler/cfg_7.5/ays/seed_000/nfe_010,34.743186950683594,1.832427978515625
diffusers,hf_sdxl_base_10,euler,ays,10,0,7.5,10,a fashion editorial photo of a model wearing a translucent raincoat in Tokyo at night,outputs/gpde_diffusers_sdxl_nfe10_cfg_seed_sweep/samples/diffusers/sdxl/euler/cfg_7.5/ays/seed_000/nfe_010/000010.jpg,schedules/ays_like/published/sdxl/nfe_010,outputs/gpde_diffusers_sdxl_nfe10_cfg_seed_sweep/samples/diffusers/sdxl/euler/cfg_7.5/ays/seed_000/nfe_010,32.1126594543457,1.9865708351135254
diffusers,hf_sdxl_base_10,euler,ays,10,0,7.5,11,a realistic red fox statue made of folded paper on a white museum pedestal,outputs/gpde_diffusers_sdxl_nfe10_cfg_seed_sweep/samples/diffusers/sdxl/euler/cfg_7.5/ays/seed_000/nfe_010/000011.jpg,schedules/ays_like/published/sdxl/nfe_010,outputs/gpde_diffusers_sdxl_nfe10_cfg_seed_sweep/samples/diffusers/sdxl/euler/cfg_7.5/ays/seed_000/nfe_010,32.88859176635742,1.694312572479248
diffusers,hf_sdxl_base_10,euler,ays,10,0,7.5,12,a detailed cutaway illustration of a tiny submarine exploring a coral reef,outputs/gpde_diffusers_sdxl_nfe10_cfg_seed_sweep/samples/diffusers/sdxl/euler/cfg_7.5/ays/seed_000/nfe_010/000012.jpg,schedules/ays_like/published/sdxl/nfe_010,outputs/gpde_diffusers_sdxl_nfe10_cfg_seed_sweep/samples/diffusers/sdxl/euler/cfg_7.5/ays/seed_000/nfe_010,30.38880157470703,1.7117496728897095
diffusers,hf_sdxl_base_10,euler,ays,10,0,7.5,13,a product photo of wireless headphones on brushed aluminum with blue accent lighting,outputs/gpde_diffusers_sdxl_nfe10_cfg_seed_sweep/samples/diffusers/sdxl/euler/cfg_7.5/ays/seed_000/nfe_010/000013.jpg,schedules/ays_like/published/sdxl/nfe_010,outputs/gpde_diffusers_sdxl_nfe10_cfg_seed_sweep/samples/diffusers/sdxl/euler/cfg_7.5/ays/seed_000/nfe_010,30.175399780273438,0.8947701454162598
diffusers,hf_sdxl_base_10,euler,ays,10,0,7.5,14,"a medieval market square during a festival, banners, musicians, detailed crowd",outputs/gpde_diffusers_sdxl_nfe10_cfg_seed_sweep/samples/diffusers/sdxl/euler/cfg_7.5/ays/seed_000/nfe_010/000014.jpg,schedules/ays_like/published/sdxl/nfe_010,outputs/gpde_diffusers_sdxl_nfe10_cfg_seed_sweep/samples/diffusers/sdxl/euler/cfg_7.5/ays/seed_000/nfe_010,24.907390594482422,0.8066261410713196
diffusers,hf_sdxl_base_10,euler,ays,10,0,7.5,15,an oil painting of a violinist performing in an empty subway station,outputs/gpde_diffusers_sdxl_nfe10_cfg_seed_sweep/samples/diffusers/sdxl/euler/cfg_7.5/ays/seed_000/nfe_010/000015.jpg,schedules/ays_like/published/sdxl/nfe_010,outputs/gpde_diffusers_sdxl_nfe10_cfg_seed_sweep/samples/diffusers/sdxl/euler/cfg_7.5/ays/seed_000/nfe_010,38.47355651855469,1.7650980949401855
diffusers,hf_sdxl_base_10,euler,ays,10,0,7.5,16,"a close-up portrait of an elderly sailor, weathered skin, navy coat, overcast harbor",outputs/gpde_diffusers_sdxl_nfe10_cfg_seed_sweep/samples/diffusers/sdxl/euler/cfg_7.5/ays/seed_000/nfe_010/000016.jpg,schedules/ays_like/published/sdxl/nfe_010,outputs/gpde_diffusers_sdxl_nfe10_cfg_seed_sweep/samples/diffusers/sdxl/euler/cfg_7.5/ays/seed_000/nfe_010,25.575286865234375,1.6428160667419434
diffusers,hf_sdxl_base_10,euler,ays,10,0,7.5,17,a clean architectural rendering of a modern cabin beside a frozen lake,outputs/gpde_diffusers_sdxl_nfe10_cfg_seed_sweep/samples/diffusers/sdxl/euler/cfg_7.5/ays/seed_000/nfe_010/000017.jpg,schedules/ays_like/published/sdxl/nfe_010,outputs/gpde_diffusers_sdxl_nfe10_cfg_seed_sweep/samples/diffusers/sdxl/euler/cfg_7.5/ays/seed_000/nfe_010,36.71901321411133,1.1560020446777344
diffusers,hf_sdxl_base_10,euler,ays,10,0,7.5,18,a surreal desert filled with floating glass spheres and distant black mountains,outputs/gpde_diffusers_sdxl_nfe10_cfg_seed_sweep/samples/diffusers/sdxl/euler/cfg_7.5/ays/seed_000/nfe_010/000018.jpg,schedules/ays_like/published/sdxl/nfe_010,outputs/gpde_diffusers_sdxl_nfe10_cfg_seed_sweep/samples/diffusers/sdxl/euler/cfg_7.5/ays/seed_000/nfe_010,33.156890869140625,1.7300137281417847
diffusers,hf_sdxl_base_10,euler,ays,10,0,7.5,19,a documentary photo of a scientist collecting ice cores in Antarctica,outputs/gpde_diffusers_sdxl_nfe10_cfg_seed_sweep/samples/diffusers/sdxl/euler/cfg_7.5/ays/seed_000/nfe_010/000019.jpg,schedules/ays_like/published/sdxl/nfe_010,outputs/gpde_diffusers_sdxl_nfe10_cfg_seed_sweep/samples/diffusers/sdxl/euler/cfg_7.5/ays/seed_000/nfe_010,29.51272201538086,-0.013557001017034054
diffusers,hf_sdxl_base_10,euler,ays,10,0,7.5,20,a detailed 3D render of a mechanical hummingbird with copper wings,outputs/gpde_diffusers_sdxl_nfe10_cfg_seed_sweep/samples/diffusers/sdxl/euler/cfg_7.5/ays/seed_000/nfe_010/000020.jpg,schedules/ays_like/published/sdxl/nfe_010,outputs/gpde_diffusers_sdxl_nfe10_cfg_seed_sweep/samples/diffusers/sdxl/euler/cfg_7.5/ays/seed_000/nfe_010,36.90717315673828,0.8571966290473938
diffusers,hf_sdxl_base_10,euler,ays,10,0,7.5,21,"a cozy cafe interior in autumn, pastries, espresso machine, soft morning light",outputs/gpde_diffusers_sdxl_nfe10_cfg_seed_sweep/samples/diffusers/sdxl/euler/cfg_7.5/ays/seed_000/nfe_010/000021.jpg,schedules/ays_like/published/sdxl/nfe_010,outputs/gpde_diffusers_sdxl_nfe10_cfg_seed_sweep/samples/diffusers/sdxl/euler/cfg_7.5/ays/seed_000/nfe_010,30.521846771240234,1.0640791654586792
diffusers,hf_sdxl_base_10,euler,ays,10,0,7.5,22,"a panoramic view of terraced rice fields under mist, workers in colorful clothing",outputs/gpde_diffusers_sdxl_nfe10_cfg_seed_sweep/samples/diffusers/sdxl/euler/cfg_7.5/ays/seed_000/nfe_010/000022.jpg,schedules/ays_like/published/sdxl/nfe_010,outputs/gpde_diffusers_sdxl_nfe10_cfg_seed_sweep/samples/diffusers/sdxl/euler/cfg_7.5/ays/seed_000/nfe_010,29.15852928161621,-0.41120946407318115
diffusers,hf_sdxl_base_10,euler,ays,10,0,7.5,23,a children's book illustration of a moonlit boat parade on a quiet canal,outputs/gpde_diffusers_sdxl_nfe10_cfg_seed_sweep/samples/diffusers/sdxl/euler/cfg_7.5/ays/seed_000/nfe_010/000023.jpg,schedules/ays_like/published/sdxl/nfe_010,outputs/gpde_diffusers_sdxl_nfe10_cfg_seed_sweep/samples/diffusers/sdxl/euler/cfg_7.5/ays/seed_000/nfe_010,33.71073532104492,1.651620626449585
diffusers,hf_sdxl_base_10,euler,ays,10,0,7.5,24,"a realistic sports car parked in a concrete tunnel, reflections, low angle",outputs/gpde_diffusers_sdxl_nfe10_cfg_seed_sweep/samples/diffusers/sdxl/euler/cfg_7.5/ays/seed_000/nfe_010/000024.jpg,schedules/ays_like/published/sdxl/nfe_010,outputs/gpde_diffusers_sdxl_nfe10_cfg_seed_sweep/samples/diffusers/sdxl/euler/cfg_7.5/ays/seed_000/nfe_010,26.416027069091797,1.5618137121200562
diffusers,hf_sdxl_base_10,euler,ays,10,0,7.5,25,"a botanical diagram of rare orchids with labeled roots and petals, archival paper",outputs/gpde_diffusers_sdxl_nfe10_cfg_seed_sweep/samples/diffusers/sdxl/euler/cfg_7.5/ays/seed_000/nfe_010/000025.jpg,schedules/ays_like/published/sdxl/nfe_010,outputs/gpde_diffusers_sdxl_nfe10_cfg_seed_sweep/samples/diffusers/sdxl/euler/cfg_7.5/ays/seed_000/nfe_010,29.257404327392578,0.5949321985244751
diffusers,hf_sdxl_base_10,euler,ays,10,0,7.5,26,"a cyberpunk street food stall with steam, lanterns, and dense urban signage",outputs/gpde_diffusers_sdxl_nfe10_cfg_seed_sweep/samples/diffusers/sdxl/euler/cfg_7.5/ays/seed_000/nfe_010/000026.jpg,schedules/ays_like/published/sdxl/nfe_010,outputs/gpde_diffusers_sdxl_nfe10_cfg_seed_sweep/samples/diffusers/sdxl/euler/cfg_7.5/ays/seed_000/nfe_010,30.83702278137207,1.380476713180542
diffusers,hf_sdxl_base_10,euler,ays,10,0,7.5,27,"a still life of glass fruit bowls, linen cloth, and silver cutlery, natural light",outputs/gpde_diffusers_sdxl_nfe10_cfg_seed_sweep/samples/diffusers/sdxl/euler/cfg_7.5/ays/seed_000/nfe_010/000027.jpg,schedules/ays_like/published/sdxl/nfe_010,outputs/gpde_diffusers_sdxl_nfe10_cfg_seed_sweep/samples/diffusers/sdxl/euler/cfg_7.5/ays/seed_000/nfe_010,31.40239143371582,0.17619632184505463
diffusers,hf_sdxl_base_10,euler,ays,10,0,7.5,28,a heroic statue covered in vines in an abandoned futuristic plaza,outputs/gpde_diffusers_sdxl_nfe10_cfg_seed_sweep/samples/diffusers/sdxl/euler/cfg_7.5/ays/seed_000/nfe_010/000028.jpg,schedules/ays_like/published/sdxl/nfe_010,outputs/gpde_diffusers_sdxl_nfe10_cfg_seed_sweep/samples/diffusers/sdxl/euler/cfg_7.5/ays/seed_000/nfe_010,32.671356201171875,1.7531222105026245
diffusers,hf_sdxl_base_10,euler,ays,10,0,7.5,29,a black and white film photograph of dancers rehearsing in a mirror-lined studio,outputs/gpde_diffusers_sdxl_nfe10_cfg_seed_sweep/samples/diffusers/sdxl/euler/cfg_7.5/ays/seed_000/nfe_010/000029.jpg,schedules/ays_like/published/sdxl/nfe_010,outputs/gpde_diffusers_sdxl_nfe10_cfg_seed_sweep/samples/diffusers/sdxl/euler/cfg_7.5/ays/seed_000/nfe_010,32.18447494506836,1.6046733856201172
diffusers,hf_sdxl_base_10,euler,ays,10,0,7.5,30,"a detailed scene of a spacecraft cockpit during reentry, glowing controls, tense mood",outputs/gpde_diffusers_sdxl_nfe10_cfg_seed_sweep/samples/diffusers/sdxl/euler/cfg_7.5/ays/seed_000/nfe_010/000030.jpg,schedules/ays_like/published/sdxl/nfe_010,outputs/gpde_diffusers_sdxl_nfe10_cfg_seed_sweep/samples/diffusers/sdxl/euler/cfg_7.5/ays/seed_000/nfe_010,25.997913360595703,1.01996648311615
diffusers,hf_sdxl_base_10,euler,ays,10,0,7.5,31,a claymation style village bakery with tiny loaves and painted signs,outputs/gpde_diffusers_sdxl_nfe10_cfg_seed_sweep/samples/diffusers/sdxl/euler/cfg_7.5/ays/seed_000/nfe_010/000031.jpg,schedules/ays_like/published/sdxl/nfe_010,outputs/gpde_diffusers_sdxl_nfe10_cfg_seed_sweep/samples/diffusers/sdxl/euler/cfg_7.5/ays/seed_000/nfe_010,35.953365325927734,1.1963527202606201
diffusers,hf_sdxl_base_10,euler,ays,10,0,7.5,32,a realistic underwater photograph of a diver inspecting an ancient marble column,outputs/gpde_diffusers_sdxl_nfe10_cfg_seed_sweep/samples/diffusers/sdxl/euler/cfg_7.5/ays/seed_000/nfe_010/000032.jpg,schedules/ays_like/published/sdxl/nfe_010,outputs/gpde_diffusers_sdxl_nfe10_cfg_seed_sweep/samples/diffusers/sdxl/euler/cfg_7.5/ays/seed_000/nfe_010,29.30864715576172,1.5403705835342407
diffusers,hf_sdxl_base_10,euler,ays,10,0,7.5,33,"a minimalist poster of a jazz quartet in deep red, cream, and black",outputs/gpde_diffusers_sdxl_nfe10_cfg_seed_sweep/samples/diffusers/sdxl/euler/cfg_7.5/ays/seed_000/nfe_010/000033.jpg,schedules/ays_like/published/sdxl/nfe_010,outputs/gpde_diffusers_sdxl_nfe10_cfg_seed_sweep/samples/diffusers/sdxl/euler/cfg_7.5/ays/seed_000/nfe_010,29.85015296936035,1.6071250438690186
diffusers,hf_sdxl_base_10,euler,ays,10,0,7.5,34,a high detail portrait of a queen wearing armor made of mother of pearl,outputs/gpde_diffusers_sdxl_nfe10_cfg_seed_sweep/samples/diffusers/sdxl/euler/cfg_7.5/ays/seed_000/nfe_010/000034.jpg,schedules/ays_like/published/sdxl/nfe_010,outputs/gpde_diffusers_sdxl_nfe10_cfg_seed_sweep/samples/diffusers/sdxl/euler/cfg_7.5/ays/seed_000/nfe_010,29.59796142578125,1.8504421710968018
diffusers,hf_sdxl_base_10,euler,ays,10,0,7.5,35,"a top-down board game map of an island with forests, cliffs, and hidden ruins",outputs/gpde_diffusers_sdxl_nfe10_cfg_seed_sweep/samples/diffusers/sdxl/euler/cfg_7.5/ays/seed_000/nfe_010/000035.jpg,schedules/ays_like/published/sdxl/nfe_010,outputs/gpde_diffusers_sdxl_nfe10_cfg_seed_sweep/samples/diffusers/sdxl/euler/cfg_7.5/ays/seed_000/nfe_010,22.746578216552734,-1.3681344985961914
diffusers,hf_sdxl_base_10,euler,ays,10,0,7.5,36,"a luxury watch exploded view on a dark background, precise gears and screws",outputs/gpde_diffusers_sdxl_nfe10_cfg_seed_sweep/samples/diffusers/sdxl/euler/cfg_7.5/ays/seed_000/nfe_010/000036.jpg,schedules/ays_like/published/sdxl/nfe_010,outputs/gpde_diffusers_sdxl_nfe10_cfg_seed_sweep/samples/diffusers/sdxl/euler/cfg_7.5/ays/seed_000/nfe_010,31.47484016418457,0.9269343018531799
diffusers,hf_sdxl_base_10,euler,ays,10,0,7.5,37,"a sunlit greenhouse filled with tomatoes, watering cans, and terracotta pots",outputs/gpde_diffusers_sdxl_nfe10_cfg_seed_sweep/samples/diffusers/sdxl/euler/cfg_7.5/ays/seed_000/nfe_010/000037.jpg,schedules/ays_like/published/sdxl/nfe_010,outputs/gpde_diffusers_sdxl_nfe10_cfg_seed_sweep/samples/diffusers/sdxl/euler/cfg_7.5/ays/seed_000/nfe_010,32.50489044189453,1.3088710308074951
diffusers,hf_sdxl_base_10,euler,ays,10,0,7.5,38,a night landscape of fireflies over a meadow beside a quiet river,outputs/gpde_diffusers_sdxl_nfe10_cfg_seed_sweep/samples/diffusers/sdxl/euler/cfg_7.5/ays/seed_000/nfe_010/000038.jpg,schedules/ays_like/published/sdxl/nfe_010,outputs/gpde_diffusers_sdxl_nfe10_cfg_seed_sweep/samples/diffusers/sdxl/euler/cfg_7.5/ays/seed_000/nfe_010,30.52899169921875,1.164455771446228
diffusers,hf_sdxl_base_10,euler,ays,10,0,7.5,39,a realistic photo of a rescue helicopter landing on a snowy mountain ridge,outputs/gpde_diffusers_sdxl_nfe10_cfg_seed_sweep/samples/diffusers/sdxl/euler/cfg_7.5/ays/seed_000/nfe_010/000039.jpg,schedules/ays_like/published/sdxl/nfe_010,outputs/gpde_diffusers_sdxl_nfe10_cfg_seed_sweep/samples/diffusers/sdxl/euler/cfg_7.5/ays/seed_000/nfe_010,32.84809112548828,1.1494814157485962
diffusers,hf_sdxl_base_10,euler,ays,10,0,7.5,40,a concept art scene of a floating research station above Jupiter's clouds,outputs/gpde_diffusers_sdxl_nfe10_cfg_seed_sweep/samples/diffusers/sdxl/euler/cfg_7.5/ays/seed_000/nfe_010/000040.jpg,schedules/ays_like/published/sdxl/nfe_010,outputs/gpde_diffusers_sdxl_nfe10_cfg_seed_sweep/samples/diffusers/sdxl/euler/cfg_7.5/ays/seed_000/nfe_010,26.56254768371582,1.7783950567245483
diffusers,hf_sdxl_base_10,euler,ays,10,0,7.5,41,a detailed pencil drawing of an old bicycle leaning against a brick wall,outputs/gpde_diffusers_sdxl_nfe10_cfg_seed_sweep/samples/diffusers/sdxl/euler/cfg_7.5/ays/seed_000/nfe_010/000041.jpg,schedules/ays_like/published/sdxl/nfe_010,outputs/gpde_diffusers_sdxl_nfe10_cfg_seed_sweep/samples/diffusers/sdxl/euler/cfg_7.5/ays/seed_000/nfe_010,37.09855651855469,0.49750182032585144
diffusers,hf_sdxl_base_10,euler,ays,10,0,7.5,42,"a museum diorama of prehistoric sea creatures, dramatic educational lighting",outputs/gpde_diffusers_sdxl_nfe10_cfg_seed_sweep/samples/diffusers/sdxl/euler/cfg_7.5/ays/seed_000/nfe_010/000042.jpg,schedules/ays_like/published/sdxl/nfe_010,outputs/gpde_diffusers_sdxl_nfe10_cfg_seed_sweep/samples/diffusers/sdxl/euler/cfg_7.5/ays/seed_000/nfe_010,30.208581924438477,-0.512374997138977
diffusers,hf_sdxl_base_10,euler,ays,10,0,7.5,43,"a peaceful Japanese garden with koi pond, stone bridge, and maple leaves",outputs/gpde_diffusers_sdxl_nfe10_cfg_seed_sweep/samples/diffusers/sdxl/euler/cfg_7.5/ays/seed_000/nfe_010/000043.jpg,schedules/ays_like/published/sdxl/nfe_010,outputs/gpde_diffusers_sdxl_nfe10_cfg_seed_sweep/samples/diffusers/sdxl/euler/cfg_7.5/ays/seed_000/nfe_010,29.757455825805664,0.9678529500961304
diffusers,hf_sdxl_base_10,euler,ays,10,0,7.5,44,"a close-up food photograph of ramen with soft egg, steam, and ceramic bowl",outputs/gpde_diffusers_sdxl_nfe10_cfg_seed_sweep/samples/diffusers/sdxl/euler/cfg_7.5/ays/seed_000/nfe_010/000044.jpg,schedules/ays_like/published/sdxl/nfe_010,outputs/gpde_diffusers_sdxl_nfe10_cfg_seed_sweep/samples/diffusers/sdxl/euler/cfg_7.5/ays/seed_000/nfe_010,32.145145416259766,-0.2341528832912445
diffusers,hf_sdxl_base_10,euler,ays,10,0,7.5,45,a vibrant parade costume covered with mirrors and embroidered flowers,outputs/gpde_diffusers_sdxl_nfe10_cfg_seed_sweep/samples/diffusers/sdxl/euler/cfg_7.5/ays/seed_000/nfe_010/000045.jpg,schedules/ays_like/published/sdxl/nfe_010,outputs/gpde_diffusers_sdxl_nfe10_cfg_seed_sweep/samples/diffusers/sdxl/euler/cfg_7.5/ays/seed_000/nfe_010,26.999929428100586,-0.1189040094614029
diffusers,hf_sdxl_base_10,euler,ays,10,0,7.5,46,a realistic image of a hand-crafted wooden chess set mid game by candlelight,outputs/gpde_diffusers_sdxl_nfe10_cfg_seed_sweep/samples/diffusers/sdxl/euler/cfg_7.5/ays/seed_000/nfe_010/000046.jpg,schedules/ays_like/published/sdxl/nfe_010,outputs/gpde_diffusers_sdxl_nfe10_cfg_seed_sweep/samples/diffusers/sdxl/euler/cfg_7.5/ays/seed_000/nfe_010,29.096879959106445,1.6224162578582764
diffusers,hf_sdxl_base_10,euler,ays,10,0,7.5,47,a wide angle view of a data center corridor with blue status lights,outputs/gpde_diffusers_sdxl_nfe10_cfg_seed_sweep/samples/diffusers/sdxl/euler/cfg_7.5/ays/seed_000/nfe_010/000047.jpg,schedules/ays_like/published/sdxl/nfe_010,outputs/gpde_diffusers_sdxl_nfe10_cfg_seed_sweep/samples/diffusers/sdxl/euler/cfg_7.5/ays/seed_000/nfe_010,23.359769821166992,1.7220715284347534
diffusers,hf_sdxl_base_10,euler,ays,10,0,7.5,48,a magical realism scene of books flying through an old train carriage,outputs/gpde_diffusers_sdxl_nfe10_cfg_seed_sweep/samples/diffusers/sdxl/euler/cfg_7.5/ays/seed_000/nfe_010/000048.jpg,schedules/ays_like/published/sdxl/nfe_010,outputs/gpde_diffusers_sdxl_nfe10_cfg_seed_sweep/samples/diffusers/sdxl/euler/cfg_7.5/ays/seed_000/nfe_010,32.77224349975586,0.644653856754303
diffusers,hf_sdxl_base_10,euler,ays,10,0,7.5,49,a studio portrait of a golden retriever wearing aviator goggles and a red scarf,outputs/gpde_diffusers_sdxl_nfe10_cfg_seed_sweep/samples/diffusers/sdxl/euler/cfg_7.5/ays/seed_000/nfe_010/000049.jpg,schedules/ays_like/published/sdxl/nfe_010,outputs/gpde_diffusers_sdxl_nfe10_cfg_seed_sweep/samples/diffusers/sdxl/euler/cfg_7.5/ays/seed_000/nfe_010,34.407958984375,1.8813848495483398
diffusers,hf_sdxl_base_10,euler,ays,10,1,7.5,0,"a cinematic portrait of an astronaut botanist in a glass greenhouse on Mars, detailed fabric, soft rim light",outputs/gpde_diffusers_sdxl_nfe10_cfg_seed_sweep/samples/diffusers/sdxl/euler/cfg_7.5/ays/seed_001/nfe_010/000000.jpg,schedules/ays_like/published/sdxl/nfe_010,outputs/gpde_diffusers_sdxl_nfe10_cfg_seed_sweep/samples/diffusers/sdxl/euler/cfg_7.5/ays/seed_001/nfe_010,32.370628356933594,1.021445870399475
diffusers,hf_sdxl_base_10,euler,ays,10,1,7.5,1,"a small brass robot repairing an antique clock in a sunlit workshop, shallow depth of field",outputs/gpde_diffusers_sdxl_nfe10_cfg_seed_sweep/samples/diffusers/sdxl/euler/cfg_7.5/ays/seed_001/nfe_010/000001.jpg,schedules/ays_like/published/sdxl/nfe_010,outputs/gpde_diffusers_sdxl_nfe10_cfg_seed_sweep/samples/diffusers/sdxl/euler/cfg_7.5/ays/seed_001/nfe_010,29.823654174804688,1.220105528831482
diffusers,hf_sdxl_base_10,euler,ays,10,1,7.5,2,"a watercolor city street after rain with neon signs reflected in puddles, evening atmosphere",outputs/gpde_diffusers_sdxl_nfe10_cfg_seed_sweep/samples/diffusers/sdxl/euler/cfg_7.5/ays/seed_001/nfe_010/000002.jpg,schedules/ays_like/published/sdxl/nfe_010,outputs/gpde_diffusers_sdxl_nfe10_cfg_seed_sweep/samples/diffusers/sdxl/euler/cfg_7.5/ays/seed_001/nfe_010,33.18570327758789,0.963707685470581
diffusers,hf_sdxl_base_10,euler,ays,10,1,7.5,3,a high resolution studio photo of a ceramic teapot shaped like a seashell on a slate table,outputs/gpde_diffusers_sdxl_nfe10_cfg_seed_sweep/samples/diffusers/sdxl/euler/cfg_7.5/ays/seed_001/nfe_010/000003.jpg,schedules/ays_like/published/sdxl/nfe_010,outputs/gpde_diffusers_sdxl_nfe10_cfg_seed_sweep/samples/diffusers/sdxl/euler/cfg_7.5/ays/seed_001/nfe_010,33.1204833984375,0.6385391354560852
diffusers,hf_sdxl_base_10,euler,ays,10,1,7.5,4,"a fantasy library carved inside a giant tree, spiral stairs, warm lanterns, intricate shelves",outputs/gpde_diffusers_sdxl_nfe10_cfg_seed_sweep/samples/diffusers/sdxl/euler/cfg_7.5/ays/seed_001/nfe_010/000004.jpg,schedules/ays_like/published/sdxl/nfe_010,outputs/gpde_diffusers_sdxl_nfe10_cfg_seed_sweep/samples/diffusers/sdxl/euler/cfg_7.5/ays/seed_001/nfe_010,28.977537155151367,1.7127737998962402
diffusers,hf_sdxl_base_10,euler,ays,10,1,7.5,5,"a macro photograph of a snowflake resting on dark wool, crisp crystalline detail",outputs/gpde_diffusers_sdxl_nfe10_cfg_seed_sweep/samples/diffusers/sdxl/euler/cfg_7.5/ays/seed_001/nfe_010/000005.jpg,schedules/ays_like/published/sdxl/nfe_010,outputs/gpde_diffusers_sdxl_nfe10_cfg_seed_sweep/samples/diffusers/sdxl/euler/cfg_7.5/ays/seed_001/nfe_010,27.566333770751953,-0.12447970360517502
diffusers,hf_sdxl_base_10,euler,ays,10,1,7.5,6,"a retro futuristic train crossing a desert at sunset, chrome surfaces, long shadows",outputs/gpde_diffusers_sdxl_nfe10_cfg_seed_sweep/samples/diffusers/sdxl/euler/cfg_7.5/ays/seed_001/nfe_010/000006.jpg,schedules/ays_like/published/sdxl/nfe_010,outputs/gpde_diffusers_sdxl_nfe10_cfg_seed_sweep/samples/diffusers/sdxl/euler/cfg_7.5/ays/seed_001/nfe_010,34.14778137207031,1.8039668798446655
diffusers,hf_sdxl_base_10,euler,ays,10,1,7.5,7,"a chef plating a colorful molecular gastronomy dessert, clean restaurant lighting",outputs/gpde_diffusers_sdxl_nfe10_cfg_seed_sweep/samples/diffusers/sdxl/euler/cfg_7.5/ays/seed_001/nfe_010/000007.jpg,schedules/ays_like/published/sdxl/nfe_010,outputs/gpde_diffusers_sdxl_nfe10_cfg_seed_sweep/samples/diffusers/sdxl/euler/cfg_7.5/ays/seed_001/nfe_010,29.54428482055664,-1.744072675704956
diffusers,hf_sdxl_base_10,euler,ays,10,1,7.5,8,"an isometric cozy bedroom with plants, books, a desk lamp, and a rainy window",outputs/gpde_diffusers_sdxl_nfe10_cfg_seed_sweep/samples/diffusers/sdxl/euler/cfg_7.5/ays/seed_001/nfe_010/000008.jpg,schedules/ays_like/published/sdxl/nfe_010,outputs/gpde_diffusers_sdxl_nfe10_cfg_seed_sweep/samples/diffusers/sdxl/euler/cfg_7.5/ays/seed_001/nfe_010,35.33497619628906,-0.2657090723514557
diffusers,hf_sdxl_base_10,euler,ays,10,1,7.5,9,"a dramatic mountain monastery above clouds, sunrise, detailed stone architecture",outputs/gpde_diffusers_sdxl_nfe10_cfg_seed_sweep/samples/diffusers/sdxl/euler/cfg_7.5/ays/seed_001/nfe_010/000009.jpg,schedules/ays_like/published/sdxl/nfe_010,outputs/gpde_diffusers_sdxl_nfe10_cfg_seed_sweep/samples/diffusers/sdxl/euler/cfg_7.5/ays/seed_001/nfe_010,34.50691223144531,1.8542075157165527
diffusers,hf_sdxl_base_10,euler,ays,10,1,7.5,10,a fashion editorial photo of a model wearing a translucent raincoat in Tokyo at night,outputs/gpde_diffusers_sdxl_nfe10_cfg_seed_sweep/samples/diffusers/sdxl/euler/cfg_7.5/ays/seed_001/nfe_010/000010.jpg,schedules/ays_like/published/sdxl/nfe_010,outputs/gpde_diffusers_sdxl_nfe10_cfg_seed_sweep/samples/diffusers/sdxl/euler/cfg_7.5/ays/seed_001/nfe_010,32.989253997802734,1.886610746383667
diffusers,hf_sdxl_base_10,euler,ays,10,1,7.5,11,a realistic red fox statue made of folded paper on a white museum pedestal,outputs/gpde_diffusers_sdxl_nfe10_cfg_seed_sweep/samples/diffusers/sdxl/euler/cfg_7.5/ays/seed_001/nfe_010/000011.jpg,schedules/ays_like/published/sdxl/nfe_010,outputs/gpde_diffusers_sdxl_nfe10_cfg_seed_sweep/samples/diffusers/sdxl/euler/cfg_7.5/ays/seed_001/nfe_010,34.39297103881836,1.6383901834487915
diffusers,hf_sdxl_base_10,euler,ays,10,1,7.5,12,a detailed cutaway illustration of a tiny submarine exploring a coral reef,outputs/gpde_diffusers_sdxl_nfe10_cfg_seed_sweep/samples/diffusers/sdxl/euler/cfg_7.5/ays/seed_001/nfe_010/000012.jpg,schedules/ays_like/published/sdxl/nfe_010,outputs/gpde_diffusers_sdxl_nfe10_cfg_seed_sweep/samples/diffusers/sdxl/euler/cfg_7.5/ays/seed_001/nfe_010,29.862407684326172,1.766095757484436
diffusers,hf_sdxl_base_10,euler,ays,10,1,7.5,13,a product photo of wireless headphones on brushed aluminum with blue accent lighting,outputs/gpde_diffusers_sdxl_nfe10_cfg_seed_sweep/samples/diffusers/sdxl/euler/cfg_7.5/ays/seed_001/nfe_010/000013.jpg,schedules/ays_like/published/sdxl/nfe_010,outputs/gpde_diffusers_sdxl_nfe10_cfg_seed_sweep/samples/diffusers/sdxl/euler/cfg_7.5/ays/seed_001/nfe_010,31.32973289489746,0.8601053953170776
diffusers,hf_sdxl_base_10,euler,ays,10,1,7.5,14,"a medieval market square during a festival, banners, musicians, detailed crowd",outputs/gpde_diffusers_sdxl_nfe10_cfg_seed_sweep/samples/diffusers/sdxl/euler/cfg_7.5/ays/seed_001/nfe_010/000014.jpg,schedules/ays_like/published/sdxl/nfe_010,outputs/gpde_diffusers_sdxl_nfe10_cfg_seed_sweep/samples/diffusers/sdxl/euler/cfg_7.5/ays/seed_001/nfe_010,26.005210876464844,0.10017570108175278
diffusers,hf_sdxl_base_10,euler,ays,10,1,7.5,15,an oil painting of a violinist performing in an empty subway station,outputs/gpde_diffusers_sdxl_nfe10_cfg_seed_sweep/samples/diffusers/sdxl/euler/cfg_7.5/ays/seed_001/nfe_010/000015.jpg,schedules/ays_like/published/sdxl/nfe_010,outputs/gpde_diffusers_sdxl_nfe10_cfg_seed_sweep/samples/diffusers/sdxl/euler/cfg_7.5/ays/seed_001/nfe_010,31.198198318481445,0.7481651306152344
diffusers,hf_sdxl_base_10,euler,ays,10,1,7.5,16,"a close-up portrait of an elderly sailor, weathered skin, navy coat, overcast harbor",outputs/gpde_diffusers_sdxl_nfe10_cfg_seed_sweep/samples/diffusers/sdxl/euler/cfg_7.5/ays/seed_001/nfe_010/000016.jpg,schedules/ays_like/published/sdxl/nfe_010,outputs/gpde_diffusers_sdxl_nfe10_cfg_seed_sweep/samples/diffusers/sdxl/euler/cfg_7.5/ays/seed_001/nfe_010,29.766040802001953,1.97419011592865
diffusers,hf_sdxl_base_10,euler,ays,10,1,7.5,17,a clean architectural rendering of a modern cabin beside a frozen lake,outputs/gpde_diffusers_sdxl_nfe10_cfg_seed_sweep/samples/diffusers/sdxl/euler/cfg_7.5/ays/seed_001/nfe_010/000017.jpg,schedules/ays_like/published/sdxl/nfe_010,outputs/gpde_diffusers_sdxl_nfe10_cfg_seed_sweep/samples/diffusers/sdxl/euler/cfg_7.5/ays/seed_001/nfe_010,35.31365203857422,1.5416449308395386
diffusers,hf_sdxl_base_10,euler,ays,10,1,7.5,18,a surreal desert filled with floating glass spheres and distant black mountains,outputs/gpde_diffusers_sdxl_nfe10_cfg_seed_sweep/samples/diffusers/sdxl/euler/cfg_7.5/ays/seed_001/nfe_010/000018.jpg,schedules/ays_like/published/sdxl/nfe_010,outputs/gpde_diffusers_sdxl_nfe10_cfg_seed_sweep/samples/diffusers/sdxl/euler/cfg_7.5/ays/seed_001/nfe_010,32.61448669433594,1.3717224597930908
diffusers,hf_sdxl_base_10,euler,ays,10,1,7.5,19,a documentary photo of a scientist collecting ice cores in Antarctica,outputs/gpde_diffusers_sdxl_nfe10_cfg_seed_sweep/samples/diffusers/sdxl/euler/cfg_7.5/ays/seed_001/nfe_010/000019.jpg,schedules/ays_like/published/sdxl/nfe_010,outputs/gpde_diffusers_sdxl_nfe10_cfg_seed_sweep/samples/diffusers/sdxl/euler/cfg_7.5/ays/seed_001/nfe_010,29.534561157226562,1.2452342510223389
diffusers,hf_sdxl_base_10,euler,ays,10,1,7.5,20,a detailed 3D render of a mechanical hummingbird with copper wings,outputs/gpde_diffusers_sdxl_nfe10_cfg_seed_sweep/samples/diffusers/sdxl/euler/cfg_7.5/ays/seed_001/nfe_010/000020.jpg,schedules/ays_like/published/sdxl/nfe_010,outputs/gpde_diffusers_sdxl_nfe10_cfg_seed_sweep/samples/diffusers/sdxl/euler/cfg_7.5/ays/seed_001/nfe_010,37.288604736328125,0.35418689250946045
diffusers,hf_sdxl_base_10,euler,ays,10,1,7.5,21,"a cozy cafe interior in autumn, pastries, espresso machine, soft morning light",outputs/gpde_diffusers_sdxl_nfe10_cfg_seed_sweep/samples/diffusers/sdxl/euler/cfg_7.5/ays/seed_001/nfe_010/000021.jpg,schedules/ays_like/published/sdxl/nfe_010,outputs/gpde_diffusers_sdxl_nfe10_cfg_seed_sweep/samples/diffusers/sdxl/euler/cfg_7.5/ays/seed_001/nfe_010,28.993711471557617,1.261245608329773
diffusers,hf_sdxl_base_10,euler,ays,10,1,7.5,22,"a panoramic view of terraced rice fields under mist, workers in colorful clothing",outputs/gpde_diffusers_sdxl_nfe10_cfg_seed_sweep/samples/diffusers/sdxl/euler/cfg_7.5/ays/seed_001/nfe_010/000022.jpg,schedules/ays_like/published/sdxl/nfe_010,outputs/gpde_diffusers_sdxl_nfe10_cfg_seed_sweep/samples/diffusers/sdxl/euler/cfg_7.5/ays/seed_001/nfe_010,28.974681854248047,-1.0923274755477905
diffusers,hf_sdxl_base_10,euler,ays,10,1,7.5,23,a children's book illustration of a moonlit boat parade on a quiet canal,outputs/gpde_diffusers_sdxl_nfe10_cfg_seed_sweep/samples/diffusers/sdxl/euler/cfg_7.5/ays/seed_001/nfe_010/000023.jpg,schedules/ays_like/published/sdxl/nfe_010,outputs/gpde_diffusers_sdxl_nfe10_cfg_seed_sweep/samples/diffusers/sdxl/euler/cfg_7.5/ays/seed_001/nfe_010,35.444156646728516,1.5113452672958374
diffusers,hf_sdxl_base_10,euler,ays,10,1,7.5,24,"a realistic sports car parked in a concrete tunnel, reflections, low angle",outputs/gpde_diffusers_sdxl_nfe10_cfg_seed_sweep/samples/diffusers/sdxl/euler/cfg_7.5/ays/seed_001/nfe_010/000024.jpg,schedules/ays_like/published/sdxl/nfe_010,outputs/gpde_diffusers_sdxl_nfe10_cfg_seed_sweep/samples/diffusers/sdxl/euler/cfg_7.5/ays/seed_001/nfe_010,27.516210556030273,1.1697218418121338
diffusers,hf_sdxl_base_10,euler,ays,10,1,7.5,25,"a botanical diagram of rare orchids with labeled roots and petals, archival paper",outputs/gpde_diffusers_sdxl_nfe10_cfg_seed_sweep/samples/diffusers/sdxl/euler/cfg_7.5/ays/seed_001/nfe_010/000025.jpg,schedules/ays_like/published/sdxl/nfe_010,outputs/gpde_diffusers_sdxl_nfe10_cfg_seed_sweep/samples/diffusers/sdxl/euler/cfg_7.5/ays/seed_001/nfe_010,29.262584686279297,1.3183118104934692
diffusers,hf_sdxl_base_10,euler,ays,10,1,7.5,26,"a cyberpunk street food stall with steam, lanterns, and dense urban signage",outputs/gpde_diffusers_sdxl_nfe10_cfg_seed_sweep/samples/diffusers/sdxl/euler/cfg_7.5/ays/seed_001/nfe_010/000026.jpg,schedules/ays_like/published/sdxl/nfe_010,outputs/gpde_diffusers_sdxl_nfe10_cfg_seed_sweep/samples/diffusers/sdxl/euler/cfg_7.5/ays/seed_001/nfe_010,34.774070739746094,1.4303604364395142
diffusers,hf_sdxl_base_10,euler,ays,10,1,7.5,27,"a still life of glass fruit bowls, linen cloth, and silver cutlery, natural light",outputs/gpde_diffusers_sdxl_nfe10_cfg_seed_sweep/samples/diffusers/sdxl/euler/cfg_7.5/ays/seed_001/nfe_010/000027.jpg,schedules/ays_like/published/sdxl/nfe_010,outputs/gpde_diffusers_sdxl_nfe10_cfg_seed_sweep/samples/diffusers/sdxl/euler/cfg_7.5/ays/seed_001/nfe_010,31.985187530517578,1.1939921379089355
diffusers,hf_sdxl_base_10,euler,ays,10,1,7.5,28,a heroic statue covered in vines in an abandoned futuristic plaza,outputs/gpde_diffusers_sdxl_nfe10_cfg_seed_sweep/samples/diffusers/sdxl/euler/cfg_7.5/ays/seed_001/nfe_010/000028.jpg,schedules/ays_like/published/sdxl/nfe_010,outputs/gpde_diffusers_sdxl_nfe10_cfg_seed_sweep/samples/diffusers/sdxl/euler/cfg_7.5/ays/seed_001/nfe_010,33.90965270996094,1.0087671279907227
diffusers,hf_sdxl_base_10,euler,ays,10,1,7.5,29,a black and white film photograph of dancers rehearsing in a mirror-lined studio,outputs/gpde_diffusers_sdxl_nfe10_cfg_seed_sweep/samples/diffusers/sdxl/euler/cfg_7.5/ays/seed_001/nfe_010/000029.jpg,schedules/ays_like/published/sdxl/nfe_010,outputs/gpde_diffusers_sdxl_nfe10_cfg_seed_sweep/samples/diffusers/sdxl/euler/cfg_7.5/ays/seed_001/nfe_010,26.587921142578125,0.3743249475955963
diffusers,hf_sdxl_base_10,euler,ays,10,1,7.5,30,"a detailed scene of a spacecraft cockpit during reentry, glowing controls, tense mood",outputs/gpde_diffusers_sdxl_nfe10_cfg_seed_sweep/samples/diffusers/sdxl/euler/cfg_7.5/ays/seed_001/nfe_010/000030.jpg,schedules/ays_like/published/sdxl/nfe_010,outputs/gpde_diffusers_sdxl_nfe10_cfg_seed_sweep/samples/diffusers/sdxl/euler/cfg_7.5/ays/seed_001/nfe_010,24.83338165283203,0.8071408867835999
diffusers,hf_sdxl_base_10,euler,ays,10,1,7.5,31,a claymation style village bakery with tiny loaves and painted signs,outputs/gpde_diffusers_sdxl_nfe10_cfg_seed_sweep/samples/diffusers/sdxl/euler/cfg_7.5/ays/seed_001/nfe_010/000031.jpg,schedules/ays_like/published/sdxl/nfe_010,outputs/gpde_diffusers_sdxl_nfe10_cfg_seed_sweep/samples/diffusers/sdxl/euler/cfg_7.5/ays/seed_001/nfe_010,34.28156280517578,1.1129027605056763
diffusers,hf_sdxl_base_10,euler,ays,10,1,7.5,32,a realistic underwater photograph of a diver inspecting an ancient marble column,outputs/gpde_diffusers_sdxl_nfe10_cfg_seed_sweep/samples/diffusers/sdxl/euler/cfg_7.5/ays/seed_001/nfe_010/000032.jpg,schedules/ays_like/published/sdxl/nfe_010,outputs/gpde_diffusers_sdxl_nfe10_cfg_seed_sweep/samples/diffusers/sdxl/euler/cfg_7.5/ays/seed_001/nfe_010,31.150564193725586,1.469078540802002
diffusers,hf_sdxl_base_10,euler,ays,10,1,7.5,33,"a minimalist poster of a jazz quartet in deep red, cream, and black",outputs/gpde_diffusers_sdxl_nfe10_cfg_seed_sweep/samples/diffusers/sdxl/euler/cfg_7.5/ays/seed_001/nfe_010/000033.jpg,schedules/ays_like/published/sdxl/nfe_010,outputs/gpde_diffusers_sdxl_nfe10_cfg_seed_sweep/samples/diffusers/sdxl/euler/cfg_7.5/ays/seed_001/nfe_010,29.23051643371582,0.9878365993499756
diffusers,hf_sdxl_base_10,euler,ays,10,1,7.5,34,a high detail portrait of a queen wearing armor made of mother of pearl,outputs/gpde_diffusers_sdxl_nfe10_cfg_seed_sweep/samples/diffusers/sdxl/euler/cfg_7.5/ays/seed_001/nfe_010/000034.jpg,schedules/ays_like/published/sdxl/nfe_010,outputs/gpde_diffusers_sdxl_nfe10_cfg_seed_sweep/samples/diffusers/sdxl/euler/cfg_7.5/ays/seed_001/nfe_010,28.473054885864258,1.7017062902450562
diffusers,hf_sdxl_base_10,euler,ays,10,1,7.5,35,"a top-down board game map of an island with forests, cliffs, and hidden ruins",outputs/gpde_diffusers_sdxl_nfe10_cfg_seed_sweep/samples/diffusers/sdxl/euler/cfg_7.5/ays/seed_001/nfe_010/000035.jpg,schedules/ays_like/published/sdxl/nfe_010,outputs/gpde_diffusers_sdxl_nfe10_cfg_seed_sweep/samples/diffusers/sdxl/euler/cfg_7.5/ays/seed_001/nfe_010,24.96578598022461,-0.002252263482660055
diffusers,hf_sdxl_base_10,euler,ays,10,1,7.5,36,"a luxury watch exploded view on a dark background, precise gears and screws",outputs/gpde_diffusers_sdxl_nfe10_cfg_seed_sweep/samples/diffusers/sdxl/euler/cfg_7.5/ays/seed_001/nfe_010/000036.jpg,schedules/ays_like/published/sdxl/nfe_010,outputs/gpde_diffusers_sdxl_nfe10_cfg_seed_sweep/samples/diffusers/sdxl/euler/cfg_7.5/ays/seed_001/nfe_010,32.170555114746094,0.9156277775764465
diffusers,hf_sdxl_base_10,euler,ays,10,1,7.5,37,"a sunlit greenhouse filled with tomatoes, watering cans, and terracotta pots",outputs/gpde_diffusers_sdxl_nfe10_cfg_seed_sweep/samples/diffusers/sdxl/euler/cfg_7.5/ays/seed_001/nfe_010/000037.jpg,schedules/ays_like/published/sdxl/nfe_010,outputs/gpde_diffusers_sdxl_nfe10_cfg_seed_sweep/samples/diffusers/sdxl/euler/cfg_7.5/ays/seed_001/nfe_010,32.536094665527344,1.2523021697998047
diffusers,hf_sdxl_base_10,euler,ays,10,1,7.5,38,a night landscape of fireflies over a meadow beside a quiet river,outputs/gpde_diffusers_sdxl_nfe10_cfg_seed_sweep/samples/diffusers/sdxl/euler/cfg_7.5/ays/seed_001/nfe_010/000038.jpg,schedules/ays_like/published/sdxl/nfe_010,outputs/gpde_diffusers_sdxl_nfe10_cfg_seed_sweep/samples/diffusers/sdxl/euler/cfg_7.5/ays/seed_001/nfe_010,32.54431915283203,1.352449655532837
diffusers,hf_sdxl_base_10,euler,ays,10,1,7.5,39,a realistic photo of a rescue helicopter landing on a snowy mountain ridge,outputs/gpde_diffusers_sdxl_nfe10_cfg_seed_sweep/samples/diffusers/sdxl/euler/cfg_7.5/ays/seed_001/nfe_010/000039.jpg,schedules/ays_like/published/sdxl/nfe_010,outputs/gpde_diffusers_sdxl_nfe10_cfg_seed_sweep/samples/diffusers/sdxl/euler/cfg_7.5/ays/seed_001/nfe_010,32.38887405395508,1.2522791624069214
diffusers,hf_sdxl_base_10,euler,ays,10,1,7.5,40,a concept art scene of a floating research station above Jupiter's clouds,outputs/gpde_diffusers_sdxl_nfe10_cfg_seed_sweep/samples/diffusers/sdxl/euler/cfg_7.5/ays/seed_001/nfe_010/000040.jpg,schedules/ays_like/published/sdxl/nfe_010,outputs/gpde_diffusers_sdxl_nfe10_cfg_seed_sweep/samples/diffusers/sdxl/euler/cfg_7.5/ays/seed_001/nfe_010,27.236730575561523,1.7643005847930908
diffusers,hf_sdxl_base_10,euler,ays,10,1,7.5,41,a detailed pencil drawing of an old bicycle leaning against a brick wall,outputs/gpde_diffusers_sdxl_nfe10_cfg_seed_sweep/samples/diffusers/sdxl/euler/cfg_7.5/ays/seed_001/nfe_010/000041.jpg,schedules/ays_like/published/sdxl/nfe_010,outputs/gpde_diffusers_sdxl_nfe10_cfg_seed_sweep/samples/diffusers/sdxl/euler/cfg_7.5/ays/seed_001/nfe_010,35.09290313720703,0.5810379385948181
diffusers,hf_sdxl_base_10,euler,ays,10,1,7.5,42,"a museum diorama of prehistoric sea creatures, dramatic educational lighting",outputs/gpde_diffusers_sdxl_nfe10_cfg_seed_sweep/samples/diffusers/sdxl/euler/cfg_7.5/ays/seed_001/nfe_010/000042.jpg,schedules/ays_like/published/sdxl/nfe_010,outputs/gpde_diffusers_sdxl_nfe10_cfg_seed_sweep/samples/diffusers/sdxl/euler/cfg_7.5/ays/seed_001/nfe_010,26.782625198364258,0.08330409973859787
diffusers,hf_sdxl_base_10,euler,ays,10,1,7.5,43,"a peaceful Japanese garden with koi pond, stone bridge, and maple leaves",outputs/gpde_diffusers_sdxl_nfe10_cfg_seed_sweep/samples/diffusers/sdxl/euler/cfg_7.5/ays/seed_001/nfe_010/000043.jpg,schedules/ays_like/published/sdxl/nfe_010,outputs/gpde_diffusers_sdxl_nfe10_cfg_seed_sweep/samples/diffusers/sdxl/euler/cfg_7.5/ays/seed_001/nfe_010,29.62924575805664,0.917018711566925
diffusers,hf_sdxl_base_10,euler,ays,10,1,7.5,44,"a close-up food photograph of ramen with soft egg, steam, and ceramic bowl",outputs/gpde_diffusers_sdxl_nfe10_cfg_seed_sweep/samples/diffusers/sdxl/euler/cfg_7.5/ays/seed_001/nfe_010/000044.jpg,schedules/ays_like/published/sdxl/nfe_010,outputs/gpde_diffusers_sdxl_nfe10_cfg_seed_sweep/samples/diffusers/sdxl/euler/cfg_7.5/ays/seed_001/nfe_010,32.13018035888672,0.7306894063949585
diffusers,hf_sdxl_base_10,euler,ays,10,1,7.5,45,a vibrant parade costume covered with mirrors and embroidered flowers,outputs/gpde_diffusers_sdxl_nfe10_cfg_seed_sweep/samples/diffusers/sdxl/euler/cfg_7.5/ays/seed_001/nfe_010/000045.jpg,schedules/ays_like/published/sdxl/nfe_010,outputs/gpde_diffusers_sdxl_nfe10_cfg_seed_sweep/samples/diffusers/sdxl/euler/cfg_7.5/ays/seed_001/nfe_010,30.389339447021484,0.9616863131523132
diffusers,hf_sdxl_base_10,euler,ays,10,1,7.5,46,a realistic image of a hand-crafted wooden chess set mid game by candlelight,outputs/gpde_diffusers_sdxl_nfe10_cfg_seed_sweep/samples/diffusers/sdxl/euler/cfg_7.5/ays/seed_001/nfe_010/000046.jpg,schedules/ays_like/published/sdxl/nfe_010,outputs/gpde_diffusers_sdxl_nfe10_cfg_seed_sweep/samples/diffusers/sdxl/euler/cfg_7.5/ays/seed_001/nfe_010,30.697965621948242,1.648655891418457
diffusers,hf_sdxl_base_10,euler,ays,10,1,7.5,47,a wide angle view of a data center corridor with blue status lights,outputs/gpde_diffusers_sdxl_nfe10_cfg_seed_sweep/samples/diffusers/sdxl/euler/cfg_7.5/ays/seed_001/nfe_010/000047.jpg,schedules/ays_like/published/sdxl/nfe_010,outputs/gpde_diffusers_sdxl_nfe10_cfg_seed_sweep/samples/diffusers/sdxl/euler/cfg_7.5/ays/seed_001/nfe_010,23.889020919799805,1.4645124673843384
diffusers,hf_sdxl_base_10,euler,ays,10,1,7.5,48,a magical realism scene of books flying through an old train carriage,outputs/gpde_diffusers_sdxl_nfe10_cfg_seed_sweep/samples/diffusers/sdxl/euler/cfg_7.5/ays/seed_001/nfe_010/000048.jpg,schedules/ays_like/published/sdxl/nfe_010,outputs/gpde_diffusers_sdxl_nfe10_cfg_seed_sweep/samples/diffusers/sdxl/euler/cfg_7.5/ays/seed_001/nfe_010,31.60839080810547,-0.42726725339889526
diffusers,hf_sdxl_base_10,euler,ays,10,1,7.5,49,a studio portrait of a golden retriever wearing aviator goggles and a red scarf,outputs/gpde_diffusers_sdxl_nfe10_cfg_seed_sweep/samples/diffusers/sdxl/euler/cfg_7.5/ays/seed_001/nfe_010/000049.jpg,schedules/ays_like/published/sdxl/nfe_010,outputs/gpde_diffusers_sdxl_nfe10_cfg_seed_sweep/samples/diffusers/sdxl/euler/cfg_7.5/ays/seed_001/nfe_010,34.88050079345703,1.5329813957214355
diffusers,hf_sdxl_base_10,euler,ays,10,2,7.5,0,"a cinematic portrait of an astronaut botanist in a glass greenhouse on Mars, detailed fabric, soft rim light",outputs/gpde_diffusers_sdxl_nfe10_cfg_seed_sweep/samples/diffusers/sdxl/euler/cfg_7.5/ays/seed_002/nfe_010/000000.jpg,schedules/ays_like/published/sdxl/nfe_010,outputs/gpde_diffusers_sdxl_nfe10_cfg_seed_sweep/samples/diffusers/sdxl/euler/cfg_7.5/ays/seed_002/nfe_010,34.98189926147461,1.499405026435852
diffusers,hf_sdxl_base_10,euler,ays,10,2,7.5,1,"a small brass robot repairing an antique clock in a sunlit workshop, shallow depth of field",outputs/gpde_diffusers_sdxl_nfe10_cfg_seed_sweep/samples/diffusers/sdxl/euler/cfg_7.5/ays/seed_002/nfe_010/000001.jpg,schedules/ays_like/published/sdxl/nfe_010,outputs/gpde_diffusers_sdxl_nfe10_cfg_seed_sweep/samples/diffusers/sdxl/euler/cfg_7.5/ays/seed_002/nfe_010,35.31895065307617,0.46590548753738403
diffusers,hf_sdxl_base_10,euler,ays,10,2,7.5,2,"a watercolor city street after rain with neon signs reflected in puddles, evening atmosphere",outputs/gpde_diffusers_sdxl_nfe10_cfg_seed_sweep/samples/diffusers/sdxl/euler/cfg_7.5/ays/seed_002/nfe_010/000002.jpg,schedules/ays_like/published/sdxl/nfe_010,outputs/gpde_diffusers_sdxl_nfe10_cfg_seed_sweep/samples/diffusers/sdxl/euler/cfg_7.5/ays/seed_002/nfe_010,29.04191017150879,1.0528781414031982
diffusers,hf_sdxl_base_10,euler,ays,10,2,7.5,3,a high resolution studio photo of a ceramic teapot shaped like a seashell on a slate table,outputs/gpde_diffusers_sdxl_nfe10_cfg_seed_sweep/samples/diffusers/sdxl/euler/cfg_7.5/ays/seed_002/nfe_010/000003.jpg,schedules/ays_like/published/sdxl/nfe_010,outputs/gpde_diffusers_sdxl_nfe10_cfg_seed_sweep/samples/diffusers/sdxl/euler/cfg_7.5/ays/seed_002/nfe_010,29.025798797607422,-0.7543269395828247
diffusers,hf_sdxl_base_10,euler,ays,10,2,7.5,4,"a fantasy library carved inside a giant tree, spiral stairs, warm lanterns, intricate shelves",outputs/gpde_diffusers_sdxl_nfe10_cfg_seed_sweep/samples/diffusers/sdxl/euler/cfg_7.5/ays/seed_002/nfe_010/000004.jpg,schedules/ays_like/published/sdxl/nfe_010,outputs/gpde_diffusers_sdxl_nfe10_cfg_seed_sweep/samples/diffusers/sdxl/euler/cfg_7.5/ays/seed_002/nfe_010,30.626359939575195,1.7039320468902588
diffusers,hf_sdxl_base_10,euler,ays,10,2,7.5,5,"a macro photograph of a snowflake resting on dark wool, crisp crystalline detail",outputs/gpde_diffusers_sdxl_nfe10_cfg_seed_sweep/samples/diffusers/sdxl/euler/cfg_7.5/ays/seed_002/nfe_010/000005.jpg,schedules/ays_like/published/sdxl/nfe_010,outputs/gpde_diffusers_sdxl_nfe10_cfg_seed_sweep/samples/diffusers/sdxl/euler/cfg_7.5/ays/seed_002/nfe_010,26.825820922851562,0.09077787399291992
diffusers,hf_sdxl_base_10,euler,ays,10,2,7.5,6,"a retro futuristic train crossing a desert at sunset, chrome surfaces, long shadows",outputs/gpde_diffusers_sdxl_nfe10_cfg_seed_sweep/samples/diffusers/sdxl/euler/cfg_7.5/ays/seed_002/nfe_010/000006.jpg,schedules/ays_like/published/sdxl/nfe_010,outputs/gpde_diffusers_sdxl_nfe10_cfg_seed_sweep/samples/diffusers/sdxl/euler/cfg_7.5/ays/seed_002/nfe_010,27.43377113342285,1.4817413091659546
diffusers,hf_sdxl_base_10,euler,ays,10,2,7.5,7,"a chef plating a colorful molecular gastronomy dessert, clean restaurant lighting",outputs/gpde_diffusers_sdxl_nfe10_cfg_seed_sweep/samples/diffusers/sdxl/euler/cfg_7.5/ays/seed_002/nfe_010/000007.jpg,schedules/ays_like/published/sdxl/nfe_010,outputs/gpde_diffusers_sdxl_nfe10_cfg_seed_sweep/samples/diffusers/sdxl/euler/cfg_7.5/ays/seed_002/nfe_010,31.647136688232422,-1.0455242395401
diffusers,hf_sdxl_base_10,euler,ays,10,2,7.5,8,"an isometric cozy bedroom with plants, books, a desk lamp, and a rainy window",outputs/gpde_diffusers_sdxl_nfe10_cfg_seed_sweep/samples/diffusers/sdxl/euler/cfg_7.5/ays/seed_002/nfe_010/000008.jpg,schedules/ays_like/published/sdxl/nfe_010,outputs/gpde_diffusers_sdxl_nfe10_cfg_seed_sweep/samples/diffusers/sdxl/euler/cfg_7.5/ays/seed_002/nfe_010,36.55084991455078,-0.04272916167974472
diffusers,hf_sdxl_base_10,euler,ays,10,2,7.5,9,"a dramatic mountain monastery above clouds, sunrise, detailed stone architecture",outputs/gpde_diffusers_sdxl_nfe10_cfg_seed_sweep/samples/diffusers/sdxl/euler/cfg_7.5/ays/seed_002/nfe_010/000009.jpg,schedules/ays_like/published/sdxl/nfe_010,outputs/gpde_diffusers_sdxl_nfe10_cfg_seed_sweep/samples/diffusers/sdxl/euler/cfg_7.5/ays/seed_002/nfe_010,32.03440856933594,1.0455963611602783
diffusers,hf_sdxl_base_10,euler,ays,10,2,7.5,10,a fashion editorial photo of a model wearing a translucent raincoat in Tokyo at night,outputs/gpde_diffusers_sdxl_nfe10_cfg_seed_sweep/samples/diffusers/sdxl/euler/cfg_7.5/ays/seed_002/nfe_010/000010.jpg,schedules/ays_like/published/sdxl/nfe_010,outputs/gpde_diffusers_sdxl_nfe10_cfg_seed_sweep/samples/diffusers/sdxl/euler/cfg_7.5/ays/seed_002/nfe_010,37.898807525634766,1.9681402444839478
diffusers,hf_sdxl_base_10,euler,ays,10,2,7.5,11,a realistic red fox statue made of folded paper on a white museum pedestal,outputs/gpde_diffusers_sdxl_nfe10_cfg_seed_sweep/samples/diffusers/sdxl/euler/cfg_7.5/ays/seed_002/nfe_010/000011.jpg,schedules/ays_like/published/sdxl/nfe_010,outputs/gpde_diffusers_sdxl_nfe10_cfg_seed_sweep/samples/diffusers/sdxl/euler/cfg_7.5/ays/seed_002/nfe_010,30.531328201293945,1.5365197658538818
diffusers,hf_sdxl_base_10,euler,ays,10,2,7.5,12,a detailed cutaway illustration of a tiny submarine exploring a coral reef,outputs/gpde_diffusers_sdxl_nfe10_cfg_seed_sweep/samples/diffusers/sdxl/euler/cfg_7.5/ays/seed_002/nfe_010/000012.jpg,schedules/ays_like/published/sdxl/nfe_010,outputs/gpde_diffusers_sdxl_nfe10_cfg_seed_sweep/samples/diffusers/sdxl/euler/cfg_7.5/ays/seed_002/nfe_010,29.65358543395996,1.4396941661834717
diffusers,hf_sdxl_base_10,euler,ays,10,2,7.5,13,a product photo of wireless headphones on brushed aluminum with blue accent lighting,outputs/gpde_diffusers_sdxl_nfe10_cfg_seed_sweep/samples/diffusers/sdxl/euler/cfg_7.5/ays/seed_002/nfe_010/000013.jpg,schedules/ays_like/published/sdxl/nfe_010,outputs/gpde_diffusers_sdxl_nfe10_cfg_seed_sweep/samples/diffusers/sdxl/euler/cfg_7.5/ays/seed_002/nfe_010,20.986371994018555,-0.8571650981903076
diffusers,hf_sdxl_base_10,euler,ays,10,2,7.5,14,"a medieval market square during a festival, banners, musicians, detailed crowd",outputs/gpde_diffusers_sdxl_nfe10_cfg_seed_sweep/samples/diffusers/sdxl/euler/cfg_7.5/ays/seed_002/nfe_010/000014.jpg,schedules/ays_like/published/sdxl/nfe_010,outputs/gpde_diffusers_sdxl_nfe10_cfg_seed_sweep/samples/diffusers/sdxl/euler/cfg_7.5/ays/seed_002/nfe_010,22.175308227539062,-0.9307382106781006
diffusers,hf_sdxl_base_10,euler,ays,10,2,7.5,15,an oil painting of a violinist performing in an empty subway station,outputs/gpde_diffusers_sdxl_nfe10_cfg_seed_sweep/samples/diffusers/sdxl/euler/cfg_7.5/ays/seed_002/nfe_010/000015.jpg,schedules/ays_like/published/sdxl/nfe_010,outputs/gpde_diffusers_sdxl_nfe10_cfg_seed_sweep/samples/diffusers/sdxl/euler/cfg_7.5/ays/seed_002/nfe_010,35.102928161621094,1.8808116912841797
diffusers,hf_sdxl_base_10,euler,ays,10,2,7.5,16,"a close-up portrait of an elderly sailor, weathered skin, navy coat, overcast harbor",outputs/gpde_diffusers_sdxl_nfe10_cfg_seed_sweep/samples/diffusers/sdxl/euler/cfg_7.5/ays/seed_002/nfe_010/000016.jpg,schedules/ays_like/published/sdxl/nfe_010,outputs/gpde_diffusers_sdxl_nfe10_cfg_seed_sweep/samples/diffusers/sdxl/euler/cfg_7.5/ays/seed_002/nfe_010,30.017154693603516,1.796827793121338
diffusers,hf_sdxl_base_10,euler,ays,10,2,7.5,17,a clean architectural rendering of a modern cabin beside a frozen lake,outputs/gpde_diffusers_sdxl_nfe10_cfg_seed_sweep/samples/diffusers/sdxl/euler/cfg_7.5/ays/seed_002/nfe_010/000017.jpg,schedules/ays_like/published/sdxl/nfe_010,outputs/gpde_diffusers_sdxl_nfe10_cfg_seed_sweep/samples/diffusers/sdxl/euler/cfg_7.5/ays/seed_002/nfe_010,36.86286544799805,0.8314094543457031
diffusers,hf_sdxl_base_10,euler,ays,10,2,7.5,18,a surreal desert filled with floating glass spheres and distant black mountains,outputs/gpde_diffusers_sdxl_nfe10_cfg_seed_sweep/samples/diffusers/sdxl/euler/cfg_7.5/ays/seed_002/nfe_010/000018.jpg,schedules/ays_like/published/sdxl/nfe_010,outputs/gpde_diffusers_sdxl_nfe10_cfg_seed_sweep/samples/diffusers/sdxl/euler/cfg_7.5/ays/seed_002/nfe_010,25.846519470214844,1.612640142440796
diffusers,hf_sdxl_base_10,euler,ays,10,2,7.5,19,a documentary photo of a scientist collecting ice cores in Antarctica,outputs/gpde_diffusers_sdxl_nfe10_cfg_seed_sweep/samples/diffusers/sdxl/euler/cfg_7.5/ays/seed_002/nfe_010/000019.jpg,schedules/ays_like/published/sdxl/nfe_010,outputs/gpde_diffusers_sdxl_nfe10_cfg_seed_sweep/samples/diffusers/sdxl/euler/cfg_7.5/ays/seed_002/nfe_010,32.61182403564453,1.08174729347229
diffusers,hf_sdxl_base_10,euler,ays,10,2,7.5,20,a detailed 3D render of a mechanical hummingbird with copper wings,outputs/gpde_diffusers_sdxl_nfe10_cfg_seed_sweep/samples/diffusers/sdxl/euler/cfg_7.5/ays/seed_002/nfe_010/000020.jpg,schedules/ays_like/published/sdxl/nfe_010,outputs/gpde_diffusers_sdxl_nfe10_cfg_seed_sweep/samples/diffusers/sdxl/euler/cfg_7.5/ays/seed_002/nfe_010,36.21348571777344,0.2428893744945526
diffusers,hf_sdxl_base_10,euler,ays,10,2,7.5,21,"a cozy cafe interior in autumn, pastries, espresso machine, soft morning light",outputs/gpde_diffusers_sdxl_nfe10_cfg_seed_sweep/samples/diffusers/sdxl/euler/cfg_7.5/ays/seed_002/nfe_010/000021.jpg,schedules/ays_like/published/sdxl/nfe_010,outputs/gpde_diffusers_sdxl_nfe10_cfg_seed_sweep/samples/diffusers/sdxl/euler/cfg_7.5/ays/seed_002/nfe_010,25.41375732421875,1.7208932638168335
diffusers,hf_sdxl_base_10,euler,ays,10,2,7.5,22,"a panoramic view of terraced rice fields under mist, workers in colorful clothing",outputs/gpde_diffusers_sdxl_nfe10_cfg_seed_sweep/samples/diffusers/sdxl/euler/cfg_7.5/ays/seed_002/nfe_010/000022.jpg,schedules/ays_like/published/sdxl/nfe_010,outputs/gpde_diffusers_sdxl_nfe10_cfg_seed_sweep/samples/diffusers/sdxl/euler/cfg_7.5/ays/seed_002/nfe_010,27.92715072631836,0.48684677481651306
diffusers,hf_sdxl_base_10,euler,ays,10,2,7.5,23,a children's book illustration of a moonlit boat parade on a quiet canal,outputs/gpde_diffusers_sdxl_nfe10_cfg_seed_sweep/samples/diffusers/sdxl/euler/cfg_7.5/ays/seed_002/nfe_010/000023.jpg,schedules/ays_like/published/sdxl/nfe_010,outputs/gpde_diffusers_sdxl_nfe10_cfg_seed_sweep/samples/diffusers/sdxl/euler/cfg_7.5/ays/seed_002/nfe_010,32.275753021240234,1.6059633493423462
diffusers,hf_sdxl_base_10,euler,ays,10,2,7.5,24,"a realistic sports car parked in a concrete tunnel, reflections, low angle",outputs/gpde_diffusers_sdxl_nfe10_cfg_seed_sweep/samples/diffusers/sdxl/euler/cfg_7.5/ays/seed_002/nfe_010/000024.jpg,schedules/ays_like/published/sdxl/nfe_010,outputs/gpde_diffusers_sdxl_nfe10_cfg_seed_sweep/samples/diffusers/sdxl/euler/cfg_7.5/ays/seed_002/nfe_010,26.765478134155273,1.0219846963882446
diffusers,hf_sdxl_base_10,euler,ays,10,2,7.5,25,"a botanical diagram of rare orchids with labeled roots and petals, archival paper",outputs/gpde_diffusers_sdxl_nfe10_cfg_seed_sweep/samples/diffusers/sdxl/euler/cfg_7.5/ays/seed_002/nfe_010/000025.jpg,schedules/ays_like/published/sdxl/nfe_010,outputs/gpde_diffusers_sdxl_nfe10_cfg_seed_sweep/samples/diffusers/sdxl/euler/cfg_7.5/ays/seed_002/nfe_010,29.099105834960938,1.5965787172317505
diffusers,hf_sdxl_base_10,euler,ays,10,2,7.5,26,"a cyberpunk street food stall with steam, lanterns, and dense urban signage",outputs/gpde_diffusers_sdxl_nfe10_cfg_seed_sweep/samples/diffusers/sdxl/euler/cfg_7.5/ays/seed_002/nfe_010/000026.jpg,schedules/ays_like/published/sdxl/nfe_010,outputs/gpde_diffusers_sdxl_nfe10_cfg_seed_sweep/samples/diffusers/sdxl/euler/cfg_7.5/ays/seed_002/nfe_010,31.891185760498047,1.2766530513763428
diffusers,hf_sdxl_base_10,euler,ays,10,2,7.5,27,"a still life of glass fruit bowls, linen cloth, and silver cutlery, natural light",outputs/gpde_diffusers_sdxl_nfe10_cfg_seed_sweep/samples/diffusers/sdxl/euler/cfg_7.5/ays/seed_002/nfe_010/000027.jpg,schedules/ays_like/published/sdxl/nfe_010,outputs/gpde_diffusers_sdxl_nfe10_cfg_seed_sweep/samples/diffusers/sdxl/euler/cfg_7.5/ays/seed_002/nfe_010,33.98771286010742,1.4506664276123047
diffusers,hf_sdxl_base_10,euler,ays,10,2,7.5,28,a heroic statue covered in vines in an abandoned futuristic plaza,outputs/gpde_diffusers_sdxl_nfe10_cfg_seed_sweep/samples/diffusers/sdxl/euler/cfg_7.5/ays/seed_002/nfe_010/000028.jpg,schedules/ays_like/published/sdxl/nfe_010,outputs/gpde_diffusers_sdxl_nfe10_cfg_seed_sweep/samples/diffusers/sdxl/euler/cfg_7.5/ays/seed_002/nfe_010,27.060874938964844,-0.09948468208312988
diffusers,hf_sdxl_base_10,euler,ays,10,2,7.5,29,a black and white film photograph of dancers rehearsing in a mirror-lined studio,outputs/gpde_diffusers_sdxl_nfe10_cfg_seed_sweep/samples/diffusers/sdxl/euler/cfg_7.5/ays/seed_002/nfe_010/000029.jpg,schedules/ays_like/published/sdxl/nfe_010,outputs/gpde_diffusers_sdxl_nfe10_cfg_seed_sweep/samples/diffusers/sdxl/euler/cfg_7.5/ays/seed_002/nfe_010,31.33912467956543,1.201847791671753
diffusers,hf_sdxl_base_10,euler,ays,10,2,7.5,30,"a detailed scene of a spacecraft cockpit during reentry, glowing controls, tense mood",outputs/gpde_diffusers_sdxl_nfe10_cfg_seed_sweep/samples/diffusers/sdxl/euler/cfg_7.5/ays/seed_002/nfe_010/000030.jpg,schedules/ays_like/published/sdxl/nfe_010,outputs/gpde_diffusers_sdxl_nfe10_cfg_seed_sweep/samples/diffusers/sdxl/euler/cfg_7.5/ays/seed_002/nfe_010,23.021512985229492,0.8525111079216003
diffusers,hf_sdxl_base_10,euler,ays,10,2,7.5,31,a claymation style village bakery with tiny loaves and painted signs,outputs/gpde_diffusers_sdxl_nfe10_cfg_seed_sweep/samples/diffusers/sdxl/euler/cfg_7.5/ays/seed_002/nfe_010/000031.jpg,schedules/ays_like/published/sdxl/nfe_010,outputs/gpde_diffusers_sdxl_nfe10_cfg_seed_sweep/samples/diffusers/sdxl/euler/cfg_7.5/ays/seed_002/nfe_010,37.461185455322266,0.8954991102218628
diffusers,hf_sdxl_base_10,euler,ays,10,2,7.5,32,a realistic underwater photograph of a diver inspecting an ancient marble column,outputs/gpde_diffusers_sdxl_nfe10_cfg_seed_sweep/samples/diffusers/sdxl/euler/cfg_7.5/ays/seed_002/nfe_010/000032.jpg,schedules/ays_like/published/sdxl/nfe_010,outputs/gpde_diffusers_sdxl_nfe10_cfg_seed_sweep/samples/diffusers/sdxl/euler/cfg_7.5/ays/seed_002/nfe_010,30.9361515045166,1.5081405639648438
diffusers,hf_sdxl_base_10,euler,ays,10,2,7.5,33,"a minimalist poster of a jazz quartet in deep red, cream, and black",outputs/gpde_diffusers_sdxl_nfe10_cfg_seed_sweep/samples/diffusers/sdxl/euler/cfg_7.5/ays/seed_002/nfe_010/000033.jpg,schedules/ays_like/published/sdxl/nfe_010,outputs/gpde_diffusers_sdxl_nfe10_cfg_seed_sweep/samples/diffusers/sdxl/euler/cfg_7.5/ays/seed_002/nfe_010,27.422534942626953,0.06866969168186188
diffusers,hf_sdxl_base_10,euler,ays,10,2,7.5,34,a high detail portrait of a queen wearing armor made of mother of pearl,outputs/gpde_diffusers_sdxl_nfe10_cfg_seed_sweep/samples/diffusers/sdxl/euler/cfg_7.5/ays/seed_002/nfe_010/000034.jpg,schedules/ays_like/published/sdxl/nfe_010,outputs/gpde_diffusers_sdxl_nfe10_cfg_seed_sweep/samples/diffusers/sdxl/euler/cfg_7.5/ays/seed_002/nfe_010,25.885257720947266,0.6769956946372986
diffusers,hf_sdxl_base_10,euler,ays,10,2,7.5,35,"a top-down board game map of an island with forests, cliffs, and hidden ruins",outputs/gpde_diffusers_sdxl_nfe10_cfg_seed_sweep/samples/diffusers/sdxl/euler/cfg_7.5/ays/seed_002/nfe_010/000035.jpg,schedules/ays_like/published/sdxl/nfe_010,outputs/gpde_diffusers_sdxl_nfe10_cfg_seed_sweep/samples/diffusers/sdxl/euler/cfg_7.5/ays/seed_002/nfe_010,25.982402801513672,-0.5323092937469482
diffusers,hf_sdxl_base_10,euler,ays,10,2,7.5,36,"a luxury watch exploded view on a dark background, precise gears and screws",outputs/gpde_diffusers_sdxl_nfe10_cfg_seed_sweep/samples/diffusers/sdxl/euler/cfg_7.5/ays/seed_002/nfe_010/000036.jpg,schedules/ays_like/published/sdxl/nfe_010,outputs/gpde_diffusers_sdxl_nfe10_cfg_seed_sweep/samples/diffusers/sdxl/euler/cfg_7.5/ays/seed_002/nfe_010,27.74156379699707,0.42889779806137085
diffusers,hf_sdxl_base_10,euler,ays,10,2,7.5,37,"a sunlit greenhouse filled with tomatoes, watering cans, and terracotta pots",outputs/gpde_diffusers_sdxl_nfe10_cfg_seed_sweep/samples/diffusers/sdxl/euler/cfg_7.5/ays/seed_002/nfe_010/000037.jpg,schedules/ays_like/published/sdxl/nfe_010,outputs/gpde_diffusers_sdxl_nfe10_cfg_seed_sweep/samples/diffusers/sdxl/euler/cfg_7.5/ays/seed_002/nfe_010,31.807327270507812,1.4925365447998047
diffusers,hf_sdxl_base_10,euler,ays,10,2,7.5,38,a night landscape of fireflies over a meadow beside a quiet river,outputs/gpde_diffusers_sdxl_nfe10_cfg_seed_sweep/samples/diffusers/sdxl/euler/cfg_7.5/ays/seed_002/nfe_010/000038.jpg,schedules/ays_like/published/sdxl/nfe_010,outputs/gpde_diffusers_sdxl_nfe10_cfg_seed_sweep/samples/diffusers/sdxl/euler/cfg_7.5/ays/seed_002/nfe_010,27.990978240966797,1.3017362356185913
diffusers,hf_sdxl_base_10,euler,ays,10,2,7.5,39,a realistic photo of a rescue helicopter landing on a snowy mountain ridge,outputs/gpde_diffusers_sdxl_nfe10_cfg_seed_sweep/samples/diffusers/sdxl/euler/cfg_7.5/ays/seed_002/nfe_010/000039.jpg,schedules/ays_like/published/sdxl/nfe_010,outputs/gpde_diffusers_sdxl_nfe10_cfg_seed_sweep/samples/diffusers/sdxl/euler/cfg_7.5/ays/seed_002/nfe_010,32.23399353027344,1.4119356870651245
diffusers,hf_sdxl_base_10,euler,ays,10,2,7.5,40,a concept art scene of a floating research station above Jupiter's clouds,outputs/gpde_diffusers_sdxl_nfe10_cfg_seed_sweep/samples/diffusers/sdxl/euler/cfg_7.5/ays/seed_002/nfe_010/000040.jpg,schedules/ays_like/published/sdxl/nfe_010,outputs/gpde_diffusers_sdxl_nfe10_cfg_seed_sweep/samples/diffusers/sdxl/euler/cfg_7.5/ays/seed_002/nfe_010,23.808780670166016,1.862714171409607
diffusers,hf_sdxl_base_10,euler,ays,10,2,7.5,41,a detailed pencil drawing of an old bicycle leaning against a brick wall,outputs/gpde_diffusers_sdxl_nfe10_cfg_seed_sweep/samples/diffusers/sdxl/euler/cfg_7.5/ays/seed_002/nfe_010/000041.jpg,schedules/ays_like/published/sdxl/nfe_010,outputs/gpde_diffusers_sdxl_nfe10_cfg_seed_sweep/samples/diffusers/sdxl/euler/cfg_7.5/ays/seed_002/nfe_010,35.655635833740234,1.3894565105438232
diffusers,hf_sdxl_base_10,euler,ays,10,2,7.5,42,"a museum diorama of prehistoric sea creatures, dramatic educational lighting",outputs/gpde_diffusers_sdxl_nfe10_cfg_seed_sweep/samples/diffusers/sdxl/euler/cfg_7.5/ays/seed_002/nfe_010/000042.jpg,schedules/ays_like/published/sdxl/nfe_010,outputs/gpde_diffusers_sdxl_nfe10_cfg_seed_sweep/samples/diffusers/sdxl/euler/cfg_7.5/ays/seed_002/nfe_010,32.42100143432617,0.2241809219121933
diffusers,hf_sdxl_base_10,euler,ays,10,2,7.5,43,"a peaceful Japanese garden with koi pond, stone bridge, and maple leaves",outputs/gpde_diffusers_sdxl_nfe10_cfg_seed_sweep/samples/diffusers/sdxl/euler/cfg_7.5/ays/seed_002/nfe_010/000043.jpg,schedules/ays_like/published/sdxl/nfe_010,outputs/gpde_diffusers_sdxl_nfe10_cfg_seed_sweep/samples/diffusers/sdxl/euler/cfg_7.5/ays/seed_002/nfe_010,27.986896514892578,0.549901008605957
diffusers,hf_sdxl_base_10,euler,ays,10,2,7.5,44,"a close-up food photograph of ramen with soft egg, steam, and ceramic bowl",outputs/gpde_diffusers_sdxl_nfe10_cfg_seed_sweep/samples/diffusers/sdxl/euler/cfg_7.5/ays/seed_002/nfe_010/000044.jpg,schedules/ays_like/published/sdxl/nfe_010,outputs/gpde_diffusers_sdxl_nfe10_cfg_seed_sweep/samples/diffusers/sdxl/euler/cfg_7.5/ays/seed_002/nfe_010,30.853939056396484,0.5828142166137695
diffusers,hf_sdxl_base_10,euler,ays,10,2,7.5,45,a vibrant parade costume covered with mirrors and embroidered flowers,outputs/gpde_diffusers_sdxl_nfe10_cfg_seed_sweep/samples/diffusers/sdxl/euler/cfg_7.5/ays/seed_002/nfe_010/000045.jpg,schedules/ays_like/published/sdxl/nfe_010,outputs/gpde_diffusers_sdxl_nfe10_cfg_seed_sweep/samples/diffusers/sdxl/euler/cfg_7.5/ays/seed_002/nfe_010,31.45586585998535,0.6157082319259644
diffusers,hf_sdxl_base_10,euler,ays,10,2,7.5,46,a realistic image of a hand-crafted wooden chess set mid game by candlelight,outputs/gpde_diffusers_sdxl_nfe10_cfg_seed_sweep/samples/diffusers/sdxl/euler/cfg_7.5/ays/seed_002/nfe_010/000046.jpg,schedules/ays_like/published/sdxl/nfe_010,outputs/gpde_diffusers_sdxl_nfe10_cfg_seed_sweep/samples/diffusers/sdxl/euler/cfg_7.5/ays/seed_002/nfe_010,28.493419647216797,1.621201753616333
diffusers,hf_sdxl_base_10,euler,ays,10,2,7.5,47,a wide angle view of a data center corridor with blue status lights,outputs/gpde_diffusers_sdxl_nfe10_cfg_seed_sweep/samples/diffusers/sdxl/euler/cfg_7.5/ays/seed_002/nfe_010/000047.jpg,schedules/ays_like/published/sdxl/nfe_010,outputs/gpde_diffusers_sdxl_nfe10_cfg_seed_sweep/samples/diffusers/sdxl/euler/cfg_7.5/ays/seed_002/nfe_010,20.835906982421875,1.548487901687622
diffusers,hf_sdxl_base_10,euler,ays,10,2,7.5,48,a magical realism scene of books flying through an old train carriage,outputs/gpde_diffusers_sdxl_nfe10_cfg_seed_sweep/samples/diffusers/sdxl/euler/cfg_7.5/ays/seed_002/nfe_010/000048.jpg,schedules/ays_like/published/sdxl/nfe_010,outputs/gpde_diffusers_sdxl_nfe10_cfg_seed_sweep/samples/diffusers/sdxl/euler/cfg_7.5/ays/seed_002/nfe_010,34.17523956298828,0.5449572205543518
diffusers,hf_sdxl_base_10,euler,ays,10,2,7.5,49,a studio portrait of a golden retriever wearing aviator goggles and a red scarf,outputs/gpde_diffusers_sdxl_nfe10_cfg_seed_sweep/samples/diffusers/sdxl/euler/cfg_7.5/ays/seed_002/nfe_010/000049.jpg,schedules/ays_like/published/sdxl/nfe_010,outputs/gpde_diffusers_sdxl_nfe10_cfg_seed_sweep/samples/diffusers/sdxl/euler/cfg_7.5/ays/seed_002/nfe_010,35.470603942871094,1.9132070541381836
diffusers,hf_sdxl_base_10,euler,base,10,0,7.5,0,"a cinematic portrait of an astronaut botanist in a glass greenhouse on Mars, detailed fabric, soft rim light",outputs/gpde_diffusers_sdxl_nfe10_cfg_seed_sweep/samples/diffusers/sdxl/euler/cfg_7.5/base/seed_000/nfe_010/000000.jpg,,outputs/gpde_diffusers_sdxl_nfe10_cfg_seed_sweep/samples/diffusers/sdxl/euler/cfg_7.5/base/seed_000/nfe_010,34.5980339050293,1.153668999671936
diffusers,hf_sdxl_base_10,euler,base,10,0,7.5,1,"a small brass robot repairing an antique clock in a sunlit workshop, shallow depth of field",outputs/gpde_diffusers_sdxl_nfe10_cfg_seed_sweep/samples/diffusers/sdxl/euler/cfg_7.5/base/seed_000/nfe_010/000001.jpg,,outputs/gpde_diffusers_sdxl_nfe10_cfg_seed_sweep/samples/diffusers/sdxl/euler/cfg_7.5/base/seed_000/nfe_010,28.32754898071289,1.5801701545715332
diffusers,hf_sdxl_base_10,euler,base,10,0,7.5,2,"a watercolor city street after rain with neon signs reflected in puddles, evening atmosphere",outputs/gpde_diffusers_sdxl_nfe10_cfg_seed_sweep/samples/diffusers/sdxl/euler/cfg_7.5/base/seed_000/nfe_010/000002.jpg,,outputs/gpde_diffusers_sdxl_nfe10_cfg_seed_sweep/samples/diffusers/sdxl/euler/cfg_7.5/base/seed_000/nfe_010,30.695415496826172,1.3082218170166016
diffusers,hf_sdxl_base_10,euler,base,10,0,7.5,3,a high resolution studio photo of a ceramic teapot shaped like a seashell on a slate table,outputs/gpde_diffusers_sdxl_nfe10_cfg_seed_sweep/samples/diffusers/sdxl/euler/cfg_7.5/base/seed_000/nfe_010/000003.jpg,,outputs/gpde_diffusers_sdxl_nfe10_cfg_seed_sweep/samples/diffusers/sdxl/euler/cfg_7.5/base/seed_000/nfe_010,31.21525001525879,1.652138590812683
diffusers,hf_sdxl_base_10,euler,base,10,0,7.5,4,"a fantasy library carved inside a giant tree, spiral stairs, warm lanterns, intricate shelves",outputs/gpde_diffusers_sdxl_nfe10_cfg_seed_sweep/samples/diffusers/sdxl/euler/cfg_7.5/base/seed_000/nfe_010/000004.jpg,,outputs/gpde_diffusers_sdxl_nfe10_cfg_seed_sweep/samples/diffusers/sdxl/euler/cfg_7.5/base/seed_000/nfe_010,32.049251556396484,1.421815037727356
diffusers,hf_sdxl_base_10,euler,base,10,0,7.5,5,"a macro photograph of a snowflake resting on dark wool, crisp crystalline detail",outputs/gpde_diffusers_sdxl_nfe10_cfg_seed_sweep/samples/diffusers/sdxl/euler/cfg_7.5/base/seed_000/nfe_010/000005.jpg,,outputs/gpde_diffusers_sdxl_nfe10_cfg_seed_sweep/samples/diffusers/sdxl/euler/cfg_7.5/base/seed_000/nfe_010,27.785640716552734,-0.04723791033029556
diffusers,hf_sdxl_base_10,euler,base,10,0,7.5,6,"a retro futuristic train crossing a desert at sunset, chrome surfaces, long shadows",outputs/gpde_diffusers_sdxl_nfe10_cfg_seed_sweep/samples/diffusers/sdxl/euler/cfg_7.5/base/seed_000/nfe_010/000006.jpg,,outputs/gpde_diffusers_sdxl_nfe10_cfg_seed_sweep/samples/diffusers/sdxl/euler/cfg_7.5/base/seed_000/nfe_010,27.69371795654297,1.5871403217315674
diffusers,hf_sdxl_base_10,euler,base,10,0,7.5,7,"a chef plating a colorful molecular gastronomy dessert, clean restaurant lighting",outputs/gpde_diffusers_sdxl_nfe10_cfg_seed_sweep/samples/diffusers/sdxl/euler/cfg_7.5/base/seed_000/nfe_010/000007.jpg,,outputs/gpde_diffusers_sdxl_nfe10_cfg_seed_sweep/samples/diffusers/sdxl/euler/cfg_7.5/base/seed_000/nfe_010,31.90479850769043,0.19800421595573425
diffusers,hf_sdxl_base_10,euler,base,10,0,7.5,8,"an isometric cozy bedroom with plants, books, a desk lamp, and a rainy window",outputs/gpde_diffusers_sdxl_nfe10_cfg_seed_sweep/samples/diffusers/sdxl/euler/cfg_7.5/base/seed_000/nfe_010/000008.jpg,,outputs/gpde_diffusers_sdxl_nfe10_cfg_seed_sweep/samples/diffusers/sdxl/euler/cfg_7.5/base/seed_000/nfe_010,34.10747146606445,0.21291334927082062
diffusers,hf_sdxl_base_10,euler,base,10,0,7.5,9,"a dramatic mountain monastery above clouds, sunrise, detailed stone architecture",outputs/gpde_diffusers_sdxl_nfe10_cfg_seed_sweep/samples/diffusers/sdxl/euler/cfg_7.5/base/seed_000/nfe_010/000009.jpg,,outputs/gpde_diffusers_sdxl_nfe10_cfg_seed_sweep/samples/diffusers/sdxl/euler/cfg_7.5/base/seed_000/nfe_010,32.819007873535156,1.8129016160964966
diffusers,hf_sdxl_base_10,euler,base,10,0,7.5,10,a fashion editorial photo of a model wearing a translucent raincoat in Tokyo at night,outputs/gpde_diffusers_sdxl_nfe10_cfg_seed_sweep/samples/diffusers/sdxl/euler/cfg_7.5/base/seed_000/nfe_010/000010.jpg,,outputs/gpde_diffusers_sdxl_nfe10_cfg_seed_sweep/samples/diffusers/sdxl/euler/cfg_7.5/base/seed_000/nfe_010,33.61367416381836,1.9074065685272217
diffusers,hf_sdxl_base_10,euler,base,10,0,7.5,11,a realistic red fox statue made of folded paper on a white museum pedestal,outputs/gpde_diffusers_sdxl_nfe10_cfg_seed_sweep/samples/diffusers/sdxl/euler/cfg_7.5/base/seed_000/nfe_010/000011.jpg,,outputs/gpde_diffusers_sdxl_nfe10_cfg_seed_sweep/samples/diffusers/sdxl/euler/cfg_7.5/base/seed_000/nfe_010,36.460960388183594,1.8581857681274414
diffusers,hf_sdxl_base_10,euler,base,10,0,7.5,12,a detailed cutaway illustration of a tiny submarine exploring a coral reef,outputs/gpde_diffusers_sdxl_nfe10_cfg_seed_sweep/samples/diffusers/sdxl/euler/cfg_7.5/base/seed_000/nfe_010/000012.jpg,,outputs/gpde_diffusers_sdxl_nfe10_cfg_seed_sweep/samples/diffusers/sdxl/euler/cfg_7.5/base/seed_000/nfe_010,30.338388442993164,1.7235828638076782
diffusers,hf_sdxl_base_10,euler,base,10,0,7.5,13,a product photo of wireless headphones on brushed aluminum with blue accent lighting,outputs/gpde_diffusers_sdxl_nfe10_cfg_seed_sweep/samples/diffusers/sdxl/euler/cfg_7.5/base/seed_000/nfe_010/000013.jpg,,outputs/gpde_diffusers_sdxl_nfe10_cfg_seed_sweep/samples/diffusers/sdxl/euler/cfg_7.5/base/seed_000/nfe_010,26.96761703491211,-0.5713974833488464
diffusers,hf_sdxl_base_10,euler,base,10,0,7.5,14,"a medieval market square during a festival, banners, musicians, detailed crowd",outputs/gpde_diffusers_sdxl_nfe10_cfg_seed_sweep/samples/diffusers/sdxl/euler/cfg_7.5/base/seed_000/nfe_010/000014.jpg,,outputs/gpde_diffusers_sdxl_nfe10_cfg_seed_sweep/samples/diffusers/sdxl/euler/cfg_7.5/base/seed_000/nfe_010,24.69698143005371,-0.30983296036720276
diffusers,hf_sdxl_base_10,euler,base,10,0,7.5,15,an oil painting of a violinist performing in an empty subway station,outputs/gpde_diffusers_sdxl_nfe10_cfg_seed_sweep/samples/diffusers/sdxl/euler/cfg_7.5/base/seed_000/nfe_010/000015.jpg,,outputs/gpde_diffusers_sdxl_nfe10_cfg_seed_sweep/samples/diffusers/sdxl/euler/cfg_7.5/base/seed_000/nfe_010,38.57948303222656,1.855254888534546
diffusers,hf_sdxl_base_10,euler,base,10,0,7.5,16,"a close-up portrait of an elderly sailor, weathered skin, navy coat, overcast harbor",outputs/gpde_diffusers_sdxl_nfe10_cfg_seed_sweep/samples/diffusers/sdxl/euler/cfg_7.5/base/seed_000/nfe_010/000016.jpg,,outputs/gpde_diffusers_sdxl_nfe10_cfg_seed_sweep/samples/diffusers/sdxl/euler/cfg_7.5/base/seed_000/nfe_010,30.667219161987305,1.6948528289794922
diffusers,hf_sdxl_base_10,euler,base,10,0,7.5,17,a clean architectural rendering of a modern cabin beside a frozen lake,outputs/gpde_diffusers_sdxl_nfe10_cfg_seed_sweep/samples/diffusers/sdxl/euler/cfg_7.5/base/seed_000/nfe_010/000017.jpg,,outputs/gpde_diffusers_sdxl_nfe10_cfg_seed_sweep/samples/diffusers/sdxl/euler/cfg_7.5/base/seed_000/nfe_010,36.581878662109375,1.4412422180175781
diffusers,hf_sdxl_base_10,euler,base,10,0,7.5,18,a surreal desert filled with floating glass spheres and distant black mountains,outputs/gpde_diffusers_sdxl_nfe10_cfg_seed_sweep/samples/diffusers/sdxl/euler/cfg_7.5/base/seed_000/nfe_010/000018.jpg,,outputs/gpde_diffusers_sdxl_nfe10_cfg_seed_sweep/samples/diffusers/sdxl/euler/cfg_7.5/base/seed_000/nfe_010,30.483604431152344,1.4994038343429565
diffusers,hf_sdxl_base_10,euler,base,10,0,7.5,19,a documentary photo of a scientist collecting ice cores in Antarctica,outputs/gpde_diffusers_sdxl_nfe10_cfg_seed_sweep/samples/diffusers/sdxl/euler/cfg_7.5/base/seed_000/nfe_010/000019.jpg,,outputs/gpde_diffusers_sdxl_nfe10_cfg_seed_sweep/samples/diffusers/sdxl/euler/cfg_7.5/base/seed_000/nfe_010,26.373624801635742,-0.7530479431152344
diffusers,hf_sdxl_base_10,euler,base,10,0,7.5,20,a detailed 3D render of a mechanical hummingbird with copper wings,outputs/gpde_diffusers_sdxl_nfe10_cfg_seed_sweep/samples/diffusers/sdxl/euler/cfg_7.5/base/seed_000/nfe_010/000020.jpg,,outputs/gpde_diffusers_sdxl_nfe10_cfg_seed_sweep/samples/diffusers/sdxl/euler/cfg_7.5/base/seed_000/nfe_010,37.13052749633789,1.3867295980453491
diffusers,hf_sdxl_base_10,euler,base,10,0,7.5,21,"a cozy cafe interior in autumn, pastries, espresso machine, soft morning light",outputs/gpde_diffusers_sdxl_nfe10_cfg_seed_sweep/samples/diffusers/sdxl/euler/cfg_7.5/base/seed_000/nfe_010/000021.jpg,,outputs/gpde_diffusers_sdxl_nfe10_cfg_seed_sweep/samples/diffusers/sdxl/euler/cfg_7.5/base/seed_000/nfe_010,29.2764835357666,0.6136868000030518
diffusers,hf_sdxl_base_10,euler,base,10,0,7.5,22,"a panoramic view of terraced rice fields under mist, workers in colorful clothing",outputs/gpde_diffusers_sdxl_nfe10_cfg_seed_sweep/samples/diffusers/sdxl/euler/cfg_7.5/base/seed_000/nfe_010/000022.jpg,,outputs/gpde_diffusers_sdxl_nfe10_cfg_seed_sweep/samples/diffusers/sdxl/euler/cfg_7.5/base/seed_000/nfe_010,29.886669158935547,1.132869005203247
diffusers,hf_sdxl_base_10,euler,base,10,0,7.5,23,a children's book illustration of a moonlit boat parade on a quiet canal,outputs/gpde_diffusers_sdxl_nfe10_cfg_seed_sweep/samples/diffusers/sdxl/euler/cfg_7.5/base/seed_000/nfe_010/000023.jpg,,outputs/gpde_diffusers_sdxl_nfe10_cfg_seed_sweep/samples/diffusers/sdxl/euler/cfg_7.5/base/seed_000/nfe_010,32.36444091796875,1.484708547592163
diffusers,hf_sdxl_base_10,euler,base,10,0,7.5,24,"a realistic sports car parked in a concrete tunnel, reflections, low angle",outputs/gpde_diffusers_sdxl_nfe10_cfg_seed_sweep/samples/diffusers/sdxl/euler/cfg_7.5/base/seed_000/nfe_010/000024.jpg,,outputs/gpde_diffusers_sdxl_nfe10_cfg_seed_sweep/samples/diffusers/sdxl/euler/cfg_7.5/base/seed_000/nfe_010,27.594078063964844,1.649233341217041
diffusers,hf_sdxl_base_10,euler,base,10,0,7.5,25,"a botanical diagram of rare orchids with labeled roots and petals, archival paper",outputs/gpde_diffusers_sdxl_nfe10_cfg_seed_sweep/samples/diffusers/sdxl/euler/cfg_7.5/base/seed_000/nfe_010/000025.jpg,,outputs/gpde_diffusers_sdxl_nfe10_cfg_seed_sweep/samples/diffusers/sdxl/euler/cfg_7.5/base/seed_000/nfe_010,31.35567283630371,1.449015736579895
diffusers,hf_sdxl_base_10,euler,base,10,0,7.5,26,"a cyberpunk street food stall with steam, lanterns, and dense urban signage",outputs/gpde_diffusers_sdxl_nfe10_cfg_seed_sweep/samples/diffusers/sdxl/euler/cfg_7.5/base/seed_000/nfe_010/000026.jpg,,outputs/gpde_diffusers_sdxl_nfe10_cfg_seed_sweep/samples/diffusers/sdxl/euler/cfg_7.5/base/seed_000/nfe_010,31.370609283447266,1.462476134300232
diffusers,hf_sdxl_base_10,euler,base,10,0,7.5,27,"a still life of glass fruit bowls, linen cloth, and silver cutlery, natural light",outputs/gpde_diffusers_sdxl_nfe10_cfg_seed_sweep/samples/diffusers/sdxl/euler/cfg_7.5/base/seed_000/nfe_010/000027.jpg,,outputs/gpde_diffusers_sdxl_nfe10_cfg_seed_sweep/samples/diffusers/sdxl/euler/cfg_7.5/base/seed_000/nfe_010,29.159360885620117,1.1228716373443604
diffusers,hf_sdxl_base_10,euler,base,10,0,7.5,28,a heroic statue covered in vines in an abandoned futuristic plaza,outputs/gpde_diffusers_sdxl_nfe10_cfg_seed_sweep/samples/diffusers/sdxl/euler/cfg_7.5/base/seed_000/nfe_010/000028.jpg,,outputs/gpde_diffusers_sdxl_nfe10_cfg_seed_sweep/samples/diffusers/sdxl/euler/cfg_7.5/base/seed_000/nfe_010,35.224639892578125,1.3344351053237915
diffusers,hf_sdxl_base_10,euler,base,10,0,7.5,29,a black and white film photograph of dancers rehearsing in a mirror-lined studio,outputs/gpde_diffusers_sdxl_nfe10_cfg_seed_sweep/samples/diffusers/sdxl/euler/cfg_7.5/base/seed_000/nfe_010/000029.jpg,,outputs/gpde_diffusers_sdxl_nfe10_cfg_seed_sweep/samples/diffusers/sdxl/euler/cfg_7.5/base/seed_000/nfe_010,29.115222930908203,1.6478462219238281
diffusers,hf_sdxl_base_10,euler,base,10,0,7.5,30,"a detailed scene of a spacecraft cockpit during reentry, glowing controls, tense mood",outputs/gpde_diffusers_sdxl_nfe10_cfg_seed_sweep/samples/diffusers/sdxl/euler/cfg_7.5/base/seed_000/nfe_010/000030.jpg,,outputs/gpde_diffusers_sdxl_nfe10_cfg_seed_sweep/samples/diffusers/sdxl/euler/cfg_7.5/base/seed_000/nfe_010,23.909799575805664,0.7100903987884521
diffusers,hf_sdxl_base_10,euler,base,10,0,7.5,31,a claymation style village bakery with tiny loaves and painted signs,outputs/gpde_diffusers_sdxl_nfe10_cfg_seed_sweep/samples/diffusers/sdxl/euler/cfg_7.5/base/seed_000/nfe_010/000031.jpg,,outputs/gpde_diffusers_sdxl_nfe10_cfg_seed_sweep/samples/diffusers/sdxl/euler/cfg_7.5/base/seed_000/nfe_010,36.38163375854492,1.4578611850738525
diffusers,hf_sdxl_base_10,euler,base,10,0,7.5,32,a realistic underwater photograph of a diver inspecting an ancient marble column,outputs/gpde_diffusers_sdxl_nfe10_cfg_seed_sweep/samples/diffusers/sdxl/euler/cfg_7.5/base/seed_000/nfe_010/000032.jpg,,outputs/gpde_diffusers_sdxl_nfe10_cfg_seed_sweep/samples/diffusers/sdxl/euler/cfg_7.5/base/seed_000/nfe_010,25.280635833740234,-1.4521933794021606
diffusers,hf_sdxl_base_10,euler,base,10,0,7.5,33,"a minimalist poster of a jazz quartet in deep red, cream, and black",outputs/gpde_diffusers_sdxl_nfe10_cfg_seed_sweep/samples/diffusers/sdxl/euler/cfg_7.5/base/seed_000/nfe_010/000033.jpg,,outputs/gpde_diffusers_sdxl_nfe10_cfg_seed_sweep/samples/diffusers/sdxl/euler/cfg_7.5/base/seed_000/nfe_010,28.685171127319336,1.2004854679107666
diffusers,hf_sdxl_base_10,euler,base,10,0,7.5,34,a high detail portrait of a queen wearing armor made of mother of pearl,outputs/gpde_diffusers_sdxl_nfe10_cfg_seed_sweep/samples/diffusers/sdxl/euler/cfg_7.5/base/seed_000/nfe_010/000034.jpg,,outputs/gpde_diffusers_sdxl_nfe10_cfg_seed_sweep/samples/diffusers/sdxl/euler/cfg_7.5/base/seed_000/nfe_010,29.005441665649414,1.7235374450683594
diffusers,hf_sdxl_base_10,euler,base,10,0,7.5,35,"a top-down board game map of an island with forests, cliffs, and hidden ruins",outputs/gpde_diffusers_sdxl_nfe10_cfg_seed_sweep/samples/diffusers/sdxl/euler/cfg_7.5/base/seed_000/nfe_010/000035.jpg,,outputs/gpde_diffusers_sdxl_nfe10_cfg_seed_sweep/samples/diffusers/sdxl/euler/cfg_7.5/base/seed_000/nfe_010,24.57195281982422,-0.31919363141059875
diffusers,hf_sdxl_base_10,euler,base,10,0,7.5,36,"a luxury watch exploded view on a dark background, precise gears and screws",outputs/gpde_diffusers_sdxl_nfe10_cfg_seed_sweep/samples/diffusers/sdxl/euler/cfg_7.5/base/seed_000/nfe_010/000036.jpg,,outputs/gpde_diffusers_sdxl_nfe10_cfg_seed_sweep/samples/diffusers/sdxl/euler/cfg_7.5/base/seed_000/nfe_010,29.793607711791992,0.7829089164733887
diffusers,hf_sdxl_base_10,euler,base,10,0,7.5,37,"a sunlit greenhouse filled with tomatoes, watering cans, and terracotta pots",outputs/gpde_diffusers_sdxl_nfe10_cfg_seed_sweep/samples/diffusers/sdxl/euler/cfg_7.5/base/seed_000/nfe_010/000037.jpg,,outputs/gpde_diffusers_sdxl_nfe10_cfg_seed_sweep/samples/diffusers/sdxl/euler/cfg_7.5/base/seed_000/nfe_010,31.415000915527344,0.9077239036560059
diffusers,hf_sdxl_base_10,euler,base,10,0,7.5,38,a night landscape of fireflies over a meadow beside a quiet river,outputs/gpde_diffusers_sdxl_nfe10_cfg_seed_sweep/samples/diffusers/sdxl/euler/cfg_7.5/base/seed_000/nfe_010/000038.jpg,,outputs/gpde_diffusers_sdxl_nfe10_cfg_seed_sweep/samples/diffusers/sdxl/euler/cfg_7.5/base/seed_000/nfe_010,33.221866607666016,1.4916106462478638
diffusers,hf_sdxl_base_10,euler,base,10,0,7.5,39,a realistic photo of a rescue helicopter landing on a snowy mountain ridge,outputs/gpde_diffusers_sdxl_nfe10_cfg_seed_sweep/samples/diffusers/sdxl/euler/cfg_7.5/base/seed_000/nfe_010/000039.jpg,,outputs/gpde_diffusers_sdxl_nfe10_cfg_seed_sweep/samples/diffusers/sdxl/euler/cfg_7.5/base/seed_000/nfe_010,36.37232971191406,1.388238549232483
diffusers,hf_sdxl_base_10,euler,base,10,0,7.5,40,a concept art scene of a floating research station above Jupiter's clouds,outputs/gpde_diffusers_sdxl_nfe10_cfg_seed_sweep/samples/diffusers/sdxl/euler/cfg_7.5/base/seed_000/nfe_010/000040.jpg,,outputs/gpde_diffusers_sdxl_nfe10_cfg_seed_sweep/samples/diffusers/sdxl/euler/cfg_7.5/base/seed_000/nfe_010,28.10880470275879,1.6810308694839478
diffusers,hf_sdxl_base_10,euler,base,10,0,7.5,41,a detailed pencil drawing of an old bicycle leaning against a brick wall,outputs/gpde_diffusers_sdxl_nfe10_cfg_seed_sweep/samples/diffusers/sdxl/euler/cfg_7.5/base/seed_000/nfe_010/000041.jpg,,outputs/gpde_diffusers_sdxl_nfe10_cfg_seed_sweep/samples/diffusers/sdxl/euler/cfg_7.5/base/seed_000/nfe_010,34.553375244140625,1.2819160223007202
diffusers,hf_sdxl_base_10,euler,base,10,0,7.5,42,"a museum diorama of prehistoric sea creatures, dramatic educational lighting",outputs/gpde_diffusers_sdxl_nfe10_cfg_seed_sweep/samples/diffusers/sdxl/euler/cfg_7.5/base/seed_000/nfe_010/000042.jpg,,outputs/gpde_diffusers_sdxl_nfe10_cfg_seed_sweep/samples/diffusers/sdxl/euler/cfg_7.5/base/seed_000/nfe_010,31.619762420654297,0.7540185451507568
diffusers,hf_sdxl_base_10,euler,base,10,0,7.5,43,"a peaceful Japanese garden with koi pond, stone bridge, and maple leaves",outputs/gpde_diffusers_sdxl_nfe10_cfg_seed_sweep/samples/diffusers/sdxl/euler/cfg_7.5/base/seed_000/nfe_010/000043.jpg,,outputs/gpde_diffusers_sdxl_nfe10_cfg_seed_sweep/samples/diffusers/sdxl/euler/cfg_7.5/base/seed_000/nfe_010,31.076330184936523,1.0344771146774292
diffusers,hf_sdxl_base_10,euler,base,10,0,7.5,44,"a close-up food photograph of ramen with soft egg, steam, and ceramic bowl",outputs/gpde_diffusers_sdxl_nfe10_cfg_seed_sweep/samples/diffusers/sdxl/euler/cfg_7.5/base/seed_000/nfe_010/000044.jpg,,outputs/gpde_diffusers_sdxl_nfe10_cfg_seed_sweep/samples/diffusers/sdxl/euler/cfg_7.5/base/seed_000/nfe_010,30.308536529541016,-0.07789859175682068
diffusers,hf_sdxl_base_10,euler,base,10,0,7.5,45,a vibrant parade costume covered with mirrors and embroidered flowers,outputs/gpde_diffusers_sdxl_nfe10_cfg_seed_sweep/samples/diffusers/sdxl/euler/cfg_7.5/base/seed_000/nfe_010/000045.jpg,,outputs/gpde_diffusers_sdxl_nfe10_cfg_seed_sweep/samples/diffusers/sdxl/euler/cfg_7.5/base/seed_000/nfe_010,28.879648208618164,0.2808230221271515
diffusers,hf_sdxl_base_10,euler,base,10,0,7.5,46,a realistic image of a hand-crafted wooden chess set mid game by candlelight,outputs/gpde_diffusers_sdxl_nfe10_cfg_seed_sweep/samples/diffusers/sdxl/euler/cfg_7.5/base/seed_000/nfe_010/000046.jpg,,outputs/gpde_diffusers_sdxl_nfe10_cfg_seed_sweep/samples/diffusers/sdxl/euler/cfg_7.5/base/seed_000/nfe_010,25.77899742126465,1.5653620958328247
diffusers,hf_sdxl_base_10,euler,base,10,0,7.5,47,a wide angle view of a data center corridor with blue status lights,outputs/gpde_diffusers_sdxl_nfe10_cfg_seed_sweep/samples/diffusers/sdxl/euler/cfg_7.5/base/seed_000/nfe_010/000047.jpg,,outputs/gpde_diffusers_sdxl_nfe10_cfg_seed_sweep/samples/diffusers/sdxl/euler/cfg_7.5/base/seed_000/nfe_010,25.231685638427734,1.652199149131775
diffusers,hf_sdxl_base_10,euler,base,10,0,7.5,48,a magical realism scene of books flying through an old train carriage,outputs/gpde_diffusers_sdxl_nfe10_cfg_seed_sweep/samples/diffusers/sdxl/euler/cfg_7.5/base/seed_000/nfe_010/000048.jpg,,outputs/gpde_diffusers_sdxl_nfe10_cfg_seed_sweep/samples/diffusers/sdxl/euler/cfg_7.5/base/seed_000/nfe_010,37.11338806152344,1.6617075204849243
diffusers,hf_sdxl_base_10,euler,base,10,0,7.5,49,a studio portrait of a golden retriever wearing aviator goggles and a red scarf,outputs/gpde_diffusers_sdxl_nfe10_cfg_seed_sweep/samples/diffusers/sdxl/euler/cfg_7.5/base/seed_000/nfe_010/000049.jpg,,outputs/gpde_diffusers_sdxl_nfe10_cfg_seed_sweep/samples/diffusers/sdxl/euler/cfg_7.5/base/seed_000/nfe_010,37.97812271118164,1.8902419805526733
diffusers,hf_sdxl_base_10,euler,base,10,1,7.5,0,"a cinematic portrait of an astronaut botanist in a glass greenhouse on Mars, detailed fabric, soft rim light",outputs/gpde_diffusers_sdxl_nfe10_cfg_seed_sweep/samples/diffusers/sdxl/euler/cfg_7.5/base/seed_001/nfe_010/000000.jpg,,outputs/gpde_diffusers_sdxl_nfe10_cfg_seed_sweep/samples/diffusers/sdxl/euler/cfg_7.5/base/seed_001/nfe_010,32.31561279296875,1.6722238063812256
diffusers,hf_sdxl_base_10,euler,base,10,1,7.5,1,"a small brass robot repairing an antique clock in a sunlit workshop, shallow depth of field",outputs/gpde_diffusers_sdxl_nfe10_cfg_seed_sweep/samples/diffusers/sdxl/euler/cfg_7.5/base/seed_001/nfe_010/000001.jpg,,outputs/gpde_diffusers_sdxl_nfe10_cfg_seed_sweep/samples/diffusers/sdxl/euler/cfg_7.5/base/seed_001/nfe_010,30.6757755279541,1.497185230255127
diffusers,hf_sdxl_base_10,euler,base,10,1,7.5,2,"a watercolor city street after rain with neon signs reflected in puddles, evening atmosphere",outputs/gpde_diffusers_sdxl_nfe10_cfg_seed_sweep/samples/diffusers/sdxl/euler/cfg_7.5/base/seed_001/nfe_010/000002.jpg,,outputs/gpde_diffusers_sdxl_nfe10_cfg_seed_sweep/samples/diffusers/sdxl/euler/cfg_7.5/base/seed_001/nfe_010,30.76825714111328,1.1843918561935425
diffusers,hf_sdxl_base_10,euler,base,10,1,7.5,3,a high resolution studio photo of a ceramic teapot shaped like a seashell on a slate table,outputs/gpde_diffusers_sdxl_nfe10_cfg_seed_sweep/samples/diffusers/sdxl/euler/cfg_7.5/base/seed_001/nfe_010/000003.jpg,,outputs/gpde_diffusers_sdxl_nfe10_cfg_seed_sweep/samples/diffusers/sdxl/euler/cfg_7.5/base/seed_001/nfe_010,32.832984924316406,1.7467459440231323
diffusers,hf_sdxl_base_10,euler,base,10,1,7.5,4,"a fantasy library carved inside a giant tree, spiral stairs, warm lanterns, intricate shelves",outputs/gpde_diffusers_sdxl_nfe10_cfg_seed_sweep/samples/diffusers/sdxl/euler/cfg_7.5/base/seed_001/nfe_010/000004.jpg,,outputs/gpde_diffusers_sdxl_nfe10_cfg_seed_sweep/samples/diffusers/sdxl/euler/cfg_7.5/base/seed_001/nfe_010,30.866580963134766,1.6406420469284058
diffusers,hf_sdxl_base_10,euler,base,10,1,7.5,5,"a macro photograph of a snowflake resting on dark wool, crisp crystalline detail",outputs/gpde_diffusers_sdxl_nfe10_cfg_seed_sweep/samples/diffusers/sdxl/euler/cfg_7.5/base/seed_001/nfe_010/000005.jpg,,outputs/gpde_diffusers_sdxl_nfe10_cfg_seed_sweep/samples/diffusers/sdxl/euler/cfg_7.5/base/seed_001/nfe_010,27.7984619140625,-0.46138229966163635
diffusers,hf_sdxl_base_10,euler,base,10,1,7.5,6,"a retro futuristic train crossing a desert at sunset, chrome surfaces, long shadows",outputs/gpde_diffusers_sdxl_nfe10_cfg_seed_sweep/samples/diffusers/sdxl/euler/cfg_7.5/base/seed_001/nfe_010/000006.jpg,,outputs/gpde_diffusers_sdxl_nfe10_cfg_seed_sweep/samples/diffusers/sdxl/euler/cfg_7.5/base/seed_001/nfe_010,27.624385833740234,0.680009663105011
diffusers,hf_sdxl_base_10,euler,base,10,1,7.5,7,"a chef plating a colorful molecular gastronomy dessert, clean restaurant lighting",outputs/gpde_diffusers_sdxl_nfe10_cfg_seed_sweep/samples/diffusers/sdxl/euler/cfg_7.5/base/seed_001/nfe_010/000007.jpg,,outputs/gpde_diffusers_sdxl_nfe10_cfg_seed_sweep/samples/diffusers/sdxl/euler/cfg_7.5/base/seed_001/nfe_010,29.101375579833984,-1.680101990699768
diffusers,hf_sdxl_base_10,euler,base,10,1,7.5,8,"an isometric cozy bedroom with plants, books, a desk lamp, and a rainy window",outputs/gpde_diffusers_sdxl_nfe10_cfg_seed_sweep/samples/diffusers/sdxl/euler/cfg_7.5/base/seed_001/nfe_010/000008.jpg,,outputs/gpde_diffusers_sdxl_nfe10_cfg_seed_sweep/samples/diffusers/sdxl/euler/cfg_7.5/base/seed_001/nfe_010,33.23411178588867,0.7108601331710815
diffusers,hf_sdxl_base_10,euler,base,10,1,7.5,9,"a dramatic mountain monastery above clouds, sunrise, detailed stone architecture",outputs/gpde_diffusers_sdxl_nfe10_cfg_seed_sweep/samples/diffusers/sdxl/euler/cfg_7.5/base/seed_001/nfe_010/000009.jpg,,outputs/gpde_diffusers_sdxl_nfe10_cfg_seed_sweep/samples/diffusers/sdxl/euler/cfg_7.5/base/seed_001/nfe_010,34.778438568115234,1.8405425548553467
diffusers,hf_sdxl_base_10,euler,base,10,1,7.5,10,a fashion editorial photo of a model wearing a translucent raincoat in Tokyo at night,outputs/gpde_diffusers_sdxl_nfe10_cfg_seed_sweep/samples/diffusers/sdxl/euler/cfg_7.5/base/seed_001/nfe_010/000010.jpg,,outputs/gpde_diffusers_sdxl_nfe10_cfg_seed_sweep/samples/diffusers/sdxl/euler/cfg_7.5/base/seed_001/nfe_010,34.504573822021484,1.9703186750411987
diffusers,hf_sdxl_base_10,euler,base,10,1,7.5,11,a realistic red fox statue made of folded paper on a white museum pedestal,outputs/gpde_diffusers_sdxl_nfe10_cfg_seed_sweep/samples/diffusers/sdxl/euler/cfg_7.5/base/seed_001/nfe_010/000011.jpg,,outputs/gpde_diffusers_sdxl_nfe10_cfg_seed_sweep/samples/diffusers/sdxl/euler/cfg_7.5/base/seed_001/nfe_010,34.239322662353516,0.9127255082130432
diffusers,hf_sdxl_base_10,euler,base,10,1,7.5,12,a detailed cutaway illustration of a tiny submarine exploring a coral reef,outputs/gpde_diffusers_sdxl_nfe10_cfg_seed_sweep/samples/diffusers/sdxl/euler/cfg_7.5/base/seed_001/nfe_010/000012.jpg,,outputs/gpde_diffusers_sdxl_nfe10_cfg_seed_sweep/samples/diffusers/sdxl/euler/cfg_7.5/base/seed_001/nfe_010,31.09606170654297,1.0321598052978516
diffusers,hf_sdxl_base_10,euler,base,10,1,7.5,13,a product photo of wireless headphones on brushed aluminum with blue accent lighting,outputs/gpde_diffusers_sdxl_nfe10_cfg_seed_sweep/samples/diffusers/sdxl/euler/cfg_7.5/base/seed_001/nfe_010/000013.jpg,,outputs/gpde_diffusers_sdxl_nfe10_cfg_seed_sweep/samples/diffusers/sdxl/euler/cfg_7.5/base/seed_001/nfe_010,26.683107376098633,1.0771801471710205
diffusers,hf_sdxl_base_10,euler,base,10,1,7.5,14,"a medieval market square during a festival, banners, musicians, detailed crowd",outputs/gpde_diffusers_sdxl_nfe10_cfg_seed_sweep/samples/diffusers/sdxl/euler/cfg_7.5/base/seed_001/nfe_010/000014.jpg,,outputs/gpde_diffusers_sdxl_nfe10_cfg_seed_sweep/samples/diffusers/sdxl/euler/cfg_7.5/base/seed_001/nfe_010,26.39318084716797,0.38462892174720764
diffusers,hf_sdxl_base_10,euler,base,10,1,7.5,15,an oil painting of a violinist performing in an empty subway station,outputs/gpde_diffusers_sdxl_nfe10_cfg_seed_sweep/samples/diffusers/sdxl/euler/cfg_7.5/base/seed_001/nfe_010/000015.jpg,,outputs/gpde_diffusers_sdxl_nfe10_cfg_seed_sweep/samples/diffusers/sdxl/euler/cfg_7.5/base/seed_001/nfe_010,37.535823822021484,1.848263144493103
diffusers,hf_sdxl_base_10,euler,base,10,1,7.5,16,"a close-up portrait of an elderly sailor, weathered skin, navy coat, overcast harbor",outputs/gpde_diffusers_sdxl_nfe10_cfg_seed_sweep/samples/diffusers/sdxl/euler/cfg_7.5/base/seed_001/nfe_010/000016.jpg,,outputs/gpde_diffusers_sdxl_nfe10_cfg_seed_sweep/samples/diffusers/sdxl/euler/cfg_7.5/base/seed_001/nfe_010,29.34250831604004,1.8315998315811157
diffusers,hf_sdxl_base_10,euler,base,10,1,7.5,17,a clean architectural rendering of a modern cabin beside a frozen lake,outputs/gpde_diffusers_sdxl_nfe10_cfg_seed_sweep/samples/diffusers/sdxl/euler/cfg_7.5/base/seed_001/nfe_010/000017.jpg,,outputs/gpde_diffusers_sdxl_nfe10_cfg_seed_sweep/samples/diffusers/sdxl/euler/cfg_7.5/base/seed_001/nfe_010,35.616111755371094,1.266210913658142
diffusers,hf_sdxl_base_10,euler,base,10,1,7.5,18,a surreal desert filled with floating glass spheres and distant black mountains,outputs/gpde_diffusers_sdxl_nfe10_cfg_seed_sweep/samples/diffusers/sdxl/euler/cfg_7.5/base/seed_001/nfe_010/000018.jpg,,outputs/gpde_diffusers_sdxl_nfe10_cfg_seed_sweep/samples/diffusers/sdxl/euler/cfg_7.5/base/seed_001/nfe_010,36.6962776184082,1.4934731721878052
diffusers,hf_sdxl_base_10,euler,base,10,1,7.5,19,a documentary photo of a scientist collecting ice cores in Antarctica,outputs/gpde_diffusers_sdxl_nfe10_cfg_seed_sweep/samples/diffusers/sdxl/euler/cfg_7.5/base/seed_001/nfe_010/000019.jpg,,outputs/gpde_diffusers_sdxl_nfe10_cfg_seed_sweep/samples/diffusers/sdxl/euler/cfg_7.5/base/seed_001/nfe_010,28.414838790893555,0.10373174399137497
diffusers,hf_sdxl_base_10,euler,base,10,1,7.5,20,a detailed 3D render of a mechanical hummingbird with copper wings,outputs/gpde_diffusers_sdxl_nfe10_cfg_seed_sweep/samples/diffusers/sdxl/euler/cfg_7.5/base/seed_001/nfe_010/000020.jpg,,outputs/gpde_diffusers_sdxl_nfe10_cfg_seed_sweep/samples/diffusers/sdxl/euler/cfg_7.5/base/seed_001/nfe_010,35.023719787597656,-0.19040191173553467
diffusers,hf_sdxl_base_10,euler,base,10,1,7.5,21,"a cozy cafe interior in autumn, pastries, espresso machine, soft morning light",outputs/gpde_diffusers_sdxl_nfe10_cfg_seed_sweep/samples/diffusers/sdxl/euler/cfg_7.5/base/seed_001/nfe_010/000021.jpg,,outputs/gpde_diffusers_sdxl_nfe10_cfg_seed_sweep/samples/diffusers/sdxl/euler/cfg_7.5/base/seed_001/nfe_010,29.711172103881836,0.5241471529006958
diffusers,hf_sdxl_base_10,euler,base,10,1,7.5,22,"a panoramic view of terraced rice fields under mist, workers in colorful clothing",outputs/gpde_diffusers_sdxl_nfe10_cfg_seed_sweep/samples/diffusers/sdxl/euler/cfg_7.5/base/seed_001/nfe_010/000022.jpg,,outputs/gpde_diffusers_sdxl_nfe10_cfg_seed_sweep/samples/diffusers/sdxl/euler/cfg_7.5/base/seed_001/nfe_010,30.63867950439453,1.2579621076583862
diffusers,hf_sdxl_base_10,euler,base,10,1,7.5,23,a children's book illustration of a moonlit boat parade on a quiet canal,outputs/gpde_diffusers_sdxl_nfe10_cfg_seed_sweep/samples/diffusers/sdxl/euler/cfg_7.5/base/seed_001/nfe_010/000023.jpg,,outputs/gpde_diffusers_sdxl_nfe10_cfg_seed_sweep/samples/diffusers/sdxl/euler/cfg_7.5/base/seed_001/nfe_010,33.97181701660156,1.5692836046218872
diffusers,hf_sdxl_base_10,euler,base,10,1,7.5,24,"a realistic sports car parked in a concrete tunnel, reflections, low angle",outputs/gpde_diffusers_sdxl_nfe10_cfg_seed_sweep/samples/diffusers/sdxl/euler/cfg_7.5/base/seed_001/nfe_010/000024.jpg,,outputs/gpde_diffusers_sdxl_nfe10_cfg_seed_sweep/samples/diffusers/sdxl/euler/cfg_7.5/base/seed_001/nfe_010,32.16040802001953,1.1151702404022217
diffusers,hf_sdxl_base_10,euler,base,10,1,7.5,25,"a botanical diagram of rare orchids with labeled roots and petals, archival paper",outputs/gpde_diffusers_sdxl_nfe10_cfg_seed_sweep/samples/diffusers/sdxl/euler/cfg_7.5/base/seed_001/nfe_010/000025.jpg,,outputs/gpde_diffusers_sdxl_nfe10_cfg_seed_sweep/samples/diffusers/sdxl/euler/cfg_7.5/base/seed_001/nfe_010,29.432859420776367,1.161353349685669
diffusers,hf_sdxl_base_10,euler,base,10,1,7.5,26,"a cyberpunk street food stall with steam, lanterns, and dense urban signage",outputs/gpde_diffusers_sdxl_nfe10_cfg_seed_sweep/samples/diffusers/sdxl/euler/cfg_7.5/base/seed_001/nfe_010/000026.jpg,,outputs/gpde_diffusers_sdxl_nfe10_cfg_seed_sweep/samples/diffusers/sdxl/euler/cfg_7.5/base/seed_001/nfe_010,31.647544860839844,0.5587034821510315
diffusers,hf_sdxl_base_10,euler,base,10,1,7.5,27,"a still life of glass fruit bowls, linen cloth, and silver cutlery, natural light",outputs/gpde_diffusers_sdxl_nfe10_cfg_seed_sweep/samples/diffusers/sdxl/euler/cfg_7.5/base/seed_001/nfe_010/000027.jpg,,outputs/gpde_diffusers_sdxl_nfe10_cfg_seed_sweep/samples/diffusers/sdxl/euler/cfg_7.5/base/seed_001/nfe_010,29.24445343017578,0.7213020920753479
diffusers,hf_sdxl_base_10,euler,base,10,1,7.5,28,a heroic statue covered in vines in an abandoned futuristic plaza,outputs/gpde_diffusers_sdxl_nfe10_cfg_seed_sweep/samples/diffusers/sdxl/euler/cfg_7.5/base/seed_001/nfe_010/000028.jpg,,outputs/gpde_diffusers_sdxl_nfe10_cfg_seed_sweep/samples/diffusers/sdxl/euler/cfg_7.5/base/seed_001/nfe_010,33.585472106933594,1.6138899326324463
diffusers,hf_sdxl_base_10,euler,base,10,1,7.5,29,a black and white film photograph of dancers rehearsing in a mirror-lined studio,outputs/gpde_diffusers_sdxl_nfe10_cfg_seed_sweep/samples/diffusers/sdxl/euler/cfg_7.5/base/seed_001/nfe_010/000029.jpg,,outputs/gpde_diffusers_sdxl_nfe10_cfg_seed_sweep/samples/diffusers/sdxl/euler/cfg_7.5/base/seed_001/nfe_010,32.005863189697266,1.4465665817260742
diffusers,hf_sdxl_base_10,euler,base,10,1,7.5,30,"a detailed scene of a spacecraft cockpit during reentry, glowing controls, tense mood",outputs/gpde_diffusers_sdxl_nfe10_cfg_seed_sweep/samples/diffusers/sdxl/euler/cfg_7.5/base/seed_001/nfe_010/000030.jpg,,outputs/gpde_diffusers_sdxl_nfe10_cfg_seed_sweep/samples/diffusers/sdxl/euler/cfg_7.5/base/seed_001/nfe_010,26.610517501831055,0.5042389035224915
diffusers,hf_sdxl_base_10,euler,base,10,1,7.5,31,a claymation style village bakery with tiny loaves and painted signs,outputs/gpde_diffusers_sdxl_nfe10_cfg_seed_sweep/samples/diffusers/sdxl/euler/cfg_7.5/base/seed_001/nfe_010/000031.jpg,,outputs/gpde_diffusers_sdxl_nfe10_cfg_seed_sweep/samples/diffusers/sdxl/euler/cfg_7.5/base/seed_001/nfe_010,36.5244140625,0.3386320173740387
diffusers,hf_sdxl_base_10,euler,base,10,1,7.5,32,a realistic underwater photograph of a diver inspecting an ancient marble column,outputs/gpde_diffusers_sdxl_nfe10_cfg_seed_sweep/samples/diffusers/sdxl/euler/cfg_7.5/base/seed_001/nfe_010/000032.jpg,,outputs/gpde_diffusers_sdxl_nfe10_cfg_seed_sweep/samples/diffusers/sdxl/euler/cfg_7.5/base/seed_001/nfe_010,29.929643630981445,1.3947346210479736
diffusers,hf_sdxl_base_10,euler,base,10,1,7.5,33,"a minimalist poster of a jazz quartet in deep red, cream, and black",outputs/gpde_diffusers_sdxl_nfe10_cfg_seed_sweep/samples/diffusers/sdxl/euler/cfg_7.5/base/seed_001/nfe_010/000033.jpg,,outputs/gpde_diffusers_sdxl_nfe10_cfg_seed_sweep/samples/diffusers/sdxl/euler/cfg_7.5/base/seed_001/nfe_010,26.726308822631836,1.1408867835998535
diffusers,hf_sdxl_base_10,euler,base,10,1,7.5,34,a high detail portrait of a queen wearing armor made of mother of pearl,outputs/gpde_diffusers_sdxl_nfe10_cfg_seed_sweep/samples/diffusers/sdxl/euler/cfg_7.5/base/seed_001/nfe_010/000034.jpg,,outputs/gpde_diffusers_sdxl_nfe10_cfg_seed_sweep/samples/diffusers/sdxl/euler/cfg_7.5/base/seed_001/nfe_010,30.383222579956055,1.8086801767349243
diffusers,hf_sdxl_base_10,euler,base,10,1,7.5,35,"a top-down board game map of an island with forests, cliffs, and hidden ruins",outputs/gpde_diffusers_sdxl_nfe10_cfg_seed_sweep/samples/diffusers/sdxl/euler/cfg_7.5/base/seed_001/nfe_010/000035.jpg,,outputs/gpde_diffusers_sdxl_nfe10_cfg_seed_sweep/samples/diffusers/sdxl/euler/cfg_7.5/base/seed_001/nfe_010,24.809450149536133,-0.07228509336709976
diffusers,hf_sdxl_base_10,euler,base,10,1,7.5,36,"a luxury watch exploded view on a dark background, precise gears and screws",outputs/gpde_diffusers_sdxl_nfe10_cfg_seed_sweep/samples/diffusers/sdxl/euler/cfg_7.5/base/seed_001/nfe_010/000036.jpg,,outputs/gpde_diffusers_sdxl_nfe10_cfg_seed_sweep/samples/diffusers/sdxl/euler/cfg_7.5/base/seed_001/nfe_010,31.424081802368164,1.013034701347351
diffusers,hf_sdxl_base_10,euler,base,10,1,7.5,37,"a sunlit greenhouse filled with tomatoes, watering cans, and terracotta pots",outputs/gpde_diffusers_sdxl_nfe10_cfg_seed_sweep/samples/diffusers/sdxl/euler/cfg_7.5/base/seed_001/nfe_010/000037.jpg,,outputs/gpde_diffusers_sdxl_nfe10_cfg_seed_sweep/samples/diffusers/sdxl/euler/cfg_7.5/base/seed_001/nfe_010,33.20029830932617,1.843307614326477
diffusers,hf_sdxl_base_10,euler,base,10,1,7.5,38,a night landscape of fireflies over a meadow beside a quiet river,outputs/gpde_diffusers_sdxl_nfe10_cfg_seed_sweep/samples/diffusers/sdxl/euler/cfg_7.5/base/seed_001/nfe_010/000038.jpg,,outputs/gpde_diffusers_sdxl_nfe10_cfg_seed_sweep/samples/diffusers/sdxl/euler/cfg_7.5/base/seed_001/nfe_010,32.76021957397461,1.4455431699752808
diffusers,hf_sdxl_base_10,euler,base,10,1,7.5,39,a realistic photo of a rescue helicopter landing on a snowy mountain ridge,outputs/gpde_diffusers_sdxl_nfe10_cfg_seed_sweep/samples/diffusers/sdxl/euler/cfg_7.5/base/seed_001/nfe_010/000039.jpg,,outputs/gpde_diffusers_sdxl_nfe10_cfg_seed_sweep/samples/diffusers/sdxl/euler/cfg_7.5/base/seed_001/nfe_010,33.87389373779297,1.4279412031173706
diffusers,hf_sdxl_base_10,euler,base,10,1,7.5,40,a concept art scene of a floating research station above Jupiter's clouds,outputs/gpde_diffusers_sdxl_nfe10_cfg_seed_sweep/samples/diffusers/sdxl/euler/cfg_7.5/base/seed_001/nfe_010/000040.jpg,,outputs/gpde_diffusers_sdxl_nfe10_cfg_seed_sweep/samples/diffusers/sdxl/euler/cfg_7.5/base/seed_001/nfe_010,27.82686996459961,1.8124219179153442
diffusers,hf_sdxl_base_10,euler,base,10,1,7.5,41,a detailed pencil drawing of an old bicycle leaning against a brick wall,outputs/gpde_diffusers_sdxl_nfe10_cfg_seed_sweep/samples/diffusers/sdxl/euler/cfg_7.5/base/seed_001/nfe_010/000041.jpg,,outputs/gpde_diffusers_sdxl_nfe10_cfg_seed_sweep/samples/diffusers/sdxl/euler/cfg_7.5/base/seed_001/nfe_010,35.032955169677734,1.388574481010437
diffusers,hf_sdxl_base_10,euler,base,10,1,7.5,42,"a museum diorama of prehistoric sea creatures, dramatic educational lighting",outputs/gpde_diffusers_sdxl_nfe10_cfg_seed_sweep/samples/diffusers/sdxl/euler/cfg_7.5/base/seed_001/nfe_010/000042.jpg,,outputs/gpde_diffusers_sdxl_nfe10_cfg_seed_sweep/samples/diffusers/sdxl/euler/cfg_7.5/base/seed_001/nfe_010,31.873929977416992,0.854450523853302
diffusers,hf_sdxl_base_10,euler,base,10,1,7.5,43,"a peaceful Japanese garden with koi pond, stone bridge, and maple leaves",outputs/gpde_diffusers_sdxl_nfe10_cfg_seed_sweep/samples/diffusers/sdxl/euler/cfg_7.5/base/seed_001/nfe_010/000043.jpg,,outputs/gpde_diffusers_sdxl_nfe10_cfg_seed_sweep/samples/diffusers/sdxl/euler/cfg_7.5/base/seed_001/nfe_010,30.903911590576172,1.0138911008834839
diffusers,hf_sdxl_base_10,euler,base,10,1,7.5,44,"a close-up food photograph of ramen with soft egg, steam, and ceramic bowl",outputs/gpde_diffusers_sdxl_nfe10_cfg_seed_sweep/samples/diffusers/sdxl/euler/cfg_7.5/base/seed_001/nfe_010/000044.jpg,,outputs/gpde_diffusers_sdxl_nfe10_cfg_seed_sweep/samples/diffusers/sdxl/euler/cfg_7.5/base/seed_001/nfe_010,31.230445861816406,0.14758169651031494
diffusers,hf_sdxl_base_10,euler,base,10,1,7.5,45,a vibrant parade costume covered with mirrors and embroidered flowers,outputs/gpde_diffusers_sdxl_nfe10_cfg_seed_sweep/samples/diffusers/sdxl/euler/cfg_7.5/base/seed_001/nfe_010/000045.jpg,,outputs/gpde_diffusers_sdxl_nfe10_cfg_seed_sweep/samples/diffusers/sdxl/euler/cfg_7.5/base/seed_001/nfe_010,32.670982360839844,0.8513070940971375
diffusers,hf_sdxl_base_10,euler,base,10,1,7.5,46,a realistic image of a hand-crafted wooden chess set mid game by candlelight,outputs/gpde_diffusers_sdxl_nfe10_cfg_seed_sweep/samples/diffusers/sdxl/euler/cfg_7.5/base/seed_001/nfe_010/000046.jpg,,outputs/gpde_diffusers_sdxl_nfe10_cfg_seed_sweep/samples/diffusers/sdxl/euler/cfg_7.5/base/seed_001/nfe_010,28.41191864013672,1.5204862356185913
diffusers,hf_sdxl_base_10,euler,base,10,1,7.5,47,a wide angle view of a data center corridor with blue status lights,outputs/gpde_diffusers_sdxl_nfe10_cfg_seed_sweep/samples/diffusers/sdxl/euler/cfg_7.5/base/seed_001/nfe_010/000047.jpg,,outputs/gpde_diffusers_sdxl_nfe10_cfg_seed_sweep/samples/diffusers/sdxl/euler/cfg_7.5/base/seed_001/nfe_010,24.11882781982422,1.1800117492675781
diffusers,hf_sdxl_base_10,euler,base,10,1,7.5,48,a magical realism scene of books flying through an old train carriage,outputs/gpde_diffusers_sdxl_nfe10_cfg_seed_sweep/samples/diffusers/sdxl/euler/cfg_7.5/base/seed_001/nfe_010/000048.jpg,,outputs/gpde_diffusers_sdxl_nfe10_cfg_seed_sweep/samples/diffusers/sdxl/euler/cfg_7.5/base/seed_001/nfe_010,36.99517059326172,1.7404897212982178
diffusers,hf_sdxl_base_10,euler,base,10,1,7.5,49,a studio portrait of a golden retriever wearing aviator goggles and a red scarf,outputs/gpde_diffusers_sdxl_nfe10_cfg_seed_sweep/samples/diffusers/sdxl/euler/cfg_7.5/base/seed_001/nfe_010/000049.jpg,,outputs/gpde_diffusers_sdxl_nfe10_cfg_seed_sweep/samples/diffusers/sdxl/euler/cfg_7.5/base/seed_001/nfe_010,37.10928726196289,1.8896596431732178
diffusers,hf_sdxl_base_10,euler,base,10,2,7.5,0,"a cinematic portrait of an astronaut botanist in a glass greenhouse on Mars, detailed fabric, soft rim light",outputs/gpde_diffusers_sdxl_nfe10_cfg_seed_sweep/samples/diffusers/sdxl/euler/cfg_7.5/base/seed_002/nfe_010/000000.jpg,,outputs/gpde_diffusers_sdxl_nfe10_cfg_seed_sweep/samples/diffusers/sdxl/euler/cfg_7.5/base/seed_002/nfe_010,32.28205490112305,1.4197001457214355
diffusers,hf_sdxl_base_10,euler,base,10,2,7.5,1,"a small brass robot repairing an antique clock in a sunlit workshop, shallow depth of field",outputs/gpde_diffusers_sdxl_nfe10_cfg_seed_sweep/samples/diffusers/sdxl/euler/cfg_7.5/base/seed_002/nfe_010/000001.jpg,,outputs/gpde_diffusers_sdxl_nfe10_cfg_seed_sweep/samples/diffusers/sdxl/euler/cfg_7.5/base/seed_002/nfe_010,28.97062873840332,1.2228280305862427
diffusers,hf_sdxl_base_10,euler,base,10,2,7.5,2,"a watercolor city street after rain with neon signs reflected in puddles, evening atmosphere",outputs/gpde_diffusers_sdxl_nfe10_cfg_seed_sweep/samples/diffusers/sdxl/euler/cfg_7.5/base/seed_002/nfe_010/000002.jpg,,outputs/gpde_diffusers_sdxl_nfe10_cfg_seed_sweep/samples/diffusers/sdxl/euler/cfg_7.5/base/seed_002/nfe_010,28.33002281188965,0.866125226020813
diffusers,hf_sdxl_base_10,euler,base,10,2,7.5,3,a high resolution studio photo of a ceramic teapot shaped like a seashell on a slate table,outputs/gpde_diffusers_sdxl_nfe10_cfg_seed_sweep/samples/diffusers/sdxl/euler/cfg_7.5/base/seed_002/nfe_010/000003.jpg,,outputs/gpde_diffusers_sdxl_nfe10_cfg_seed_sweep/samples/diffusers/sdxl/euler/cfg_7.5/base/seed_002/nfe_010,27.637327194213867,-1.5126322507858276
diffusers,hf_sdxl_base_10,euler,base,10,2,7.5,4,"a fantasy library carved inside a giant tree, spiral stairs, warm lanterns, intricate shelves",outputs/gpde_diffusers_sdxl_nfe10_cfg_seed_sweep/samples/diffusers/sdxl/euler/cfg_7.5/base/seed_002/nfe_010/000004.jpg,,outputs/gpde_diffusers_sdxl_nfe10_cfg_seed_sweep/samples/diffusers/sdxl/euler/cfg_7.5/base/seed_002/nfe_010,32.598411560058594,1.8410797119140625
diffusers,hf_sdxl_base_10,euler,base,10,2,7.5,5,"a macro photograph of a snowflake resting on dark wool, crisp crystalline detail",outputs/gpde_diffusers_sdxl_nfe10_cfg_seed_sweep/samples/diffusers/sdxl/euler/cfg_7.5/base/seed_002/nfe_010/000005.jpg,,outputs/gpde_diffusers_sdxl_nfe10_cfg_seed_sweep/samples/diffusers/sdxl/euler/cfg_7.5/base/seed_002/nfe_010,27.043697357177734,-0.3436109721660614
diffusers,hf_sdxl_base_10,euler,base,10,2,7.5,6,"a retro futuristic train crossing a desert at sunset, chrome surfaces, long shadows",outputs/gpde_diffusers_sdxl_nfe10_cfg_seed_sweep/samples/diffusers/sdxl/euler/cfg_7.5/base/seed_002/nfe_010/000006.jpg,,outputs/gpde_diffusers_sdxl_nfe10_cfg_seed_sweep/samples/diffusers/sdxl/euler/cfg_7.5/base/seed_002/nfe_010,27.03801918029785,1.3276225328445435
diffusers,hf_sdxl_base_10,euler,base,10,2,7.5,7,"a chef plating a colorful molecular gastronomy dessert, clean restaurant lighting",outputs/gpde_diffusers_sdxl_nfe10_cfg_seed_sweep/samples/diffusers/sdxl/euler/cfg_7.5/base/seed_002/nfe_010/000007.jpg,,outputs/gpde_diffusers_sdxl_nfe10_cfg_seed_sweep/samples/diffusers/sdxl/euler/cfg_7.5/base/seed_002/nfe_010,31.14643669128418,-0.0919506773352623
diffusers,hf_sdxl_base_10,euler,base,10,2,7.5,8,"an isometric cozy bedroom with plants, books, a desk lamp, and a rainy window",outputs/gpde_diffusers_sdxl_nfe10_cfg_seed_sweep/samples/diffusers/sdxl/euler/cfg_7.5/base/seed_002/nfe_010/000008.jpg,,outputs/gpde_diffusers_sdxl_nfe10_cfg_seed_sweep/samples/diffusers/sdxl/euler/cfg_7.5/base/seed_002/nfe_010,33.20844650268555,0.34608009457588196
diffusers,hf_sdxl_base_10,euler,base,10,2,7.5,9,"a dramatic mountain monastery above clouds, sunrise, detailed stone architecture",outputs/gpde_diffusers_sdxl_nfe10_cfg_seed_sweep/samples/diffusers/sdxl/euler/cfg_7.5/base/seed_002/nfe_010/000009.jpg,,outputs/gpde_diffusers_sdxl_nfe10_cfg_seed_sweep/samples/diffusers/sdxl/euler/cfg_7.5/base/seed_002/nfe_010,34.33390426635742,1.6881037950515747
diffusers,hf_sdxl_base_10,euler,base,10,2,7.5,10,a fashion editorial photo of a model wearing a translucent raincoat in Tokyo at night,outputs/gpde_diffusers_sdxl_nfe10_cfg_seed_sweep/samples/diffusers/sdxl/euler/cfg_7.5/base/seed_002/nfe_010/000010.jpg,,outputs/gpde_diffusers_sdxl_nfe10_cfg_seed_sweep/samples/diffusers/sdxl/euler/cfg_7.5/base/seed_002/nfe_010,36.66990280151367,1.968711018562317
diffusers,hf_sdxl_base_10,euler,base,10,2,7.5,11,a realistic red fox statue made of folded paper on a white museum pedestal,outputs/gpde_diffusers_sdxl_nfe10_cfg_seed_sweep/samples/diffusers/sdxl/euler/cfg_7.5/base/seed_002/nfe_010/000011.jpg,,outputs/gpde_diffusers_sdxl_nfe10_cfg_seed_sweep/samples/diffusers/sdxl/euler/cfg_7.5/base/seed_002/nfe_010,31.2952938079834,0.5626413226127625
diffusers,hf_sdxl_base_10,euler,base,10,2,7.5,12,a detailed cutaway illustration of a tiny submarine exploring a coral reef,outputs/gpde_diffusers_sdxl_nfe10_cfg_seed_sweep/samples/diffusers/sdxl/euler/cfg_7.5/base/seed_002/nfe_010/000012.jpg,,outputs/gpde_diffusers_sdxl_nfe10_cfg_seed_sweep/samples/diffusers/sdxl/euler/cfg_7.5/base/seed_002/nfe_010,31.682655334472656,1.0669969320297241
diffusers,hf_sdxl_base_10,euler,base,10,2,7.5,13,a product photo of wireless headphones on brushed aluminum with blue accent lighting,outputs/gpde_diffusers_sdxl_nfe10_cfg_seed_sweep/samples/diffusers/sdxl/euler/cfg_7.5/base/seed_002/nfe_010/000013.jpg,,outputs/gpde_diffusers_sdxl_nfe10_cfg_seed_sweep/samples/diffusers/sdxl/euler/cfg_7.5/base/seed_002/nfe_010,26.492422103881836,0.3163163363933563
diffusers,hf_sdxl_base_10,euler,base,10,2,7.5,14,"a medieval market square during a festival, banners, musicians, detailed crowd",outputs/gpde_diffusers_sdxl_nfe10_cfg_seed_sweep/samples/diffusers/sdxl/euler/cfg_7.5/base/seed_002/nfe_010/000014.jpg,,outputs/gpde_diffusers_sdxl_nfe10_cfg_seed_sweep/samples/diffusers/sdxl/euler/cfg_7.5/base/seed_002/nfe_010,27.17438316345215,0.3191083073616028
diffusers,hf_sdxl_base_10,euler,base,10,2,7.5,15,an oil painting of a violinist performing in an empty subway station,outputs/gpde_diffusers_sdxl_nfe10_cfg_seed_sweep/samples/diffusers/sdxl/euler/cfg_7.5/base/seed_002/nfe_010/000015.jpg,,outputs/gpde_diffusers_sdxl_nfe10_cfg_seed_sweep/samples/diffusers/sdxl/euler/cfg_7.5/base/seed_002/nfe_010,40.409366607666016,1.8783987760543823
diffusers,hf_sdxl_base_10,euler,base,10,2,7.5,16,"a close-up portrait of an elderly sailor, weathered skin, navy coat, overcast harbor",outputs/gpde_diffusers_sdxl_nfe10_cfg_seed_sweep/samples/diffusers/sdxl/euler/cfg_7.5/base/seed_002/nfe_010/000016.jpg,,outputs/gpde_diffusers_sdxl_nfe10_cfg_seed_sweep/samples/diffusers/sdxl/euler/cfg_7.5/base/seed_002/nfe_010,27.183210372924805,0.5166711807250977
diffusers,hf_sdxl_base_10,euler,base,10,2,7.5,17,a clean architectural rendering of a modern cabin beside a frozen lake,outputs/gpde_diffusers_sdxl_nfe10_cfg_seed_sweep/samples/diffusers/sdxl/euler/cfg_7.5/base/seed_002/nfe_010/000017.jpg,,outputs/gpde_diffusers_sdxl_nfe10_cfg_seed_sweep/samples/diffusers/sdxl/euler/cfg_7.5/base/seed_002/nfe_010,37.08428955078125,0.5105583667755127
diffusers,hf_sdxl_base_10,euler,base,10,2,7.5,18,a surreal desert filled with floating glass spheres and distant black mountains,outputs/gpde_diffusers_sdxl_nfe10_cfg_seed_sweep/samples/diffusers/sdxl/euler/cfg_7.5/base/seed_002/nfe_010/000018.jpg,,outputs/gpde_diffusers_sdxl_nfe10_cfg_seed_sweep/samples/diffusers/sdxl/euler/cfg_7.5/base/seed_002/nfe_010,31.217151641845703,1.7565655708312988
diffusers,hf_sdxl_base_10,euler,base,10,2,7.5,19,a documentary photo of a scientist collecting ice cores in Antarctica,outputs/gpde_diffusers_sdxl_nfe10_cfg_seed_sweep/samples/diffusers/sdxl/euler/cfg_7.5/base/seed_002/nfe_010/000019.jpg,,outputs/gpde_diffusers_sdxl_nfe10_cfg_seed_sweep/samples/diffusers/sdxl/euler/cfg_7.5/base/seed_002/nfe_010,28.575706481933594,0.6079785227775574
diffusers,hf_sdxl_base_10,euler,base,10,2,7.5,20,a detailed 3D render of a mechanical hummingbird with copper wings,outputs/gpde_diffusers_sdxl_nfe10_cfg_seed_sweep/samples/diffusers/sdxl/euler/cfg_7.5/base/seed_002/nfe_010/000020.jpg,,outputs/gpde_diffusers_sdxl_nfe10_cfg_seed_sweep/samples/diffusers/sdxl/euler/cfg_7.5/base/seed_002/nfe_010,36.32079315185547,-0.33128753304481506
diffusers,hf_sdxl_base_10,euler,base,10,2,7.5,21,"a cozy cafe interior in autumn, pastries, espresso machine, soft morning light",outputs/gpde_diffusers_sdxl_nfe10_cfg_seed_sweep/samples/diffusers/sdxl/euler/cfg_7.5/base/seed_002/nfe_010/000021.jpg,,outputs/gpde_diffusers_sdxl_nfe10_cfg_seed_sweep/samples/diffusers/sdxl/euler/cfg_7.5/base/seed_002/nfe_010,30.78070831298828,1.658300757408142
diffusers,hf_sdxl_base_10,euler,base,10,2,7.5,22,"a panoramic view of terraced rice fields under mist, workers in colorful clothing",outputs/gpde_diffusers_sdxl_nfe10_cfg_seed_sweep/samples/diffusers/sdxl/euler/cfg_7.5/base/seed_002/nfe_010/000022.jpg,,outputs/gpde_diffusers_sdxl_nfe10_cfg_seed_sweep/samples/diffusers/sdxl/euler/cfg_7.5/base/seed_002/nfe_010,27.529441833496094,0.1848086416721344
diffusers,hf_sdxl_base_10,euler,base,10,2,7.5,23,a children's book illustration of a moonlit boat parade on a quiet canal,outputs/gpde_diffusers_sdxl_nfe10_cfg_seed_sweep/samples/diffusers/sdxl/euler/cfg_7.5/base/seed_002/nfe_010/000023.jpg,,outputs/gpde_diffusers_sdxl_nfe10_cfg_seed_sweep/samples/diffusers/sdxl/euler/cfg_7.5/base/seed_002/nfe_010,32.63471221923828,1.1924229860305786
diffusers,hf_sdxl_base_10,euler,base,10,2,7.5,24,"a realistic sports car parked in a concrete tunnel, reflections, low angle",outputs/gpde_diffusers_sdxl_nfe10_cfg_seed_sweep/samples/diffusers/sdxl/euler/cfg_7.5/base/seed_002/nfe_010/000024.jpg,,outputs/gpde_diffusers_sdxl_nfe10_cfg_seed_sweep/samples/diffusers/sdxl/euler/cfg_7.5/base/seed_002/nfe_010,25.96055793762207,1.5798659324645996
diffusers,hf_sdxl_base_10,euler,base,10,2,7.5,25,"a botanical diagram of rare orchids with labeled roots and petals, archival paper",outputs/gpde_diffusers_sdxl_nfe10_cfg_seed_sweep/samples/diffusers/sdxl/euler/cfg_7.5/base/seed_002/nfe_010/000025.jpg,,outputs/gpde_diffusers_sdxl_nfe10_cfg_seed_sweep/samples/diffusers/sdxl/euler/cfg_7.5/base/seed_002/nfe_010,29.403003692626953,1.3035017251968384
diffusers,hf_sdxl_base_10,euler,base,10,2,7.5,26,"a cyberpunk street food stall with steam, lanterns, and dense urban signage",outputs/gpde_diffusers_sdxl_nfe10_cfg_seed_sweep/samples/diffusers/sdxl/euler/cfg_7.5/base/seed_002/nfe_010/000026.jpg,,outputs/gpde_diffusers_sdxl_nfe10_cfg_seed_sweep/samples/diffusers/sdxl/euler/cfg_7.5/base/seed_002/nfe_010,32.662193298339844,1.5018386840820312
diffusers,hf_sdxl_base_10,euler,base,10,2,7.5,27,"a still life of glass fruit bowls, linen cloth, and silver cutlery, natural light",outputs/gpde_diffusers_sdxl_nfe10_cfg_seed_sweep/samples/diffusers/sdxl/euler/cfg_7.5/base/seed_002/nfe_010/000027.jpg,,outputs/gpde_diffusers_sdxl_nfe10_cfg_seed_sweep/samples/diffusers/sdxl/euler/cfg_7.5/base/seed_002/nfe_010,33.08640670776367,1.4145885705947876
diffusers,hf_sdxl_base_10,euler,base,10,2,7.5,28,a heroic statue covered in vines in an abandoned futuristic plaza,outputs/gpde_diffusers_sdxl_nfe10_cfg_seed_sweep/samples/diffusers/sdxl/euler/cfg_7.5/base/seed_002/nfe_010/000028.jpg,,outputs/gpde_diffusers_sdxl_nfe10_cfg_seed_sweep/samples/diffusers/sdxl/euler/cfg_7.5/base/seed_002/nfe_010,35.057884216308594,1.7853517532348633
diffusers,hf_sdxl_base_10,euler,base,10,2,7.5,29,a black and white film photograph of dancers rehearsing in a mirror-lined studio,outputs/gpde_diffusers_sdxl_nfe10_cfg_seed_sweep/samples/diffusers/sdxl/euler/cfg_7.5/base/seed_002/nfe_010/000029.jpg,,outputs/gpde_diffusers_sdxl_nfe10_cfg_seed_sweep/samples/diffusers/sdxl/euler/cfg_7.5/base/seed_002/nfe_010,29.884937286376953,1.4687705039978027
diffusers,hf_sdxl_base_10,euler,base,10,2,7.5,30,"a detailed scene of a spacecraft cockpit during reentry, glowing controls, tense mood",outputs/gpde_diffusers_sdxl_nfe10_cfg_seed_sweep/samples/diffusers/sdxl/euler/cfg_7.5/base/seed_002/nfe_010/000030.jpg,,outputs/gpde_diffusers_sdxl_nfe10_cfg_seed_sweep/samples/diffusers/sdxl/euler/cfg_7.5/base/seed_002/nfe_010,22.538991928100586,0.03415856510400772
diffusers,hf_sdxl_base_10,euler,base,10,2,7.5,31,a claymation style village bakery with tiny loaves and painted signs,outputs/gpde_diffusers_sdxl_nfe10_cfg_seed_sweep/samples/diffusers/sdxl/euler/cfg_7.5/base/seed_002/nfe_010/000031.jpg,,outputs/gpde_diffusers_sdxl_nfe10_cfg_seed_sweep/samples/diffusers/sdxl/euler/cfg_7.5/base/seed_002/nfe_010,33.18174362182617,1.2357168197631836
diffusers,hf_sdxl_base_10,euler,base,10,2,7.5,32,a realistic underwater photograph of a diver inspecting an ancient marble column,outputs/gpde_diffusers_sdxl_nfe10_cfg_seed_sweep/samples/diffusers/sdxl/euler/cfg_7.5/base/seed_002/nfe_010/000032.jpg,,outputs/gpde_diffusers_sdxl_nfe10_cfg_seed_sweep/samples/diffusers/sdxl/euler/cfg_7.5/base/seed_002/nfe_010,28.284095764160156,-0.1366877257823944
diffusers,hf_sdxl_base_10,euler,base,10,2,7.5,33,"a minimalist poster of a jazz quartet in deep red, cream, and black",outputs/gpde_diffusers_sdxl_nfe10_cfg_seed_sweep/samples/diffusers/sdxl/euler/cfg_7.5/base/seed_002/nfe_010/000033.jpg,,outputs/gpde_diffusers_sdxl_nfe10_cfg_seed_sweep/samples/diffusers/sdxl/euler/cfg_7.5/base/seed_002/nfe_010,25.27107048034668,-0.7918044328689575
diffusers,hf_sdxl_base_10,euler,base,10,2,7.5,34,a high detail portrait of a queen wearing armor made of mother of pearl,outputs/gpde_diffusers_sdxl_nfe10_cfg_seed_sweep/samples/diffusers/sdxl/euler/cfg_7.5/base/seed_002/nfe_010/000034.jpg,,outputs/gpde_diffusers_sdxl_nfe10_cfg_seed_sweep/samples/diffusers/sdxl/euler/cfg_7.5/base/seed_002/nfe_010,27.38207244873047,1.3613300323486328
diffusers,hf_sdxl_base_10,euler,base,10,2,7.5,35,"a top-down board game map of an island with forests, cliffs, and hidden ruins",outputs/gpde_diffusers_sdxl_nfe10_cfg_seed_sweep/samples/diffusers/sdxl/euler/cfg_7.5/base/seed_002/nfe_010/000035.jpg,,outputs/gpde_diffusers_sdxl_nfe10_cfg_seed_sweep/samples/diffusers/sdxl/euler/cfg_7.5/base/seed_002/nfe_010,25.364282608032227,-0.8016836643218994
diffusers,hf_sdxl_base_10,euler,base,10,2,7.5,36,"a luxury watch exploded view on a dark background, precise gears and screws",outputs/gpde_diffusers_sdxl_nfe10_cfg_seed_sweep/samples/diffusers/sdxl/euler/cfg_7.5/base/seed_002/nfe_010/000036.jpg,,outputs/gpde_diffusers_sdxl_nfe10_cfg_seed_sweep/samples/diffusers/sdxl/euler/cfg_7.5/base/seed_002/nfe_010,28.8597412109375,0.21195754408836365
diffusers,hf_sdxl_base_10,euler,base,10,2,7.5,37,"a sunlit greenhouse filled with tomatoes, watering cans, and terracotta pots",outputs/gpde_diffusers_sdxl_nfe10_cfg_seed_sweep/samples/diffusers/sdxl/euler/cfg_7.5/base/seed_002/nfe_010/000037.jpg,,outputs/gpde_diffusers_sdxl_nfe10_cfg_seed_sweep/samples/diffusers/sdxl/euler/cfg_7.5/base/seed_002/nfe_010,33.07551574707031,1.6336866617202759
diffusers,hf_sdxl_base_10,euler,base,10,2,7.5,38,a night landscape of fireflies over a meadow beside a quiet river,outputs/gpde_diffusers_sdxl_nfe10_cfg_seed_sweep/samples/diffusers/sdxl/euler/cfg_7.5/base/seed_002/nfe_010/000038.jpg,,outputs/gpde_diffusers_sdxl_nfe10_cfg_seed_sweep/samples/diffusers/sdxl/euler/cfg_7.5/base/seed_002/nfe_010,33.522064208984375,1.4658790826797485
diffusers,hf_sdxl_base_10,euler,base,10,2,7.5,39,a realistic photo of a rescue helicopter landing on a snowy mountain ridge,outputs/gpde_diffusers_sdxl_nfe10_cfg_seed_sweep/samples/diffusers/sdxl/euler/cfg_7.5/base/seed_002/nfe_010/000039.jpg,,outputs/gpde_diffusers_sdxl_nfe10_cfg_seed_sweep/samples/diffusers/sdxl/euler/cfg_7.5/base/seed_002/nfe_010,35.50020980834961,1.3538222312927246
diffusers,hf_sdxl_base_10,euler,base,10,2,7.5,40,a concept art scene of a floating research station above Jupiter's clouds,outputs/gpde_diffusers_sdxl_nfe10_cfg_seed_sweep/samples/diffusers/sdxl/euler/cfg_7.5/base/seed_002/nfe_010/000040.jpg,,outputs/gpde_diffusers_sdxl_nfe10_cfg_seed_sweep/samples/diffusers/sdxl/euler/cfg_7.5/base/seed_002/nfe_010,25.306543350219727,1.8518989086151123
diffusers,hf_sdxl_base_10,euler,base,10,2,7.5,41,a detailed pencil drawing of an old bicycle leaning against a brick wall,outputs/gpde_diffusers_sdxl_nfe10_cfg_seed_sweep/samples/diffusers/sdxl/euler/cfg_7.5/base/seed_002/nfe_010/000041.jpg,,outputs/gpde_diffusers_sdxl_nfe10_cfg_seed_sweep/samples/diffusers/sdxl/euler/cfg_7.5/base/seed_002/nfe_010,36.56570053100586,1.1019436120986938
diffusers,hf_sdxl_base_10,euler,base,10,2,7.5,42,"a museum diorama of prehistoric sea creatures, dramatic educational lighting",outputs/gpde_diffusers_sdxl_nfe10_cfg_seed_sweep/samples/diffusers/sdxl/euler/cfg_7.5/base/seed_002/nfe_010/000042.jpg,,outputs/gpde_diffusers_sdxl_nfe10_cfg_seed_sweep/samples/diffusers/sdxl/euler/cfg_7.5/base/seed_002/nfe_010,31.587505340576172,0.42085903882980347
diffusers,hf_sdxl_base_10,euler,base,10,2,7.5,43,"a peaceful Japanese garden with koi pond, stone bridge, and maple leaves",outputs/gpde_diffusers_sdxl_nfe10_cfg_seed_sweep/samples/diffusers/sdxl/euler/cfg_7.5/base/seed_002/nfe_010/000043.jpg,,outputs/gpde_diffusers_sdxl_nfe10_cfg_seed_sweep/samples/diffusers/sdxl/euler/cfg_7.5/base/seed_002/nfe_010,31.144264221191406,1.6589710712432861
diffusers,hf_sdxl_base_10,euler,base,10,2,7.5,44,"a close-up food photograph of ramen with soft egg, steam, and ceramic bowl",outputs/gpde_diffusers_sdxl_nfe10_cfg_seed_sweep/samples/diffusers/sdxl/euler/cfg_7.5/base/seed_002/nfe_010/000044.jpg,,outputs/gpde_diffusers_sdxl_nfe10_cfg_seed_sweep/samples/diffusers/sdxl/euler/cfg_7.5/base/seed_002/nfe_010,33.30092239379883,0.1435704082250595
diffusers,hf_sdxl_base_10,euler,base,10,2,7.5,45,a vibrant parade costume covered with mirrors and embroidered flowers,outputs/gpde_diffusers_sdxl_nfe10_cfg_seed_sweep/samples/diffusers/sdxl/euler/cfg_7.5/base/seed_002/nfe_010/000045.jpg,,outputs/gpde_diffusers_sdxl_nfe10_cfg_seed_sweep/samples/diffusers/sdxl/euler/cfg_7.5/base/seed_002/nfe_010,32.001197814941406,0.5461941957473755
diffusers,hf_sdxl_base_10,euler,base,10,2,7.5,46,a realistic image of a hand-crafted wooden chess set mid game by candlelight,outputs/gpde_diffusers_sdxl_nfe10_cfg_seed_sweep/samples/diffusers/sdxl/euler/cfg_7.5/base/seed_002/nfe_010/000046.jpg,,outputs/gpde_diffusers_sdxl_nfe10_cfg_seed_sweep/samples/diffusers/sdxl/euler/cfg_7.5/base/seed_002/nfe_010,25.11054801940918,-1.1201671361923218
diffusers,hf_sdxl_base_10,euler,base,10,2,7.5,47,a wide angle view of a data center corridor with blue status lights,outputs/gpde_diffusers_sdxl_nfe10_cfg_seed_sweep/samples/diffusers/sdxl/euler/cfg_7.5/base/seed_002/nfe_010/000047.jpg,,outputs/gpde_diffusers_sdxl_nfe10_cfg_seed_sweep/samples/diffusers/sdxl/euler/cfg_7.5/base/seed_002/nfe_010,22.236818313598633,1.4821990728378296
diffusers,hf_sdxl_base_10,euler,base,10,2,7.5,48,a magical realism scene of books flying through an old train carriage,outputs/gpde_diffusers_sdxl_nfe10_cfg_seed_sweep/samples/diffusers/sdxl/euler/cfg_7.5/base/seed_002/nfe_010/000048.jpg,,outputs/gpde_diffusers_sdxl_nfe10_cfg_seed_sweep/samples/diffusers/sdxl/euler/cfg_7.5/base/seed_002/nfe_010,34.01653289794922,1.578167200088501
diffusers,hf_sdxl_base_10,euler,base,10,2,7.5,49,a studio portrait of a golden retriever wearing aviator goggles and a red scarf,outputs/gpde_diffusers_sdxl_nfe10_cfg_seed_sweep/samples/diffusers/sdxl/euler/cfg_7.5/base/seed_002/nfe_010/000049.jpg,,outputs/gpde_diffusers_sdxl_nfe10_cfg_seed_sweep/samples/diffusers/sdxl/euler/cfg_7.5/base/seed_002/nfe_010,36.97705841064453,1.934036135673523
